{
  "12932519495216299981": "Nửa chiếc khóa tinh xảo, vì gió thổi nắng cháy mà hoen gỉ.\nTrên chìa khóa ẩn hiện mờ ảo một hoa văn, nhưng vì thiếu mất một nửa mà không thể tìm hiểu sâu hơn.",
  "12932573873245266242": "Nhậm Khoan",
  "12932602083313328538": "Tham gia 5 ván “Trò chơi Kim Diệp Tử”",
  "12932617314025322785": "Đúng vậy. Nếu có thể an ổn trường ninh, ai lại không muốn sống một đời đơn thuần không sợ hãi, mà lại chọn trải qua gian khổ, bôn ba khốn khổ?",
  "12932620311742857877": "Tổ Hợp Giải Mê - Hương Lô",
  "12932651746267119846": "Thôn Trang Kiến Văn",
  "12932684041912473799": "Võ Miếu - Hỏa Diễm Xúc Phát Khí",
  "12932723901061881059": "Trương Chấn",
  "1293272792456267488": "Xem giao diện chơi Nhất Diệp Bình Sinh",
  "12932743205016247624": "Phòng Chí Cường",
  "12932747400565001601": "Tiểu Thụ Chi",
  "12932748915502729293": "Hoàng Hà khúc lý sa vi ngạn, Bạch Mã Tân biên dương hướng thành.\nHoàng Hà chảy vào \"Thanh Lưu\", nhưng dòng nước đục vẫn vậy. Sau trận chiến ở Bạch Mã Dịch, bến đò trở thành nơi thế nhân tưởng niệm anh linh.\nCó người nói, trong gió sông ở Bạch Mã Dịch, có thể nghe thấy tiếng ai oán của sĩ nhân trăm năm trước.\nCũng có người nói, tiếng hát trăm năm trước làm sao thấy được? Đó là khúc ca nhớ quê hương của nghĩa sĩ phương Bắc truyền đến. Hoa trên đường nở rộ, có thể chậm rãi trở về.",
  "12932854312776435144": "Dân tục chơi - Xạ phúc",
  "12932860339955121579": "Cho dù thức khuya học bài, chỉ cần $T(1) muốn học, chú nhất định sẽ dạy.",
  "1293295882477016837": "Thiên Thượng Lai - Tùy Ý Mô Hình Cố Định Bối Cảnh Bản 4 Bình Dân Nam",
  "12933003794351739958": "Thanh trừ thành công",
  "12933010401110784225": "Hành sự kín đáo trong quán rượu Phong Sa, đã đổi ngoại hình ngẫu nhiên và tên.",
  "12933076868673033035": "Sinh Thái Vật Chủng",
  "12933123216639215667": "Lưu Phái Tháp Phá Trúc · Phong Đệ 6 Tầng - Diệp Vạn Sơn boss1",
  "12933125537571338549": "Bộ bàn ghế gỗ Hoàng Đàn Giáng Hương",
  "12933129086917436681": "Kỳ Lộ Nhân, chủ tiệm quan tài, được Môn chủ vô cùng tin tưởng, phụ trách các vấn đề như giám sát và dẫn đường trong môn phái.",
  "12933172076720432743": "Thành công",
  "1293320739121039579": "Ngươi không hiểu ý nghĩa của việc đạt điểm tuyệt đối đối với ta.",
  "12933207702028389797": "Trưởng lão Khúc đặc biệt dặn dò, phải trông coi kỹ nơi này...",
  "12933239919746134216": "Thiên Cân Trụy Giải Mê - Thần Khám - Thiên Phật Cốc",
  "12933301160553654039": "Văn bản",
  "12933342207352466172": "Mọi thứ nghe theo đại ca",
  "12933343778639732748": "Ngự Uyển Bắc Đại Môn - Xa Phu",
  "12933443691089107677": "Kêu gọi đi theo",
  "12933488697791409523": "Trắc Thí npc Thiếu Nữ",
  "12933491974769485708": "1 Nan Độ - 5 Trường Minh Ngọc",
  "12933530513652599916": "Lá vàng",
  "12933571376616887028": "Gây ra #G70%#E sát thương Đả Kích, trong trận này, tự thân Khẩu Hóa phòng ngự tăng #G20%#E, tối đa cộng dồn #G6#E tầng.",
  "12933600855229818792": "Phòng Chí Cường",
  "12933606721188127299": "Thọ Xương Phường - Chưởng Quỹ",
  "12933690101408599847": "Có lẽ phải xem lại vị trí cơ quan lửa trên bản đồ kho báu, số lượng cơ quan được đốt lên dường như không khớp.",
  "12933720847567666219": "Giang Hồ Bách Hiểu",
  "12933781428899820058": "Trần Chu Bạn",
  "12933810458285030204": "Thanh Hà Cứ Điểm Đẳng Cấp 8 Ngũ Âm Ngạch Ngoại Đồng Tiền",
  "12933890247795639133": "Xin cáo từ",
  "12933900061410999660": "Thăng Bình Kiều Nam - Quân Gia Thải Hiệt Phô - Thải Hiệt Phô Bang Công",
  "12933910983987012910": "Môn nhân đệ tử chia thành 4 cấp bậc địa vị dựa trên sự kiên định về tâm tính và nghiệp chướng sâu dày. Các thân phận khác nhau có các danh xưng môn phái tương ứng: Tín Nhạc Tu, Kiến Đạo Tu, Thất Khổ Chúng, Chưởng Lệnh.\nNghiệp chướng càng sâu, màu sắc của thẻ lệnh mang theo càng đậm.",
  "12933997646834348883": "Giang Hồ Dữ Cộng Tửu Giá Chướng Ngại Vật 2",
  "12934026464544936911": "Nhất Diệp Bình Sinh - Đệ Thất Chương Khai Bãi Yến Tịch - Điếm Chủ Hài Tử",
  "12934039534810276838": "Trắc Thí npc Thành Nam",
  "12934052918337755329": "Thanh Hà Du Nhai Chu Biên - Nam Đồng - 18",
  "12934074906935379898": "Lần đầu tiên thấy chuyện giang hồ lớn như vậy, thú vị thú vị.",
  "12934191702904423637": "Vạn Cổ Nhất Nhân Điện - Không entity - Tiểu Nguyễn",
  "12934226428210765948": "Long Quỳ Thảo",
  "12934269709184563236": "Yến Thập Lục đang khẩn trương viết mô tả vật phẩm này.",
  "12934283028849310814": "Lạc Chiếu Thủy",
  "12934293352688511434": "#Y{0}#E đã gửi lời mời chung xây dựng, hy vọng có thể hỗ trợ xây dựng cùng nhau.",
  "12934320675568080445": "Triệu Vĩ Nghiệp",
  "12934358247786469229": "Thừa Long Lộng Nguyệt",
  "12934373587201895595": "Thiên hạ nhân... Ta muốn cứu... Thiên hạ nhân... (Nghi ngờ về vấn đề mình tin tưởng)",
  "1293442637574837699": "Nội thương",
  "12934450799808043927": "Để ta suy nghĩ thêm",
  "1293448261388617878": "Khuẩn Tử",
  "12934509344656138443": "Ta nghe không hiểu. Đất đai thuộc về địa chủ, thương nhân, có gì không được?",
  "12934534519972671044": "Tuổi tác khó ghi",
  "12934583588899596068": "Bắc Minh Di Chỉ - Vị Di Thạch Khối - Tú",
  "12934689828049628488": "Đa Nhân Trấn Thủ - Tái Thứ Khiêu Chiến Diệp Vạn Sơn 3",
  "1293473157854524148": "Đang tải dữ liệu",
  "12934752237105790961": "Nỗ Tiễn 10",
  "12934768067047442814": "Lý do đề cử: #Y{0}#E",
  "12934785780563050438": "Quý",
  "12934802393450248348": "Bác Lãng Sa Kỵ Mã NPC4",
  "12934852369650313645": "Bách Công Phường",
  "12934871753580004993": "Đại Diện Hình Tượng Môn Phái",
  "12934880576242392997": "Dùng võ giao hữu",
  "12934914159515460128": "{2}\nThân có bệnh nhẹ, qua chẩn đoán của danh y {0}, bệnh ta mắc phải là {1}.",
  "12934920455892554686": "Ngươi còn muốn bắt tên khốn đó không?!",
  "12934940572148865949": "Diệu Diệu Miêu - Quỷ Hỏa",
  "12934991068291316814": "Lúa nước",
  "12935079431953084107": "Khóa vàng",
  "12935079690088242205": "Không Khí Tường Mô Bản",
  "1293512025341644751": "Đại Thế Giới - Lục Lâm - Hãn Phỉ Tinh Anh - Song Phủ - Vô Nhược Điểm",
  "12935143721098586778": "Tạo bảng hiệu đỏ - Võ Miếu",
  "12935155848665571850": "Bất Tiện Tiên - Tiểu Báo",
  "12935207183353670225": "Điền Dã",
  "12935211683822216039": "Phong Trang Thôn - Chiếm Vị 60",
  "12935251150240372884": "Quán trọ Bất Tiên Tiên",
  "12935268247587881562": "%s Cây con song song_%s --> Chạy nút: %s",
  "12935295169488614590": "Đối thoại",
  "12935326171522955892": "Bệnh lý về cơ và xương tích tụ và trở nặng. #R Giảm 5% giới hạn máu, không thể sử dụng đại khinh công#E。",
  "12935402135683834402": "Phần Vi Hà Đăng",
  "12935438091189236800": "4 Đoạn Vị Tưởng Lệ",
  "12935439419721201204": "Mộc Tài Đôi (10 Phổ Thông 10 Nhất Đẳng)",
  "12935476228618297138": "Hiệu quả xây dựng",
  "12935517139901832952": "Thắng lợi trong đấu dừng {1} lần",
  "12935568627992104532": "Trần Hiểu Hàn",
  "12935600858945920267": "Trần Thắng",
  "12935622793119379279": "Vô Tướng Hoàng nhảy cao lên, phóng ra cuồng phong chân khí tấn công vị trí người chơi được chỉ định.\n\nCách ứng phó: Tránh xa người bị điểm danh, người bị điểm danh lăn mình né tránh.",
  "12935628799261641691": "Thiên Cương Nội Kình·Trọng nhất",
  "12935714871906543258": "Mở lúc @T[time_6]",
  "12935742301287092376": "Lôi Công Tuế",
  "12935769023505451947": "Xem so sánh",
  "12935788692119702602": "Dung Lô Ngoại - Giác Môn Lý - Bách Tính 2 - Đoan Ngõa Quán Thiết Thính",
  "12935793185437516430": "Bạc",
  "1293581681222153978": "Thiêm Đáo Tưởng Lệ",
  "12935825677896148919": "Khu bảng hiệu",
  "12935912878909611885": "Mộc Bạch",
  "129359405112627474": "{0} viên xúc xắc gỗ",
  "12935997665862668883": "【Lối chơi】 Cuộc thi Thu hoạch cá",
  "12936013682112058110": "Trường Thành",
  "12936019973863743195": "Lương Mộ Nhân",
  "12936027831952714861": "Hỏi Chử Thanh Tuyền",
  "12936044112951189377": "Trương Chấn",
  "12936045358924857237": "Thủy Ngọc",
  "12936078563906924772": "Thông Bảo*50000, Tố Thường Nhiễm Phấn*5, Chẩm Trung Tán*1, Tâm Pháp Tâm Đắc · Tán Bản*2, Xưng Hiệu - Yến Vân Kim Chủ*1, Trường Minh Ngọc*500, Bộ Trang Bị - Nghê Hà Hoa Ảnh*1",
  "12936083460254582572": "Ngươi... tài sản kếch xù?",
  "12936087774622183282": "Bạo Tạc Chướng Ngại Vật - Yên Hoa",
  "12936162214542286587": "Tiểu Thụ Chi",
  "1293617564625717781": "Hoa Trung Thừa",
  "12936181815725349258": "Du Lập",
  "12936188429458952212": "Cửu Lưu Môn Chi Tuyến - Âm Binh",
  "12936197087884589161": "Phần thưởng tập kết. Có thể trưng bày trong trang chủ cá nhân.",
  "12936199890396129612": "Không phải vì chuyện thích khách đó sao! Mấy tên nhóc đó ngày nào cũng đến làm phiền ta, hôm nay mới thoát được chúng nó.",
  "12936199936579301259": "Dùng để dựng nhà.",
  "12936211993346035564": "Thư tín nhã nhặn",
  "12936221842848144957": "Đối thoại",
  "1293625610608226608": "Bất Tiện Tiên Tuần Tra 5",
  "12936273797607998926": "Trường Minh Ngọc*20",
  "12936389801271320256": "Chân khí rỗng, tăng sát thương phải chịu",
  "12936524235783795799": "Trần Nương Tử",
  "12936524512101453083": "Sư phụ, sư tỷ, thật sự không uống nổi, uống vào tay sẽ run khi xem bệnh.",
  "12936576265834914431": "Vật liệu cơ bản dùng để khảm âm thanh.",
  "12936585152892294432": "Lương Tử Hàn",
  "12936628643393003662": "Lương Đống",
  "12936629496272602102": "Thiên Tuyền Chấp Pháp Giới Luật Trị Thử Nghiệm 1 - Bắt giữ lâm thời",
  "12936644088140412060": "Nghi Loan Tư Quan Viên 4",
  "12936707896875018361": "Trấn Thụy",
  "12936717921809016973": "Ta đi tìm người.",
  "12936718935233141075": "Lang Tại Dương Trung - Lộ Tam",
  "12936741826861436629": "Điền Anh Phật Tượng Tạp Địa",
  "12936747929685791944": "Thiên Phật Thôn_Vi Quan Nhân Quần",
  "12936760602247360759": "Quỷ Phàn Lâu Kiểm Chứng - Tầng Hai, Tầng Ba 87",
  "1293676719843012824": "Cần cấp 32 và hoàn thành chương chính [Khởi hành]",
  "12936869188476164129": "Đối thoại",
  "12936929182955530852": "Ma Tướng Quỷ Hỏa - Phát Tài - Thực Tế Sử Dụng",
  "12936932837297259292": "Ừ ừ, là người tốt.",
  "129370074857081316": "Giọng nói bí ẩn",
  "12937049259442695036": "Vương Thiết Chủy",
  "12937092812672877234": "Tôn Bất Khí Thủ Trác · Hai",
  "12937093833989835039": "Nghe sự kiện chiến đấu của lính gác",
  "12937119453225388673": "Theo lý mà nói, Mạch Hàng Thừa Ân dựa vào đồng bằng rộng lớn, lại có sự ủng hộ của quan phủ, giá lương thực nên rất ổn định mới phải.",
  "12937124132799989820": "Phân bố cá",
  "12937161453174974858": "Mười năm tằm, mười năm tơ. Một tấc vải, một tấc máu. Một vụ án mạng liên hoàn bắt nguồn từ thứ gọi là Thiên Tằm Hàn Y, rốt cuộc che giấu bí mật gì đằng sau?",
  "12937175300615377194": "Thọ Xương Phường - Dẫn Kiến Ty - Bách Tính",
  "12937327247752265551": "Tên thuộc tính bảy chữ",
  "12937373372179591091": "Dân số",
  "12937396600263371643": "Chiến Lệnh Tệ 2",
  "12937420597985587951": "Nhất Diệp Bình Sinh - Khu Phố Nam Môn Đại Nhai - Khách Nhân Thi Họa Cổ Ngoạn",
  "12937482826338507699": "Giải Vô Gian · Hạ",
  "12937485068675033223": "Cửu Chuyển Kim Đan",
  "12937535546801614357": "Tham gia theo điệu nhiều người",
  "12937555228097822711": "Thừa Long Ngộ Nguyệt",
  "12937558492966711013": "Đang lấy dữ liệu...",
  "12937571339474693241": "Trần Gia Tranh",
  "12937574809845156539": "Từng là một ngôi làng Phật giáo hương hỏa thịnh vượng, nay chỉ còn lại đống đổ nát bị đốt cháy. Trong đống đổ nát đã lâu không có ai lui tới, vang lên tiếng gió hú hú, và những lời thì thầm mơ hồ...",
  "12937628982766152679": "Ngân Tu Thỏ",
  "12937651212039705421": "Trình Tâm Rời Tâm Hồ",
  "1293765641700504119": "Nhất Diệp Bình Sinh 2 - Bờ Thiên Kinh Đông Độ - Tấm Nền Bối Cảnh",
  "12937684375412924100": "Phong hàn thấp tam khí hợp thành tý, trong đó khí phong thấp nhiều, khí hàn ít là phong thấp tý. Do huyết khí hư, kiêm chịu phong thấp mà sinh bệnh.",
  "1293769825728425083": "Nấm",
  "12937761098567637251": "Tự đi theo kịp",
  "12937778507393868881": "(Cây) Tường Không Khí - Chuyên Dụng Cho Thụy Đạo Nhân - Người Xuyên Qua Quái Vật Không (Bản Cắt Trong)",
  "12937793209319169903": "Phòng Chí Cường",
  "12937812577881213639": "Xóa tất cả",
  "12937816049336824666": "Quán Cá Muối",
  "12937827925991687093": "Dân chúng Đông thành",
  "12938040406550354103": "Khang Tiểu Tốt",
  "12938141709745240876": "Cấp Độ Thế Giới - Lục Lâm - Thảo Tặc (Đơn Đao)\\nĐộng Tác Tuần Tra Tùy Chỉnh: Có",
  "12938153909999818899": "Mục Bác Vật 20, Phần Thưởng Cấp 7",
  "12938177673374797437": "Lực Chính Hạo",
  "12938258636799198579": "Tam tiểu kiếm khách",
  "12938288825453391603": "Doanh trại Tây Nam Cứ Điểm vòng tròn nhỏ",
  "12938305780073769934": "Ta nhớ sách y của cha ta viết, người bị điểm huyệt #Y Khúc Trì huyệt#E sẽ cười điên không ngừng, đại hiệp thử huyệt vị đó xem sao?",
  "12938321740395107596": "Sắp xếp đề xuất",
  "12938351344181733748": "Trang chủ Phục Mã Trang, yêu ngựa hơn cả người yêu, mấy tháng trước đột nhiên mất tích, sau khi trở về tình cảm với ngựa còn thắm thiết hơn trước, quan hệ với người thì càng xa cách.",
  "12938357514211553323": "Trương Thạc",
  "12938418475206907069": "Một dân làng, chất phác thật thà, thường sống quanh vùng Bất Tiện Tiên, ngày ngày làm việc sớm thức khuya.",
  "12938432003433775032": "Gia Bộc Đậu Gia",
  "12938451176468379692": "Mời ngươi hỗ trợ nhiệm vụ treo thưởng.\nĐồng lòng hợp sức, lợi ích vượt vàng!",
  "1293852771639663349": "Thục Hí Xuân",
  "12938533051208390659": "Mắt không chớp",
  "12938563709638006270": "Đạp Sa Hành · Đột Vây",
  "12938566739554773435": "Thay thế thực phẩm tự động",
  "12938639282239796784": "Thạch Cửu Lượng",
  "12938640271211160419": "9 ngày",
  "12938657190787913101": "【Lối chơi】 Cuộc thi thu hoạch",
  "12938698876171342390": "Chậu cây",
  "12938704445937502995": "Thuốc nhuộm cao cấp do Thập Nhị Tiên Phong Nhã Tập chế, có thể nhuộm tóc thành màu hiếm có và thanh nhã hơn.\nThuốc nhuộm do Thập Nhị Tiên dùng huyết và thời gian làm nguyên liệu chế tạo, hy vọng có thể đọng lại vẻ thanh lịch vĩnh hằng trên từng sợi tóc, truyền đạt phong thái thanh nhã trường tồn với thế gian.",
  "12938748551566852722": "Trọng kích",
  "12938792880885538826": "Lén lút xé bỏ",
  "12938796754271567686": "Cung · Thần Bí · Phàm",
  "12938910339997671857": "NPC Nam Trưởng Thành Thử Nghiệm",
  "12938957644520631428": "Bàn Ma Tướng",
  "12938985981618408899": "Ngô Tiểu Oánh",
  "12938995642372639807": "Kéo tơ",
  "1293899597581191983": "Đặc điểm của đệ tử Cửu Lưu là gì?",
  "12939017112594364810": "[LỖI] Không tìm thấy",
  "12939024276053171073": "Chuyện gì xảy ra vậy?",
  "12939071304014799641": "Nhưng đây là lệnh bài của hội Nghiên Sư sao? Mấy hôm trước cùng thiếu gia nhà họ Ôn gặp chuyện không may trong thôn hoang, tình cờ có được.",
  "12939126991854499463": "Mẫn",
  "12939132044370443111": "Một Dây Mạng Sống",
  "12939143747781887547": "Trở thành nhà đầu tư của hội quán {1} lần",
  "12939147803889341641": "Thiên Dạ",
  "12939159886449774177": "Điểm Mục Tiêu Phích Lịch Đạn 3",
  "12939195398668801543": "Sinh Vật Sinh Thái",
  "12939208205086756409": "Phần Thưởng Điểm Bác Vật Theo Loại Mục",
  "12939228569193035904": "Động Thái_Thiếu Niên_01",
  "1293924326404267069": "Hắn ở đâu? Tam Nương dẫn ta đi, có ta chống đỡ cho ngươi, cứ mạnh dạn mà nói đi!",
  "12939246936638458682": "Niễn Mặc Nhiễm 2",
  "12939264753868876515": "Mở",
  "1293926834874980240": "Ngoại Môn Đệ Tử",
  "12939322582936538442": "Long Môn Khách Trạm - Phong Sa Tửu Tứ - NPC Bầu Không Khí - Nữ (Di Chuyển Chung)",
  "12939328173788259469": "Hồi Thứ Nhất - Bến Đò Thái Thương Túc - Tiểu Mã Hồng Tuyến",
  "12939386363029670880": "Đương nhiên rồi",
  "12939393625391807419": "Ta, ta không nhìn thấy nhưng người quen của ta có thấy ",
  "12939407583533046867": "<Kéo Dây Dẫn Lưỡi Kiếm|781|#C|20701|20701002> kéo dài thời gian hiệu lực của #Y Lệnh Thù Sát#E thêm #Y5#E giây, và hồi phục #Y20#E điểm Bài Ân.",
  "1293950713500108025": "Cần chuyển đổi tiến trình",
  "12939531203907437056": "Quỷ Thị Tử - Âm Binh Tá Đạo - Âm Binh - Tuần Tra - Đội Hình 2-2",
  "12939583008682563447": "Tiên nhân ngủ đạo nhân - Cờ xa gần",
  "12939632717550066868": "Đối thoại",
  "12939675999507832796": "Chủ nhà",
  "12939736990219866363": "Mở ra có thể ngẫu nhiên nhận được một bộ trang bị Ngọc Đấu cấp 71 hoặc Dịch Dung, phẩm chất cao nhất là Kim Sắc, xác suất Kim Sắc khá cao, khuyến nghị phái {Y Minh Kim·Hồng#E trang bị.",
  "12939789171533680321": "Cổ Ty - Đại Viện - Bách Tính 16",
  "12939863954252294847": "Bầu Không Khí Tuần Tra Khu Thủ Công Nghiệp",
  "12939864513033837496": "Kỹ năng tích sức trọng kích, tích sức xong chém lên rồi bổ mạnh xuống, gây sát thương lớn trong phạm vi nhỏ. Trong lúc tích sức có thể di chuyển, theo thời gian chia thành ba mức uy lực, sát thương tăng dần.\nKhi đạt đến mức ba, sẽ tiêu hao 1 ô #J Chiến Ý#E (nếu có) tăng thêm #Y20%#E sát thương, và kích hoạt #YKỹ năng phái sinh trọng kích#E, trọng kích đơn điểm có thể tiêu hao 1 ô #J Chiến Ý#E để thi triển.\nTrong quá trình thi triển kỹ năng nhận được hiệu ứng #J Cường Nhuệ#E.",
  "12939882221770897857": "Đang tải",
  "12939906661696809792": "Đang Chờ Quyết Định",
  "12939911941798664482": "Lôi Bân",
  "12939925034887840694": "Hoang Thực Lâm - Điểm Tái Sinh Chiến Lợi Phẩm 65",
  "12939952700912003004": "Thập Lục Hẻm",
  "12939971603410948999": "Nấm",
  "12940022186935535125": "Chủ quán lừa",
  "12940120130815151189": "Sinh Vật Sinh Thái",
  "12940130575075628427": "Kẻ trộm trà trộn vào Thần Tiên Độ, dường như đang nhắm đến một số mục tiêu mới, trong tay còn giữ vật bị mất của khổ chủ.",
  "12940136153244861455": "Trịnh Hữu An của ngày xưa không thể quay đầu được nữa...",
  "12940145651284291134": "Bà mối",
  "12940177633837947222": "NPC Nữ Trưởng Thành Thử Nghiệm",
  "12940223294278590320": "Nghe thấy rồi.",
  "12940346046758232871": "Hoa Trung Thừa",
  "12940375814737028971": "Bầu Không Khí Vũ Y Lâu - Đầu Bếp Béo",
  "12940423503322685539": "Sản phẩm mới lộng lẫy 【Thương Hải Long Ngâm】, lên kệ trọng đại!",
  "12940425454575616492": "Du Lập",
  "12940446832092240507": "Mất đan Xả Công, Hồ lão quản, ngươi không uống được nữa phải không?",
  "12940447809489780266": "Mực ống",
  "12940450672191715370": "Du Lập",
  "12940476406004826690": "Người điên",
  "12940484464229333663": "Hoa Trung Thừa",
  "12940514586693454857": "Dân chúng Xích Long Đường",
  "12940540956362622809": "Hà Kỷ Hi",
  "12940585368845397902": "Phần Thưởng Đoạn Vị 2-2",
  "12940630225636311693": "Phong Khâu Thôn - Thạch Tam Nương",
  "12940715703497497966": "Cái long sào này... không mở ra được... xem ra phải dùng chìa khóa.",
  "12940798610352730615": "Chuyển phím tắt",
  "12940815011871616432": "Thanh Giao Tiểu Thủ Lĩnh Rơi Đồ Cấp Độ Thế Giới 10",
  "12940833930105741626": "Cha, cha nói chuyện về Bất Tử Thụ Hiệp khách và chuyện Kim Diệp có thật không ạ.",
  "12940858685452755932": "Thôn Trang Kiến Văn",
  "12940877300962720527": "Ngươi từ đâu mà có được?",
  "12940893244459203471": "Chân Khí Hồi Phục",
  "12940894859508945572": "Hắn không muốn gặp ta, thì thật sự sẽ không gặp ta.",
  "12940910607427170666": "Sinh Vật Sinh Thái",
  "12940949921677471101": "Du Lập",
  "12940953556743594650": "Sinh Vật Sinh Thái",
  "12940993818059409514": "Trọng nhị",
  "12940993871869534177": "Giới hạn thời gian",
  "12941044832238922221": "Sau khi biết hết mọi chuyện, muội muội và ta liên thủ, cùng nhau mở cánh cửa đồng đã phủ bụi từ lâu trong cổ mộ, trước cửa, ta nhìn thấy...",
  "12941059950903004157": "Súc Cốt Công - Ngày 01 - Ngục Giam Thủ Vệ - Ngục Tốt",
  "12941070886920472261": "Sinh Vật Sinh Thái",
  "12941073896098809992": "Đệ tử Cửu Lưu mới vào môn, vì đi thám hiểm Du Hồn Khố mà bị Vạn Kỳ An Sơn trục xuất.",
  "12941096618767162721": "Khám phá thế giới lớn",
  "12941110661261138424": "Phần thưởng lệnh môn phái chưa nhận tuần trước đã được gửi kèm thư, xin hãy kiểm tra.",
  "129411551907033662": "Hừ, thiếu hiệp, ngươi vẫn nên tự đi tìm bọn họ mà nói đi, chuyện này ta không giúp được đâu.",
  "12941204609828552025": "Gây#G75%#E sát thương đả kích.",
  "12941205483053346666": "Đại Tống Quan Binh Tinh Anh Rơi Đồ Cấp Độ Thế Giới 11",
  "12941298845888631746": "Thành phần xây dựng, dùng để dựng nhà cửa.",
  "12941302696016876883": "Nhất Diệp Bình Sinh 3 - Khu Thương Phố Tây Phường - Tấm Nền Bối Cảnh",
  "12941338720115632250": "Bỏ lại một cô bé mù bên đường thật vô đạo đức, cô bé không nhận ra người lạ lại chỉ đường cho ngươi.",
  "12941348767695929153": "Tìm kiếm tín vật",
  "12941358616767748443": "Khi tấn công đơn vị bị khiêu khích, sát thương gây ra tăng #Y5%#E.",
  "12941379399721697419": "Nhậm Tuấn Lâm",
  "12941418354018986347": "Cầm",
  "12941430971845340692": "Đoạn hai",
  "12941462449257321012": "Đây là con dao ngắn đặc trưng của người Khiết Đan, lại xuất hiện ở đây... Ba năm trước, Thiên Tự Phòng... xuôi về phía bắc hào khách, gây rối...",
  "12941478667808983953": "Hà Kỷ Hi",
  "1294148251233214516": "Nhiệm Vụ Phụ Ngắn",
  "12941534108880869765": "Kỹ năng tích lũy",
  "12941557500065734433": "Trường Minh Ngọc*20",
  "12941558666647016316": "Bể nước 4",
  "12941606671385630166": "Cười khẩy",
  "12941637359704381736": "Dưới Mái Hiên Treo - Thạch Quý Hoài",
  "12941660027154416822": "Hừ, nếu ngươi cũng đến phòng 'kia' một chuyến, chắc chắn còn làm được hơn họ.",
  "12941734856415549430": "Sau 05 giờ thứ Sáu hàng tuần, Du Hiệp sẽ có 5 cơ hội vượt qua Thử Luyện Phái. \nKhi khiêu chiến các ải #Ychưa vượt qua#E, mới trừ số lần. Khi khiêu chiến các ải đã vượt qua, việc thử lại #Ysẽ không trừ số lần#E.",
  "12941738627349969038": "Đầu ra",
  "12941755064778893369": "Trương Tuấn Kiệt",
  "12941772977716266821": "Xe ngựa Hành NPC khu vực lên ngựa 25",
  "12941775552628170760": "Một chiếc Mão công"
}