{
  "13002319987950686467": "Ai cũng nói, chỉ cần khẽ nhảy lên là có thể hái trăng. Nhìn trăng lưỡi liềm kia kìa, chẳng phải đang lơ lửng bên tai hắn sao?",
  "13002360535252171929": "Hoàng Lạc Tí",
  "13002406551852019834": "Chan Biên Dịch",
  "13002419826484498151": "Lưu Phái Tháp Trác Mộc·Hoan Tầng 1 - Tiểu Thủ Lĩnh Đao Thuẫn Cường Phỉ",
  "13002421615573740459": "Đang tải dữ liệu",
  "13002461855030686604": "“Đại châu tiểu châu rơi xuống đĩa ngọc”! Đó là từ 《Tỳ Bà Hành》 của Bạch Lạc Thiên, người thư sinh khen ngươi đàn tỳ bà rất hay, ha da...",
  "13002547616539865200": "Lần sau lại đến nhé, lão phu đến lúc đó sẽ dạy ngươi vài chiêu.",
  "13002565113948681831": "Xin cáo từ",
  "13002609159390693671": "Trúc Lâm Cựu Cư - Điểm Làm Mới Chiến Lợi Phẩm 18",
  "13002649792648641869": "Bảo Hòm·Thanh Hà",
  "13002680520405851010": "Sinh Thái Vật Chủng",
  "13002692812193521222": "Hồ Kiện Lực",
  "13002694073852504648": "S1 - Thưởng Lệnh Chiến - Cấp 36 Đã Thanh Toán",
  "13002701831971215880": "Tiểu Kịch Trường Dùng Một Lần Không Trại",
  "13002701887023727880": "Thọ Xương Phường - Binh Sĩ",
  "13002762377965982306": "Trương Thác sợ tối, ít nhất là từ rất rất lâu trước đây đã sợ. Bóng tối vô biên vô tận, vừa có thể nuốt chửng mọi thứ, lại không có điểm dừng, trong bóng tối chỉ có thể cảm nhận được âm thanh. Tiếng thở yếu ớt của cha, tiếng cửa bị phá vào, tiếng hô hào kỳ quái của người Khiết Đan, tiếng ra đòn của một kiếm một đao, tiếng tranh cãi kịch liệt và sự im lặng rất lâu rất lâu, cuối cùng là……tiếng thứ gì đó rơi xuống.\n\nTrương Thác rõ ràng không hiểu gì, nhưng khoảnh khắc đó, dường như đã hiểu hết mọi chuyện. Trương Thác biết, hắn phải trốn, trốn khỏi mọi chuyện đã xảy ra, trốn khỏi bóng tối vĩnh viễn không thấy ánh sáng, trốn khỏi mọi thứ. Đầu tiên là loạng choạng trong bóng tối, ngã gãy chân, sau đó là dùng tay chân bò về phía trước, gãy lòng bàn tay, cuối cùng mới dùng khuỷu tay, lết từng chút một về phía trước. Phía trước loáng thoáng truyền đến giọng nói của một người phụ nữ, một mùi thơm ngọt ngào của bánh đường dầu, còn mơ hồ tỏa ra——ánh sáng đã lâu không gặp.\n\nNgười phụ nữ trước mắt mặc áo xanh tay đỏ, buông lưỡi kiếm trong tay, trước tiên đưa cho Trương Thác mấy viên đan dược tròn vo, nhìn hắn nuốt xuống, mới đưa tay cầm chiếc bánh đường dầu đã nguội lạnh từ lâu.\n“Có những con đường, chỉ đi qua thì mới hiểu. A Thác, đây là bài học cuối cùng cha ngươi dạy ngươi.”\n“Ta họ Chu tên Ngư, từ nay về sau, ngươi phải theo ta đi.”",
  "1300276656658371682": "Kiếm Người Chơi Cần Đánh",
  "13002774873082099378": "Hà Kỷ Hi",
  "13002795543764518572": "Ta làm sao mà không đứng đắn? Ngươi xem ta ngay cả cử động cũng không có!",
  "13002822117029610439": "Phòng Chí Cường",
  "13002831274729875263": "Tửu Phùng Tri Kỷ - Mộ Bia Hồ Rượu",
  "13002837983403021214": "Tạm thời không có ghi chép trong hai ngày qua",
  "13002860816350624821": "Sự kiện ảnh hưởng nghiêm trọng đến thần trí gây ra",
  "13002865617138659068": "Vũ Y Lâu - Hoành Phố 1",
  "13002877042077307692": "Ta đã nói rồi mà, chắc chắn có người có thể lấy tiền từ hồ phóng sinh mà không cần dùng tay!",
  "13002882080664853913": "《Giang Hồ Nhật Báo》 Truyền thông hạng nhất Mạc Vũ Vọng tháng này muốn viết một bài báo về tình trạng báo động của phong khí câu cá ở Khai Phong...",
  "13002884130246053319": "Không có quyền tự động hoàn thành",
  "13002894571265466126": "Bên hồ",
  "13002925656830392102": "Đối thoại",
  "13002963831137818391": "Ngươi cũng thấy rồi, cái gì mà Trịnh thị Huỳnh Dương, tổng cộng cũng chẳng còn lại mấy người.",
  "13002981417170596606": "Tiểu Già",
  "13003014322613049918": "Nội tạng",
  "13003072463422006389": "Cành Cây Nhỏ",
  "1300313651697388131": "Thời gian biểu",
  "13003175558519303283": "……Than ôi, cái gì cũng nhìn chằm chằm, phá dỡ thật không phải việc người làm…… Ngày nào cũng bị cấp trên mắng, còn phải bị dân chúng đánh…… Ta, ta mà yếu lòng một chút, chắc đã nhảy sông rồi!",
  "13003184026378080444": "Bảo Hòm",
  "13003187883634117725": "Sơ chế địa hoàng tươi trong túp lều cạnh ruộng địa hoàng.",
  "13003196724694316332": "Quán Cư Kỳ Sự Kỳ Ngộ - Kỳ Ngộ Mỹ Thực Bày Trí 6",
  "13003199706135465769": "Cầu còn không được!",
  "13003316115328337976": "Đồng bình thường",
  "13003324617918831992": "Hạc tiên trang trí · Đơn",
  "13003336439723288700": "Lần này thu cẩn thận rồi.",
  "13003399732560877413": "【Ngục Giam - NPC】Phổ Thông - Ánh Xạ Chế Tạo",
  "13003458198866151832": "Khê Khiêu - Lôi Công Nhứ Thực Vật Song Châu - Phi Hoa Độ 2",
  "13003470210620705168": "Yêu cầu Cấp 3 và hoàn thành chương chính Thanh Hà 「Lại thấy yến mới về」",
  "13003482143331887709": "Vô Tỷ Khách Điếm - Bảng Nền",
  "13003498548331685257": "Chiếm dụng trang phục mượn",
  "13003523740716984989": "Meo meo meo?! Meo meo meo meo meo meo meo meo! Meo meo meo meo meo?!... Meo meo.",
  "13003555484829854233": "Thiện Diệu Châu không được nghe pháp Phật sao?",
  "13003596937127360525": "Hòn Đá Nhỏ",
  "13003602464902430967": "Vương Vi",
  "13003613602910932686": "Phù danh tứ tán",
  "13003622064030431153": "Điều tra",
  "13003686370359699401": "Thành phần xây dựng, dùng để dựng nhà.",
  "13003759801766768223": "Thiên Thượng Lai - Mô Hình Tùy Ý Cố Định Bảng Nền 4 Nam Dân Thường",
  "13003789191734381485": "Thanh Hà Thám Hiểm Sổ Tay",
  "13003800046819102773": "Tiến đến 【Bồ Đề Khổ Hải】, và dừng lại ở khu vực đó 30 giây",
  "13003803755757814521": "Vô Diệp Thư · Quyển Hai",
  "13003807164936141936": "(Chìa khóa nhà hắn đây... Hừ, ta nhất định tìm được tên nhóc thối đó lần nữa!)",
  "13003807664692315620": "Nói đi?",
  "13003818754523600679": "Tài khoản sau một thời điểm nhất định không được tạo (lỗi đặc biệt)",
  "13003828024585347236": "Viên Quốc Chấn",
  "13003871142367299512": "Tôn Gia",
  "13003879670494758943": "Mỗi ngày làm mới vào lúc 05:00 sáng.\n\nSố lần thử thách tối đa quyết định số lần có thể nhận phần thưởng của từng thủ lĩnh.",
  "13003891252057776108": "Thông báo vi phạm môn quy",
  "13003904580848778440": "Hiển thị thời gian",
  "13004037182497566470": "Thêm màu xám",
  "13004057145254049066": "Dùng Cho Sát Thương Trận Pháp",
  "13004096561508922639": "Ngươi cứ yên tâm đi, ngươi nhìn kỹ các cô nương tạp dịch trong quán này xem, có nhìn ra gì không?",
  "13004137918232088675": "Phục Mã Trang - Điểm Làm Mới Chiến Lợi Phẩm",
  "13004145649701767671": "Trương Tiêu Nặc",
  "13004165139562086719": "Đồng hành",
  "13004169401686926676": "Phúc Bồn Tử",
  "13004176834670941661": "Tùy Tùng - Đợt Đầu Tiên - Phải 2",
  "13004199134200610109": "Kỳ Thuật - Đốt Độc",
  "13004211669209188003": "Một nông dân ở Phong Hòa thôn, cần cù, chất phác.",
  "13004239796360735815": "Quỷ Tài",
  "13004256336713920873": "Thuốc hồi Nguyên Tinh",
  "13004298655689187650": "Trường kiếm",
  "13004334232886672576": "Sinh Thái Vật Chủng",
  "13004343926956208096": "Tăng 8% tấn công, giảm 5% phòng ngự.",
  "13004349536960124948": "Đạt được chương thứ %s của Thử Luyện Thông Thường",
  "13004353772915747476": "Nam Môn Đại Nhai Tuần Tra Lâm Thời",
  "13004393910046293929": "Trò chuyện",
  "13004413707193546013": "Sinh Thái Vật Chủng",
  "13004426289283195775": "Sinh Thái Vật Chủng",
  "13004465738590413556": "Lý Trạch Hạo",
  "13004479452696627977": "Đối phương đã ở trong chế độ liên thông khác",
  "13004486913775172983": "Trần Gia Tranh",
  "13004538063301895924": "Thứ hai, ngươi cần phải chứng minh mình có năng lực cướp của nhà giàu chia cho người nghèo.",
  "13004560446439615342": "Người xưa dùng “trùng” để chỉ chung tất cả động vật, chia chúng thành năm loại: chim là vũ trùng (côn trùng có cánh), thú là mao trùng (côn trùng có lông), rùa là giáp trùng, cá là lân trùng, người là lõa trùng (“lõa” nghĩa là trần trụi). “Đại” có nghĩa là lớn, là đứng đầu. Hổ thuộc loại mao trùng, là vua của bầy thú. “Đại trùng” tức là thủ lĩnh của mao trùng, vua của bầy thú.",
  "13004572280982081662": "Đi sâu vào lòng đất",
  "13004599671868740030": "Xem thông báo",
  "13004659686453314159": "Kích thích! Kích thích!",
  "13004669167044669541": "Dân chúng Đông Thành",
  "13004670698870745652": "S1 - Thưởng Lệnh Chiến - Cấp 58 Đã Thanh Toán",
  "13004746945594191046": "Chỉ số danh tiếng tà ác vẫn chưa đạt điều kiện tiến cấp!",
  "13004758559649304222": "Hoán Thạch Phổ - Điểm Làm Mới Chiến Lợi Phẩm",
  "13004834385251331388": "Người câu cá đâu? Mọi người mau xem này!",
  "13004846735368501681": "Triệu Vĩ Nghiệp",
  "13004883643783450150": "Hạt dẻ",
  "13004937642459509811": "Mật chiếu",
  "13004962012258526509": "{2}\nThân có bệnh nhẹ, được danh y {0} chẩn đoán, bệnh ta mắc phải là {1}.",
  "13004987829464324530": "Thương là binh khí trung chính, cuồng lan lại đi ngược lại đạo lý đó. Cây thương của hắn, kinh thế hãi tục, cây thương của nó | kiêu ngạo phản nghịch. Loạn thế hỗn loạn, triều đình giang hồ | đều mất trật tự. Cuồng lan dùng cô thương kiến tạo lại đạo lý chính tà | thề sẽ bảo vệ tất cả những người nên được bảo vệ",
  "13005008612535087808": "Ta... ta nếu là người của Đạo Chủ, sao có thể bị ngươi bắt đi tùy tiện chứ!",
  "13005054096615454600": "Chưa ở cảnh Thần Tiên Độ, không thể mở khóa đơn vị món ăn mới",
  "13005131349254271526": "Thôi đi thôi đi, về nhà đi thôi. Uống thêm nữa là chị dâu sẽ lôi ngươi về đấy!",
  "1300517463999155303": "Cận chiến",
  "13005188723942000540": "Tích Quỹ Cửu Kiếm - Xuyên qua BOSS nhiều người",
  "13005213283275499786": "Vũ Y Lâu - Vật Tương Tác Tự Sự Phân Mảnh - Quầy Lý Gia Sơn Thủy - Độc Thắng Hoàn",
  "13005214577351293013": "Trần Gia Tranh",
  "13005246034546971044": "Hang động này nằm ở địa phận Bạch Mã Dịch Khai Phong, trong hang có cơ quan thủy lực, dòng chảy ngầm cuồn cuộn. Những người muốn vào thử luyện, cần phải nghiên cứu Thủy Lực Thần Công Thiên Xảo, mới có thể vượt qua an toàn.",
  "13005264904912556089": "Mèo",
  "1300532316131774038": "Đề cử sở học Huyền Hồ",
  "13005399952853125657": "Đồ của ta…… chẳng lẽ lẫn vào đợt hàng này rồi sao?",
  "13005415500520014992": "... Ta hiểu rồi.",
  "13005446129566047724": "S1 - Thưởng Lệnh Chiến - Cấp 19 Đã Thanh Toán",
  "13005500511074346470": "Huỳnh Uyên - Sân Boss - Tường Không Khí",
  "13005515414468988644": "Ta cũng từng nghe nói, nói là chỉ cần hát Khất Liên Ca, quan phủ sẽ chia tiền Sinh Kim Âu cho chúng ta.",
  "13005522468754740808": "【Ngục Giam - Chế Tạo】Đống Gỗ (Không Tương Tác)",
  "13005542191010372111": "Hải đường đào lý mưa bụi không trung, càng gặp gió Thanh Minh hai ngày.",
  "13005561121028795764": "Thọ Xương Phường - Khu Cửa Hàng A - Phú Hộ",
  "13005632440562149424": "Tôn Hạo Thanh",
  "13005633428729335477": "Phòng Số 3 - Tấm Áp Lực Sau Phi Lai Tỏa",
  "13005636880653493213": "Nhị Cẩu ca ca đang giúp ta trộm, trộm đồ thì không vui.",
  "13005647029758037933": "Lôi Đài 3 Người - Hạng 3",
  "13005657770450525771": "Quách Vũ Ngang",
  "1300566146360422200": "Khách của Túy Hoa Âm",
  "13005667067056671954": "Bát Đầu của thế hệ thứ hai mươi mốt",
  "1300566749879655442": "Cứu người giúp đời, nghĩa khí giang hồ",
  "13005715635619350918": "Tam Thạch Lương, giúp ta đóng gói xong rồi, xe lừa chở đi!",
  "13005781797303703387": "Bách Nghiệp Thưởng",
  "13005782609579440910": "Tham gia Bách Nghiệp có thể nhận thêm nhiều phần thưởng!",
  "13005801306021023239": "Ngọc Mã - Tề A Nhị (Tìm Ngựa)",
  "13005814163143320182": "Biểu Mẫu",
  "1300583360655454471": "Này, ngươi thế nào?",
  "13005963326407891061": "{} một tuần ba lần lên báo bảng, có thể ra ngoài lang thang, mà vẫn không ai nhận ra hắn, đúng là \"dưa\" nổi hơn người nha!",
  "1300599796242820031": "Dã Tâm",
  "13006021486945150194": "Tiến độ đầy sẽ bị mê hoặc",
  "13006033914782878908": "Bóng tối",
  "13006065233486957284": "Đến lúc đó, toàn bộ Kim Minh Trì sẽ tăng cường cảnh giới, phong tỏa đường lên thuyền.",
  "13006074231419575873": "Gặp Dương Thốn tại Tàng Hiền Cương",
  "13006121184582688945": "Chỉ bệnh tinh thần hỗn loạn. Điên bệnh do đàm khí uất kết, hoặc tâm tỳ lưỡng hư mà sinh ra; Cuồng bệnh do dương khí quá thịnh, tâm thần ngoại phóng mà sinh ra. Điên bệnh lâu ngày, đàm uất hóa hỏa, có thể xuất hiện chứng cuồng; Cuồng bệnh kéo dài, chính khí không đủ, cũng có thể xuất hiện chứng điên. Vì vậy điên cuồng thường được gọi chung.",
  "13006145541156257802": "Thúy Nương à, nàng xem, ngay cả người ngoài cũng thấy chúng ta nhất định sẽ thành một đôi như trong chuyện cổ tích!",
  "13006158135155387423": "Ba năm trước, trên đại địa Trung Nguyên đột nhiên xuất hiện một nhóm mèo dị chủng mặc gấm trời, truyền ngôn chúng đến từ Diên Kiều Thành ở đảo Trường Lạc, là linh miêu do gia đình họ Ôn, người giàu có nhất giang hồ, nuôi dưỡng. Dù không rõ vì sao những con mèo này lại lưu lạc giang hồ, nhưng bất cứ nơi nào chúng xuất hiện đều có bảo tàng, giang hồ gọi chúng là “Miêu Miêu Miêu”.\nHoàn thành thử thách của Miêu Miêu Miêu, nhận được sự công nhận của miêu, có được Miêu Miêu Linh Đang, có thể đến Miêu Miêu Miếu truyền thuyết để đổi lấy vật phẩm cúng phẩm quý giá.",
  "13006162367795456138": "Chu Vũ Lâm",
  "13006166462777073086": "Tụ họp vì tình, tan rã vì duyên, mới coi như không phụ nhau.",
  "13006224142826045689": "Ồ? Tờ giấy đâu? Đưa đây ta xem nào.",
  "13006239587313748424": "Mực trên sổ sách đã mờ, lờ mờ thấy các chữ “Càn Hựu nguyên niên tứ nguyệt”, “Đường đao”, “Đoạn tội”, “Trịnh Lẫm”.",
  "13006290026731798780": "Bách Công Phường - Tạo Thuyền Vụ - Thợ Cả Chỉ Huy Thợ Thuyền Làm Việc",
  "13006324656912620600": "Nhuộm highlight",
  "13006337549999031583": "Vũ Nhung Thảo - Tường Dây Leo 13",
  "13006402243163590341": "Tiền Nhuận Hà",
  "13006414302498750627": "Khô",
  "13006439022721263890": "Lão Thái Đánh Mạt Chược 1 (Có Thể Cõng)",
  "13006463398130925946": "Đứng nói chuyện, sinh tử cùng. Một lời nghìn vàng nặng.",
  "1300646377803080372": "Đa tạ thiếu hiệp... Không biết lấy gì báo đáp?",
  "13006481542059294351": "Ngắm bắn",
  "13006512189888521535": "Vân Thiết Phiến Vạn Vật Thái Cực: Đơn Nhân",
  "13006551553083114790": "Lưu Minh Sách",
  "13006584825097520274": "{2}\nThân thể có chút không khỏe, qua chẩn đoán của danh y {0}, bệnh ta mắc phải là {1}.",
  "13006610598502761355": "Khán Mã Quan Hoa Giả Nhân Nam",
  "13006621133700399805": "Miêu Miêu Miêu - Yến Vân Biệt Quán - Quỷ Hỏa",
  "13006630627274477716": "Chưa có trận pháp nào bị phá giải, xin xem sau",
  "13006718537570455812": "Xin cáo từ",
  "13006724635938182842": "Phi Thiên Vũ - Thực Thể Dùng Cho Cảnh Chuyển - 3",
  "13006814366759719815": "Bạch thỏ đơn chiếc, chạy đông tây ngóng trông, áo cũ chẳng bằng áo mới...",
  "13006817540797585546": "Kỳ Ngộ Người Truy Quang - Đơn Nhi",
  "13006842460834342884": "Cự Mã",
  "13006858977790703114": "Hỗn Hỗn",
  "13006885707504400983": "Ngọc Mã Hành - Đánh Thức Tiểu Lục",
  "13006892425688898164": "Một thanh kiếm dài nặng trịch. Trên thân kiếm khắc một hàng cổ văn, nét chữ mạnh mẽ, khí thế ngút trời, như kể về câu chuyện truyền kỳ trải qua gió sương của thanh kiếm này.",
  "1300692364457780885": "Hơn nữa, Giang thiếu—",
  "13006925963567149504": "Khai Phong Chủ Tuyến",
  "13006926987288939118": "Nồng đậm",
  "13006961734777503049": "Đánh bại Hào khách Tứ Hải · Song đao thôn phá môn ({0}/{1})",
  "13006996213734692284": "Không đủ quyền hạn khi xây dựng \\ xóa",
  "13007006370007899846": "Nghiễn Mặc Nhiễm 2",
  "1300702864645098091": "Điện hạ, phải đi rồi.",
  "13007139515346728875": "Bảng thư pháp",
  "1300719907053269995": "Sau khi mở, có thể nhận được 100 Thông Bảo thuộc loại tự chọn.",
  "13007232705692637586": "Đa Nhân Quỷ Công Tử - Kiệu Tử - Bạt",
  "13007263318647326902": "Xin cáo từ",
  "1300734712395976826": "BOSS Dã Ngoại Quỷ Công Tử - Tường Không Khí",
  "1300750168162006169": "Hổ văn",
  "13007507028546064128": "Bách Công Phường - Bắc Tác Phường - Tô Lạc",
  "1300751403233759793": "Giơ đèn dầu",
  "13007575418055644315": "Ngoài Hố Tro - Bình Dân - Hồng Chi Chi",
  "1300761350068310175": "Kết giao bạn bè",
  "13007616599841658026": "【Giám Ngục - NPC】Phổ Thông - Chế Tạo Ánh Xạ",
  "13007680117945987152": "Ta nhớ... một ngày trước khi Thiên Hỏa giáng xuống, Diệu Thiện đã gọi lớn bên ngoài thôn. Có người thoát khỏi mê lầm, đi theo Diệu Thiện. Còn những người còn lại, trước mặt đều thổi lên ngọn gió như thế này.",
  "13007709138570310131": "Chờ một chút... chẳng lẽ ngươi nói là \"Thệ giả như tư phu, bất xá trú dạ\"?",
  "13007777178935756758": "Sinh Thái Vật Chủng",
  "13007805192636018252": "Xin cáo từ",
  "13007828535167116219": "Ngoài Võ Thành Vương Miếu - Khu Đỉnh Núi - Giang Hồ Nhân (Nam)",
  "13007829653314046292": "Cửa Hàng Khu Tây - Tấm Nền Tĩnh",
  "1300783812322258236": "Hoàng Lạc Tư",
  "13007852151965268296": "Gần đây thường xuyên lui tới Trấn Thừa Ân, dường như có liên quan đến Hạ Nhạc Trì bị đuổi đi.",
  "13007873258511571408": "Noãn Thạch",
  "13007935112623028373": "Hàn lâm y quan",
  "13007942569157261435": "Khai Phong Chủ Tuyến",
  "13007955747957810217": "Triệu Vĩ Nghiệp",
  "13007979127221817254": "Con gái của ta sắp về rồi sao?",
  "13008004607329965452": "Xuân Tín Thất Nhật Ước",
  "13008021809687149650": "Bầu Không Khí Thừa Ân Trấn -",
  "13008040332826894551": "Nhấn {}",
  "13008061501283412269": "Bích Thủy Vân Đào - Linh Kiện 3",
  "1300811730820851933": "Sao giữa đêm lại ra đây đi dạo thế.",
  "13008139512429154197": "Rời đi",
  "13008154160690447217": "Tây cực nguyệt thăng",
  "13008162527839969781": "Nhảy à nhảy, nhảy à nhảy...\nHồng Tuyến có vẻ rất vui vì sắp có tập mới.\nTuy nhiên, khi nàng nhảy qua cây cầu gỗ, cây cầu rốt cuộc cũng không chịu nổi mà sụp đổ.",
  "13008172204671328298": "Tiền bối đã biết",
  "13008176227451299709": "Cỏ dại dưới này phiền phức thật! Tiểu Trụ Tử! Mang cái liềm đến đây cho ta, vừa tiện cắt ít cỏ cho heo ăn!",
  "13008188217311943575": "Phi nước đại Tây Phong",
  "13008208707209964888": "Tế Văn Của Quảng Hồ Tử",
  "13008263933911792781": "Thiên Phú · Hóa Thần Khuyết",
  "13008272665441980053": "Túy Hoa Âm - Bầu Không Khí Tầng Một Phàn Lâu - Trước Sân Khấu 26",
  "13008311498459085871": "Kim loại",
  "13008332933268227230": "Tỷ lệ giảm tốc Dừng Yên Chỉ Thủy tăng",
  "13008337502473181794": "Trương Tuấn Kiệt",
  "13008396875393738187": "Có thể rút lui sớm khỏi trận đấu",
  "13008407919619656400": "10000 Văn",
  "13008416356492656445": "【Mèo_Tam Hoa_Khai Đàn Yến】",
  "13008449850942855786": "Thạch Khối",
  "13008466878147033395": "Tăng công kích ngoại công",
  "1300850333612501425": "Bắt đầu truy tung",
  "13008686837313257026": "Bản vẽ 17",
  "13008687676838203883": "Đại y bình định, địa vị thăng tiến",
  "13008773603621939605": "Chế biến Địa Hoàng",
  "13008783046453418518": "Rời đi",
  "13008783186330806693": "Lấy vật phẩm",
  "13008818082441571188": "Đoan Ni Khả Sát - Giải Tiếu Huyệt - Chân Soái",
  "13008904882201373620": "Độ bền cơ bản của các kiến trúc, cấu kiện được xây dựng, thuộc tính càng cao thì càng khó bị hỏng.",
  "13008917018437858879": "Bách Nghiệp - Nhà tắm - Tổ hợp kiến trúc phong cách số 1",
  "13008928299631472032": "Xạ Can",
  "13008957504021962426": "Khách đến dự tiệc khai đàn, xem ra rất thích đồ uống.",
  "13008967595627075427": "Khiên.",
  "13008986249428679301": "Béo Mộng Khôi - Rơi Từ Không Trung",
  "13008986730718888655": "Vào lầu",
  "13008999001855171706": "Hướng dẫn · Vô Tướng Kiếp",
  "1300908601167018401": "Trương Tiêu Nặc",
  "13009139601540484306": "Từ biệt",
  "13009198648287292987": "Mệt quá, thôi bỏ đi... Bỏ đi...",
  "13009199382106160738": "Chu Đỉnh Hồng",
  "13009199649515918467": "Lưu thất bại!",
  "13009255405326534944": "Niệm Chân, ngươi lại thất thần không nghe ta nói chuyện!",
  "13009273465838037758": "Mẫu Tường Không Khí - Đạo Chủ",
  "13009280528070632769": "Nhất Diệp Bình Sinh - Khu Phố Đại Lộ Nam Môn - Khách Hàng Tiệm Sơn Mài 1",
  "13009308896320635647": "Khúc Trì",
  "13009336745585213668": "Đông Lăng Qua",
  "13009374700885411437": "Động Tác Song Nhân - Bang Phái Không Nhàn Rỗi - Thưởng Cấp Hai",
  "13009395033287926862": "Bạch Mã Dịch - A Kỷ",
  "13009399215645121687": "Bốn cái nhà vách ngăn dùng ba cột",
  "13009419117946579710": "Thiếu đương gia... ngươi... ngươi không có ý gì với ta đó chứ...",
  "13009500536624724746": "Cổ Tư - Văn Nhân",
  "13009538636105266924": "Lời mời đã gửi, vui lòng chờ người chơi khác tham gia.",
  "13009544982331545989": "Kinh Kha và cố hữu Điền Quang từng thi đấu thuật nghe âm ở đây, thi xem ai tìm ra dế trong đá trước, Kinh Kha thắng, Điền Quang đùa rằng đó là Trướng hạ kiến tướng quân đá. Sau khi Kinh Kha qua đời, người Thanh Hà gọi loại dế này là \"Trướng hạ kiến tướng quân\".",
  "13009599205026946534": "Sinh Thái Vật Chủng",
  "13009636012203858245": "Bảo Vật - Lam",
  "13009692654056891859": "Hà Kỷ Hi",
  "13009698730440461944": "Cực khó",
  "13009749933207726572": "Vương Bổ Khoái - Thọ Xương Phường",
  "13009759982615327751": "Chế tạo",
  "13009807854936473394": "Khi mới vào Thanh Khê, cần nếm thử trăm loại cỏ, đọc thuộc lòng các phương thuốc, mới có thể làm y, nên gọi là Điển Dược.",
  "13009852506161479705": "Túy Hoa Âm - Lấp Đầy Bầu Không Khí Trong Nhà - Giọng Nam 1",
  "13009894030707763101": "00 tháng 00 ngày Đã đặt lịch hẹn",
  "13009929158316508166": "Cùng năm cùng tháng cùng ngày",
  "13009995548088097617": "Cứu người",
  "13010052663894095836": "Người giao hàng ngoài thành",
  "13010151137653308554": "Chúc Dung",
  "13010156267052198206": "Thùng Thuốc Nổ - Phiên Bản Phá Hủy Vật Lý",
  "13010162689496145073": "Huỳnh Hỏa Trùng (Huỳnh Uyên)",
  "13010218242414339489": "Đây rốt cuộc là nơi nào? Sao cảnh tượng lại hỗn loạn thế này? Hừm... Mau đi hỏi xem sao.",
  "13010227342947322901": "Tổ hợp xây dựng Bách Nghiệp mới 840",
  "13010309623023237776": "Mèo - Chu lão tam",
  "13010345982346224432": "Chương Một - Đến Hậu Bếp - Con Chủ Tiệm - Trương Tuyền",
  "13010349457048187095": "Hỏi lại",
  "13010365872320903856": "Nhưng Lầu Chủ Phàn Lâu lại chọn Nam Chúc vừa mới nổi danh.",
  "13010396659942571237": "Sử dụng vật phẩm này, có thể nhận được ngoại hình tương ứng.",
  "13010412026654681542": "Ngươi nói gì?",
  "13010413338512554056": "Sinh Thái Vật Chủng",
  "13010459509897175541": "Mây Hoa Lâu Chủ - Tần Nhược Lan",
  "13010549692270844874": "Dân Chúng Thiên Niên Độ 33",
  "13010605220617993996": "#Y%s:%d lần#E",
  "13010626004080679581": "Xuân Tiết - Đèn Sông Tình Nhân 2 - Thanh Niên Nữ",
  "13010644265507899054": "Đường sông",
  "13010748819189154726": "Tuyên ngôn bái sư",
  "13010749595321199573": "Sơn Dương",
  "13010763452900479630": "Các phương",
  "13010763571391211684": "Hộp Tự Chọn Thời Vũ Cấp 86",
  "1301076628580035580": "Trúc Lâm Cựu Cư - Điểm Làm Mới Chiến Lợi Phẩm 441",
  "13010774532489348412": "Minh Kim - Hồng Tháp 6-1 - Phác Đao Thiên Hổ Quân - 3 Cái",
  "13010777656684047098": "Thi Thiên Lai",
  "13010835397364292790": "Cấp độ tăng lên #Y30#E ( {0}/30 )",
  "13010954467026916068": "Đào",
  "1301096718136598829": "Tích Lũy Đạt 500 Bang Cống Lịch Sử ({0}/{1})",
  "13010992156930212558": "Trường Minh Ngọc*20, Thông Bảo Tự Chọn*88000, Bạch Ngọc Hồ*1",
  "1301101517082842403": "Phần thưởng thí kiếm · Cấp năm",
  "1301102150695571280": "Đối thoại",
  "13011100827903232845": "Giá trị tối đa Khí Huyết"
}