{
  "11876207220059626101": "Anh em múa sư tử",
  "11876271121129660216": "Tỳ nữ nhà họ Lâm",
  "11876286417414309430": "Công văn cũ",
  "11876306934036292104": "Tiểu Lộc",
  "11876324027676510038": "{3}\nTa vào năm {0} mắc bệnh {1}, sau đó được danh y {2} trị khỏi.",
  "11876351398292403966": "Du Nhận · Nhị",
  "1187636604142360155": "Trĩ Tử Đồng Hí - Yến Hỉ Nhi",
  "11876400657007473210": "Song Nhi",
  "11876471351464504952": "Cờ thế kiểm tra",
  "11876499912129795114": "NPC Bối Cảnh Linh Hạnh Thôn - Phục Linh",
  "11876508361844838785": "Thuốc lành miệng độc",
  "11876561484231419309": "Trần Thần",
  "11876562203461542616": "Hả? Ồ, là tiểu hữu à... Ngươi làm tốt lắm, diễn rất giống...",
  "11876577955167654708": "Hoàng Oanh Nương",
  "11876593255947286436": "516 chờ quyết định-1",
  "11876612057637865183": "Chỉ cần đổi khuôn mặt của Thập Nhị Lang!",
  "1187661657937930696": "Tư thế đối phương",
  "11876619278456560919": "Ô Kim Thiết · Tam Cấp *5",
  "11876629769907949200": "Dùng để xây nhà.",
  "11876654503120911298": "Lữ khách",
  "11876668321090933623": "Thắng lợi nhận được",
  "11876714567864005094": "Có cường địch xuất hiện gần đó, mời Du Hiệp chuẩn bị nghênh địch! Thử thách cường địch khá hung hiểm, lúc cần thiết có thể tìm kiếm sự trợ giúp hoặc nâng cao thực lực của bản thân rồi đến thử thách.",
  "11876726150611977331": "Nấm mốc ăn mòn",
  "11876728729781097747": "$S Gió mạnh thổi qua sa mạc, cát đá bay tán loạn$E Tấn công đơn thể cận chiến bốn đoạn, gây sát thương nhỏ.",
  "11876751233905255661": "Đang nhận",
  "11876778644206669887": "{2}\nTa có chút không khỏe, được danh y {0} chẩn đoán, bệnh của ta là {1}.",
  "11876820247790166482": "Phong môi cấp cao",
  "11876820278810184563": "Tiếp tục tìm kiếm vườn nho bỏ hoang",
  "11876833682414428133": "Tiểu Kịch Trường (Tự Sự) - Phạm Trạch Chiêu Dũng",
  "11876872022563405961": "Khai Phong - Bình Dã Nguyên",
  "118768759850819539": "Đang lấy dữ liệu",
  "11876887564632553070": "Nói cho ta biết ngươi biết gì đi",
  "11877027447177711039": "Lý Châu Nhi",
  "11877087766384921957": "Bạch Long Mã",
  "11877143480756344350": "Diệu Diệu Miêu",
  "11877153020171676092": "Đệ tử Cô Vân",
  "11877239439022369566": "Lưu Phái Tháp Khiên Ti · Ngọc Tầng Thứ 5 - Thú Mộng Khôi 1",
  "1187724082234631691": "Đừng ồn ào ở khu vực đại điện, đừng làm kinh động Cử Tri.",
  "11877249523201997943": "Cách Chơi Táo Đường - Canh Y Cảnh 501",
  "1187729199280838420": "Thiên Nhai Khách",
  "11877314193664496320": "Đang tải, xin chờ...",
  "1187731549771138365": "Thường Bình Thương",
  "11877332380082171891": "Châu Châu",
  "11877402571033721148": "Rời đi",
  "11877473894868072538": "Trắc Thí Đối Thoại: Đối Thoại + Phân Chi + Bối Bao 26",
  "11877494323236927564": "Lâm Tặc Xanh",
  "11877506652423579511": "Hủy khóa",
  "11877516005741208064": "Lưu Đại Tỷ",
  "11877566786213202496": "Người bán thuốc",
  "11877572854436039608": "Thạch Cửu Lượng",
  "11877598734317078098": "Nhảy cọc hoa mai",
  "11877615195887585888": "Võ Miếu Xích Tâm",
  "1187763696294839030": "Giải Tỏa",
  "11877642686146681313": "Lão phu muốn ngươi đi thật xa, nhìn thấy ngươi là phiền phức!",
  "11877643363499148105": "Bệnh sốt rét kéo dài không khỏi, gây hao tổn khí huyết, huyết ứ kết dưới sườn, xuất hiện khối u, gọi là quai bị.",
  "1187766986410042877": "Cường hóa khi kết toán tích lực",
  "11877687314053275407": "Thế lực chiếm đóng: Lục Lâm",
  "11877687723064425533": "Nhậm Chúng",
  "11877693032316154382": "Lưu Minh Sách",
  "11877707610497122459": "Một chiếc hộ tíu cũ kỹ, dấu hiệu trên đó đã bị gạch đi.",
  "11877827125972706385": "Đinh Kỷ Văn",
  "11877838583028613405": "Mộc Tử Anh",
  "11877854336402414819": "Một cái chén thông thường, muốn đựng gì cũng được.",
  "11877857568169649010": "Trương Chấn",
  "1187790125107928545": "Tiểu Kịch Trường - Ta Lai Chi Thực - Chưởng Quỹ Tửu Điếm",
  "11877913719005828929": "Ai muốn thử không?",
  "11878007473255904435": "Công thức hỗ trợ",
  "11878023304316833740": "Làm kinh sợ",
  "11878041550163817351": "Trần Tình",
  "11878079912304738883": "Tăng #8c5823Thuộc tính cơ bản của nghề sinh kế#E %s",
  "11878081315139950602": "Mèo·Có đức tính của mèo",
  "11878091231565968712": "Thọ Xương Phường - Phú Nhân",
  "11878095303146187139": "Xem",
  "11878096399622778433": "Thôi Tiết",
  "11878100213821978096": "Tăng thêm sát thương",
  "11878110562797646346": "Sát Địa Thần Không Khí Tường",
  "11878148515225949334": "Điều tra",
  "11878197330815198707": "Bá ác",
  "11878213183352242186": "Lâu ngày không khỏi bệnh, nên diễn hóa mà mắc phải căn bệnh này.",
  "11878215746875379776": "Bác Lãng Sa - Vạn Thắng Trấn - Bách Tính Nam",
  "11878223816375562852": "Mạch Hương Tập - Tuần La Bối Cảnh Bản",
  "11878257207582528603": "Trời phù hộ, tiền thuê nhà tháng này đừng tăng nữa...",
  "11878343217153947971": "Nhậm Chúng",
  "11878361799686628125": "Tiểu Kịch Trường Nhất Thứ Tính Phi Doanh Địa",
  "11878395756853750956": "Tôn Hạo Thanh",
  "11878412464997627234": "Đối thoại",
  "11878421789793831553": "Ta (giọng kinh doanh) Khách quen hiểu biết, uống hết Ly Nước Ly Tan của quán ta, sẽ giúp ngài nhớ lại người mà ngài thương nhớ nhất trong đời.",
  "11878436740147260188": "Thược Dược",
  "11878438955434635954": "Bảo Tương",
  "11878488496051563066": "Mồ hôi nhẹ thấm qua lụa mỏng, sáng mai Đoan Ngọ tắm hương lan.\nDây lụa thắt nhẹ cánh tay ngọc đỏ, lá bùa nhỏ khoác ngang búi tóc mây xanh.",
  "11878507240614956591": "Không tham vọng khách quý thiên",
  "11878508607945793184": "Nhận được",
  "11878561851937838525": "Cúc Cúc",
  "11878579926604238546": "Vũ Y Lâu - Điền Sung Bối Cảnh",
  "11878590148277249622": "Hôm nay",
  "11878591012741393143": "Một cuốn sách cũ nát, ghi lại đánh giá chi tiết của hơn hai mươi loại rượu...\nChắc hẳn chủ nhân là người yêu rượu!",
  "11878600071235836933": "Thừa Long Lộng Nguyệt",
  "1187861278277444887": "Thời gian còn lại: #Y %s ngày %s giờ#E",
  "11878635357291807584": "Trương Lộ",
  "11878636742343008837": "Bách Luân",
  "11878657200712597169": "Đầu óc quay cuồng, khí huyết ngưng trệ, lâu ngày không khỏi sẽ sinh ra chứng đột trung.",
  "11878735796411663782": "Tứ đoạn",
  "11878748967174801003": "Khai Phong - Kiều Hạ Bắc - Tiểu Nam Hài 2",
  "1187876817895701292": "Ngỗng lớn trị bệnh",
  "11878772908738921692": "Chị à, chị xem mấy mầm non ở đây xem...",
  "11878831492274125439": "Hà Tây - Thiên Địa Vạn Lại - Trắc Thí Cảnh 1112",
  "11878846076491917251": "Đối thoại",
  "11878848524439779259": "Phúc Ngôn",
  "11878933338969186914": "Đại Phục Dụng Kiến Tạo",
  "11878949582889721736": "Được thích",
  "11878986286343676787": "Khê Khiêu Lão Thử - Tam Canh Dạ Ma Tử",
  "11878998607642217435": "Ngựa ở đây mà…… Ế, ngựa đâu rồi?",
  "11879001552878889016": "Ta khuyên ngươi, bất kể là cầu tài hay cầu gì, đều nên tránh xa Lão Trần ra!",
  "11879059906558920037": "Nhấn giữ",
  "11879065549668574438": "Thược Dược 01",
  "11879071340902107838": "Khô mộc phùng xuân",
  "11879097098588265475": "Chướng uất",
  "11879137556587101765": "Lịch hẹn đã bị gián đoạn, đối phương sẽ không ra tù trước sao?",
  "11879193620858106928": "Trịnh Ngạc giai đoạn 1 - Kỹ năng 4",
  "11879194460847714081": "Vậy người mà ta gặp ở Thu Minh Cư lúc trước là giả?",
  "11879201333647406691": "Mẹ của Yến Mạc Mạc đã qua đời, cô ấy muốn tìm bông hoa đẹp nhất, bông hoa đó nhất định là mẹ cô ấy. (Sau khi thành công có thể làm quen với người này, nhận được quà tặng cố hữu hàng tuần.)",
  "11879210919870217017": "Thừa Ân Trấn Phân Vi - Thủy Ngưu",
  "11879218623521971448": "Chỉ chứng bệnh động kinh, gọi là bệnh lên đồng, là một bệnh mãn tính do Thanh Khiếu của não bị quấy nhiễu, dẫn đến Nguyên Thần mất kiểm soát, Thần Cơ tán loạn, xuất hiện rối loạn chức năng tạm thời.",
  "11879231637460459094": "Hoàng Vũ",
  "11879252006861832319": "Hà Kỷ Hi",
  "11879270078658973866": "Sử dụng vật này, có thể nhận được ngoại trang tương ứng.",
  "11879301784898922568": "Giang Hồ Nam - Tùy Cơ",
  "11879303064155064427": "Kỹ thuật thông mạch đến từ Tây Vực, có hiệu quả trị liệu không tệ.",
  "11879305800528666697": "Tống Lỗi",
  "11879328844272676491": "Sinh Thái Vật Chủng",
  "11879331212268382221": "Nhiệm vụ Giác Chướng Lâm",
  "11879362695455299161": "Truyền thuyết",
  "11879384306526445979": "Trịnh Nguyễn",
  "11879435818661171814": "Kim Chế Nhất Phẩm Bảo Tương - Khai Phong (Vô Truy Tung Tiêu) - Dụng Cách Chơi Vô Tưởng Lệ",
  "11879460754883021471": "Tổ Kiện Khả Nhiên Vật - Trắc Thí",
  "11879498356143592293": "Sát Thần ra miếu",
  "11879513270429538146": "【Thành Tựu Biên Hào 901003】Thành Tựu Tưởng Lệ",
  "11879567251372068544": "Bách Nghiệp Thí Luyện: Vô Danh Tướng Quân",
  "11879613472041996415": "Bác Vật Điều Mục 19, Tưởng Lệ Đương 6",
  "11879653779645290475": "Đừng đùa lửa với ta, ta sợ ngươi tự thiêu.",
  "11879695889868154872": "Trắc Thí NPC Thiếu Nam",
  "11879699210572587495": "Trong trận tồn tại Giang Hồ Cố Nhân hỗ trợ chiến đấu, nhưng cứ mỗi 30 giây sẽ tạo ra mây sét gây sát thương nhiều lần cho tất cả đồng minh, #HChú ý trị liệu Giang Hồ Cố Nhân#E.\nMỗi lần gây sát thương trực tiếp/Thành công giải thế/Thành công né tránh hoàn hảo, có thể khiến bản thân nhận một tầng #H【Lâm】#E, thời gian kích hoạt cách nhau 3 giây. #H【Lâm】#E tích đủ 12 tầng có thể kích hoạt Thiên Lôi khiến bản thân nhận 15 giây #H【Thiên Lôi Khai Ngộ·Lâm】#E, khiến các chiêu thức sau của Du Hiệp được tăng cường đáng kể:\nKhi #YHuyết khí của Du Hiệp hồi phục về 100%#E, sẽ tự động chuyển hóa huyết khí thành hộ thuẫn, khi lặp lại chuyển hóa, hộ thuẫn sẽ được đặt lại giá trị đầy đủ. Đồng thời mỗi lần chuyển hóa sẽ khiến Càn Hương Dẫn Hồn Cổ #YChiêu thức đặc biệt「Thiên Thập Dư Ảnh」#E có thêm một #Y「Xiên Tơ Lưu Diễm」#E, #Y「Xiên Tơ Lưu Diễm」#E tối đa cùng tồn tại 6 sợi, mỗi sợi đều có thể tấn công kẻ địch theo quỹ đạo riêng gây ra lượng lớn sát thương.",
  "11879701759325385252": "Triệu Vĩ Nghiệp",
  "11879761941930298283": "Bách Thốn Kim",
  "11879762170973021570": "Hàn Thiên Dạ Nhất Giai Đoạn Phân Thân 3",
  "11879798635994512960": "Ngô Tiểu Oánh",
  "11879804059036103179": "Điền Dã",
  "11879824909072575932": "Sinh Thái Vật Chủng",
  "11879923754719466382": "Xin cáo từ",
  "11879954783249638457": "Lương Tử Hàn",
  "11879967367859975904": "Cáu kỉnh",
  "11880026279501506059": "......",
  "11880058619378798876": "Thông báo vi phạm quy tắc",
  "11880217398431122964": "Với người như ta, rượu này giữ lại còn giá trị hơn bán đi, ngươi nói cũng không hiểu đâu, cứ nói ngươi có đồng ý hay không đi?",
  "11880233776552628793": "Than Tranh Tay Đứt",
  "11880235576696476386": "Thiên Thượng Lai - Mô Hình Tùy Ý Cố Định Bối Cảnh 4 Nam Dân Thường",
  "11880248091592724471": "Lư Bình Nhi",
  "11880252942367006634": "Sử dụng vật này, có thể nhận được trang phục tương ứng.",
  "11880293609789442351": "Liên Hoa Đang Ngồi Xổm Cùng Phi Đồ 2",
  "11880301935163333776": "Huỳnh Uyên - Địa Điểm Boss - Bức Tường Vô Hình",
  "1188030268496151559": "Sinh Thái Vật Chủng",
  "11880311864645861636": "Minh chí lập bang",
  "11880504939572372615": "Ngồi xuống",
  "11880542107989687070": "Loạn Thạch",
  "11880560914311161593": "Đối thoại",
  "11880605119079533761": "Phù Cảnh Hành Chu",
  "11880620318125023263": "Tải về toàn bộ, tận hưởng chất lượng hình ảnh HD",
  "11880632525090891762": "Trộm Học - Thiên Tuyền - Không Khí Bên Phải Lối Vào 1",
  "11880648498614663736": "A Di Đà Phật, Nhiên Đăng chỉ biết cứu người, không biết giết người.",
  "11880674217557064607": "Đối phương đánh giá ngươi một phen",
  "11880685553562794088": "Khử độc hoạt huyết",
  "11880688616260160823": "Sử dụng vật phẩm này, có thể nhận được ngoại trang tương ứng.",
  "1188071472325993391": "Sử dụng ván gỗ, chống đỡ mưa tên đến",
  "11880723044113906361": "Bát đoạn",
  "11880730136938051819": "Khu vực dưới lòng đất Phật Quang Đỉnh - Thông đạo Kim Thân",
  "11880762571913798942": "Mặc Thành Cổ Tích - Đệ Tử Mặc Sơn Đạo Bất Tỉnh",
  "11880763675659871920": "Bản đồ Chung Nam Sơn",
  "1188076895146512915": "Thu mua tuần này",
  "11880844939052673829": "Người công nhân nông nghiệp cần cù, nhà ở ngoại ô thành Khai Phong.",
  "11880851976115050908": "Lựa chọn 2",
  "11880944325235457199": "Chiều cao",
  "11880960883562871911": "Một lượng nhỏ tâm pháp truyền thế bị phân tán thành nhiều trang tàn khi truyền thừa, phải thu thập đủ mới có thể lĩnh ngộ hoàn toàn.",
  "11880975775182958799": "Ứng dụng đã được gửi",
  "11880982059505092790": "Nguyên Bảo đưa chúng ta vào... Ê? Nguyên Bảo đâu?",
  "11881025600596443853": "Đối thoại",
  "11881028036099417062": "Sự kiện ảnh hưởng nghiêm trọng đến thần trí",
  "11881054941752272075": "Chế tạo",
  "11881058488641747944": "Hy vọng năm nay có thể hẹn hò với Bạch tỷ tỷ!",
  "11881166732586533338": "Lựa chọn lần này ảnh hưởng sâu rộng, xin hãy quyết định thận trọng",
  "11881190430801940827": "Sau khi giá trị giữ gìn của đệ tử Cửu Lưu Môn thấp hơn 40#, sẽ bị đệ tử Đồng Tiền Phường đưa đến nơi hành khất để nhận hình phạt hành khất.\nNhận được 3 lần ban ơn, có thể nhận được sự tha thứ của môn chủ và rời khỏi đây. Nếu không nhận được sự ban ơn nào từ huynh đệ tỷ muội, đợi đủ 15 phút, khi đệ tử canh gác mệt mỏi, cũng có thể tự mình rời đi.",
  "11881207044024295613": "Kutuluk",
  "11881292687801130387": "Quan Tinh Đài - Phiến Đá Vòng Tròn - Vòng Trong Thứ Cấp",
  "11881440729911121909": "Tổ hợp ngoại hình ngẫu nhiên Phong Sa Tửu Sĩ",
  "11881456881023766801": "#a66829Phía Bắc trại đóng quân Tây Phường#E, có một #a66829 đứa trẻ#E đang một mình chơi đùa...",
  "11881469622451744160": "Công thức·Trường Vân Liên Hoàn·Xuyên Dương, khi chế tạo có xác suất nhận được trang bị phẩm chất vàng.",
  "11881496122809145223": "Ồ! Ngươi đến rồi, ta đang định cảm ơn ngươi đây, bây giờ ta đã là đại sứ chiêu mộ của Túy Hoa Âm rồi.",
  "11881528991986449636": "Trần Gia Tranh",
  "11881549301324886908": "Dữ liệu đang tải",
  "11881557054546870539": "Đối thoại",
  "1188162395345216733": "Khách quan, thức uống thơm ngon, đảm bảo ngài thích!",
  "118816488686524768": "Phế nhiệt",
  "11881739171008763465": "Lưu Minh Sách",
  "11881792307937482993": "Có chuyện gì vậy? Sao đèn bên kia lại sáng lên?",
  "11881816666254570956": "Bệnh trật khớp ngón tay, phần lớn do ngã đập, đè ép mà gây ra. Vùng bị thương sưng đau, chức năng chi thể mất một phần hoặc hoàn toàn, thậm chí xuất hiện biến dạng và hoạt động bất thường.",
  "11881817926142213547": "Chỉ dừng chiến tranh",
  "11881830547085354692": "Thợ Săn Mèo - Tướng Quân Từ (Nhiệm Vụ)",
  "11881834313794146920": "Phúc Bàn Tử",
  "11881842536337857533": "Quỷ Thị Tử - Âm Binh Mượn Đường - Sương Mù",
  "1188191078370823396": "Kỹ năng không thể tu luyện",
  "11881933677173240044": "Diệu Diệu Miêu - Cách Chơi Cúng Bái Mới - Tượng Phật B",
  "11881936429131524306": "Chuyện một đi là một đi, con dao găm này coi như ta giúp ngươi làm việc một ngày, coi như là thù lao.",
  "11881963897036548665": "Muốn cần câu",
  "11881986947867966090": "Phần Thưởng Cấp Bậc 3-1",
  "11882002975176420850": "Võ giả",
  "11882040887707037210": "Không khí thôn Phong Khâu",
  "11882048950487576592": "Bì Ảnh Sư · Thằng Võ - Hồi Tố",
  "1188209078929179552": "Đối thoại",
  "11882149283716428488": "Lưu Phái Tháp Phá Trúc · Trần Tầng Thứ 5 - Hàn Khuẩn Mộng Khôi - Tiểu Thủ Lĩnh Chém Cỏ Đao 1",
  "11882156829712889098": "Ngựa bị cướp mất",
  "11882221272317511455": "Triều Sinh Mộ Lạc Hoa - Tường Dây Leo 3",
  "11882293743578896908": "Không rõ ràng lắm...",
  "11882338823762899985": "……",
  "11882348082277884415": "Lời nói điên rồ?",
  "11882349026867529097": "Nội công",
  "11882364903878118891": "Hà Kỷ Hy",
  "11882473689733008052": "Trung Tâm Quảng Trường - Canh Gác",
  "11882498468259332819": "Người già kể rằng muốn Giếng Kạn Nhĩ có nước, nhất định phải lấy nước làm dẫn, nhưng ta không có đủ nước,唉...",
  "11882509620713361768": "Kinh Kha Thích Tần",
  "11882535525684576732": "Hoảng gì?",
  "11882588205694164981": "Săn rùa",
  "11882648504576117854": "Tướng Quân Từ - Điểm Hồi Sinh Chiến Lợi Phẩm",
  "11882719484779744819": "Vô Ưu Động - Khán Giả Đại Chiến Quỷ Phàn Lâu - Khu Vực 5-4",
  "11882746934704048891": "Biệt Quán - Boss - Bức Tường Vô Hình",
  "11882763878919953916": "Hiện tại: Chỉ nghe",
  "11882768340067614308": "Trang phục",
  "11882800115227333117": "Chiêu thân kết nghĩa? Sao lại có thứ này ở nơi uống rượu茱萸 thang?",
  "11882807761295063972": "Cổ tức dự kiến hàng tuần",
  "11882837760928850855": "Mô Hình Trống Đốt Cỏ Phó Bản Tân Thủ",
  "11882847126922412772": "Đứa Trẻ Cạnh Phòng Quạ",
  "11882854277801218257": "Tâm như nước lặng",
  "11882903231537828799": "Sơn Tước Noãn",
  "11882945841589879586": "Chuyện này là sao, sao trông kỳ quái vậy...? ",
  "1188295465359446784": "Đao Trủng Tranh Đoạt 8 tiến 4",
  "11882983159046278046": "Nguyên liệu tươi ngon trong mắt đầu bếp.",
  "11883051585281281163": "Thật sao? Sao ta không nhận được tin tức gì vậy?",
  "11883081953263610659": "Tiểu Thụ Chi",
  "11883100908750046686": "Khụ... Dị hương...",
  "11883119463532868300": "Phàn Lâu - Võ Lâm Lục - Thu Thập Manh Mối - Lên Lầu Đối Thoại - Kẻ Ngăn Cản",
  "11883164318782286650": "Khai Sơn · Tam",
  "11883192825853111999": "Khi kết toán, dựa trên biểu hiện trong trận đấu và vật phẩm có trong túi đồ mà nhận Nghiệp Chướng",
  "11883193638150231051": "Đối thoại",
  "11883199800963005534": "Phong Hòa Thôn - Điểm Hồi Sinh Chiến Lợi Phẩm 170",
  "11883254027313217030": "Vào lúc nửa đêm không có ai, tiếng đàn trong rừng thê lương tiêu điều, như quỷ hồn rời đi, chẳng lẽ là Nguyễn Lang trở về?",
  "11883277162882304510": "Tuyết",
  "11883289449721418769": "Phần Thưởng Điểm Vật Phẩm Phân Loại",
  "11883418440323661107": "Vợ của Giả Tự Xương.",
  "11883458489287426205": "Bức Tường Vô Hình Ngắn",
  "11883508360704266544": "Khám phá lầu hai Y quán",
  "11883527547498581194": "Trẻ con giang hồ · Một",
  "11883538215573633461": "Vui lòng chọn #Ymột trong các vật phẩm#E để nộp",
  "11883551579830809016": "Dịch Dung Điếm Viên - Thử Nghiệm",
  "11883556565293688069": "Đây là cái gì?",
  "11883606088770782206": "Phía Sau Bên Phải",
  "11883623247850938293": "Tinh Nguyên không đủ, vui lòng đi bổ sung",
  "11883641974169125409": "Sinh Thái Vật Chủng",
  "11883646439041511663": "Nói chuyện với Tiểu Thợ may",
  "11883673034877884851": "Đa tạ Đạo trưởng đã khai thị cho ta.",
  "11883702229006112505": "Nhận được tiền tệ",
  "11883713698659971825": "Dương Trụ Vũ",
  "11883766096106918935": "Trương Chấn",
  "11883769307542746474": "Phần thưởng Hiệp Cảnh có thể nhận mỗi tuần một lần, cùng thành viên Bách Nghiệp tham gia còn có bất ngờ!",
  "11883819459230350888": "Niêm Niêm Nương",
  "11883850219628229052": "Sử dụng vật này, có thể nhận được ngoại hình tương ứng.",
  "11883869563558951406": "Sinh",
  "11883873328430657099": "Sử dụng vật này, có thể nhận được ngoại hình tương ứng。",
  "11883882373558206939": "Phi tiêu",
  "11883903472784867249": "Hắc ám",
  "11883941964623274452": "Chinh phục {1} cứ điểm",
  "11883981571164945231": "Không thể xây dựng ngoài phạm vi khu định cư Bách Nghiệp",
  "11884000371668864813": "Trương Ẩn Mang",
  "11884018388556201705": "Đâu có đơn giản như vậy...... Đợi đã! Nếu chém xiên thành hai, chẳng phải có thể làm nút thắt bị gỡ ra sao!",
  "11884025653482329275": "Số lần lĩnh ngộ",
  "11884028170558308811": "Bang chủ tiền nhiệm",
  "11884071230216054677": "Trần Gia Tranh",
  "11884101047647054711": "Kệ rượu vỡ 2",
  "11884141847261764383": "Trương Chấn",
  "11884189008652554025": "Phục Mã Trang - Điểm Hồi Sinh Chiến Lợi Phẩm",
  "11884217888705390231": "Sở Thủy Dương",
  "11884253032697168100": "Khai Phong - Trong Cổng Góc 11",
  "11884272530535944438": "Phật Quang Đỉnh Đồng Nhân Quái 5 - Phòng 2",
  "118842988343369448": "Tương Tác Nhặt Vật Phẩm - Ném Bom",
  "11884376382781426605": "Vũ Y Lâu Không Khí - Giọng Nói 9 - Công Tử Quan Gia 2",
  "1188440313099060599": "Địa Lý Chí · Thiên Thượng Lai",
  "11884412305714919986": "Ngươi nói, ta nên chọn đồng tiền hay chiếc ô giấy?",
  "11884450443774308718": "Hồng Trần Vô Nhãn",
  "11884455062517859608": "Luyện Võ Thạch Tượng 2",
  "11884457461680050081": "Chu Nhất Châu bày tỏ lòng cảm ơn với ngươi, bắt đầu trầm tư suy nghĩ kỹ càng.",
  "11884490298310838359": "Trương Thu Nhã",
  "11884565796108988757": "Sinh Thái Vật Chủng",
  "11884582220288991630": "Đề nghị chọn Giáp trụ trang bị cấp cao"
}