{
  "12381029786158549629": "Năm Kiến Đức, Thế Tông ra lệnh cho quần thần dâng lên \"Bình Biên Sách\", \"Chế Chỉ Binh Pháp\", Giới thiết bị mới, quân uy lớn mạnh.",
  "12381034338258156815": "Giao diện Phát Thưởng",
  "12381140915825062384": "Giải Khóa",
  "1238115109892903999": "Xem",
  "12381169611427365873": "Cúng tế Lộc Tiên Nhân 3 (Trồng hạt giống)",
  "12381214484504391308": "Lâm Tân Độ - Rao Bán Ven Đường",
  "12381239824332640671": "Sinh Vật Sinh Thái",
  "12381323008554445223": "Rót rượu",
  "12381323140174084539": "Thạch Thế Phúc",
  "12381400564993699030": "Đan Nhai - Điểm Hồi Sinh Chiến Lợi Phẩm 382",
  "12381423710347856781": "Nói thật nhé, nó còn có tác dụng với độc triều sinh mộ lạc nữa đấy!",
  "12381435731008915046": "Á Quân Luận Kiếm",
  "1238148041889417137": "Môi trường trưng bày cửa hàng 05 - Màu xanh lá",
  "12381496228783392243": "Đối thoại",
  "12381507937856587183": "Khai Phong - Vạn Thế Tri 1 Trao Đổi Ngang Giá - Bầu Không Khí Trong Phòng Vương Bình - Sách Vở",
  "12381527479819778862": "Thược Dược",
  "12381529532617856861": "Đông Khuyết công tử viết thư cho Nam Trúc công tử, nói rằng kế hoạch Tụ Bảo Bồn đã sẵn sàng, chiến tranh Nam chinh chắc chắn sẽ bị trì hoãn, xin Nam Trúc giữ lời hứa, cho mình một khoản tiền để trở về Vị Ương thành. Hóa ra \"công tử\" thực chất là hai người.",
  "12381532350696421168": "Xin cáo từ",
  "12381611791408956766": "Cơ Quan Ốc - Cửa Biến Hóa Tiêu Chuẩn",
  "1238163000638961852": "Thêm",
  "12381652994255906545": "Sa Chỉ Câu Kỷ",
  "12381672364955824079": "Nhậm Tuấn Lâm",
  "12381695724320014724": "Mục Hoài An",
  "12381701769952505643": "Rời khỏi Quán rượu Phong Sa",
  "12381708958998254177": "Ngươi cũng là chó?",
  "12381711907389132586": "Thường Bình Thương - Bầu Không Khí Mới - Lao Công",
  "12381772671655863614": "Hiện không có nhiệm vụ",
  "12381777749437405480": "Độc vật lạ xâm nhập ngũ tạng lục phủ, hành hạ bệnh nhân, sau đó bệnh nhân mất lý trí, vô cớ tấn công người khác.",
  "12381788193164795052": "Chế độ chiến đấu cơ giới",
  "12381795944595418931": "Tiêu Oánh bày tỏ cảm ơn với ta, bắt đầu suy nghĩ kỹ lưỡng.",
  "12381852207642057411": "Ngoại hình",
  "12381944707881670421": "Đang tải",
  "12381950681387475988": "Hiệp khách phá hoại cây cối, nhiều lần chặt thương cây duyên, kết quả #R bị sét đánh#E. Xin mọi người lấy đó làm gương, yêu quý cây cỏ.",
  "12381966880735719226": "Huynh đệ tỷ muội cố gắng lên, xây dựng nên nơi ăn chơi số một Thanh Hà!",
  "1238200267923248074": "Gió thổi chuông rung an ủi anh linh,\nNhật mọc nguyệt lặn chiếu lòng son./w Sau trận chiến ở Bách Thảo Dã, Bát Tuấn Hà Đông hoặc chết hoặc bị thương, những người còn lại mỗi người một ngả, huynh đệ Thằng Văn, Thằng Võ vì tưởng nhớ quá khứ, đã tự mình biên soạn một vở kịch múa bóng. /w Đi dạo trên núi sông Thanh Hà, có lẽ có thể thấy được vở kịch 《Sơn Hà Tuyệt Vận》 do hai người họ diễn.",
  "1238200579780032360": "Hắn sẽ không đến nữa",
  "12382028505538953546": "Cái bàn",
  "12382038820477550286": "Từ Tâm Sơn Viện - Hắc Y Nhân Trung Lập (Tuần Tra)",
  "12382041364332883216": "Điền Dã",
  "12382060630428195727": "Thôi, cho ngươi mượn đấy, nhiều nhất một tháng thôi. Tiền trả lại cho ta, lão nương không phải người như vậy.",
  "12382065489747133794": "Đợi tiểu điếm sửa chữa sửa chữa sửa chữa một chút...",
  "12382065949155957321": "Tiểu công nhân Bất Tiếu Tiên",
  "12382095792825383808": "Sử dụng vật phẩm này, có thể nhận được ngoại hình tương ứng.",
  "12382098886234674413": "Tu tập “Thần Long Thổ Hỏa”, cần mua dầu thông trước——",
  "1238215341758793527": "Vật phẩm nâng cấp hộp thuốc",
  "12382155109605237036": "Dân làng",
  "12382167548526630187": "Khai Phong Phủ - Bình Phong - Bia Đình 1",
  "12382260713088086698": "Kỳ Ngộ Người Đuổi Ánh Sáng - Nam Vị Tình Nghe Trộm (Mô Hình Rỗng)",
  "12382264727945317466": "Tướng quân Từ tầng hầm ba 4",
  "12382271352990952582": "Quản Tuấn Đào",
  "12382278492351786445": "Không được, nhưng ta ở gần đây, bản đồ sửa chữa cơ quan nằm trên người Sư huynh Cùng Kỳ ở đây.",
  "12382300826647703681": "Trường Thọ",
  "12382310689065429132": "Phật Gia Trại - Hòa Thượng Rượu Thịt (Kim Não) (Thủ Lĩnh) Nhóm Boss Cảnh Giới Nhỏ",
  "12382318036796055469": "Xin xác nhận chế độ camera",
  "1238232449857895308": "Đối thoại",
  "12382339685914833362": "Phần Thưởng Đoạn Vị 2",
  "123823486166017916": "{3}\nTa vào {0} thân mang {1}, sau đó được danh y {2} trị liệu, cuối cùng khỏi bệnh.",
  "1238238393217565800": "Nguy hiểm",
  "12382430371254243532": "Nghiêm Lương - Thợ Mỏ Bình Thường - Buổi Tối",
  "12382456067267669702": "Mấy bản báo nhỏ tháng nào cũng khiến nam nhân im lặng nữ nhân rơi lệ của ngươi đều là do người khác thu thập tin tức, người khác viết thay à?",
  "12382484367176077554": "Lý Trạch Hạo",
  "12382491476032879581": "Biệt Quán - Boss - Tường Không Khí",
  "12382511425518779661": "Huỳnh Uyên - Ký Ức 2 - Ai Đế",
  "12382546674304916927": "【Chính Thức】Bảo Rương Sắt Nhị Phẩm - Khai Phong (Khoảng Cách Truy Dấu Ngắn)",
  "12382547720433878621": "Thông dung · Sơ",
  "12382568438087908880": "Áo choàng tắm - Lam",
  "12382584670788360806": "Trong Mộng - Khách Nhân Bên Bờ Nước (Bạch Y Sĩ Nữ)",
  "12382736784096673794": "Chim trắng lượn vòng trên Thanh Hà Bách Thảo Dã, có kẻ giang hồ hay lấy chúng làm mục tiêu tập bắn cung.",
  "12382743195225348746": "Không hâm mộ khách tiên",
  "12382745204318256531": "Độc Sơn Lam Ngọc",
  "12382789923427200249": "Tôn Hạo Thanh",
  "12382798935842413969": "Khai Phong Du Phố Xung Quanh - Bách Tính Nữ - 135",
  "12382873356474020973": "Chân khớp",
  "12382898629484546591": "Chưa nhận được danh hiệu",
  "12382960491042417762": "Vô Danh Thương Pháp",
  "12382977927053992510": "Mạch tú dần dần, lúa tốt tươi.\nThằng bé ranh mãnh kia, sao không thích ta?",
  "12382991768737759552": "S1 - Phần Thưởng Chiến Lệnh - Trả Phí Cấp 53",
  "12383016378685134124": "Cuồng Lạn·Pháp Đường",
  "12383044489390073288": "Giống như tên đưa thư kia, đều là những kẻ khó hiểu.",
  "12383082249077533155": "Túy Hoa Âm - Bầu Không Khí Ngoại Vi Đoạn Giữa - Văn Gia Vĩnh",
  "12383100656896380802": "Nhậm Chúng",
  "12383114774076843499": "Từ Tâm Sơn Viện - Thi Thể Hắc Y Nhân 7 (Điều Tra)",
  "12383116957730391309": "Nhập màu",
  "12383216800892367041": "Khách quan, bên ngoài trời nóng lắm, không bằng vào xem thử?",
  "12383225748604648607": "Thiên Lai Độ",
  "12383270763691893767": "Khối nấm bao bọc xác chim chết, xác đã bị hút khô. Sợi nấm trên khối nấm dường như đang bay về phía sâu trong thôn Dã An.",
  "12383271743205149196": "Xuất xứ từ bản tàn khúc \"Trung Lập Bất Nghi\" trong cổ phổ \"Mộng Nhập Thần Cơ\". ",
  "12383303662529252936": "Áo choàng ngắn do quân đội bắt chước bọn trộm ngựa Lục Lâm làm, cổ tay màu nâu đỏ, áo choàng vải bố màu xám trên vai, dùng khăn che mặt, bí mật điều tra nguồn gốc ngựa.",
  "12383337606907589963": "Khai Phong hảo nhân",
  "12383403687609455832": "Sinh Vật Sinh Thái",
  "12383453466809075827": "Trở ngại và Năng lực",
  "12383458524862468897": "Đề cử",
  "12383460501686776193": "Sinh mệnh nhiệt",
  "1238350039408431631": "【Võ học kỹ xảo · Một】Sử dụng tổ hợp võ học phái đánh bại trấn thủ #YTiểu Thập Thất#E (bao gồm tôi luyện), #YNê Lê Tam Cấu#E kích hoạt trạng thái Sân Hỏa đạt 3 lần",
  "12383507608932700443": "Đối thoại",
  "12383525137854005121": "Yến Thập Lục đang khẩn trương viết mô tả cho vật này.",
  "12383544327066504020": "Thọ Xương Phường - Trác Phong Tửu",
  "12383606244985517122": "Địa lý chí - Giác Môn Lý",
  "12383733145068937969": "Khai Phong - Dưới Cầu Phía Bắc - Ngưu Khánh Sinh",
  "12383756580035474850": "Sau khi Xước chết, cứ đến ngày thứ bảy và ngày trăm ngày, Linh Huy luôn mời tăng thiết trai cho Xước.",
  "12383800002524756737": "Quán thịt lừa Mã Thắng",
  "12383826770677594533": "Loại bỏ tích lũy 5 Du Hiệp địch trong một trận",
  "12383858904071588444": "No đủ",
  "12383860486898494760": "Nguyên Hàm Hàm",
  "12383888114242430117": "Bầu Không Khí Tòa Nhà Chính - Quét Dọn",
  "12383895349116323929": "Bầu Không Khí Tuần Tra Khu Thủ Công Nghiệp",
  "1238391843103485764": "Bác Lãng Sa NPC Cưỡi Ngựa 2",
  "12383929452297776030": "Hoàn thành nhiệm vụ kỳ ngộ « Người kế thừa ẩm thực » nhận được",
  "1238393003067634228": "Sinh Vật Sinh Thái",
  "12383938839355814630": "Thôi đi, đừng quan tâm mấy chuyện này nữa, vài ngày nữa sẽ khởi hành về Hạ Châu.",
  "12383977210681794084": "Thực phẩm hồi phục khí huyết",
  "12383983957261254985": "Nâng cấp thành công",
  "1238399400760398898": "Chu Vũ Lâm",
  "12384019736217986445": "Đây là lá cây của cây bất tử!",
  "12384087358675005613": "Hỏa Hải Vô Nhai",
  "12384119142072831991": "Tứ thể bình án (Bốn cơ thể ghì xuống)",
  "12384205049122255855": "Người qua đường không bắn trúng từ bổ sung",
  "12384208210071140350": "Sử dụng vật phẩm này, có thể nhận được ngoại hình tương ứng.",
  "123842127251529149": "Nhất Diệp Bình Sinh Bổ Sung 3 - Chủ Quán Trà Nước",
  "12384288552458906158": "Triệu Cao",
  "12384304417391859899": "Kính Đàm Mộc Diên - Dung Diên Trong Ký Ức",
  "12384361169865743542": "Con chó này đang đánh hơi khắp nơi, vẻ mặt rất lo lắng, #Ydường như đang tìm kiếm thứ gì đó#E, không bằng dùng tiếng thú để hỏi xem sao.",
  "12384361839326125654": "Phiên Bản Quy Trình - Trịnh Ngạc",
  "12384396987318330598": "Bát Phương Thương Tâm Pháp",
  "12384428595965796221": "Cừu Nha Nội",
  "12384460042461086669": "Chum Rượu Đấu Trà",
  "12384497627944102464": "Thường Bình Thương - Bầu Không Khí Mới - Giang Hồ Nhân A",
  "12384542870450572580": "Lính thuẫn tăng cường: Trọng lượng, lực va đập, tốc độ\n\nLính kỵ binh tăng cường: Trọng lượng, sát thương phản đòn, tốc độ\n\nLính pháo binh tăng cường: Sát thương phản đòn, trọng lượng đạn, tốc độ đạn",
  "12384552236703909501": "Tiểu Hòa đi đến chỗ ở của tiên sinh",
  "12384555526350608458": "Khai Phong Du Phố Xung Quanh - Bách Tính Nam - 133",
  "12384571515240496448": "Nắng chiều xế tà, nhìn về phía xa... Hồng Tuyến đột nhiên kêu lên kinh ngạc, thì ra là Quảng Hồ Tử mang đội thương nhân của hắn trở về. Nàng đầy mong đợi chạy về phía miếu tướng quân, không biết năm nay Quảng Hồ Tử lại mang về những câu chuyện giang hồ nào.",
  "12384580877959816123": "Bàn Thủ Công Cơ Bản",
  "12384623916120769421": "Hiện tại không có quyền hạn, xin liên hệ chủ phòng hoặc đội trưởng để thao tác.",
  "1238464451421883838": "Đúng vậy đại ca, ta muốn phát tài. Nhưng cũng không đến mức vì tiền mà mất mạng chứ…",
  "12384670336802256804": "Ai, ta có gì đáng xem chứ, vẫn như cũ thôi!",
  "12384721482109863806": "Thùng Thuốc Nổ (Nhỏ/Có Thể Vận Chuyển) 27",
  "12384771656321442444": "Chủ Tuyến Khai Phong",
  "12384808412973578577": "Bệnh tật",
  "12384814056080935423": "Đang tải dữ liệu",
  "12384901063051806633": "【Chính Thức】Bảo Rương Gỗ Tam Phẩm - Khai Phong (Khoảng Cách Truy Dấu Ngắn) - Khu Vực Cấm Nghi Loan Tư",
  "12384906818771986050": "Đối thoại",
  "123850039911067222": "Đối thoại",
  "12385006455969195267": "Lăng Giai Hân",
  "12385072259019727921": "Kỹ năng này không thể giải trừ thế, hãy giữ vững vị trí để né tránh sát thương!",
  "12385117206887058400": "Khối Đá",
  "12385147280467424410": "Quả Ngọt",
  "12385156444995034404": "Đạo cụ",
  "12385160810235527974": "Thanh Hà Du Phố Xung Quanh - Lão Nhân Nam - 9",
  "12385180393342807116": "Khối Đá",
  "12385186297175833181": "Sương Mù Trong Rừng Empty Entity",
  "12385211868739270256": "Đại hiệp nói là ngôn ngữ của phương nào vậy, ta không hiểu một chữ nào cả!",
  "12385259158362808292": "Giải thích về kỹ năng bùng nổ có thể xem tại bách khoa toàn thư",
  "12385260639415966454": "Binh lính, chiến sĩ",
  "1238531170092556832": "Sử dụng vật phẩm này, có thể nhận được ngoại hình tương ứng.",
  "12385341167982993093": "Binh khí",
  "12385343156313182002": "Đoản Đao Gỉ Sét",
  "12385347734541703594": "Mời danh y thiên hạ chẩn trị, không bao giờ từ bỏ",
  "12385353111991204795": "Ghi lại sau khi đối thoại với Ngô Diệp Nguyên",
  "12385399307952477269": "Tạm thời",
  "1238540624990362399": "Thất Sát Quỷ Công Tử, là tồn tại đáng sợ nhất trong Thập Thất Sát của Quỷ Đai. Hắn nửa người nửa quỷ, nửa chính nửa tà, khi thì từ bi, lúc lại tàn nhẫn. Cứ mỗi đêm mưa gió sấm sét, kiệu hoa hạ xuống, ô giấy khẽ lay, hắn sẽ chém giết hết những kẻ cản đường.",
  "12385485111135906877": "Công nhân bến tàu",
  "12385486323480229409": "Bào Văn Húc",
  "12385534502442987889": "Tinh Luyện Ly Nhân Lệ",
  "12385536698613707556": "Âu Gia Hạo",
  "12385561404924677796": "Đang tải dữ liệu",
  "12385577387539662734": "Bát",
  "12385582541650251039": "Cờ phổ",
  "12385587242701309626": "Dân chúng Nam Thành - Không rõ...",
  "12385595999383802190": "Võ học",
  "12385650222308781572": "Nhãn",
  "1238567393981155981": "Gây ra do bị dã thú cắn, cào xé",
  "12385706400684414836": "Không rõ...",
  "12385707054576330234": "Độ rộng",
  "12385763671294023074": "Quan này làm Thường Bình Sứ đương nhiên phải đi trước",
  "12385772163340562436": "Mảnh đất này chưa mở khóa",
  "12385809546702157627": "Chu Vũ Lâm",
  "12385864781461607593": "Thập Tam Chiêu Lắng Nghe Kiếm",
  "12385877350619817154": "Tử Chung",
  "12385882572738277866": "Liễu Phố - Bình Dân 23",
  "12385909413290424390": "Mông Danh Hằng",
  "12385917069529819630": "Lục Ngâm Ca",
  "1238592471769215108": "Khai Phong Vạn Sự Tri - Kim NPC Điền Diểu Nhi",
  "12385927315989543543": "Vô Tướng Hoàng triệu hồi nhiều tùy tùng Tú Kim Lâu tiến vào chiến trường, tùy tùng sẽ thực hiện hai lần bắn pháo.\n\nCách đối phó: Tránh xa khu vực nguy hiểm.",
  "12385927642493630631": "Hà Kỷ Hi",
  "12385966752844946823": "Hà Kỷ Hi",
  "1238597287835848993": "Bệnh trạng bùng phát, gây ra sát thương nội tà cực lớn",
  "12386034077297091699": "Lang B",
  "12386099073070431461": "Thư Chuẩn",
  "12386191925084612283": "Xem tâm trạng của ta thôi.",
  "12386196172752309965": "Hay là, thiếu hiệp cứ giữ lấy trước? Sau này nếu ta muốn quay về, sẽ tìm đại hiệp sau nhé.",
  "12386218918083588248": "Điền Hoành mặt xanh lét, sắp lên cơn rồi.",
  "12386294675684146632": "Long Quỳ Thảo",
  "12386302822476051234": "Hà Kỷ Hi",
  "12386368589251516982": "Khách giang hồ",
  "12386435338474698246": "Khử độc hóa ứ",
  "12386482419913157995": "Cửu Lưu Môn Chi Tuyến - Đệ Tử Cửu Lưu Môn",
  "1238649132579800930": "Sử dụng #YNghe Gió Phán Vị#E, yêu cầu vật phẩm trong túi của Kiều Tam Lang, và sử dụng",
  "12386502394275651224": "Bàn Trực An Bảo",
  "12386544511155617288": "Bất Tiện Tiên - Điểm Làm Mới Chiến Lợi Phẩm Mới Thêm 371",
  "12386578022746080511": "Sinh Thái Vật Chủng",
  "12386591183192409619": "Bên kia xảy ra chuyện gì vậy?",
  "12386622907414805334": "Thưởng Điểm Bác Vật Hạng Mục",
  "12386623233816150619": "Chu Vũ Lâm",
  "12386653556272296994": "Dạ Hành Đao",
  "12386670118861238071": "Bạch Mã Dịch - Ngựa Của Giang Hồ Nhân - Trắng",
  "12386680788311916911": "Từ Tâm Sơn Viện - Điểm Làm Mới Chiến Lợi Phẩm",
  "12386739949016271944": "U",
  "12386759984506971677": "Đang tải dữ liệu",
  "12386840335885980202": "Hồng Vĩnh Lâm",
  "12386871004862728461": "Kẻ địch thường trú giảm sát thương 5%, mỗi lần chịu sát thương chí mạng do An Tây Quân hiệp trợ sẽ khiến nó nhận thêm sát thương tăng 5% trong 8 giây, tối đa cộng dồn 5 tầng.",
  "12386898652864620315": "Thưởng Văn Sĩ Treo Thưởng 3 - Phần Thưởng Treo Thưởng",
  "12386944380036939242": "Trần Khải",
  "12386948106580076947": "Ngũ liên thể dục",
  "1238696624243288738": "Thúy Điểu",
  "12387042039871800970": "Nhậm Tuấn Lâm",
  "12387061403819310661": "Thái Nhạc Đài - Cửa B Phải - 1",
  "12387112104345571514": "Thấy vui là được, hứng thú là người thầy tốt nhất!",
  "12387114416954312947": "《Trẻ Con Binh Pháp》",
  "12387117493831306499": "Nhấn nút có thể chuyển đến điều chỉnh giới hạn nạp tiền hàng tháng",
  "12387119195876851617": "Đạo đánh cá của ta, hôm nay đã được chứng ngộ tại đây!",
  "12387124273270921174": "Nhóc này gần đây mới được vợ chồng lão Vương nhận về, nhưng vẫn thích chơi đùa trong đám chó.",
  "12387130377396761311": "Thọ Xương Phường - Khu Thương Phố - Khách Nhân",
  "12387197764759245756": "Sát thương liên tục khi biến thân thành chim Dung Uyển",
  "12387241687550290815": "Sinh Thái Vật Chủng",
  "12387242685624183991": "#Y Một phong thư bí mật#E\nTheo lời người bí ẩn kia, thư中 ghi tội chứng của côn trùng, cá, chim, thú.\nNếu giao cho Khai Phong phủ, bọn chúng chắc chắn sẽ bị trừng trị, còn ngươi sẽ nhận được nhiều phần thưởng. Nếu giao cho Nguỵ Chỉ Tất, thì công sức nhiều năm của người bí ẩn kia sẽ bị hủy hoại.",
  "12387245205087843125": "Nhận được Hòa Minh",
  "12387281985605840859": "Từ khách",
  "12387293712253625659": "Kim Minh Trì Đăng Quang",
  "12387404396554220956": "Phi Hoa Độ",
  "12387455969144390629": "Trần Gia Tranh",
  "12387472268530102515": "Chúng sinh vô ngôn",
  "12387567946747617467": "Trừ tà an thần",
  "12387588335268937398": "Trộm Học - Thiên Tuyền - Không Khí Quảng Trường 14",
  "12387591660714569069": "Nguyệt Hạ còn nói, có lẽ vị đại nhân kia nghe được, sẽ hiểu được nỗi khổ của dân chúng ta, có thể cứu chúng ta...",
  "12387597785933329019": "Khinh Công Tổ Kiện - Phiêu Đới - Điểm Cuối Không Rơi Rớt",
  "12387615189263579795": "Điều ta nghĩ trong lòng... ba chữ...",
  "12387617536278602822": "Xe ngựa nhà ai mà chắn cửa người khác vậy!",
  "12387669893827750381": "Đang tiến vào giữa...",
  "12387696330334427661": "Ném ô bay ra, khiến đồng minh xung quanh nhận hiệu ứng #YThân pháp nhẹ#E trong #Y3.8 giây#E, trong thời gian đó tốc độ di chuyển tăng #Y50%#E, mỗi giây hồi phục #Y15 điểm#E thể lực, và chạy nước rút, nhảy nhiều lần đều không tiêu hao thể lực.\nCơ chế: Hiệu ứng Thân pháp nhẹ còn làm giảm #Y100%#E tiêu hao thể lực né tránh.",
  "123877059953841826": "Sinh Thái Vật Chủng",
  "12387708350153909742": "Lương Đống",
  "12387759933822177860": "Độc Tinh",
  "1238777497248476047": "Sư phụ... Yến... Người đi đi, đừng ở trước mặt ta nữa.",
  "12387828293555541123": "Bao Hữu Dung",
  "12387855906269107736": "Ngự Uyển Bắc - Kích Động",
  "12387863150793619915": "Rượu ngươi cho ta có vị chua, cha đánh ta, ta đáng thương biết bao, ta vô tội, mau giúp ta tìm lại rượu đi!",
  "1238787847860002148": "Sinh Thái Vật Chủng",
  "12387937864136312097": "Xin cáo từ",
  "12387959317465348555": "Phù Cảnh Phường đang di chuyển",
  "12387963733607730400": "Dưới bóng tùng trúc, ánh sáng ban mai lùa vào, không gió cũng có sương mát tự sinh.",
  "12387998959777197050": "Thưởng Thanh Vọng Khu Vực",
  "12388070553184087896": "Đại gan!",
  "12388127031081436108": "Diệp Tử…… Những chiếc lá này có đủ không……",
  "12388132103202449178": "Mộc Lập Cơ",
  "12388144122270978085": "Thập Lục Hẻm",
  "12388170869583405329": "Mẫu Tường Không Khí",
  "12388210918761802680": "Này, cậu, cậu có sao không?",
  "12388275708784285714": "Tăng thời gian duy trì kỹ năng.",
  "12388282287821048446": "Có thể mở khóa võ học",
  "12388296414338596576": "Lá là lá cỏ đan, Hiệp khách là... người thiên hạ...",
  "12388326556456883983": "Tượng thần bí rốt cuộc có ý nghĩa gì? Ngươi quyết định đến tìm hiểu.",
  "12388360806972970267": "Thông báo truy bắt",
  "12388396105981658166": "Sàn nhà sập trong phòng bẫy dài",
  "12388399125508143843": "Thương Nhân Từ Tâm Trấn Ngẫu Nhiên",
  "12388416509093783354": "Thọ Xương Phường - Phú Nhân",
  "12388444174984005552": "Bảng Mẫu",
  "12388445074133036643": "Mở giao diện Lệnh Lê Viên",
  "12388469362142842009": "Tư Như Cuồng",
  "12388516459886285925": "Khi giải phóng chiêu kết liễu khí kiệt, có thể hồi phục khí huyết dựa trên lượng sát thương gây ra.",
  "12388522369608055692": "Đông Chủ",
  "12388568540977340878": "Vui lòng nhận kịp thời",
  "1238858848972527597": "À... Đúng vậy, phải không.",
  "12388595347020318611": "Phượng Đài Kim Lân Trì, ngày sau cưỡi rồng đi. Nghe nói bộ y phục này bắt nguồn từ một giấc mơ của cung nữ Ti司 Hương, trong mơ có cung điện trên trời vàng quang lấp lánh, nhưng vĩnh viễn không thể trở về.",
  "12388607414562058430": "Nhưng ngươi yên tâm, bản tọa liên thủ với những người có mặt, tự nhiên sẽ giữ được tính mạng cho hắn.",
  "12388616366965796720": "Xem Trước Ngoại Quan",
  "12388690044957634610": "Điên cuồng",
  "12388706823611102426": "Phún Hỏa Cơ Quan",
  "1238876254364794339": "Sinh Thái Vật Chủng",
  "12388780375909841134": "Nếu ngươi làm quan, ngươi sẽ bắt người như thế nào.",
  "12388784444612971863": "Vào quan tài đá",
  "12388808741779056222": "Ngoài Lò Luyện - Hành Lang Địa Lao Quan Binh Đại Tống Mũ Anh Lạc - Không Mang Binh Khí - Dùng Cho Không Khí",
  "12388809640885893265": "Ngưu Mãng",
  "12388903254877805337": "Bọ ngựa - Di tích Bắc Minh - Trại",
  "12388906428787354460": "Mê Tân Độ",
  "12388906541904159537": "Hoàng Lạc Tí",
  "12388913192694454255": "Khí lượng",
  "12388923470254706653": "Sinh Thái Vật Chủng",
  "12388988929446396422": "Nhất Diệp Bình Sinh - Chương Bốn - Hỗn Hỗn 2",
  "12388995940184108398": "Ngô Mộng Kiệt",
  "12389020865433497336": "Uy tín trong một trận",
  "12389090491440933113": "Người luyện võ",
  "12389157971126342481": "Điểm Hỗ Trợ - Hỏa Hải Phải 4",
  "12389177421323259226": "Không thể khóa thêm mục thuộc tính",
  "1238918036778315693": "Thiếu hiệp... ta nghe nói, ngươi đã gặp Oa Nhi... Ngươi còn đến làm ăn với Oa Nhi.",
  "12389190325040429079": "【Diệp Tử Hí - Trang Trí Bàn】Bình Rượu (Chỉ Mô Hình)",
  "12389258870733989295": "Đạt đến 'Chiêu Minh' giá trị Phong Hoa sẽ nhận được",
  "123892649528626316": "Sinh Thái Vật Chủng",
  "12389343683953281953": "Ủy Thác Dịch Dung - Phong Nguyệt Bảo Giám - Không Khí Vô Lượng",
  "12389354801434470393": "Tổ Người Qua Đường Phú Quý 3",
  "12389410446544862088": "Trương Chấn"
}