{
  "11049031079843493884": "Hậu sinh à, đạo câu cá, không câu nệ một cần, một nước, một mồi, còn phải luyện thêm!",
  "11049097921542114533": "Ngư trường hoạt động Khai Phong",
  "11049137111947354872": "Đau quá...",
  "11049139011348693923": "Nhất Diệp Bình Sinh 3 - Thiên Kinh Ngạn Đông Độ - Bối Cảnh Bản",
  "11049139799101297423": "Có thể hồi phục trong vòng 16 giờ 32 phút",
  "11049145237599756917": "Cứ Điểm - Lục Lâm Sơn Phỉ (Cung)",
  "11049150052573149871": "Mãi đến khi đầu bạc mới hối hận vì không chịu học hành...",
  "1104915366756114148": "Ngươi đi đi, cứ đi đi...!",
  "11049180572659075404": "Thị Tỉnh Khu - Thiên Thượng Lai - Công Nhân 4025",
  "11049212040719759468": "Hôi Thỏ",
  "11049294616101412219": "Diệu Diệu Miêu - Kiểm Tra Điểm",
  "11049337207275912677": "Phần Thưởng Tặng Quà NPC - Gói Quà Phổ Thông Cấp Ba - Hỏa Tiễn",
  "11049351077445998140": "Ngọn lửa này thật vượng... Đỏ hơn cả hoa hải đường ta thấy ở Cuồng Lạn trước đây...",
  "11049357046518348474": "Long Quỳ Thảo",
  "11049362524002487069": "Ta không có tội……",
  "11049388650232634920": "Đi lên cao để dọn sạch dây leo trên bánh xe nước",
  "11049393766633826802": "Tiểu hữu tích thêm chút tiền rồi chơi tiếp nhé?",
  "11049430492354203780": "Dân Chúng Thiên Niên Độ 79",
  "11049433036876213557": "Trò chuyện",
  "11049462757579940171": "NPC Trọng Tài Sát Thương Cơ Quan Địa Cung",
  "11049477778435881154": "Đầu bếp",
  "11049513229199244851": "Hơi Nước Lớn",
  "11049636378129736866": "Trần Khải",
  "11049687949992098385": "Trừ tà định thần",
  "11049697979532970743": "Cốt truyện chính",
  "11049737531488664553": "Sinh Vật Sinh Thái",
  "11049816360409956103": "【Vô Dĩ Vi Gia】Sau khi bắn ra nhiều đạo kiếm khí, trong thời gian nhất định, tích lực lần nữa có thể trực tiếp giải phóng nhiều đạo kiếm khí",
  "11049882510692599054": "Sinh Vật Sinh Thái",
  "11049892982003938564": "{3}\nTa mắc {1} bệnh tại {0}, sau khi được danh y {2} trị khỏi.",
  "11050116463765243738": "Trò chuyện",
  "1105012872813208093": "Hình Tụ Yên",
  "11050151549886056275": "Thọ Xương Phường - Phú Nhân",
  "11050176432307221126": "Đang tải",
  "11050215295712122761": "Nhìn xem, đây chính là cái cây được ghi lại trong truyền thuyết.",
  "11050324688200871030": "Hoàng Lạc Tư",
  "11050337730835128970": "Sau khi sử dụng mở khóa hình đại diện.",
  "11050356556559647687": "Bệnh phát tác, nhận được hiệu quả lá chắn!",
  "1105035914642429269": "Đang tải",
  "11050413123285471972": "Phu quân, phu quân người nói gì đi chứ!",
  "11050416836164455717": "Hạo Xích Phàm",
  "11050458265027828987": "Hang Thi Thể hai nối - Dây leo",
  "1105046616764363614": "Bức tường người - Nhìn nữa xem nào",
  "11050480982574516923": "Ngược lại các ngươi, vừa rồi lén lén lút lút, đang thì thầm chuyện gì?",
  "11050600080033495608": "Mô Bản Tường Không Khí",
  "11050603055812564039": "Cha mẹ của tôi tốt lành, cứu một vài người.",
  "11050607736112819158": "Chỉ Qua Nhị Đoạn",
  "11050634213475990178": "Vật phẩm này không thể tặng",
  "11050642661515913926": "Dì cả",
  "11050657339644535344": "Mộng Chủ",
  "11050711344845534105": "Trần Khải",
  "11050737885568639871": "Bảo Tương Kỳ Thuật - Ngoại Ô Hoang Hồn Thôn",
  "11050813069450668025": "Dế Mèn - Giữa Hoàng Phong Lâm Thượng Nhị Mã Phu và Phong Vô Nhai",
  "1105083840554049793": "Hồ Kiện Lực",
  "1105089601942340791": "Tương Tác Nhặt Đạo Cụ - Ném Bom",
  "1105090807516465294": "Khách Bất Miên Tiên",
  "11050912770826471670": "Sinh Vật Sinh Thái",
  "11050929804742455190": "Nghe nói những kẻ tụ tập ở Thiên Lai đều là bọn cướp bị chặt đầu, ăn mặc gấm vóc, thật là giàu có, sao đến giờ ngay cả cái bụng cũng không no nổi.",
  "11050931690003538376": "Soạn Trống Ba Tiếng Điều Binh Phái Tướng",
  "11051001471194154775": "Sử dụng vật này, có thể nhận được ngoại hình tương ứng.",
  "11051003181086738431": "Quặng Thúy Ngọc (Nguyên Khối)",
  "11051014118190663145": "Chưa mở",
  "11051033433547959899": "<Đao Pháp Giai Phu|781|#C|20401> Sau khi #YPhòng thủ thành công#E trong một khoảng thời gian, có thể tung ra #YTrọng Kích Khai Chiêu Kỹ đã tích nạp#Y Tam Cấp#Y|781|#C|20401|20401103> (có thể tiếp nối Kỹ năng Phái Sinh), mỗi #Y10#E giây chỉ có thể kích hoạt một lần. Khi #Kỹ năng Phái Sinh Trọng Kích Khai Chiêu Kỹ|781|#C|20401|20401114> đánh trúng mục tiêu sẽ trả lại #Y1#E điểm Chiến Ý (mỗi lần kỹ năng tối đa chỉ trả lại 1 điểm). Phòng thủ thành công sẽ hồi phục Chiến Ý.",
  "11051047389081232115": "Ván Cờ Đánh Cược Của Diệp Bất Hưu",
  "1105104959172226125": "Tầng Thứ Nhất - Đợt 1 - Luân Thứ 1 - Thảo Tặc Cung 1",
  "11051050441788700828": "Phiên Bản Quy Trình - Tiểu Nhị Khách Trạm",
  "11051053535754355707": "Các món ngon khắp nơi",
  "11051076437750063765": "Thời gian sử dụng",
  "11051095142263965596": "Đang tải dữ liệu",
  "11051113824248184638": "Thái Bình Chung Lâu - Điểm Hồi Sinh Chiến Lợi Phẩm 51",
  "11051133304818678958": "Gây ra bởi môi trường ẩm ướt hoặc khô ráo",
  "11051141303178296211": "self_fight==1, tiến vào cây chiến đấu con",
  "11051227216104113524": "Hoa Mai",
  "11051237317497937534": "Công nhân nông nghiệp cần cù, nhà ở ngoại ô Khai Phong.",
  "1105123973632902994": "Không, ta không phải là muốn giúp ngươi sao. Ta và Giang thúc ở cùng nhau nhiều năm, không ai hơn được, ta giúp ngươi nghĩ xem, biết đâu ta có thể nghĩ ra điều gì đó?",
  "11051283738585355182": "Được được được, ngày mai chúng ta đi xếp hàng đó!",
  "11051293987833567851": "Gây ra 200.0% sát thương, trong trận này, xác suất nói lời cay nghiệt của bản thân tăng 2 tầng (78.0%), tối đa tích lũy 6 tầng.",
  "11051380056347622520": "Cộng dồn",
  "11051399688222816786": "Khai Phong - Bác Lãng Sa - Vạn Thắng Trấn - Vạn Thế Tri 1 Đẳng Giá Giao Hoán - Không Khí Trong Phòng Vương Bình - Đống Sách Cao",
  "11051409435930207076": "Sinh Vật Sinh Thái",
  "11051436302927743585": "Sinh Vật Sinh Thái",
  "11051455285952103113": "Thái độ quan phủ",
  "11051477802668673850": "Vũ khí, Nhẫn, Bội",
  "1105149417518540124": "Trương Bố Mãn",
  "11051496965629721125": "Khu vực chiến đấu nhà chính",
  "11051501691100157308": "Lời hứa năm đó ca ca không thực hiện được, ta sẽ thực hiện!",
  "11051535366158036920": "Đang tải dữ liệu",
  "11051595299431306830": "Thử nghiệm Hoa Biên Tiểu Báo",
  "11051597793816440008": "Lương Tử Hàn",
  "11051660530042895407": "Tiểu Thập Thất",
  "11051695760940332658": "Nhưng bận rộn thì tốt, bận rộn thì tốt. Nếu ngươi đến sớm hơn một chút, làm sao thấy được nơi này náo nhiệt như vậy.",
  "11051716467257269240": "Trò Chuyện Cổng Làng B",
  "11051735266699218234": "Lạc Đà Dịch",
  "11051758550704030607": "Không Khí Tuần Tra Khu Thủ Công Nghiệp",
  "1105178350557802053": "Ngươi cũng muốn dùng lưới để kiếm tiền đấy à? Ta không nói cho ngươi biết chỗ giấu đâu!",
  "11051835561377056598": "À, thế thì sao...",
  "11051862927935091648": "Đối phương đánh giá một lượt về ngươi",
  "1105188142209463580": "Tiêu diệt tàn dư trong cứ điểm",
  "11051964744902401775": "Hoàng Lạc Tư",
  "11051972962503765665": "Trại cướp điên cuồng",
  "11051983216922694538": "Không Khí Tĩnh Lặng Khu Thủ Công Nghiệp",
  "11052063051285198756": "Nếu cứ cố tỏ ra mạnh mẽ, không màng đến an nguy của bản thân, thì lại phải... thôi, thiếu hiệp mau ngồi xuống đi.",
  "11052083662016837576": "Ly Nhân Lệ không chỉ là một loại rượu ngon, mà còn là hàng hóa thông dụng trong giang hồ. Dân gian có câu, Ly Nhân dễ đổi ngàn vàng, ngàn vàng không đổi người đi xa. Cứ đến Nguyệt Túy Tiên, khách cầu Ly Nhân Lệ như điên, đây là hàng thông dụng trong Nguyệt Túy Tiên.",
  "11052091473293374424": "Bát Vân",
  "11052117022029193917": "{2}\nThân thể có chút không khỏe, qua chẩn đoán của danh y {0}, ta bị bệnh {1} này.",
  "11052156900311755105": "Tam Canh tu giả kết ấn nghênh tiếp và Vô Úy Ấn.\nSau đó lại niệm Chúc Nguyện Thành Tựu:\t\t\t\nĐát Nhã Tháp, Bàn Tán Dã, A Oa Phật Đà, Niết Tỏa Tỏa Hát.\nTheo lời hắn nói, trong tiếng xào xạc của cây cối, dường như có tiếng chuông tụng vang lên.\nTrong khoảnh khắc —— Tam Canh Môn mở, Sát Sinh Đạo hiện.",
  "11052161602979623233": "Nhấn để xem kỹ năng khám phá",
  "11052177766993593616": "Hy vọng ngày mai trời nắng đẹp nha!",
  "11052179621404065945": "Yêu cầu nhập môn",
  "11052204622731563818": "Bất Tiên Tiên tửu lâu là một chính điếm đóng tại Bất Tiên Tiên và có giấy phép kinh doanh đầy đủ. Khác với việc kinh doanh của quán chân, chính điếm có quyền được triều đình cấp phép nấu rượu, và bảng hiệu của Bất Tiên Tiên tửu lâu chính là Ly Nhân Lệ. Tất cả các món ăn liên quan đến rượu trong tửu lâu đều được nấu bằng Ly Nhân Lệ, so với các món rượu khác trong quán, tự nhiên có hương vị khác biệt.",
  "11052267810298155861": "Thanh kéo trung tâm tầng 2-04 str",
  "11052267861662433599": "Ngũ",
  "11052341437493561039": "Thất Phạt Pha - Điểm Hồi Sinh Chiến Lợi Phẩm 133",
  "11052345693868869107": "Biệt Quán - Boss - Tường Không Khí",
  "11052347298213143440": "Giang hồ hội ngộ mới, lần theo manh mối Kim Long",
  "1105235321367235443": "Đi hỗ trợ",
  "11052369531066740122": "Hộp Báu Trang Bị Hộ Tí Cấp 25 (Tương Ứng Khu Vực 16-25)",
  "11052375336265055170": "Sao cảm thấy trên người thiếu cái gì đó...",
  "11052397138234385626": "Diệp Vạn Sơn",
  "11052430511503801622": "Đối thoại",
  "11052444265466593894": "Hộp Báu Khai Phong",
  "11052453344123038205": "Mông Danh Hằng",
  "11052512143683139759": "Tham gia liên thông",
  "11052671336018385172": "Sâu",
  "11052713815954258164": "Đợt Cận Chiến Đầu Tiên 2-8",
  "11052721078623996569": "Mô Bản Tường Không Khí",
  "11052789022223087970": "Tranh đoạt Thần Tước",
  "11052851648074116521": "Cống nạp bến đò",
  "11052877080316304925": "Ngươi mở tiệm rồi sao?",
  "11052896176022501573": "妙善 là người thế nào, sao lại có quan hệ với loại khăn tay quỷ quái đó.",
  "11052896711653660103": "Long Phượng Triền - Trang Phục Bộ - Nam",
  "11052994582588613306": "Xích Đế",
  "11052995267581745681": "Phòng Chí Cường",
  "11053007046307978637": "Ba ngày",
  "11053049612113944744": "Phòng thủ",
  "11053053735495657306": "Đang nhận",
  "11053083438459212413": "Gọi cái gì mà Phi Báo! Đã bảo là Phi Bảo, Phi Bảo!",
  "11053093873050843923": "Vương Trí Siêu",
  "1105310469747580840": "Phật Quang Đỉnh - Điểm Hồi Sinh Chiến Lợi Phẩm",
  "11053125277872750223": "Không rõ……",
  "11053147103128510924": "Ván hay nhất",
  "11053161565453941032": "Rời khỏi lối ra bí đạo",
  "11053169901713876686": "Ôi chà, bên cạnh nhà Triệu lão gia có một con sông, trên sông có một chiếc thuyền hỏng, chiếc thuyền hỏng đó chính là nhà của lão Trần đó.",
  "11053196966504060431": "Bản nhạc 《Nghê Thường Vũ Y Khúc》 kia tuy tinh xảo, nhưng bài hát 《Tuyết Vịt Nam Phi Ca》 của ta mới là độc nhất vô nhị thiên hạ này!",
  "11053242588447857445": "Bình Dân - Nữ Nhân Tạp Dề Tuần Tra Trường Hưng Tập",
  "11053255844881539257": "Đang tải dữ liệu",
  "11053258523712156905": "Phương Hương",
  "11053267693937705039": "Sử dụng sẽ học được công thức bí kíp · Thịt nai xào xoay",
  "1105328855192633920": "Đầu... đau quá...",
  "11053335567456559372": "Bức tường gạch",
  "11053339727584814435": "Tử viết: Không dùng văn mà làm hại lời, không dùng lời mà làm hại ý chí. Lý lẽ mà ngươi nói, đã tự mình trải nghiệm chưa? Nếu không phải tự mình lĩnh hội, sợ rằng chỉ là lời nói suông mà thôi.",
  "11053345549570785526": "Hà Kỷ Hi",
  "11053367068700175186": "Trục tọa độ thế giới theo nhân vật",
  "11053377841870919242": "Thôi, thôi. Nếu không có nỗi tương tư khắc cốt ghi tâm đó, tự nhiên cũng không tấu lên được khúc nhạc ai oán uyển chuyển này.",
  "1105337977241838330": "S3 - Phần Thưởng Chiến Lệnh - Cấp 59 Trả Phí",
  "11053473822956030524": "2-2 Đoạn Vị Thưởng",
  "11053503875562842413": "Trịnh nương tử",
  "11053519742956620652": "Bộ đồ gì thế này, cồng kềnh béo tốt, hành động thật bất tiện.",
  "11053548175202580131": "Phu tử phạt ta, mấy hôm trước ta chỉ bị đau đầu không muốn đọc sách, phu tử bắt ta quỳ trước linh vị của cha ta.",
  "11053549856621515357": "Phong Hòa Tiểu Xích Than - Trình Phong Tử",
  "11053574680064922886": "Chậc, tuy người ta không muốn thừa nhận, nhưng có lẽ nên là tên hòa thượng đáng ghét đó. Tên đầu trọc đó phiền phức vô cùng, chỉ cần để hắn mở miệng, hắn giống như cục cao dán chó da không thể nào gỡ bỏ được.",
  "11053712892081671497": "Mẫn Dương Phiêu - Bệnh nhỏ",
  "11053744408382560218": "Thắng lợi trong trận đấu",
  "11053766858045756908": "Không Khí Tường Mẫu Bản",
  "11053810929648739604": "Độ hảo cảm không đủ",
  "11053835139118164869": "Yên Vân Chúng",
  "11053840717847188059": "Rượu này ta mời!",
  "11053872944738548595": "Đối thoại",
  "11053875300507638795": "Trò chuyện",
  "11053890553910189476": "Hổ Nương - Khai Đàn Yến",
  "11053916845632813438": "Hành sự kín đáo trong quán rượu cát gió, đã thay đổi ngoại trang và tên ngẫu nhiên.",
  "11053928766753966199": "Hoa hướng dương",
  "11053997205285833396": "Chơi với bạn bè, thật tuyệt...",
  "11054007644393198093": "Tài nguyên #Y Tinh Nguyên#E cần thiết để giải phóng kỳ thuật, có xác suất nhận thêm khi hồi phục.",
  "11054024610182141032": "Gây sát thương trị liệu khí #G530%#E, và giảm #G80%#E phòng thủ trị liệu khí của bệnh chứng",
  "11054054901357239157": "Cửa tiệm phấn son á...",
  "1105405858282798593": "Mẫu Bản Biểu",
  "11054120537399713328": "Ngươi giao lệnh bài cho Đường Bảo, nhưng Đường Bảo lại không muốn tiết lộ manh mối về chủ nhân của lệnh bài này cho ngươi.",
  "11054214198479097814": "Giấy nhắn",
  "11054226636965674678": "Thanh Hà Hiến Thủ Khách - Số 2",
  "11054235361368518724": "Váy dưới",
  "11054245861948875045": "Ôi, ta chỉ là đi nhặt nguyên liệu nấu ăn nên mới bị lạc mất Đao Y thôi... Nhưng không sao, Bác hà cung, nhất định sẽ rất thơm!",
  "1105424635167231262": "Trần Khải",
  "11054252763158656988": "Vượt qua thử thách #HPhá vỡ giới hạn cấp độ nhân vật#E",
  "11054371763562113116": "Đột phá võ học",
  "11054437085033031077": "Kim Ngọc Thủ",
  "11054437855166635247": "Đang lấy dữ liệu",
  "11054549139685450518": "Dương Thư Sinh",
  "11054550228111672912": "Sơn Sâm 1",
  "11054557445614042188": "Đang đóng",
  "11054563654674588031": "Thôn Tam Đài",
  "11054582988532423464": "Một không gian bí mật dưới miếu tướng quân đổ nát! Đây rốt cuộc là nơi nào? Bên trong dường như có người, bọn họ đang tìm kiếm gì?",
  "11054640478633208562": "Lính gác",
  "11054655580668330968": "Vô Ưu Động - Đạo Chủ",
  "11054779267367813631": "Thành phần kiến trúc",
  "11054829905134897225": "Cước Ấn",
  "11054899879750699999": "Đạm Thân",
  "11054930663675897698": "Hủy bỏ",
  "11054939436929403423": "Tiểu Phúc - Mại Hóa Tiểu Phúc - Trường Hưng Tập",
  "11054939872111886987": "Điêu Bát Gia Chi Điểu Oa",
  "11054961530335939540": "Vương Đại Đảm",
  "11055009881404169006": "Nhấn giữ để xoay",
  "11055041956526330781": "Sử dụng vật này, có thể nhận được ngoại hình tương ứng.",
  "11055102967965508642": "Đúng vậy! Nói ra thật kỳ lạ, Đại Phu Thiên rõ ràng không có người yêu nào, sao lại hiểu tâm lý phụ nữ chúng ta đến vậy? Cái kiểu hiểu rõ tận gốc gác, cứ như thể bản thân từng là con gái vậy...",
  "11055164637142926448": "Gia Nhập Doanh Sinh Lưu Trình - Vô Công Năng Cáo Thị Bản",
  "11055177798945502628": "Hành Đương Phân Vi - Hạ Đao Trại - Hạ Đao Trại Lưu Khấu 1 - Tương Hỗ",
  "11055182309058737393": "Vân Hà Nhiễm 2",
  "11055186955706808986": "Vũ khí, vòng, bội",
  "11055203282473998432": "Thắng có thể nhận:",
  "11055232608535967879": "Hồng y tụng kinh nhân, lạc lối khó độ hồn.",
  "11055232616109178782": "Cảm nhận được khí chất ô uế hoặc tà khí, đột nhiên ngã quỵ, bất tỉnh nhân sự.",
  "11055274342734409729": "Thương nhân",
  "11055277809384674122": "Trúng đích",
  "1105530211932653835": "Biệt Quán - Boss - Không Khí Tường",
  "11055422114945205071": "Đoạn Thủy · Nhị",
  "11055440786972926744": "Cây bút của ngươi nhìn là biết giả, không lẽ cũng là do vị đại sư cửu lưu kia bán cho ngươi sao.",
  "11055457218760778508": "Thi Thiên Lai",
  "11055477209730611096": "Tọa Đài Tử 7",
  "11055503695016841414": "Hiệu suất nhận Đoản Mạc Tiền",
  "11055523242714209861": "Thâu Sư - Thanh Khê - Bảo Tồn Điểm Đặc Hiệu 01",
  "11055567351653168950": "Mạc Ngư Vương - Lâm Điền",
  "11055625782214937353": "Bang Phái Bách Nghiệp Hoạt Dược Độ - Cấp 3",
  "11055652999832240182": "Đang tải dữ liệu",
  "11055666804166651711": "Giáp trụ, Giáp ngực, Giáp ống chân, Giáp cổ tay",
  "1105573877559621672": "Lai Sinh Ngạn - Chiến Lợi Phẩm Xoát Tân Điểm",
  "1105575835858419366": "Tống Lỗi",
  "11055799780037638299": "Thoái Dã Hữu Phương",
  "11055813087212767273": "Hà Điền Kê (Mẫu Kê)",
  "1105581901183775415": "Chỉ là thuốc này rất quý, giá ngàn vàng...",
  "11055860973209203376": "Thẩm Nghĩa Luân",
  "11055865104931123855": "Trừ đi tinh khí hiện tại của bản thân #G2%#E, gây ra sát thương lý liệu #G990%#E",
  "11055906917906812848": "Hoàng Lạc Tí",
  "1105594638800880126": "Lý Gia Đống",
  "11055988692606858733": "Có thể dùng để lĩnh ngộ tâm pháp。\n#H Kỹ năng bị động: #E Khi nhận đòn tấn công sẽ giảm khả năng bị ngắt đòn, không có tác dụng khi nguồn tấn công là Thủ Lĩnh hoặc người chơi.",
  "11056006315317122153": "Yến Sào Thảo",
  "11056021389444546073": "Lý Tử Thần",
  "11056077736166084797": "Ban ngày ban mặt, lại có chuyện như vậy!",
  "1105614141139551486": "Phệ Lộc",
  "11056141545374092766": "Ngân Tiêu Khởi Mộng",
  "1105614555810706845": "Đang tải...",
  "11056203179823579034": "Hồ Kiện Lực",
  "11056254947304757017": "Đang tải...",
  "11056294753613771128": "Mạch Hương Tập - Tuần Tra Bối Cảnh Bản",
  "11056348987906291600": "Quạ",
  "11056391269738814384": "Giúp",
  "11056430780079663243": "Mông Danh Hằng",
  "11056505849814167552": "Phòng Vạn Gian",
  "1105656683609392533": "Phá Lỗ Chu Trủng - Xích Long Đường Thành Nữ",
  "11056609416795732983": "Lục Kháng Ca",
  "11056779934570125924": "Đang tải",
  "11056802375409458228": "Chu Vũ Lâm",
  "11056832837783690616": "Đệ tử",
  "11056832919189947827": "Tranh Phong 2v2",
  "11056958992144388792": "Âu Dương Thư Chu",
  "11056969428319459128": "Đối thoại",
  "11057004382359699945": "Ngọc Mã Hành",
  "11057019535366228011": "Lâm Văn Kiệt",
  "11057033023417997306": "Kinh Sở",
  "11057035254741113712": "Tố Hinh",
  "11057068710392669136": "Bảo Hạp",
  "11057077209955307157": "Thược Dược",
  "11057078530479245431": "Thư sinh nán lại rất lâu, mãi đến khi đèn tàn mới rời đi, tìm một quán rượu nhỏ, gọi một vò rượu đục rẻ nhất.",
  "11057086673739364137": "Nấm",
  "11057122645216908088": "Hình thành lá chắn #Y500%*Kháng ngoại tà#E.",
  "11057127865864663435": "Phòng ngự cuồng ngôn",
  "11057152913777293987": "Huỳnh Uyên - Ký ức 1 - Ai Đế",
  "11057161172543645249": "Phá Giới Đầu Đà",
  "11057272629380801415": "Tang Tử",
  "1105727481321487828": "Hì hì, cũng không biết người của Long Hổ Trại nghe tin từ đâu mà bắt được hậu nhân của Yến Bắc Minh. Nghe nói vị đó biết hết bí mật của bảo tàng.",
  "11057290026687463389": "Cô Hồng Thác Nguyện",
  "11057333784931841216": "Lấy xuống xem thử, biết đâu có manh mối mở cửa.",
  "1105736411867526215": "Ngư Long Mạn Diên - Tĩnh Thái Bối Cảnh Bản",
  "11057366648311958733": "Hà Tây - Thiên Địa Vạn Lại - Huyễn Ảnh NPC - Trường Cảnh Thí Nghiệm 1112",
  "11057380749994227569": "Kích hoạt cơ quan",
  "11057388520251736751": "Đi xem ngay",
  "11057406955249637682": "Điên cuồng",
  "11057434083782682913": "Hồ Kiện Lực",
  "11057512842639923130": "Đánh dấu",
  "11057535640947942914": "Hiệu ứng chờ",
  "11057569067110854591": "Tài nguyên không đủ, giải phóng kỹ năng thất bại",
  "11057580835563644702": "Bỏng nặng · Một",
  "11057590711999303932": "Xạ Phúc Giản Đơn",
  "11057600656355333749": "Vô sỉ......",
  "11057604539016882541": "Không thể nói như vậy, cô có biết chúng ta có một chị La ở đây không, thầy bói nói bà ấy là mệnh không con bồi táng, ban đầu bà ấy cũng không tin.",
  "11057629195314821556": "Người canh giữ",
  "11057630619690549497": "Tội phạm",
  "11057634375490654404": "Bảo",
  "11057638183302357335": "Thiếu hiệp dũng cảm, không sợ khó khăn! Ta $N thề sẽ bái vào môn phái Thiên Tuyền! Chí không đổi! Lòng không thay!",
  "11057689287039417556": "Phí tắm phòng bao khách",
  "11057689667858429377": "Lâu quá rồi, lâu đến mức ta dường như quên hết mọi thứ ngoại trừ bài hát này. Đáng tiếc, lệnh bài cá của ta bị mất rồi, nhưng lệnh bài cá là gì nhỉ?",
  "11057829236922550860": "Hành Đương Phân Vi - Hạ Đao Trại - Khách Thương",
  "11057841850399017119": "Phòng Chí Cường",
  "11057882597259225845": "Cha già gặp nạn không giúp đỡ thì không phải đạo lý",
  "11057914816894251650": "Lưu Phái Tháp Khiên Ti · Ngọc Tầng 4 - Hãn Phỉ Quyền Sư 2",
  "11057926928618522444": "Loại 'Thù' trong ngũ cốc là chỉ",
  "11057935588465020786": "Anh Vũ - Tỷ Thí Mục Tiêu",
  "1105794232498200791": "Xác nhận",
  "11057945181106615091": "Triệu Vĩ Nghiệp",
  "11057957970758523824": "Hà Kỷ Hi",
  "11057962771242390225": "Khụ khụ... Thiếu hiệp, trẫm có thấy phu quân của ta không?",
  "11057969743518104781": "Nhưng mà ngươi..."
}