{
  "12113511446380397751": "Một loại bệnh chứng do tình chí không thông, khí cơ uất kết gây ra, chia làm thực chứng và hư chứng. Thực chứng có Can khí uất kết, Khí uất hóa hỏa, Đàm khí uất kết ba loại; hư chứng chia làm Lâu ngày uất thương thần và Âm hư hỏa vượng hai loại.",
  "12113524154083331915": "Điền Dã",
  "1211360067814794886": "Nhất đoạn",
  "12113600730011748524": "Người này là kẻ thù của ngươi",
  "12113651884894207367": "Bách Nghiệp Thưởng Lệ",
  "12113652024474442403": "Đang tải",
  "12113652229332215798": "Trang bị Điệp Âm đạt cấp độ trung bình #Y3#E Tầng ({0}/1)",
  "12113652974945074095": "Ngươi nhìn có vẻ không chỉ bị đánh một trận nhỉ?",
  "12113699587684212113": "Bị cắt đứt",
  "12113733632268012124": "Khô Thù Du",
  "12113747017917186739": "Hết Giờ",
  "12113805670975203812": "Thừa Long Lộng Nguyệt",
  "12113821749785882891": "Nhận lương môn khách hàng ngày",
  "12113853264382900913": "#ETạm thời không có tin nhắn",
  "1211385793756614645": "Lạc Thần Sư Duyên",
  "12113859930871508701": "Lương Đống",
  "1211389536788964216": "Một phần của sọ cốt, giống như một loại #HChìa khóa cơ quan#E.",
  "12113932453543674158": "Một nhân sĩ giang hồ bí ẩn...",
  "12114028672144915995": "Trần Gia Tranh",
  "1211407992057620919": "Đang giữ 0",
  "12114165847721891081": "Đệ tử môn phái",
  "12114177780666357257": "Khả năng ăn nói của Đại hiệp thật lợi hại, còn hơn cả những bà tám hàng xóm!",
  "12114199214512542120": "#R Thiên Thập Dư Hương · Hoàng#E",
  "12114224080432909287": "Thử thách",
  "12114227179215509492": "Hắc Tài Thần P3 Tường Không Khí - Hậu",
  "12114239563437893097": "Đối thoại",
  "12114306426068340351": "Trong Thập Tứ Sát Quỷ*, Khương Khuê - Quỷ Công Tử-Thất Sát, là kẻ đáng sợ nhất.\nHắn nửa người nửa quỷ, nửa chính nửa tà. Có lúc hắn là công tử từ bi nhất, tụng kinh Phật, tiễn đưa những nữ tử vô tội bị thế sự hại. Có lúc hắn lại là hung thần đáng sợ nhất, khẽ lay chiếc ô giấy, chém giết tất cả những kẻ cản đường hắn.\nNgười ngoài vừa kính nể, vừa sợ hắn. Nhưng không ai hiểu được hắn.\nKhương Khuê cũng chẳng quan tâm. Bao năm qua, hắn mặc y phục cưới cũ, chờ đợi một người không về. Ngày ngày đêm đêm, để nỗi dằn vặt ăn mòn tâm can, sống mê mệt không phân biệt sáng tối. Khi biết Rừng Sương Mù có lẽ có thuốc hồi sinh người chết, hắn cảm thấy một sự tỉnh táo chưa từng có.\nMuội muội, dù chỉ là vọng tưởng, A Quỳ cũng phải đi chuyến này.",
  "12114317198161842019": "Tẩy rửa",
  "12114354923871143878": "“Trường Minh Châu” nhận được khi nạp tiền $T(9001) không tương thích xuyên nền tảng.",
  "12114364641782863762": "Tử Tượng Cư - Ngự Ngõa Diêu - Giám Đốc Sĩ Binh 4",
  "12114514842022865043": "Xạ Can",
  "12114536619676914555": "Không phải yên cương",
  "12114569633848902029": "{3}\nTa vào năm {0} mắc bệnh {1}, sau được danh y {2} chữa trị, cuối cùng đã khỏi bệnh.",
  "12114596940667081930": "Từ Diêu Hạ Tầng Điều Tra 2 - Đao Kiếm Ngân Tích",
  "12114602280694459397": "Hoàng Lạc Tư",
  "12114613458643924294": "Cấp 1 - Xuất Sơn",
  "12114613665952457091": "Thực Nhân Ngư",
  "12114719803422296200": "Chu Vũ Lâm",
  "12114747901893045927": "Nữ tỳ",
  "1211482052277687015": "Năm 962",
  "12114844480654644097": "Làm lại làm lại!",
  "12114853810243847848": "Mã Đề Liên",
  "12114861055919198265": "Cẩm Tâm cô nương dịu dàng hiền thục, tự nhiên, tự nhiên là khác biệt với người khác.",
  "12114866363159935016": "Xin cáo từ",
  "12114891840222630363": "Lục Nhất Triều",
  "12114903334151299911": "Tập Thể Dược Dục Treo Máy - Chiến Đấu Bang (Trang phụ hiển thị)",
  "12115000268006771604": "Hoàn thành bất kỳ 2 lần lối chơi Chế chỉ",
  "12115006728588220321": "Lá cờ treo trên thuyền vận chuyển than, dùng để đánh dấu thân phận, uy hiếp bọn cướp.",
  "12115019885301066470": "Du Viên Thời Quang - Hưu Nhàn Bang - Tứ Giai Thưởng Lệ",
  "12115022881563056391": "Thọ Xương Phường - Cung Phụng Khố - Cố Định Hữu Hảo",
  "12115042307495335747": "Đối thoại",
  "12115047998158770264": "Phối hợp",
  "12115081282464647200": "Diệu Diệu Miêu - Bảo Kiếm Cơ Quan - Yến Vân Biệt Quán",
  "12115086913410374653": "Liêm Đạo Tử",
  "12115099963890747400": "Diệu Diệu Miêu - Quỷ Hỏa (Diệt)",
  "12115153853032564081": "Quách Vũ Ngang",
  "12115178998225404766": "Tiềm Hành Khu Vực Lân Đài Tuần Tra - Quan Binh - Hữu Hảo",
  "12115220301480838039": "Là một con cá lớn ư?",
  "12115288548843144071": "Người dân Đông Thành",
  "12115303920208747345": "Rương báu tương tác",
  "1211532329234462739": "Tăng giới hạn học đồ",
  "12115380924366652808": "Tiểu Thụ Chi",
  "12115395534402458150": "Hướng Kính Cách",
  "12115412066754642998": "Vũ Y Lâu Phân Vi - Ngữ Âm 4 - Nữ Thị Giả",
  "12115461971891941335": "Đầu công trưởng",
  "12115468495338581350": "Khiên Ti · Lâm - Tiến Giai 7",
  "12115475209952115108": "Nhiều người cấp Mười Bảy độ khó ba",
  "12115498607550693113": "Viên Quốc Chấn",
  "12115704366438558958": "Gặp gỡ giai nhân cỏ thơm, cỡi ngựa hái hoa.",
  "12115726898729782631": "Địa Hạ Nhị Tầng Ám Đạo Thi Thể",
  "12115801318311397340": "Đang kéo dữ liệu bảng xếp hạng",
  "12115882096532825011": "Kiểm tra tường dây leo",
  "12115918342695373236": "Hà Kỷ Hi",
  "12115927916912059910": "Công nhân bến tàu",
  "12116044448359051689": "A Quả Tẩu",
  "12116075320446475099": "Trạng thái trường sinh của Liễu Thanh Y tạm thời không có thuốc giải, lần này ta đến chỉ có thể giúp nàng khôi phục lại thần trí và ký ức.\nNgươi nói nàng không thích người khác quyết định thay mình, lại sợ nàng tự vẫn khi khôi phục ký ức, không biết Lý công tử đã nghĩ ra đối sách gì chưa?\nNàng chịu khổ đều là do đồ đệ bỏ rơi Tôn Bất Khí gây ra, là sư phụ, ta thực sự hổ thẹn, xin cúi đầu tạ tội.",
  "1211613839684603129": "Diệu Diệu Miêu - Quỷ Hỏa",
  "12116145709951558286": "Kiếm Thiên Cổ",
  "1211615761010699940": "Triệu Xuân - Bất Tiện Tiên Đại Đường",
  "12116207161683784599": "Thiên Tuyền - Nam Tinh Anh",
  "12116212345166562982": "Kỳ Phi Tuấn là người giỏi huấn luyện ngựa, càng là người yêu ngựa. Hắn nhận ra #a66829 chưa bao giờ có ý đồ xấu#E, tự nhiên không chịu giao những con ngựa tốt trong trang trại cho hắn.",
  "12116233843523133539": "Trương Chấn",
  "12116238617540086272": "Hỏa Hạc Hoa 01",
  "12116313857595802365": "Bác Lãng Sa - Vạn Thắng Trấn - Ban Lương C1",
  "12116328027181418510": "Thử nghiệm Võ Lâm Lục - Cỏ kỳ lạ lông vũ",
  "12116419821932464847": "Ta đã ở với mỹ nhân lâu rồi, huynh ơi, thật là chậm rãi ghê.",
  "12116486086371845464": "Ân phản: Ghi lại dữ liệu liên kích, đồng thời mở khóa kỹ năng truy kích dựa trên liên kích",
  "12116486943045252689": "Tử Chung",
  "12116551494327013960": "Nhật nguyệt luân chuyển xe đi về phía dốc, ý khí thiếu niên sao giữ lại được.",
  "12116555719939133431": "Xạ Hổ Nam Sơn",
  "12116556986203244355": "Nhất Diệp Bình Sinh - Tây Phường Thương Phố Khu - Bối Cảnh Bản - Khất Cái",
  "1211656662946669382": "Người ở Phục Mã Trang tố cáo, đã nhìn thấy ngươi trộm bí tịch huấn mã quý giá của bọn họ.",
  "1211661451807844709": "Hỷ Thước",
  "1211661925526551936": "Ta muốn học sách lược, muốn du ngoạn thiên hạ, muốn được ở bên người tâm đầu ý hợp dài lâu.",
  "12116653420617747987": "Chu Vũ Lâm",
  "1211667259103932594": "Phần thưởng hoạt động",
  "12116709388726414825": "Bảo Tương · Khai Phong",
  "12116731615212555286": "Trịnh Vãn Linh",
  "12116759416924286494": "Phòng Chí Cường",
  "12116794785600986807": "Thế Giới Cấp Độ - Phật Gia Trại - Tửu Nhục Hòa Thượng (Cung)\\nTuần Tra Định Chế Động Tác: Có",
  "12116801459534584075": "Khách say hoa âm",
  "12116812585016607737": "Thiếu chủ gia thêm vài ngày không gặp, càng thêm sáng láng.",
  "12116812779539224641": "Thuyền Chi",
  "12116818737214699283": "Kích cỡ",
  "12116841959696789663": "Khiên Tơ",
  "12116872082742837879": "Không thể lấy dữ liệu mạng, xin hãy cho Phượng Loan Thập Lục Thanh quyền truy cập mạng trong tùy chọn quyền hạn quản lý ứng dụng trên điện thoại.",
  "1211688699256198002": "Tăng thương",
  "12116892843736711813": "Kinh Thi, Lỗ Tụng, Quýnh viết: “Hữu nghinh hữu kỳ, dĩ xa phì phì.” Ngọc Thiên giải thích: “Ngựa đỏ vàng”. Xích kim, tức là nghinh. Vì màu sắc hiếm có, dưới ánh mặt trời lấp lánh, nên ngựa quý màu vàng ròng ở Tây Cực của Ô Tôn rất được coi trọng.",
  "12116925607782867105": "Quan gia tử đệ, biết không ít chuyện bí mật của triều đình.",
  "12116966396222541232": "Dung Lô Nội - Bạo Tạc Đặc Hiệu",
  "12117058196854344804": "Lễ kim",
  "12117113588983022765": "Đang ghép nối 00:00",
  "12117124122905406248": "Bảo Tương · Khai Phong",
  "12117138197651384355": "Trò chuyện",
  "12117236664016740725": "Được rồi được rồi, ta nói, ta nói hết được chưa!",
  "12117329945495373350": "Đang tải...",
  "12117332280636736529": "Mở",
  "12117341605559278989": "Thược Dược 01",
  "12117421044615770538": "Thanh Hà",
  "12117429964736836949": "Được.",
  "12117539018045845915": "【Đa Nhân Sự Kiện - Huyền Hồ Tế Thế】 Loại Hình 2 - Tử Đậu Hoa",
  "12117549640205789367": "Ba năm trước, trên vùng đất Trung Nguyên đột nhiên xuất hiện một nhóm mèo lạ mặc đồ phi thiên, tương truyền chúng đến từ thành Vị Ương trên đảo Trường Lạc, là linh miêu dò bảo được nhà họ Ôn, giới võ lâm giàu có nuôi dưỡng. Tuy không rõ vì sao mèo lại trôi dạt giang hồ, nhưng Phàm là nơi chúng xuất hiện đều có bảo tàng, người giang hồ gọi là \"Miêu Miêu Miêu\".\nHoàn thành thử thách của Miêu Miêu Miêu, nhận được Miêu Miêu Linh Đang, có thể dùng nó ở Miêu Miêu Miếu truyền thuyết để đổi lấy đồ cúng tế quý giá.",
  "12117555692843212909": "Người là sắt cơm là thép, ăn no mới có sức giang hồ.\nCùng với thời gian trôi qua, hoặc khi thực hiện các hoạt động thể lực nặng nhọc trong giang hồ, sẽ dần cảm thấy đói.\nTrạng thái hiện tại: Không no cũng không đói, không cần thiết phải ăn.",
  "12117568501800056928": "Tái Thử Thách hoặc Truyền Tống Phó Bản Kế Tiếp",
  "12117623292929610481": "Tùng Lâm",
  "12117686173844734308": "Đang tải dữ liệu",
  "12117690691793300607": "Bồn Cảnh",
  "12117698285067927228": "Võ học kỹ #YLý Hư Tảo Trần#E sau khi thi triển sẽ nhận được 50 điểm Ân Tự Bài, đồng thời trạng thái Mê Hồn dưới #YPhiêu Minh Triệt Dã#E mỗi đoạn liên kích quét ngang đều có thể thêm 2 tầng #YThất Hồn#E. Sát thương liên kích quét ngang của trạng thái tích lực #YPhiêu Minh Triệt Dã#E tăng: Đoạn 1-3 tăng thêm #Y5%#E sát thương, đoạn 4-5 tăng thêm #Y10%#E sát thương, đoạn 6-7 tăng thêm #Y15%#E sát thương. Khi ở trạng thái #YMê Hồn#E, đòn quét ngang đầu tiên của <Phiêu Minh Triệt Dã|781|#C|20702|20702101> sẽ kéo địch đến trước mặt. Thời gian duy trì của #YThất Hồn Lạc Phách#E và #YHồi Hồn#E tăng lên #Y18#E giây.",
  "12117700601883189321": "Tự động hủy sau khi rời khỏi Quán rượu Gió cát!",
  "12117706787713932157": "Lưu Minh Sách",
  "12117847264490801741": "Trả lại vật phẩm",
  "12117984865548048085": "Khen ngợi mạnh mẽ",
  "12118013385133864642": "Khỉ đột",
  "12118096420001679201": "Đi hướng nào cũng không kịp rồi!",
  "12118130907060564976": "Anh Vũ",
  "12118133994248710175": "Sau khi chuẩn bị vật tư đầy đủ, có thể bắt đầu cứu trợ thiên tai",
  "12118144467852552697": "Tiểu nhị quán rượu Thần Tiên Độ, bọn họ có tổng cộng chín người, theo thứ tự xếp hạng, hắn là người đứng đầu, nên gọi là Tống Nhất.",
  "12118196099301429183": "Đem cho",
  "12118218518306663244": "Phòng Chí Cường",
  "12118243415520003085": "Ghi lại trong bản đồ manh mối",
  "12118257812674011524": "Người trên pho tượng này sống ở thôn Phong Hòa……Ta phải đi hỏi thăm hắn.",
  "12118284757618634641": "Lâm Tân Độ - Tu Lý Tổ",
  "12118308509550706204": "Ai?",
  "12118319614233443466": "Ta cứ tưởng là có nơi nào đó bốc cháy, sau này mới biết...",
  "12118334167157653061": "Vô Danh Tướng Quân - Lôi Cổ Thủ",
  "12118351360826522760": "Loại Mục Bác Vật Điểm Số Thưởng Lệ",
  "12118377788464800611": "Phần thưởng này mỗi tài khoản chỉ có thể nhận 1 lần, sau khi nhận các nhân vật khác trong tài khoản sẽ không thể nhận\nBạn có chắc chắn muốn nhận không?",
  "1211841917078479740": "Khinh công",
  "12118421207940132536": "Trận đấu trước đã kết thúc",
  "12118451026501636607": "Nhất Tâm Tam Tạng - Hoàn Trả Khi Trùng Lặp Kiểu Tóc",
  "12118462039116280433": "Ngươi cũng chưa gặp hắn à? Ba ngày trước hắn nói muốn đến Quỷ Thị này, sau đó không có tin tức gì nữa……",
  "12118501814498184339": "Làm gì theo chúng ta? Chán sống rồi à?",
  "12118541847605879687": "Tranh giấy",
  "12118598670480615097": "Ta nhổ cỏ dại, đào đá vụn, rắc hạt giống hoa...",
  "12118600382549759677": "Thỉ Tam Thất",
  "12118606285447364450": "Người đâu?",
  "12118700742149033890": "Súc Cốt Công - Ngâm Mình Tầng Ba 7",
  "12118716240132497799": "Khi đánh dấu thành công kẻ địch bằng#Y Trệ Cốt#E, có thể nhận được#Y 7.5%#E<Ngoại công_tấn_công|780|#C|15> cộng thêm, tối đa duy trì #Y8#E giây, mỗi giây chỉ nhận được một lần, nhận lại sẽ làm mới thời gian tồn tại.\nNếu thành công gây ra#Y Phi Không#E, thì cộng thêm<Ngoại công_tấn_công|780|#C|15> sẽ tăng lên#Y 15%#E.",
  "1211871811847924807": "Hành Nghiễn thường nói với ta, người chết như nước chảy qua cầu, đời người chỉ là thoáng chốc.",
  "12118733876055664413": "Lưu Phi Hổ",
  "12118738224698072416": "Đi đến",
  "12118753438552115664": "Đang tải...",
  "1211878661828919149": "Trường Hưng Tập",
  "12118822928699296070": "Vương Trị",
  "12118834122794356426": "Tiến hành thẩm định",
  "12118855422651864399": "【Thử Nghiệm】Bảo Rương Sắt Nhị Phẩm - Khai Phong (Khoảng Cách Truy Tung Ngắn)",
  "12118860550080622681": "Sử dụng Thái Cực Đãi Cá 1 lần bên bờ sông bất kỳ",
  "12118890895225066869": "Thường Bình Sứ, lại quay về rồi.",
  "12118901869582020047": "Dế",
  "12118912044428528881": "Ngư Long Mạn Diên - Khuông An Bình",
  "12118949230501474863": "Sinh Thái Vật Chủng",
  "12119058571163147607": "Trần Thần",
  "12119117481693657405": "{} háo thắng, lại tranh giành với gà trống ở đầu phố, thề giành vị trí \"Kê Vương\". Hóa ra, là vì hắn để ý một con gà mái, để giành được sự ưu ái của \"kê mỹ nhân\", không tiếc một trận chiến. Mối tình xuyên giới tính này, thật khiến người ta Trầm trồ thán phục!",
  "12119124381937186069": "Cấp độ nhân vật đạt 160",
  "1211913156482642696": "Chữa trị bệnh tật",
  "12119160573526262648": "Chỉ đổi",
  "12119167121042772285": "Sinh Thái Vật Chủng",
  "12119186941169247190": "Kết quả biểu quyết",
  "12119192787709552019": "Ngươi rất hợp với Cửu Lưu Môn, Cửu Lưu Môn tuy không bằng các đại tông môn về điều kiện, nhưng lại thú vị. Nếu ngươi gia nhập Cửu Lưu Môn, thiên hạ đều là kho chứa của ngươi, đến khi nào lấy đồ ra thì tùy ngươi quyết định.",
  "12119261304089620973": "Lục Sí",
  "12119287781534779643": "Bảng Mẫu",
  "12119444918270317881": "Khai Phong Doanh Địa - A6 - Tú Kim Lâu Cận Chiến",
  "12119447275613315098": "Cành Cây Nhỏ",
  "12119498493183496100": "Tường Không Khí - Chuyên Dụng Cho Thụy Đạo Nhân - Người Xuyên Qua Quái Không Xuyên Qua (Bản Cắt Trong)",
  "12119517119988497297": "Lý Trạch Hạo",
  "12119525513053850391": "Trộm Học - Thiên Tuyền - Kiểm Kê Trong Nhà",
  "12119539920316034441": "Enter quay lại",
  "12119617443141887977": "Ngươi thế nào rồi?",
  "121196309403062375": "Trương Tiêu Nặc",
  "12119637673999186845": "Ta đã nói rồi, không phải vì chuyện của hắn.",
  "1211963951089712214": "Mùi của người sống... Là ai?",
  "12119683202381237322": "Trâu đạp sao trời",
  "12119691404980941061": "Tên khúc nhạc của Đường Giáo Phường, sau được dùng làm tên điệu từ. \"Thông Điển\" và \"Nhạc Phủ Tạp Luận\" gọi khúc này là do con trai của nhạc công Vương Lệnh Ngôn tấu khi Tùy炀 Đế sắp ngự Giang Đô, Lệnh Ngôn nghe xong rơi lệ nói: \"Cung, là quân chủ vậy. Cung thanh đi rồi không về, đại giá không quay lại nữa.\" Theo \"Lý Đạo Yếu Quyết\", khúc \"An Công Tử\" thời Đường ở Thái Thúc Giác, nay đã không còn truyền lại. Những gì thấy được trên đời, Trung Lữ điệu có gần, Ban Thiệp điệu có lệnh, nhưng phần đuôi đều không có nơi kết thúc.",
  "12119701351474163444": "Tơ bạc màu ngọc, hình dáng như tiểu chén, thường cùng yến con làm bạn ở nơi cao. Mấy chục năm trước, có khách giang hồ bị mắc kẹt trên vách núi, nghe tiếng yến con kêu, lần theo dấu vết đi tìm, tìm khắp không thấy, chỉ có chén yến kêu lảnh lót theo gió. Người này sau khi ra ngoài, ghé lại chốn cũ, tìm vật này mãi không được.",
  "12119754366005638644": "Số chữ vượt quá giới hạn! Không thể biên tập và gửi đi!",
  "12119785864120321299": "Không thể để người bên ngoài biết chúng ta cướp xe của Vị Ương Thành!",
  "12119812388448442279": "Thanh Hà độ khám phá",
  "12119846698313858065": "Bụng đói rồi",
  "12119859561005857584": "Sơn Sâm 3",
  "12119892882696433302": "Tối đa chỉ có một người trong đội được trang bị võ học trị liệu",
  "12119905789266388526": "Ăn Thân Rễ",
  "12119907913555777067": "Nhị số 3",
  "12119908132189749332": "Tử viết: Nhân giả bất ưu, tri giả bất hoặc, dũng giả bất cụ. Hôm nay dù có trời ngăn ta, cũng đừng hòng ngăn ta đi báo quan!",
  "12119937073286091734": "Lưu Minh Sách",
  "1212005220820045888": "Bồ Đề tỏ vẻ cảm ơn ngươi, bắt đầu suy nghĩ kỹ lưỡng.",
  "12120056735947857310": "Ha, mau lên mau lên! Đã châm chưa, đã châm chưa?",
  "12120112418510659329": "Vương Trí Siêu",
  "12120130248292037694": "Cô nương ngươi... Nếu thân thể cô nương bất tiện, ta thay cô nương đi tìm.",
  "1212021650524186184": "Chuyển đổi tâm pháp",
  "12120217993109929266": "Chỉ không phải vì chính mình.",
  "12120230223400178374": "Binh lính Phô",
  "12120360807497002550": "Không nói nên lời...",
  "12120415089185216786": "Huyền Giáp Quân",
  "12120426341179131651": "Có #G29.8%#E xác suất giảm Phòng Ngự Thoại Thuật của đối phương.",
  "12120432142695230569": "Phần thưởng bù đắp nâng cấp hệ thống",
  "12120453759027183392": "Trần Gia Tranh",
  "12120465167370499230": "Cái dao chết tiệt đó, cứ thế... trộn rượu uống. —— Hít",
  "12120502959473432772": "Lương Tử Hàn",
  "12120538549637157904": "Võ học thiên phú",
  "12120548217898152431": "Sử dụng vật này, có thể nhận được ngoại hình tương ứng.",
  "12120578220829089833": "Mang đi uống rượu cùng vị khách cô độc trước mộ.",
  "1212066171054236452": "Thúy Điểu",
  "12120682324328083158": "p2-2 Trước Khi Long Ngũ Hoàn Thành",
  "12120718101018063288": "Thái Bình Chung Lâu - Điểm Tái Sinh Chiến Lợi Phẩm 293",
  "12120748961402812208": "Ai, làm giám công việc này không dễ dàng gì! Phải quản người bên dưới, lại phải dỗ dành người ở trên...... Khó xử quá, khó xử quá.",
  "12120749922695055748": "Kết giao bạn bè",
  "12120753457774938784": "Bắc Minh... Khiết Đan... Đúng rồi, hơn mười năm trước, trận đại chiến ở Thanh Hà Bách Thảo Dã...",
  "12120761751873897203": "Nhất Diệp Bình Sinh - Chương Năm - Chân Lạc Lạc",
  "12120776511597814311": "Thợ làm hoa",
  "12120791537994829243": "Băng Tâm Hoa",
  "12120834325495681674": "…Đừng nói về chuyện ở Tịch nữa…",
  "12120842295559845959": "Vật Vong Ngã 03",
  "12120852303932217410": "Ô Giang",
  "12120904539080477683": "Bách Nghiệp Ban Thưởng",
  "12120949545911072638": "Sinh Thái Vật Chủng",
  "12120999908322911251": "Bảng bầu chọn Tông Sư Môn Phái - Mặc Sơn Đạo",
  "12121063555515375586": "Sinh Thái Vật Chủng",
  "12121108877886453748": " Mã Lâu, Mã Lâu, đến lượt ngươi rồi...",
  "12121114609386797634": "Ngân Tu Thỏ",
  "12121177076765067843": "Hoa Trung Thừa",
  "12121214629563328930": "Trường An đi ngàn dặm. Ta sẽ mang theo tất cả những bức thư mấy năm qua.",
  "1212122388799710224": "Hoàng Lạc Tư",
  "12121240906707763964": "Tống Thái Thượng Môn - Triệu Á",
  "12121246344336065598": "Phòng Chí Cường",
  "12121339188461459118": "Phong Hòa Thôn NPC Môi Trường - Ruộng Lúa Cạnh Nghĩa Địa - Nông Dân 6",
  "12121348850306401664": "Tát Tịnh Công Đức Ngói",
  "12121415946161848429": "Lớp giảng từ tác phẩm của đại sư Cửu Lưu Môn, thu phí năm nghìn lượng bạc, sao có thể là lừa đảo được chứ?",
  "12121428340981799414": "Tạ Cẩn Du",
  "12121432353944296517": "Nhận được",
  "12121528763327234235": "Ghép đôi đồng hành",
  "12121544209953870300": "Đau đầu chóng mặt, khí huyết ứ trệ, lâu ngày không khỏi sẽ sinh ra chứng trúng gió (đột quỵ).",
  "12121549612383832743": "Những bài hát nàng hát đều rất thú vị, mỗi lần lên sân khấu đều chật kín người nha. Còn có một đám lớn người hâm mộ nàng là \"Lạc Thạch Phấn\"!",
  "12121554289840370912": "Đang tải dữ liệu",
  "12121604145271217468": "Tứ đoạn",
  "12121610425839482248": "Ha, tốt lắm. Vậy thiếu hiệp hãy tỉ thí với ta một ván Sạ Phú (đoán vật), nếu ngươi thắng, ta sẽ biến chuyện cũ thành câu chuyện, kể cho ngươi nghe.",
  "12121624260278049745": "Ngươi lại trêu ta, sao thế?",
  "1212165306658411769": "Áp dụng cùng kiểu",
  "12121713813398692163": "Phòng Chí Cường",
  "12121717386667765315": "Tướng Quân Từ - Lục Lâm - Thảo Tặc (Cung)",
  "12121730142571958842": "Phong hàn",
  "12121763146038838663": "Gió nổi",
  "12121768351802078249": "Phong Trang Thôn - Chiếm Vị Trí 75",
  "12121795676238739906": "Khu Hành Chính - Nam Tù Nhân",
  "1212182350927983794": "Trên sân có #Htượng Phật#E hỗ trợ chiến đấu, #HTrị liệu#E các tượng Phật khác nhau có thể nhận được hiệu ứng chiến trường khác nhau. Tượng Phật một: Mỗi lần trị liệu đến #HTrạng thái đầy máu#E, sẽ phóng ra 10 khí đoàn xung quanh, ngẫu nhiên chọn địch thủ trên sân, mỗi khí đoàn gây sát thương bằng 5% máu của bản thân, sau đó máu trở về 1 điểm. Tượng Phật hai: Mỗi lần trị liệu đến #HTrạng thái đầy máu#E, sẽ phóng ra thiên lôi xung quanh, khiến đơn vị lân cận nhận sát thương tăng thêm 15% trong 8 giây, sau đó máu trở về 1 điểm.",
  "12121835233875995191": "Chưởng môn Mặc Sơn Đạo",
  "12121885579892548916": "Trị liệu",
  "12121900862202463711": "Đối thoại",
  "12121929505745111889": "Kiến Văn",
  "12121949595128662516": "Thanh Tâm Phố - Khu Trồng Phục Linh Gốc Cây - Thôn Dân Linh Hạnh Thôn (Nữ Trung Niên Hoặc Trung Lão Niên) 2",
  "12121955488113347019": "Nam Môn Đại Nhai Tuần Tra Phông Nền 1-5",
  "12121983367961062126": "Thẩm Nghĩa Luân nhặt được một miếng ngọc bội của người bạn cũ từ đống đổ nát phủ Trịnh, từ đó không rời thân.",
  "12122000348242358162": "Nhất Diệp Bình Sinh - Di Chỉ Tư Nguy Viên - Phông Nền - Khất Cái",
  "12122006442110452151": "Sinh Thái Vật Chủng",
  "12122037250752810906": "Đối thoại",
  "12122054458150862966": "{2}\nThân có chút bệnh, sau khi danh y {0} chẩn đoán, bệnh ta mắc phải là {1}.",
  "1212213730751641261": "Yên tâm đi, ta chắc chắn càng thích hợp hơn.",
  "12122139477689570696": "Lưu Phái Tháp Minh Kim · Hồng Tầng 7 - Vô Ưu Bang Tinh Anh Trọng Chùy 1",
  "12122162409323977261": "Dữ liệu đang tải",
  "12122217721255618462": "Bạch Truật*6",
  "12122233865830223298": "Khi tất cả #Ykỹ năng đạn đạo#E của Cửu Trọng Xuân Sắc được quyết toán, <Sát thương chí mạng|780|#C|155> có thể tăng thêm 2.4% dựa trên Ngoại Công Tối Thiểu. Tối đa có thể tăng thêm #Y24%#E, cần tích lũy đủ #Y500#E điểm <Ngoại Công Tối Thiểu|780|#C|15>(Hiện tại $STEADY_MIN_W_ATK:.1f$)。",
  "12122261960240935067": "Đặc Hiệu Khinh Công Phiêu Đái -0.5 Lần",
  "12122273961208348170": "Tiểu Chi",
  "12122275945467061601": "Trương Chấn",
  "12122285039453097274": "Bảo Rương",
  "12122365045116625379": "Đây đúng là một chỗ tốt, mấy vị quan lớn hoàn toàn không quan tâm...",
  "12122389207120968971": "Người ngoài, đây không phải nơi ngươi nên đến!",
  "12122394262960532856": "Sinh Thái Vật Chủng",
  "12122438370308170792": "Thu hồi Tâm Pháp",
  "12122509424998261010": "Người dẫn đường lúc canh ba",
  "12122526010443706848": "Lựa chọn cấp độ thế giới",
  "12122554011699559703": "Ta muốn xuất nhân đầu địa, cho mẹ ta cuộc sống tốt đẹp, làm quan lớn, để mẹ ta và ta, Trương An Khang, Châu Quyên cả đời không bị ai bắt nạt. ——Lục Tam Nhi\nĐời này ta sẽ không làm đầu bếp. ——Trương An Khang\nTa muốn sống trăm tuổi, sau đó—cướp anh trai đằng trước về làm chồng. ——Châu Quyên\nCây trên đời phù hộ cho cây nhà ta mãi mãi ở bên cạnh ta. ——Lưu Việt Oánh\nVề nhà… về nhà. ——Phan Quy\nCon an toàn về nhà… về thăm mẹ đi. ——Ngô Thái Phượng\nMẹ đừng đánh con! Tuyền nhi ca ca và con thân nhất! ——Phân Nhi\nCha mẹ đừng cãi nhau, cha mẹ sức khỏe tốt. ——Trương Tuyền\n\n#YChuông buộc vào cây, khi chuông reo, lòng ước mong theo tiếng, gửi đến trời đất.#E",
  "12122556489841621154": "Mỗi lượt bắt đầu tăng #G35%#E thuộc tính khí liệu (tối đa 10 tầng)",
  "12122556509778889018": "Ngân Tu Thỏ",
  "12122559415670027100": "Ồ? Hắn đã viết những câu chuyện nào cho ngươi?",
  "1212258672708522613": "Sinh Thái Vật Chủng",
  "12122654454865860923": "Hệ",
  "12122675446560743853": "Sinh Thái Vật Chủng",
  "12122685623347899565": "Ngươi là con nhà ai?",
  "12122707585406690768": "Trần Gia Tranh",
  "12122710273940983190": "Đối thoại"
}