{
  "12511783557059273278": "Triệu Vĩ Nghiệp",
  "12511790550677869445": "Hoàn thành 【Võ học nâng cấp · Một】",
  "12511790946118666192": "Chủ quán hàng ảnh hoa rực rỡ",
  "12511792941970877034": "Sinh thái vật chủng",
  "12511866192367367652": "Văn Ức Thanh",
  "12511883222478892597": "Ngự Uyển Nam - Lang Kiều Quan Phong Cảnh 6",
  "12511989847606959423": "Khai Phong - Thiên Thượng Lai - Hàng Hóa",
  "12511996760723721181": "Nghê Lão Sơn từng là một thiên tài võ học hiếm có trên đời, nhưng vì một lý do nào đó, ông đã bạc trắng tóc chỉ sau một đêm ba mươi năm trước, rồi biến mất không dấu vết. Nghe nói ông ẩn cư trong Quỷ Thị Khai Phong. ",
  "12511999424953338021": "Cư dân Huỳnh Uyên",
  "12512005479976445353": "Được thôi, nếu là cách này thì huynh nói sớm đi, bộ y phục này ta có.",
  "12512031296148634524": "Uy danh lẫy lừng",
  "12512072346154812235": "Đều là người xấu",
  "12512163645853885213": "Chứng kiến miệng hầu, bộ phận sinh dục hoại tử, mắt đỏ như mắt chim cườm, nốt ban đỏ nốt sần ở cẳng chân.",
  "12512260228344512819": "Hoàng Lạc Tư",
  "12512264055967427399": "Tâm pháp",
  "12512329922791844971": "Long Môn Khách Trạm - Phong Sa Tửu Tứ - NPC Bầu Không Khí - Thanh Diêm Phi Yến",
  "12512363551736007694": "Vạn sự toại tâm",
  "12512389697881466611": "{0} mời ngươi dùng #YNghệ thuật ăn nói#E để khuyên dạy thông cảm một chút, đồng ý không?",
  "12512419685404744601": "Ấy da, cô nương tốt của ta, vào thôn rồi thì rửa mặt ở đâu mà còn nán lại ở đây!",
  "12512421040069215798": "Đã ở trong thế giới của ta",
  "12512437891028664142": "Nhiệm vụ Rừng Giác Chướng",
  "12512468930484497521": "Túy Hoa Âm có vô số mỹ nhân, người kiều diễm nhất được xưng là Nhị Tứ Phiên Hoa Tín Phong. Trong đó, #a66829Dương Xuân Hoa Bạch Dung#E, thiên sinh một đôi mắt đa tình, một nét môi quyến rũ. Số người quỳ gối dưới chân không đếm xuể, chỉ không biết rốt cuộc ai có thể được một lần thấy tận mắt, giành lấy #a66829Hoa Tiền#E?",
  "12512500182839236433": "Con quỷ này nặng nhẹ thế nào, ngươi nói nghe xem?",
  "12512509030346157101": "Tọa Hạ Phao Táo - Công Cộng Dục Trì",
  "12512545626153166281": "Khám phá · Giải đố",
  "12512558339857637708": "Không Khí Tường Mô Bản",
  "1251256545106022631": "Sử dụng vật này, có thể nhận được ngoại hình tương ứng.",
  "12512592064441176448": "Đường Nam Lai Bắc Vãng nên biết lối, cố nhân gặp lại một mùa xuân nữa.",
  "12512601685166800207": "Thất Phạt Pha - Chiến Lợi Phẩm Điểm Hồi Sinh 295",
  "12512702603768279433": "Khai Phong Chủ Tuyến",
  "12512732844915250474": "Lăng Hạnh Thôn NPC Bầu Không Khí - Lăng Hạnh Thôn Thôn Dân (Nam Tính)",
  "12512738206710322346": "Kinh thuật giang hồ - Đả kích Kim Ngọc Thủ entity",
  "1251274589685608215": "【Chính Thức】Thiết Chế Nhị Phẩm Bảo Tương - Khai Phong",
  "1251275076246046491": "Trấn Thủ Hoạt Động - 50 Cái Khai Phong Bảo Tương",
  "1251275468830727936": "Xem",
  "12512755532725180742": "Sát thương của Kỹ năng Tích Lũy gây ra cho tất cả kẻ địch (bao gồm người chơi có độ bền dưới #Y60%#E) tăng #Y15%#E. Khi Kỹ năng Tích Lũy gây ra #YChí Mạng hoặc Chí Ý#E, nếu mục tiêu là người chơi sẽ trừ đi #Y10#E điểm độ bền của họ, nếu là thủ lĩnh sẽ hồi phục cho bản thân #Y10#E điểm độ bền, hiệu ứng này mỗi #Y20#E giây mới có thể kích hoạt một lần.",
  "12512762392750385652": "Phong Điên",
  "12512797879774964271": "Hôm qua là khách tận mày, nay là khách giang hồ.",
  "12512810337421786641": "Đến Mạch Hương Tập",
  "12512844233090945559": "Địa phách",
  "12512851065412134589": "Trì Ngư Lâm Mộc Vạn Sự Tri Khu vực kích hoạt",
  "12512851359506875239": "Đã gia nhập",
  "12512862965832798690": "Tại sao các ngươi lại bắt nạt Tiểu Yêu?",
  "12512868336250058506": "Sinh thái vật chủng",
  "12512875062275245716": "Mời vào.",
  "1251287824316328167": "Trong vòng 4 phút, giữ cho bản thân sống sót, không bị đánh bại",
  "12512887961546657235": "Cầm trên tay",
  "12512915915288662700": "Phổ thông - Tầng 61 Hộp Phiên Phái",
  "12512920333376826623": "Giá bán:",
  "12512999343714764401": "Đoạn Thủy · Nhất",
  "12513063900912259361": "《Độc sư thuần khiết trêu bác sĩ xinh đẹp》、《Đêm đó cùng sư huynh Vô Tâm Cốc trong mộ thất》、《Bạch Nguyệt Quang của Tú Kim Lâu chủ Tông》……. Những cuốn sách này có đáng tin không?",
  "12513067285334397564": "Ngoại trang · Hiệu ứng võ học",
  "12513084876663363026": "Tiểu Thập Thất - Thiên phú Hiệp Cảnh 1",
  "12513127056905967924": "Đang lấy dữ liệu",
  "12513136046685480878": "Phong Trang Thôn - Chiếm Vị 56",
  "12513181278085200191": "Ngươi thật sự là người của phái Mặc Sơn? Sao ngay cả Đình Ống cũng chưa từng thấy?",
  "12513199549255422303": "Xem chi tiết",
  "1251321623801356472": "Cơ Quan Nhân Đế Tọa",
  "12513234056551534999": "Mỗi tối Tý thời, Túy Hoa Âm đều tổ chức hội bắn pháo hoa ở Diễm Hồ, hoan nghênh đến tham dự.\nCũng có thể đến thế giới đa người chơi, #N đặt chỗ ngồi danh dự để đấu giá, và hiển thị lời chúc mừng khách mời bằng pháo hoa#E, cùng bằng hữu vui mừng, nhận #N bao lì xì#E và nhiều phần quà hậu hĩnh khác.",
  "12513260053625736155": "Đối thoại",
  "12513302387324066512": "Nếu có thể thành thạo kỹ năng nghề nghiệp, không chỉ phát huy sở trường, mà còn có niềm vui bất ngờ.",
  "12513344728675906306": "Tiệm của A Cát",
  "12513344833471313771": "Trạm Đài Đệm Cước Bình Đài",
  "12513387598850846441": "Thư sinh qua đường, trông thấy cảnh khốn cùng của ông cháu nhà họ Tang ở đây, rất không đành lòng.",
  "12513398212468043586": "Kim Ô Chủy Tuyết",
  "12513408626438766454": "Hiện tại không có kẻ trộm sư nào bị bại lộ",
  "1251347723198782507": "Thủy Chưng Khí",
  "12513497853464131064": "Thập lục ngõ",
  "12513566764659614851": "3 món đồ sưu tầm cùng loại",
  "12513617878545017872": "Điệt Lạc Toái Thạch",
  "1251365395122818157": "Dự trữ quy trình hướng dẫn",
  "12513679084711989611": "Thiếu đông gia ăn no một chút nha!",
  "12513735511866255261": "{diff_hour:d} giờ {diff_minute:d} phút {diff_second:d} giây",
  "12513737710198436378": "Dương Trụ Vũ",
  "12513742783128974157": "Khu vực Thế giới trong mơ",
  "12513766653078304710": "Sinh thái vật chủng",
  "12513778645095368399": "Đối thoại",
  "12513783619843517094": "Bệnh nhân nặng",
  "12513792031902938336": "Quần áo và quần dài",
  "12513793316066158936": "Đương Quy",
  "12513810627725315519": "Wechat Tiểu Chương Trình Đăng Nhập - Tháng 2 - 13 - Luật Chuẩn Thạch *3",
  "1251382054516828375": "Sinh thái vật chủng",
  "12513878381537339940": "Hà Kỷ Hi",
  "12513920195625199681": "Hôm qua thằng ranh này lại ",
  "12513931500993477677": "Kiếm đôi lộn xộn",
  "12513941764276047213": "Trương Chấn",
  "12513965644676602788": "Sao không phải? Ta đã dò hỏi kỹ càng, đi về phía Tây Bắc, có một nơi rất nhiều mèo, chắc là nơi có Miếu Miêu Miêu.",
  "12513988369631460821": "Nên ngươi mới đi xem phụ nữ tắm! Thật là đê tiện!",
  "12513989088695349847": "Dân làng Thần Tiên Độ",
  "12514052400167018222": "Trần Gia Tranh",
  "12514092840371331016": "Triệu Vĩ Nghiệp",
  "12514171357213356985": "Tiểu công trong Thần Tiên Độ Trung Khúc Phường, ngày thường thức khuya dậy sớm, đều là vì làm ra Ly Nhân Lệ.",
  "12514214526051847421": "Khai Phong Chủ Tuyến",
  "12514223016742007495": "Hạ Minh Minh",
  "12514234459270116872": "S3 - Chiến Lệnh Thưởng - Phí Trả Cấp 31",
  "1251424107528135670": "Đối thoại",
  "12514346660967153622": "Trang sức tay tua rua",
  "12514351230063530461": "Làm quen với cơ chế và kỹ năng của Thủ lĩnh, thông qua thử thách. Nuôi dưỡng sâu sắc và đội hình hợp lý hơn có thể giúp chiến thắng Thủ lĩnh nhanh hơn. Thử thách không giới hạn số lần, nhưng cần tiêu hao tâm lực sau khi đánh bại Thủ lĩnh để nhận phần thưởng.",
  "12514362201373565410": "Chào, khó có dịp ngài cùng Công tử Ôn thảo luận về \"Nam Chúc Từ Vận\", sao lại hỏi một vấn đề ai cũng biết như vậy?",
  "12514362270013291038": "Hoàng Đồng - Nguyên Khối",
  "1251446054197526298": "Thuốc của Mật Thám",
  "12514471878042932817": "Trúc Lâm Cựu Cư - Chiến Lợi Phẩm Điểm Hồi Sinh 138",
  "12514486809477670622": "Đối phương quan sát ngươi một lúc",
  "12514602806760765881": "#YTheo bài#E có thể chọn đánh ra những lá bài #G khớp#E với người trước, hoặc ngẫu nhiên tổ hợp các lá bài #G không khớp#E để #G đánh lừa#E.\n#Y Chất vấn#E sẽ lật bài mà #G người đánh#E đã đánh ra; nếu người đánh #G đánh lừa#E, thì #G người chất vấn#E giành được #Quyền đánh bài#E, người đánh bị phạt #Y thu hồi tất cả bài đặt dưới#E và #Y phạt uống#E. Ngược lại, nếu người đánh #G không đánh lừa#E, thì người chất vấn sẽ bị phạt, người đánh có thể tiếp tục đánh bài.\nNhận phạt nhất định sẽ #G phạt uống#E, đồng thời cũng sẽ nhận được #Quyền đánh bài#E. Nhận phạt #G cần thu hồi#E tất cả bài đặt dưới trên bàn.",
  "12514643892056313126": "Hướng dẫn chụp ảnh",
  "1251465438822481107": "Lược bỏ chiêu thức phụ trợ",
  "12514696974425018173": "Võ Thành Vương Miếu - Môn Tiền Quảng Trường - Quan Binh 8",
  "12514723344902002972": "Gia Cụ",
  "12514730593136861510": "Con trai của chủ quán quán trà, theo cha mẹ từ núi rừng về Khai Phong. Cha mẹ bận việc kinh doanh, cậu ta liền tự mình câu cá cho khuây khỏa.",
  "12514757623922338332": "Bão",
  "12514834300652301910": "Ngựa hí rừng cây khóc",
  "12514858683252840878": "Hộp phái hệ cấp 71 phổ thông",
  "12514923234305537857": "Lưu Phái Tháp Khiên Ti · Ngọc Tầng Thứ 7 - Vô Ưu Bang Trọng Chùy Tinh Anh 1",
  "12514936527628778095": "Vũ khí, Hoàn, Bội",
  "12514941842686953520": "Nghe nói một cơn say của nàng mê đắm như hải đường, trong trẻo như ánh bình minh.",
  "12514956167819421914": "Giang Ức Tổ",
  "1251496633203020677": "Hôn mê",
  "12515035223315597284": "Kỳ Thạch Nhân - Mười bảy",
  "12515062213857530091": "Mạnh Cửu Lang",
  "12515070327990189924": "Lý Nghiên",
  "12515100386882806653": "Phật Tâm Sâm",
  "1251511076344134507": "Thành viên Thanh Giao Đường",
  "12515152425477110212": "Thần tiên độ",
  "12515159497667019693": "Áp Lực Bản - Thí Nghiệm",
  "12515159928360509146": "Lục Sí Thiền Dực Tề",
  "12515232352569383724": "……Thật xin lỗi.",
  "12515275421944573776": "May mắn thay Tiểu Tuyết đã đến, hai chúng ta liên thủ mới cứu được họ lên bờ. Nhưng anh trai hắn bị thương quá nặng, cuối cùng vẫn qua đời. Trước khi đi, hắn đã gửi gắm Tiểu Thạch cho chúng ta.",
  "12515299166638917820": "Hoàng Đồng - Bách Công Nhiệm Vụ Điểm",
  "12515338030166931820": "Trang phục vũ công Tây Vực. Một tiếng đàn dây vang lên, hai tay áo vung lên, giống như tuyết xoáy cuộn bay.",
  "12515371089875096556": "Phối hợp nhặt sót",
  "12515374302883474130": "Chuyển đổi phối hợp",
  "12515395547156025816": "Máu tối đa #Y+5.25%#E",
  "12515443753080763724": "Tăng sức tấn công",
  "12515460880370247856": "Triệu Vĩ Nghiệp",
  "12515462722459870275": "Diệp Tử Hí Trung Đẳng",
  "12515470619281193431": "Nhẹ thì đốm đỏ cục bộ, tiếp theo là mụn nước, nặng thì thịt da cháy đen hoặc lộ xương cốt, tổn thương nội tạng.",
  "12515474260924537238": "Á Phụ",
  "12515494041969417314": "Đặt đèn xuống, nói chuyện với Dạ Mộng Tăng",
  "12515504703128426670": "Tương Bồ - Quảng Đại Đầu",
  "12515533310826650740": "Cũng may đám rùa kia không dám bén mảng đến miếu tướng quân, nếu không thì...",
  "12515554085472651758": "Đèn lồng nhỏ",
  "12515596498024683709": "Hiệp sĩ Vô Tâm Cốc",
  "12515601360219670891": "Sau khi trúng chiêu tích lực và kỹ năng phái sinh của nó, trong vòng #Y3#E giây, sát thương ngoại công phải chịu sẽ giảm dựa trên tối đa khí huyết của bản thân (cứ mỗi 6000 điểm có thể giảm thêm 2%). Tối đa giảm thêm #Y30%#E, cần tích lũy đủ #Y90000#E điểm <Tối đa khí huyết|780|#C|13>(Hiện tại $STEADY_HP_MAX:.0f$).",
  "12515622620909754102": "Nê Hà hoa ảnh",
  "12515658498836166116": "Mô Bản Biểu",
  "12515760124042220970": "Thiếu hiệp đừng đi nữa, than ôi! Lời khuyên tốt không dễ khuyên người chết...",
  "12515780424739376926": "Thoát khỏi kết nghĩa",
  "12515786779241202561": "Gâu gâu gâu! Gâu! Gâu gâu gâu! Gâu gâu gâu gâu! Gâu gâu gâu gâu gâu gâu gâu gâu!!",
  "12515806469700547906": "Vương Kỳ Tông",
  "12515812109831981828": "Vô Tướng Hoàng khóa chặt một mục tiêu, sau khi tích tụ sức mạnh sẽ thực hiện một đòn chém tiến tới.\n\nCách ứng phó: Người chơi có thể đỡ đòn giữa hắn và mục tiêu để khiến đòn chém này bị yếu đi sau khi Vô Tướng Hoàng xông tới.",
  "12515816719402732983": "Trấn trưởng đã xử lý nhóm của Hạ Nhạc Chế tám năm trước và bảo vệ được mọi người, chắc chắn năm nay cũng sẽ làm được!",
  "12515826067911702505": "Cung Tiễn Hắc Y Nhân - Xạ Người Chơi",
  "12515860272581142626": "Lời mời đã được gửi, xin vui lòng chờ người chơi khác tham gia.",
  "12515906543428570175": "Thành phần xây dựng",
  "12515959405473450129": "Tia chớp",
  "12515993911180097440": "Thí Nghiệm NPC Thành Nam",
  "12516006192743923893": "Đã chọn dịch vụ",
  "12516082473621098523": "Chu Vũ Lâm",
  "12516145102611412094": "Cần hoàn thành Tam Thốn Chi Thân · Phần một",
  "12516215970286143312": "Thất Thanh Giảng Kinh Nhân 53",
  "12516216677922545658": "Vệ Binh Tú Kim Lâu",
  "12516224012355773640": "Khi nào rảnh thì đến tìm chú đánh cờ nhé.",
  "12516238751636353167": "Phòng Chí Cường",
  "12516250907339226529": "Hoa văn khăn choàng",
  "12516291526546949098": "Tổng hợp",
  "12516297596139833016": "Bác Lãng Sa - Thiên Địa Bất Nhân - Huyền Nguyên Giáo",
  "12516321979280942923": "Trần Gia Tranh",
  "12516334169421644585": "Hiển thị số người của thực thể trống xếp La Hán",
  "12516345317910742865": "Họa tiết màu đỏ",
  "12516354898200844756": "Điều tức: 120 giây. Đâm mạnh đao xuống đất tạo thành luồng khí hội tụ, hút kẻ địch trong phạm vi bán kính 8 mét về phía mình, sau đó xoay đao ngang gây ra một đòn quét mạnh, gây sát thương lớn. Nhấn giữ có thể kéo dài thời gian hút. Trong thời gian đó bản thân nhận được lá chắn máu tương đương 40% máu tối đa.",
  "1251635684418004541": "Mão giáp, Giáp ngực, Giáp ống chân, Giáp cổ tay",
  "12516357764540242833": "Trò chuyện",
  "1251636229608586355": "Người công nhân mẫn cán gánh Lệ Người Tiễn của Bất Tiên Tiên, Trú Tiên Nguyệt sắp đến, công việc ngày càng bận rộn.",
  "12516416758903976440": "Quy tắc lọc",
  "12516429668592387856": "Vuốt ve 5 chú mèo ({0}/{1})",
  "12516448826683595416": "Người kể chuyện, Trần Học Ngô, Lưu Phân, Trịnh Nhiên, Bà nội Lưu",
  "1251651130425296677": "Giá trị chí mạng tấn công 28 điểm",
  "1251654294306217305": "Màn Thầu Khô Gió",
  "12516560638190054689": "Dài",
  "12516576165843820416": "Đối thoại",
  "12516579872362240888": "Đây chính là thân pháp độc môn của Cửu Lưu Môn ta",
  "12516600666224758577": "Linh Kiện Khinh Công - Dây Thừng Đến Sử Đại Nhân -30-25",
  "12516630078482567385": "Lâm Văn Kiệt",
  "12516661854707796986": "Sát thương khi lơ lửng",
  "12516684531763880250": "Người chơi",
  "12516704864188712230": "Đơn giản",
  "12516730399294658223": "Xây dựng tổ chức Bách Nghiệp thêm thành phần 198",
  "12516782495029464058": "Lạc Hoa Văn Chiếu",
  "12516811173245289741": "Tìm thấy đoàn xe chở hàng",
  "12516845527329435016": "Ngươi muốn ta làm gì? Từ nhỏ ta đã chăm chỉ dũng cảm thông minh lanh lợi siêng năng, cắt củi trồng ruộng chạy việc bán sức đều tinh thông, ngươi cứ sai bảo đi!",
  "12516870539398776354": "Đối thoại",
  "1251687147784523952": "Giữ cho bản thân sống sót",
  "12516908335327968765": "Thử Luyện Phái Chiêu · Chương thứ {}",
  "12516912228397822665": "Lựa chọn vật liệu rèn đúc",
  "12516934975802300986": "Phi Hoa · Tam",
  "12516970944600528219": "Ván cờ của Vương Thập Tam",
  "12516989194023071712": "Đối thoại",
  "12516996034478520563": "Phòng Chí Cường",
  "12517009612191940186": "Bầu Không Khí Vũ Y Lâu - Khách Nhân",
  "12517052355453659935": "Ngưng thần",
  "12517070504987650036": "Bảo Hạp Hạng Ba",
  "12517082610471099766": "TBG-P2.3 Chiến Đấu - Tiểu Quái",
  "12517117111816332458": "Khai Phong Chủ Tuyến",
  "12517135776928329730": "Thứ Đại Lang ăn vào dường như đã giúp nó có được thân bất tử.\nMay mà Hàn Di kịp thời xuất hiện, với tuyệt kỹ phi đao, không chỉ cứu được ngươi, mà còn cứu cả Y Đao.\nLúc này ngươi mới biết, họ là người quen cũ.",
  "12517191934339730788": "Cần ưu tiên đánh ra bài hình Định Khuyết",
  "12517196211721078951": "Bảo Hạp · Thanh Hà",
  "12517218170073816436": "Hà Thị Lạc - Dự Phòng 4",
  "12517221246016151710": "Nước chảy ruộng nhà, huynh ăn thịt, đệ ta chia một chén canh, không quá đáng chứ!",
  "12517237972877340085": "(Đợi Định) Đừng Sợ Hãi!",
  "12517284546933149727": "Chậc, giang hồ cái gì mà người này người nọ cũng kết giao.",
  "12517361078413059620": "Yêu cầu đã hết hiệu lực",
  "12517405547082416058": "Địa 5-8",
  "12517443173045164675": "Ta xem ngươi à, là ở trong nhà xí chui ra đấy à, nói chuyện toàn mùi hôi!",
  "1251744435117991521": "【Đang Thi Công】Cấp Độ Thế Giới - Đại Tống Quan Binh - Kỳ Xí Hiệu Giác",
  "12517453430482946988": "Sinh Thái Vật Chủng",
  "12517538860133299921": "Nhà xí",
  "12517543386373528613": "Nàng bảo mèo đi về phía Đông, mèo cũng không dám đi về phía Tây, không biết lai lịch thế nào.",
  "12517584422523464780": "Vạn Cổ Nhất Nhân Điện - Tầng Hầm Hai Dùng Để Thoát Nước - Đầu Rồng",
  "12517608448774027988": "Eo sau",
  "12517644685514767959": "Viên Quốc Chấn",
  "12517730289897724652": "Chu Vũ Lâm",
  "12517766715418267067": "Mượn sức đánh sức/Lấy mềm chống cứng",
  "12517773808448819523": "Khoan đã khoan đã, nơi này không nên ở lâu, ngươi và Quảng Hồ Tử mau ra ngoài trước.",
  "12517819996503267285": "Biệt Quán - Boss - Tường Vô Hình",
  "12517837067754293297": "Ngụy trang · Cuồng Lạn",
  "12517890356477143694": "Tiêu diệt cứ điểm, hoặc với tư cách là #YThách Đấu Giả#E tiến vào cứ điểm hoàn thành thử thách, đều có thể nhận được phần thưởng lần đầu thông quan. Khi có đủ lòng can đảm, có thể nhận được phần thưởng thảo phạt.",
  "12517926204059722159": "Bách Nghiệp tổ chức xây dựng tăng thêm thành phần 429",
  "12517976081981878200": "Cho nên chúng ta trước tiên đến Trường Hưng Tập thăm dò tin tức, lát nữa đi đến đình thông báo dán một tờ cáo thị, xem có thể chiêu mộ được người giúp đỡ đáng tin cậy không.",
  "12517981175736014811": "Hà Thị Lạc - Dự Phòng 16",
  "12518004110945443540": "Thi Thiên Lai",
  "12518031197606752602": "Trong trận này, công kích lời nói của bản thân tăng #G3.4%#E, tối đa cộng hưởng #G6#E tầng.",
  "12518036521717430540": "Sử dụng vật phẩm này, có thể nhận được ngoại hình tương ứng.",
  "12518083420898339799": "Nhận tín vật Túy Hoa Âm",
  "12518088679341117072": "Trương Tuấn Kiệt",
  "12518158935416667159": "Anh Vũ",
  "12518171398859218586": "Vô Ngân Công Tử",
  "12518193772820413778": "Tố Lợi",
  "12518210852777767312": "Sơn Dân - Hồ Đại",
  "12518255904799723221": "Phần Thưởng Giai Đoạn 2 Đạt Tổng 35 Sao",
  "125182877294269275": "Phá Trúc · Phong Tháp 9-2 - Đại Tống Quan Binh Thương Thuẫn Thủ Lĩnh",
  "12518305033216323150": "Tìm thấy vật này ở gần đây, chắc là cái Vây Câu mà ngươi đang tìm.",
  "12518307535591083180": "%s có thể ký gửi",
  "12518358822459577965": "Lý Trạch Hạo",
  "12518399182545362237": "Phòng Chí Cường",
  "12518416230709059042": "Dã Sơn Sâm",
  "1251846062794753101": "NPC Có Thể Chiến Đấu (Vô Chân Khí, Bất Khả Xử Quyết) Mẫu Quyền Pháp - Cấp 4",
  "12518461129511242643": "Hồi Tố Phần Thưởng 2",
  "12518479936360923696": "Khai Phong Phủ - Tả Sảnh - Bách Tính 22",
  "12518481251122843490": "Lực lượng chiếm đóng: Quan quân Đại Tống",
  "12518482683760395488": "Sắp bán vật phẩm này, mỗi vật phẩm đổi được 600 bảo tiền, xác nhận bán?",
  "12518483143048520285": "Nghe nói ở Thanh Hà có một người bán hàng sẵn lòng dạy nấu ăn miễn phí, nhất thời thu hút vô số người. Chỉ là, món ngon này không dễ học được truyền thụ... ",
  "12518483307417276935": "Hà Kỷ Hi",
  "12518511445878227436": "Dạ Hành Đao",
  "12518526882120759542": "Không thể chọn",
  "12518556988905493835": "Có thấy sợi dây đỏ nào không?",
  "12518561416893615782": "Tầm Tâm Gia Nhập Chiến Đấu",
  "12518562694280006321": "Hồ Tam Bảo",
  "12518577783515499657": "Đ* má nó! Sao vẫn còn đánh, ngươi còn chưa xong sao!",
  "12518673336429015728": "Bất Tiện Tiên - Điểm Làm Mới Chiến Lợi Phẩm Thêm Mới 35",
  "12518682999810591310": "Cấp Độ Thế Giới - Huyền Nguyên Giáo - Nguyệt Tướng Bàn",
  "12518706293992945488": "Là ta!",
  "12518709223659186389": "Từ Giai Kỳ",
  "12518733860752578410": "Nói thế không phải. Cây liễu này là do tiền bối Văn Tân Quán ta trồng, nếu tính theo thế hệ, e rằng cũng phải gọi là sư ông. Ta xưng huynh đệ với nó, đã là ta trèo cao rồi.",
  "12518832603677926029": "Trương Tiêu Nặc",
  "12518911861919154828": "Thanh Oa",
  "12518939229800030112": "Không ngờ, tiểu lang quân cũng biết giằng co ư... được, tỷ tỷ ta nhớ kỹ ngươi rồi!",
  "12518958616932254830": "Bầu Không Khí Tĩnh Lặng Khu Thủ Công Nghiệp",
  "12518991404850698010": "Thành phần thân thuyền",
  "12519014023790064365": "Lần này chẳng lẽ là muốn thử đao của Phật gia sao?",
  "12519026873847253225": "Giao Dịch Hành - Bầu Không Khí",
  "12519099434630979354": "Tử Tượng Cư - Khu Thiết Tượng - Trịnh Công",
  "12519104634579207835": "Que câu cá",
  "12519183113124589776": "Huỳnh Uyên - Động Dây Leo - Tường Vô Hình",
  "12519225086678915965": "Có một tên đại ác nhân... hại chết rất nhiều người... dưới đất nằm đầy người...",
  "12519292074590430948": "Tế Phẩm Tàn Trá",
  "12519292235815062041": "Viên Quốc Chấn",
  "12519318310680929258": "Kẻ phản loạn",
  "12519387095449652802": "Truyền Tống Mã Xa - Thảo Nguyên Xanh",
  "12519419571046933402": "Nơi mèo thích không phải là nơi ngươi có thể đoán được đâu~",
  "12519424815838888373": "Bát Phương Phong Lôi Thương",
  "12519431104978858241": "Đang lấy dữ liệu",
  "12519433314921197374": "Độc vật không rõ",
  "12519436670436777608": "Điền Dã",
  "12519462035150338961": "Chi Hương Chích Nhục *5",
  "12519488423363494605": "Công phu độc môn, Thập Ngũ Thức Đạp Bối. Trải nghiệm điều chưa biết, nghe nói có thể thông kinh hoạt huyết, điều hòa khí huyết, là pháp quyết khai quan phá bích.",
  "12519502532030708245": "Y Đao vung lên, dứt khoát giết chết giang hồ nhân chạy trốn. Các ngươi lấy được chìa khóa, nhưng khói độc lan tràn trong đường hầm tối, còn có đồng bọn của giang hồ nhân và cây Độc Mạn Đà La kỳ lạ, chúng chiếm giữ đường hầm tối, dường như đang ấp ủ thứ gì đó.",
  "12519515875956399190": "Độ thành thục",
  "12519558408713299614": "Gây ra #G300%#E sát thương khi trị liệu khí, liệu trình tiếp theo nhận được #G2#E điểm Đan Tâm",
  "12519573290941865050": "Trò chuyện linh tinh",
  "12519583383483397711": "Trả lời đúng liên tiếp %s lần",
  "12519599124896620722": "Thủ vệ",
  "12519712566450549670": "Người chơi",
  "12519721474383444717": "Không khí Đạt An Thôn",
  "12519724339093702713": "Trò chuyện",
  "1251984258817166429": "Thiếu Đông gia, Thiếu Đông gia...! ",
  "12519842662632551493": "Thắng lợi khi chưa uống rượu ({0}/1)",
  "12519862193198961024": "Tuyết Ly Nhi",
  "12519918889509483758": "Ta không muốn đi theo con đường diệt vong của tộc nhân, nhưng nếu không có sự hy sinh của họ, có lẽ ta cũng sẽ không may mắn sống sót qua những thiên tai nhân họa đó.",
  "12519927428876129557": "Mẫu Tường Vô Hình",
  "12519944621535314114": "Bách Nghiệp tổ chức xây dựng tăng thành phần mới 372"
}