{
  "10706213818088637950": "Chi tiết đạo cụ",
  "10706264922485182222": "Sử dụng sau khi nhận được phương thuốc màu tím.",
  "10706291925932640775": "Hồ Bách Lý",
  "10706302137969858623": "Trước đây chưa thấy ngươi, là người mới đến à, chuyển đến bao lâu rồi?",
  "10706314448666793490": "<Trọng Kích: Điểm Thúy Dính Y> khi sử dụng lên đơn vị đang bị đánh hoặc bị khống chế, hiệu quả chữa trị tăng 30%, có thể kích hoạt lại sau 1 giây; và khiến mục tiêu nhận hiệu quả Cường Tráng kéo dài 3 giây, hiệu quả Cường Tráng có thể kích hoạt lại sau mỗi 15 giây.",
  "10706318969775849095": "Nay phạm luật lệnh, thiếu hiệp đã bị phán tội #ffc89c{}#E, sẽ mãn hạn tù sau #ffc89c{}#E. Trong thời gian ở tù, lao dịch chuộc tội, có thể giảm bớt đau đớn thể xác, được ơn xá.",
  "10706377631588876810": "Dù ngươi có làm rơi sạch túi sách, hôm nay cũng đừng hòng ngăn ta báo quan!",
  "10706433526652663014": "Bố trí cảnh",
  "10706486095392361517": "Thiên Công Địa Khố · Đồng Sơn Kim Huyệt",
  "10706492584186617829": "Vào dịp Tết Nguyên Đán, nên cùng bạn bè chung vui, cầu mong gia đình ấm cúng.",
  "1070655289178965299": "Hành động kín đáo trong Phong Sa Tửu Quán, đã đổi ngoại hình và tên ngẫu nhiên.",
  "1070655360132543257": "Tự do biện luận",
  "10706560640885364387": "Vàng ngọc dễ kiếm, tự do vô giá. Giúp người hào phóng, ngàn vàng không tiếc.",
  "10706572418089250896": "Đậu phụ não ngọt mặn? Thực khách Thiên Ba Phường đánh nhau tơi bời!",
  "10706638271408832083": "Kim Tuyết Tùng",
  "1070671774299623031": "Đôi khi sẽ không thể nói chuyện, không thể thực hiện một số tương tác",
  "10706723373949015423": "Bọn đạo phỉ Long Hổ Trại, tuy bề ngoài hung dữ, nhưng thực chất rất nhát gan, đặc biệt sợ chuyện ma quỷ.",
  "10706737285935326043": "Một tai họa trong thành này đã cướp đi một người trong nhà.",
  "10706811430506215812": "Tĩnh Dạ Dung Quang",
  "10706823490503610901": "Khai Phong Vạn Sự Tri - NPC Kim Bảo dưới trướng Vương Nha Nội",
  "10706846655491170097": "Chúng đến rồi! Mọi người mau trốn đi!",
  "10706879097310498534": "Dữ liệu bị đánh ->\n    HP->%s\n    Nội lực->%s\n    Độ bền->%s\n    Sức mạnh->%s",
  "10706928194329698970": "Khổ Ẩm",
  "10706937894797689881": "Nhuộm màu",
  "10706940649856127666": "Sườn xào chua ngọt",
  "10706960651843563792": "Trước đây Khiết Đan, hại người, không đúng. Ta chuộc tội, xin lỗi. Huấn mã, dùng đàn tỳ bà, ta sẽ làm. Đến Mã Trang, huấn mã, cầu được tha thứ.",
  "10707004281166604106": "Lý Trạch Hạo",
  "10707071292776696509": "Tập Sách Diễn Toán 2",
  "10707097292028484404": "Sở Thủy Dương",
  "10707150151228311713": "【Thử Nghiệm】Bảo Rương Tứ Phẩm Mộc Chế - Khai Phong (Cự Ly Truy Tung Ngắn)",
  "10707152937642872982": "Bạch Mộc Túc",
  "10707162116022225751": "Linh kiện xây dựng, dùng để dựng nhà.",
  "10707183354587018807": "Trường Nhạc lão nhân",
  "1070728573091490922": "Viên Quốc Chấn",
  "10707318933457476795": "Vương Trị",
  "10707339721951585858": "Diệu Diệu Miêu - Thu Thập Quỷ Hỏa - Trúc Ẩn Cư Phía Nam\n",
  "10707346036938369362": "Roi dài",
  "10707346952059019381": "Võ Thành Vương miếu, còn gọi là Võ Miếu, tọa lạc ngoài thành phía Tây Nam, là nơi trọng yếu của quốc gia thờ phụng các vị tướng qua các thời đại.\nBên trong miếu, nghi thức thờ Khổng Mạnh tương đương Văn Miếu, sắp xếp một thánh nhân, mười triết nhân, bảy mươi hai tướng. Bố cục nghiêm cẩn, khí thế trang nghiêm, khiến người ta cảm thấy kính sợ.\nBên ngoài miếu có trọng binh canh gác ngày đêm, luỹ cao tường dày. Người thường đến đây đều sinh lòng kính sợ, không dám hành động tùy tiện.",
  "10707349315815601593": "Nói bậy!",
  "10707350948871054642": "Boss Phật Gia Trại",
  "10707368766490875292": "Cửu Lưu Môn - Thủ Tịch Dự Thiết - Trưng Bày 3",
  "10707371410306255628": "Ngân tự sinh điều, tâm tự hương thiêu.",
  "10707453618395811445": "Âu Gia Hạo",
  "10707453721031284438": "Biệt hậu phương tri thiên tại thủy",
  "10707458994951620036": "Đau đầu là triệu chứng lâm sàng thường gặp, thường giới hạn ở nửa trên của hộp sọ.",
  "10707481050837729870": "Khai Phong Phủ - Đại Sảnh - Quan Binh 11",
  "10707526905984079133": "......",
  "10707588892630117426": "……Dương Thốn! Ngươi đừng nghe, hãy đi sang một bên đi, đừng làm phiền bọn trẻ nghe kể chuyện!",
  "10707620947512255016": "Tiền Trần Cựu Vật - Bên Trong Giác Môn - Hồ Tự Tại",
  "10707693507029321380": "Ối, chú, chuẩn bị ra đồng à?",
  "10707794476614079600": "Sau một thời điểm bí ẩn nào đó, có thể mở ra một đoạn giai thoại.",
  "10707862915531622662": "Y Đinh 2 - Lộ Nhân Tuần Tra Trường Hưng Tập Áo Giáp Xanh",
  "10707872918358320666": "Sử dụng vật này, có thể nhận được ngoại hình tương ứng.",
  "10707899031605066553": "Tổng Hợp Xem Trước Trấn Thủ Thường Bình Thương",
  "10707899779585059404": "Trương Tuấn Kiệt",
  "10707980645520463711": "Trần Gia Tranh",
  "10708043986720757694": "Thôn dân ở Thần Tiên Độ, tính cách chất phác lương thiện, vô cùng kính trọng Hàn Hương Tầm.",
  "10708069612643002259": "Lữ Giai Nam",
  "10708090283392358601": "Khách của Túy Hoa Âm",
  "10708119834990701105": "Đại hiệp nói chuyện hay quá! Há miệng cho ta xem nào, người già trong thôn ta đều nói, người biết nói chuyện, nhìn lưỡi là biết màu vàng đó!",
  "107081765015097774": "Võ Miếu - Gạch Lát Nền Đã Hủy Bỏ Kiến Tạo",
  "10708184774697565274": "Khiên Tơ · Lưu Phái",
  "10708192931498746282": "Ra tay nhẹ chút, đây đều là đồ dùng để đưa đến Kim Minh Trì...",
  "10708212962695296599": "Chi Tuyến Siêu Dài",
  "10708247045579033127": "Bạch Tu Sinh - Đại Đường Bất Tiện Tiên",
  "10708258724966336233": "Đọc",
  "10708306156520534023": "Thi Thiên Lai",
  "10708319606066568423": "Để luyện chế Thục Địa Hoàng, sau khi hái Sinh Địa Hoàng, chúng ta cần gọt bỏ lớp vỏ trắng của nó,",
  "1070836355623630119": "Số tiền lương này à, ở xa ngàn dặm, lại ngay trước mắt!",
  "1070837520640215237": "Đang ghi hình",
  "10708437953690011852": "Từ biệt",
  "10708465539122475451": "Tìm chú Chu",
  "1070848260985894963": "Đại Luật Chuẩn Thạch · Kim Thác *10",
  "10708553339587493244": "<Tỉ lệ Chí Mạng trực tiếp|780|#C|149> tăng 4.6%.",
  "10708557072776168615": "Xem",
  "10708573298529654201": "Trời dài đất lâu có lúc cùng tận, nỗi hận này kéo dài mãi không dứt.\nLà yêu hay hận, là những lời không thể quên trong cõi hồng trần.",
  "10708589495693363913": "Hoàng Lạc Tí",
  "1070859840727873979": "Thiên Bất Thu",
  "10708647985588953200": "Mười phương lửa, trăm loại hỏa, ngàn cây đèn, vạn nhà hòa hợp.\nXuân phong lương thần, hoa gian nhất ngộ. Chủ quán Ngân Hoa là Nhan Thuận Hoa đặc biệt bày trí cây lửa Bông hoa tinh chế trong Túy Hoa Âm ở đây, du khách có thể tùy ý thưởng ngoạn, cùng nhau tận hưởng ngày vui.\nNhân thế phồn hoa, hãy xem ngày nay.",
  "10708650663717673250": "Dù ngươi có làm rơi hết túi sách đi nữa, hôm nay cũng đừng hòng ngăn ta đi báo quan!",
  "10708680533153735839": "Rời đi",
  "10708723654008606842": "Thời gian còn lại lớn hơn {}",
  "10708724699671205947": "Trân Tỳ",
  "10708728959041190189": "Trục hàn hóa độc",
  "10708758565483812094": "Đề xuất mở khóa #Y{standard_value}#E ô kỳ thuật",
  "10708759474894675752": "Bệnh phát tác, hình thành lượng lớn lá chắn",
  "10708770754522173534": "Tưởng Lệ Đoạn Vị",
  "10708788474649279359": "Người giang hồ đến từ bên ngoài, đến thành thị ma quái tìm kiếm sự thật về sức mạnh quỷ thần. Tính cách tao nhã.",
  "10708821875951648025": "Hà Kỷ Hi",
  "10708867439790931888": "Vật dụng đang trong thời gian trễ",
  "10708923290550055225": "Đảo Ngược Hồ Lô",
  "10708980242751476286": "Trương Chấn",
  "10708987705586600058": "2 Nan Độ - 8 Trường Minh Ngọc",
  "1070899500111345011": "Ôn Hiến",
  "1070901976750268617": "Giang Hồ Nhất Đao · Hai",
  "10709030870725922744": "Đường Ký An",
  "10709042218971152522": "Thời gian còn lại lớn hơn {}",
  "10709094597890549617": "Phụ kiện",
  "10709122324380993004": "Thọ Xương Phường - Vọng Hỏa Lâu - Bộc Nhân",
  "10709128883700440865": "Thế Giới Đẳng Cấp - Phật Gia Trại - Tửu Nhục Hòa Thượng (Túy Quyền)\nTuần Tra Định Chế Động Tác: Có",
  "10709171016296078049": "Sinh Thái Vật Chủng",
  "10709172071451878956": "Sinh Thái Vật Chủng",
  "1070921693590536445": "Dây Thang Máy",
  "10709236372309136711": "【Diệp Tử Hí】Vạn Thắng Trấn - Doanh Nương (Ba Người) - Bồi Ngoạn",
  "10709269069433097594": "Kẻ cực ác nương nhờ Vô Ưu Bang, làm điều xấu, để tránh sự truy bắt của quan phủ, trở thành bang chúng của Vô Ưu Bang.",
  "10709271299004697594": "Uyên Lưu · Nhất",
  "10709306665844516486": "Thi Thiên Lai",
  "10709306838694201226": "Rồi con rồng này, nó cứ, nó cứ...",
  "10709323337754920330": "Tổ chức Bách Nghiệp tăng thêm 635 thành phần xây dựng mới",
  "10709330516512596710": "Nhưng... quan lớn không phải nói số lương trong Thường Bình Thương đều là lương quân dụng cần dùng ở phía Nam sao? Không thể cho dân thường vay được.",
  "10709331254347119394": "Đà Điểu",
  "10709386699924812982": "Dưới miếu Võ Thành Vương",
  "10709393094810800362": "Dùng tên lửa đốt cháy tất cả nụ hoa",
  "10709398088192199749": "Trương Tiêu Nặc",
  "10709430576976948300": "Trương Tuấn Kiệt",
  "10709472143213718249": "Thiêm Đáo",
  "10709502501100714487": "Kính Đàm - Mô Hình Rỗng - Viễn Thiếu",
  "10709504547479831143": "Phi Hoa Độ - Hồi Long Dịch - Đàm Tiểu Tân (Nam Thanh Niên)",
  "10709513025606352049": "Thế Giới Đẳng Cấp - Tào Bang - Đầu Thương - Không Tuần Tra Đỏ",
  "10709569533898670436": "Thiên Phật Thôn_Đám Đông Vây Xem",
  "10709590684062507747": "Thủy Nguyệt tiên sinh mang \"Đại Y Tinh Thành\" chi chí, mở Hạnh Lâm Uyển, truyền bá y đạo.",
  "10709710077136831880": "Điểm Vị Bôn Đào Truy Đuổi Chợ Đen - Hậu Tục - Bổ Đầu Nam",
  "10709756630083070571": "Bối cảnh",
  "10709757805169275479": "Khai Phong - Thiên Thượng Lai - Hàng Hóa",
  "10709800971089705666": "Nghe gió đoán vị xem xung quanh",
  "10709804031382849126": "Kiểu tóc",
  "1070988455069070030": "Giải Mê Phức Hợp - Thiện Diệu Châu - 2 Bảo Rương",
  "1070990295800191915": "Vật phẩm tương tác hiện tại không tồn tại, vui lòng thử lại",
  "10709914880204247039": "Chướng Ngại Vật Cố Định - Thạch Nhân 6",
  "10709958398871827097": "Thật sự là rất nhiều tiền ư? Lẽ nào ta nghĩ nhiều rồi...?",
  "10710018876840400494": "Chuyện giang hồ, không nói chuyện đánh đập tranh đấu, ngươi đánh càng nhiều người càng có thiện cảm.",
  "10710029588547195357": "Chu Vũ Lâm",
  "10710059070580168774": "Trường Hưng Tập Dĩ Võ Hội Hữu - Cừu Hàm (Chiến Đấu)",
  "10710089541101862310": "Võ học",
  "10710098516322460646": "Đòn <Trảm Kích|781|#C|20501> của <Truy Lập Tam Nghiệt|781|#C|20501001> sẽ gây hiệu ứng tích lũy #Y Ác Thân#E cho kẻ địch, <Trảm Kích|781|#C|20501|20501001> trong trạng thái Sân Hận sẽ gây hiệu ứng tích lũy #Y Khổ Quả#E cho kẻ địch. Mục tiêu đồng thời có cả #Y Ác Thân#E và #Y Khổ Quả#E, hoặc khi kích hoạt né tránh hoàn mỹ, bản thân sẽ nhận hiệu ứng #Y Luân Hồi#E. Trong trạng thái #Y Luân Hồi#E, khi gây sát thương sẽ tăng thêm #Y1#E điểm #Y Nghiệp Hỏa#E.",
  "10710099374938094999": "Đánh dấu sát thương",
  "10710101649573148801": "Sao thế này? Sao lại khóc rồi?",
  "10710102909180694516": "Đang tải dữ liệu",
  "107101215677147492": "Quy Trọng Ngôn",
  "10710161901749877997": "Giang Nhất Thủy",
  "10710221779604171725": "Thúc đẩy",
  "10710275557816873134": "Đang tải thời gian",
  "1071029516499349614": "Chu Vũ Lâm",
  "1071029978002667513": "Đối phương đang suy tính tình giao hảo với ngươi",
  "10710314041897152689": "Kết quả tẩy luyện",
  "10710396984538471776": "Quỷ Phàn Lâu - Phía Bên Phải - Điều Đình Giả",
  "10710415061025860433": "Khám Phá Rừng Sương Mù Ẩn",
  "10710418451587320194": "Trước khi rời nhà, hãy từ biệt người thân bạn bè ở bến tàu.",
  "10710420575641645439": "Trương Ích Hào",
  "10710422943207272875": "Diệu Diệu Miêu - Dùng Cho Lối Chơi",
  "10710426384578183862": "Hiển thị thông tin trò chơi",
  "10710427435406364414": "Một đám trẻ con ở Phong Hòa Thôn gây nhau, nguyên nhân là gì? Nghe loáng thoáng dường như còn liên quan đến sát thủ huyền thoại Điền Anh ở Thanh Hà.",
  "10710431460423909205": "Miêu Chi Báo Ân - Dấu Chân",
  "10710447369123208764": "Khuẩn Đoàn Hình Nón",
  "10710481482952500153": "Thuộc tính chí hướng",
  "10710571121359681548": "Thọ Xương Phường - Người nghèo",
  "10710577453382356799": "Nhìn có vẻ khí chất bình thường",
  "10710595682140229682": "Nói lời dí dỏm",
  "10710612317135506841": "Ngươi rốt cuộc là ai? Cút ra khỏi cơ thể ta!",
  "10710633100905784361": "Võ Lâm Lục Giải Tỏa - Mạng nhện",
  "10710700159354689558": "Khai Phong · Đua ngựa nhiều người",
  "10710818283189842130": "Tiệm rèn bên sông, trong túi bách lạp chứa kiếm danh, thử dùng lời nói để xin một chút xem sao!",
  "10710932015219940847": "Quả thật có chút giống.",
  "10711017346937417909": "Chủ phòng",
  "10711063789634376474": "Vương Tư Việt",
  "10711067426842948335": "Diệu Diệu Miêu - Quỷ Hỏa",
  "10711107099227883151": "Lê Viên",
  "10711107225407217661": "Vương Trí Siêu",
  "10711147213910138415": "Đảng cốt truyện",
  "1071116772966972941": "Mỏ huyết ngọc thủy đầu cực phẩm, một canh giờ sau giảm giá đặc biệt!",
  "10711196721683812948": "Thủy Trá - Diệp Luân",
  "10711202737936800779": "Tăng cường khí huyết",
  "10711205474036921400": "Điều tra",
  "10711302892379277767": "Noãn Thạch",
  "10711304940880850464": "Tin nhắn chia sẻ đạo cụ",
  "10711306922585272329": "Thi Thiên Lai",
  "10711311535574674175": "【Võ Lâm Lục】 Liệt Dương Ấn_Hướng dẫn",
  "10711364002375472092": "Dựa vào cái gì! Dựa vào cái gì! Ta có oan phải kêu, lại phạm tội gì! Dựa vào cái gì phải chịu hình!",
  "10711382035445309714": "Tiểu Kịch Trường Bảng Hạ Tầm Duyên - Tín Vật",
  "10711389019483459104": "Cửu Lưu Môn",
  "1071141758675134202": "Long Quỳ Thảo",
  "10711477372742433533": "Tiểu Thụ Chi",
  "1071151094350289442": "Suy nghĩ",
  "10711517829676638930": "Phàn Lâu Thính Thư Nhân 6",
  "10711542164491881109": "Dã Ngoại BOSS Quỷ Công Tử Không Khí Tường",
  "10711552207063253741": "Tương Phác Trắc Thí - Tuyển Thủ 3",
  "10711567703617624988": "Giang Hồ Hảo Thủ - Lục Khả - Phần Vi NPC",
  "10711578758569922725": "Hỏi thêm về \"cách viết Đào Yêu Thiếp\"",
  "10711580377360448031": "Lập tức đi thuyền đến cảng quân sự bờ bên kia Đăng thuyền lớn",
  "10711618737539681880": "Đúng vậy, ta cũng đang định nói, có thêm một người tham mưu, biết đâu có thể giải được câu đố của nàng.",
  "10711623833080496792": "Sói hoang — Quay đầu nhảy 3",
  "10711628148279059574": "Hà Kỷ Hy",
  "10711628363022531323": "Đối thoại",
  "10711661053652866959": "Ngươi đã mơ một giấc mơ.\nTrong mơ, Chu thúc, Đao ca... tất cả mọi người đều ở đó, thật náo nhiệt.\nNhưng mơ cuối cùng cũng phải tỉnh, phải đi thôi.",
  "10711739119108972489": "Chế độ đắm chìm",
  "10711753117870510797": "Đối diện tiệm thuốc thơm, bên cửa có bày nhiều hoa cỏ, qua cầu là thấy.",
  "10711757824572588089": "Châu Thố",
  "10711813864375411570": "Đang tải",
  "10711822855823146263": "Tần Lĩnh",
  "10711824230254490328": "Tiểu Thụ Chi",
  "10711857552888052992": "Tên tác phẩm vi phạm quy tắc",
  "10711864101648078913": "Đếm số lượng quan tài từ phương Bắc đến.",
  "10711889795465614455": "Thì ra Đại Tướng quân căn bản không ở đây, mà đang ở trong bể khổ Bồ Đề kia.",
  "10711938863943946252": "Ối, tốc độ nhanh thật đó, Thần Hành Thái Bảo à!",
  "10711949537431867391": "Xạ Điểu Khiêu Chiến 3 - Xạ Tiễn Tam Tinh",
  "10711973329514225664": "Sư phụ: 1/1",
  "10711977377131438977": "(Đã kích hoạt)",
  "10711991857557479691": "Khóa hoa thắt lưng",
  "10711999195998055346": "Nhưng lần trước tôi thấy bà chủ tiệm dù của Lưu gia đi tìm bà ta, thật kỳ lạ, chỉ có một lần đó, bà ni cô đó lại thực sự cho bà ta vào.",
  "10712076252852087723": "Thập Lục Hẻm",
  "10712102482665532157": "Đang tải dữ liệu",
  "107121123727389676": "Sử dụng vật này, có thể nhận được ngoại trang tương ứng.",
  "10712120213472568963": "Rắn độc, gây sát thương khí huyết liên tục. Tối đa cộng dồn 10 tầng.",
  "10712175187149069848": "Dung Lô - Thăng Giáng Thùng 1",
  "10712188271377275586": "Quan lão gia chỉ phán ta tội 【 săn trộm 】, than ôi, khuyên ngươi một câu, uống rượu đừng cưỡi ngựa, cưỡi ngựa đừng uống rượu!",
  "1071218980191780179": "Lưu Vân · Nhị",
  "10712212599413615998": "“卧龙”与“凤雏”？",
  "10712281060822564655": "Tuyệt học",
  "10712283711210142968": "Vạn Thắng Trấn - Thanh Giao Đường Bang Chúng: Tiểu Tang Diệp",
  "10712301236053044610": "{2}\nThân có chút không khỏe, theo chẩn đoán của danh y {0}, bệnh ta mắc phải là {1}。",
  "10712312173546298902": "Dịch Khải Ninh",
  "1071239109810818397": "Vậy ngươi không làm việc nữa à? Đứng đây giả điên giả dại?",
  "10712393657072641930": "Chu Vũ Lâm",
  "10712407658758784386": "Cực phẩm·Bộ Cấp 61 Phong Lôi",
  "1071241863512256670": "Thiện Ác Chi Tư",
  "10712438191076809154": "Đi đến trấn thủ nhiều người",
  "1071249470120632264": "MSD Thiên Công Địa Quật 005-P2-Thạch Cầu Di Động Bình Đài",
  "10712523340700264093": "Kim Điêu",
  "10712562569911088038": "Thọ Xương Phường - Thị Nữ",
  "10712574165574780122": "Dẫn dắt lời nói - 1 - Hồi thứ 3",
  "10712584950527605374": "Viên Mẫn Hồng Hạo",
  "10712593792295679808": "Bách Nghiệp Tưởng Lệ",
  "10712617699801639554": "Trương Chấn",
  "10712638139353966332": "Ma Tướng Quỷ Hỏa - Phát Tài - Thực Tế Sử Dụng",
  "10712655379724568042": "Đối thoại",
  "10712666470838133020": "Lục Quế Phương",
  "10712708175961864120": "Long Môn Khách Sạn - Phong Sa Tửu Tứ - Điều Tra Nhị Oa Đầu",
  "10712717737776521951": "Dùng để xây nhà.",
  "1071275736971635940": "Phi Lạc Đặc",
  "1071276091694812775": "Củ cải tươi còn dính đất, có thể làm hài lòng bất kỳ người sành ăn nào thích ăn củ cải.",
  "1071279835859927703": "Chủ tiệm, đây có thật là nơi Bang chủ Chu nấu ra bát canh Thù Dụ đầu tiên không?",
  "10712807948828411497": "Không trả tiền nữa, ta thật sự sẽ vào đó! Báo quan, ta chuyên nghiệp đó!",
  "10712896578520798968": "Tăng túi đồ - Hàng hóa mua sắm đô thị: {0} ô",
  "10712910220718809973": "Là địa ngục... Địa ngục lửa lúc canh ba...",
  "10712918192123051878": "Túy Hoa Âm - Hoa Gian Tập - Thủ Luân Chu Thường Nhiệm Vụ",
  "10712953632208972096": "Thành phần kiến trúc",
  "10713019715784764282": "Hồng Câu Cổ Cừ - Bách Tính - Tẩu Động 4",
  "10713025275551334734": "Có thể đến địa điểm chỉ định để tiết lộ thân phận",
  "107130436736110221": "Mở",
  "10713066845571824124": "【Diệp Tử Hí - Trác Đáp】Bài Chỉ (Thuần Mô Hình)",
  "10713072442502916139": "Nhìn thấy Nam Tuấn Vương đang đốn cây, nhưng hắn không để ý đến ngươi……",
  "10713085615195614423": "Đại Thế Giới - Lục Lâm - Hãn Phỉ - Đơn Đao - Nhược E",
  "1071312466465728445": "Thôn Trang Kiến Văn",
  "10713185533346266004": "Trần Học Ngô",
  "10713195811821222712": "Khó xử... Khó xử quá...",
  "10713234477840568252": "Hả? Tam đệ?",
  "10713307298221420584": "Chiêm Tuấn Lương",
  "10713314514356291891": "Ôi, ngươi cũng đừng quá buồn. Ngươi xem trong thư ca ca viết, chàng chưa từng trách cứ ngươi, sự an khang của ngươi và người nhà là điều duy nhất chàng mong muốn.",
  "10713341010255174777": "Nguyên Điềm Điềm",
  "10713364482985688397": "Hữu Trắc",
  "1071342874871927595": "Kỹ năng né tránh 3",
  "1071351843851487332": "Sinh Thái Vật Chủng",
  "10713574837133624607": "Chu Vũ Lâm",
  "10713589529964167326": "4-2 Đoạn Vị Tưởng Lệ",
  "10713612900434559479": "Tăng cường né tránh",
  "10713613312747149029": "Ba Ca Khuyển",
  "10713737034460847600": "Không có hiếu kính, hôm nay cứ nhận lấy đi!",
  "10713802325605852293": "Trả lời thế nào đây...",
  "10713856534890410371": "Huyền Thưởng Tưởng Lệ",
  "10713859153238844482": "Thông tin có hại cho trẻ vị thành niên",
  "10713878596362174726": "Áp chế",
  "1071389446395068011": "Cho dù là núi xương trắng",
  "10713935102973812136": "Hoặc là, hồn ma hiển linh, hoặc là, có người mạo danh cô ấy viết thư cho ta.",
  "10713974517281443431": "Dữ liệu đang tải...Dữ liệu đang tải...Dữ liệu đang tải...Dữ liệu đang tải...Đang tải...Dữ liệu đang tải...Dữ liệu đang tải...Dữ liệu đang tải...Dữ liệu đang tải...",
  "10713993258251014955": "Yêu Ước Nhập Môn Sáng Kiến Cửu Lưu Môn - Tam Canh Thiên",
  "10714013815296313382": "Giải Tỏa",
  "10714014645969327721": "Nếu không báo thù, cơn ác mộng đó chỉ là quá khứ, nếu A Niệm thật sự đi trên con đường không lối về kia, vậy cơn ác mộng…… sớm muộn gì cũng sẽ một lần nữa biến thành hiện thực.",
  "10714025601685467959": "Do #ffd19c%s#E xây dựng",
  "10714065783755142566": "Đang tải đường dây...",
  "10714103138573528896": "Phát phần thưởng cấp bậc Hiệp Duyên",
  "10714138889870563633": "Thọ Xương Phường - Tuần Tra Hồ Nhân/Phú Nhân",
  "10714176047125869724": "Học hỏi đi.",
  "10714201000070924903": "Đội Nhạc Khí Tiểu Hài Mại Nghệ - Mại nghệ trước Ngư Long Mạn Diên, biểu diễn tạp kỹ\\n",
  "10714204465370664449": "Sát thương đòn đánh mạnh đoạn 4",
  "10714220485651299775": "Chờ ta lớn hơn, sẽ đi đến Thần Tiên Độ làm công, xây nhà cưới vợ, nương và ta sẽ không cần phải lo lắng không có chỗ ở nữa.",
  "10714233832784806868": "Tiểu công tử lên thuyền rời đi, trời đã hừng sáng, ngươi nhìn hắn dần xa khuất",
  "10714240825519099480": "Thật là hiếm có, đã nghe danh \"Sương Ngâm\" từ lâu, xem ra hôm nay có phúc được nghe rồi.",
  "10714241124425803098": "Phật Gia - Phục Xoát - Quyền Cước",
  "10714247541746413468": "Quỷ Thủ - boss - Không Khí Tường",
  "1071430114708505649": "Thưởng bổ sung cho bảng xếp hạng Thí Kiếm/Hiệp Cảnh",
  "10714305694285240910": "Đinh Lạc Thành Câu Câu mau đến",
  "10714381903158695735": "Đang sửa chữa",
  "10714405869181870457": "Mông Danh Hằng",
  "10714417837873312741": "Thiên Địa Vạn Lại - Quỳnh Lâm Uyển - Ngự Uyển",
  "10714443103443587821": "Vạn Sự Tri - Đại Đạo Nan Thành - Đạo Tặc Bao Phu",
  "10714491821685873220": "Thịt các loại thú rừng nhỏ như nấm, ếch, là nguyên liệu được các nhà ẩm thực yêu thích. Lưu ý, phải nấu chín mới ăn.",
  "10714528193104958235": "Dữ liệu đang tải dữ liệu đang tải",
  "10714614491253429092": "Đinh Kỷ Văn",
  "10714617464163112921": "《Chiến Tiền Võ Lâm Lục Quan Chiến Dụng》 Thẩm Nghĩa Nhân",
  "10714623101484436021": "Đáng tiếc là mấy người đến trước đều không uống được mấy chén đã nằm xuống, làm ta không đã ghiền."
}