{
  "12706774791889697759": "Thật sự cho tôi tiền?",
  "1270682396786474624": "Em bé bán nghệ.",
  "12706866623754517055": "Tăng 60% nhận điểm nghiên cứu vật",
  "12706897353350731442": "Thiên Niên Độ Dân Chúng 2",
  "1270695378051326622": "Ai khóa cửa? Chìa khóa đâu?",
  "12706977529403353764": "Bệnh Nhân Đối Thoại",
  "12706998251567429737": "Do hoạt động theo mùa của thủy văn và cá, ngư trường hoạt động xuất hiện vào #Ybuổi chiều#E. Lúc này nhiều loại cá tập trung tại đây, bao gồm một số loài hiếm.",
  "12707018520676572625": "Trên bến sông Thanh Hà thường xuất hiện một đao khách vô danh, bắt cướp săn trộm, nhận tiền thưởng. Tất cả bọn thảo khấu đều khiếp sợ hắn.",
  "12707050121116129189": "Dựa trên suy luận trước đó, tín vật là một chiếc trâm ngọc trắng khắc hoa trà, giấu trong nhà kho, tìm cách lấy nó ra.",
  "12707061245008955444": "Giữ cho mình sống sót",
  "12707063071244134255": "Hoàn thành toàn bộ 【Thu thập Võ học】",
  "12707066174859141348": "Rương và bao tải",
  "12707091138156619445": "May mắn thay, nhờ nỗ lực của ngươi, một người một chó cuối cùng cũng được đoàn tụ. Từ đó bên bờ hố xám, lại có thể nghe thấy tiếng hát vui vẻ của một người một chó……",
  "12707128599311700731": "Sinh hoạt tạo nghệ chiếu giảm dần",
  "12707164891740725109": "Kim Đê Hồ Tử - Tiểu Giải Nhi",
  "12707208548809154613": "Tửu Nhục Sơn Lâm Tam Phẩm Bảo Rương 6",
  "12707242264202667412": "Túy Quyền — BOSS Dã Ngoại (Giai Đoạn Một)",
  "12707273746579488412": "Giá trị nghi ngờ (Rơi ngẫu nhiên)",
  "12707294929912865239": "Thất bại",
  "12707301407732361282": "Túy Hoa Âm - Không Khí Tầng Một Phàn Lâu - Tân Khách Nam - Trước Võ Lâm Lục",
  "12707318309649482223": "Lời thề kết minh đất trời, đôi uyên ương nhỏ ngủ chung.",
  "12707360261404017037": "Trần Hiểu Hàn",
  "12707388578650441946": "Khai Phong Du Nhai Chu Biên - Bách Tính Nam - 12",
  "12707413913341924919": "Đang lấy dữ liệu",
  "12707430086114472260": "1.2.3. Tạm thời không hỗ trợ kiểm tra loại %s",
  "12707442622133144443": "Nấm",
  "12707443866710361224": "Liệt Hỏa Oanh Lôi",
  "12707451560640355000": "Phiền phức quá! Ai đấy!",
  "12707571918840608514": "Đồ ngốc! Bây giờ đám võ tướng và Đại nhân Sứ mật đang cãi vã dữ dội, ngươi không nghe sao? Lần này ta nhận lệnh cùng Đại nhân Sứ mật thiết yến, làm sao có chuyện tốt được?",
  "12707577228549756449": "Đơn vị đồng đội giảm 20% lượng chữa trị không tròn, tăng 30% chữa trị tròn.",
  "12707622864902548638": "Đánh dấu suy yếu Tam Nhân ảnh của Minh Kim",
  "12707644887419155782": "Điền Dã",
  "12707675279122158299": "Hộ Thân Phù",
  "12707692522343768849": "Trường Cảnh Niết Kiểm - Bạch",
  "12707738614802494791": "Hoa hướng dương",
  "12707767248779702653": "Thọ Xương Phường - Trác Phong Tử",
  "12707775396901606180": "Đào Cư nói xong tiếp tục tận hưởng núi sông.",
  "12707819775715468060": "Quản lý thành viên",
  "1270782852370209285": "Trong lối chơi Tập hợp ấm trà đỏ lần trước, đã trả lời sai làm lệch hướng 100 người chơi.",
  "1270783600497841384": "<Giảm sát thương ngoại công|780|#C|161> tăng 2.2%.",
  "12707836191419542452": "Phòng Chí Cường",
  "12707852054950539751": "Chuyển giao vật phẩm Bạch Thố ủy thác",
  "12707937925490054358": "Đứa trẻ bắt chước đại hiệp",
  "12707974177636629124": "Thời gian hồi tưởng",
  "12707982697657857072": "Điều tra",
  "12708059006452726166": "Một ngàn...... một ngàn......",
  "1270806161111656046": " Thường Tương Tư",
  "12708075551120330286": "Lời kết",
  "12708182162078601173": "Xin cáo từ",
  "127082152701052857": "Vẫn chưa có nghề",
  "12708229876048608805": "Không đúng... không đúng...",
  "12708262015514126143": "Thương nhân trên địa mạch sẽ bán hàng hóa quý hiếm, tuyệt đối đừng bỏ lỡ!",
  "12708304030290397677": "Bảo vệ thành",
  "12708340299017208962": "Xem cái khác",
  "12708344430484091701": "Thư bí ẩn",
  "1270835908421461092": "Ngưng thần chương",
  "12708422006474788578": "Thành Kỳ",
  "12708493223613951234": "Từ Giai Kỳ",
  "12708503506379636059": "Nhà xí",
  "12708508729931578981": "Sao gần đây hình như không nghe thấy tiếng than khóc nữa nhỉ? Chẳng lẽ ca ca...",
  "1270851230636697932": "Phục Mã Trang - Điểm Làm Mới Chiến Lợi Phẩm",
  "1270854034236222687": "Đậu Thuyết",
  "12708585872618849887": "Người ở Khai Phong phủ, nhà ở Thọ Xương Phường, tài sản khá giả.",
  "12708601369848734780": "Cổ Tư - Vi Lô - Bách Tính 4",
  "12708680765718737206": "Nỗi lo của Quân khí giám",
  "12708723931478541724": "Đây chính là",
  "12708764144100255429": "Hoa văn áo ngoài",
  "1270877888765076476": "Kiến văn",
  "12708811392565920530": "Phong cảnh Thanh Hà thật đẹp.",
  "1270884249828574137": "Tiêu Phi Dã cũng bày tỏ lòng cảm ơn với ngươi, bắt đầu suy nghĩ kỹ lưỡng.",
  "12708847026512952159": "Mọi thứ dường như đã kết thúc, có thể rời khỏi nơi này rồi.",
  "12708879602939562484": "Chế tạo thuyền vẽ",
  "12708892738157135084": "Sợi chỉ đỏ chui ra từ lỗ bên dưới",
  "12708895079996110119": "Biệt Quán - BOSS - Tường Vô Hình",
  "12708927123208722492": "Đối phương đánh giá ngươi một phen",
  "12708975159616943803": "Hỏa Bả 4",
  "12708997270198895932": "Diệu Diệu Miêu - Thu thập Hỏa Ma - Góc đông nam Bồ Đề Khổ Hải",
  "12709011379068958804": "Lộ Nhân Điền Sung 6",
  "12709016092169815283": "Bàn Mạt Chược",
  "12709066304783152225": "Dù sao ta thấy trồng thứ này rất tốt, các quý nhân ở Thọ Khang Phường và Phàn Lâu trong thành đều rất thích, còn có giá hơn cả dược liệu bán được nữa là!",
  "12709086154979728997": "Trong đối thoại chiến, dùng để giảm sát thương bình tĩnh phải chịu.",
  "12709101436856081126": "Tướng Quân Từ - Đạo Tặc Long Hổ Trại Cấp Độ Thế Giới A - Lục Lâm - Sơn Phỉ (Đơn Đao)",
  "1270910756721866236": "Sơn Nguyệt Tâm Sự · Lê thiên",
  "12709182794188052260": "Mô Bản Tường Vô Hình Trong Quỷ Thủ Động",
  "12709201433371220616": "Trang điểm · Trang sức mặt",
  "12709275646403185826": "Meo, meo meo meo!--Thông Tâm Bách Thú dịch--\"Nhị Hắc phụ trách phía đông!",
  "12709314143703188864": "Rút thẻ - Yển Tàn Hồng",
  "12709323659976383622": "Nhận được #G376%#E Khiên (Chịu ảnh hưởng của Kháng tính Nội Tà)",
  "12709333945112718946": "{2}\nTa có chút không khỏe, qua chẩn đoán của danh y {0}, bệnh ta mắc phải là {1}.",
  "12709400950485094930": "Du Lập",
  "12709426239062934199": "Ta biết rồi",
  "12709442700064006552": "Giới Bi",
  "12709447513405942721": "Nhận được từ khám phá đại thế giới",
  "12709452313164484674": "Phùng đại ca, sao trông ngài có vẻ mệt mỏi vậy... Không ngủ ngon à?",
  "12709518175598394205": "Ta thấy cô ta nói có đầu có đuôi, ngươi trộm dưa của cô ta, bị đuổi hai dặm, cuối cùng giấu quả dưa đi và chạy mất, trông mong sau này lấy lại.",
  "12709534824156344": "Bạc hà não",
  "1270954274272689399": "Danh tính mục tiêu đặc biệt, e rằng sẽ gây báo quan",
  "12709600665565159995": "Độc thú",
  "12709671620601603057": "Bạch Khảo",
  "12709676057015030564": "Không rõ ràng...",
  "12709714412644366859": "Vương Tư Việt",
  "12709755426045872168": "Bệnh nội tạng liên tục tiến hóa và nặng thêm. #R Giảm 15% thuộc tính phòng ngự, tốc độ di chuyển khi cưỡi ngựa giảm 24%#E.",
  "12709782932649737302": "Ngọc Môn Quan Cứ Điểm Điểu Nhân",
  "1270981547674786200": "Khai Phong - Thừa Ân Trấn - Thảo Điếm",
  "12709862715185772083": "Phú nhân nam",
  "12709877298782585873": "Lửa",
  "12709935460786653135": "Vạn Cổ Nhất Nhân Điện - Bình An Kết - Mô Hình Không Tương Tác",
  "12709967382294988521": "Thiên Minh",
  "12710004733112636030": "%s Phong Nguyệt",
  "12710007471297156579": "Hạ Lan Bác Giản",
  "12710014591299764517": "Đinh Kỷ Văn",
  "12710023783176958074": "Bắn cung",
  "12710055771909924130": "Truy Quang Chi Nhân - NPC Không Khí Thường Trú",
  "12710125769069049722": "Bác Lãng Sa - Bạch Mã Tân (Giữa)",
  "12710147167027788452": "Tường Vô Hình BOSS Quỷ Công Tử Dã Ngoại",
  "12710148884895782379": "【Chính Thức】Trân Bảo Hạp Tam Phẩm - Võ Miếu",
  "12710155571067410621": "Vô Ưu Động - Quái Vật - Vô Ưu Bang - Số 3 - Đánh Lén Trong Giám Ngục",
  "12710191024845183282": "Yếm lót",
  "12710225397727762668": "Thọ Xương Phường - Lân Đài - Quan Viên",
  "12710293665899374943": "Ôi chao, đại ca, anh đang nói gì vậy...",
  "12710302109831039812": "Hả? À, ừm.",
  "12710326252686868606": "Tiểu Thạch Khối",
  "12710326813135131635": "Người không thấy quân liên lạc phải lập tức tránh xa đối phương!",
  "12710345683879371483": "Chu Vũ Lâm",
  "12710377494238916587": "Đối thoại",
  "12710468326141664519": "Lý Gia Đống",
  "12710516270667969446": "Diệu Diệu Miêu - Quỷ Hỏa",
  "12710654721786127595": "Tuyết Dạ Định Sách",
  "1271066342202549157": "Trong 4 phút, giữ cho bản thân sống sót, không bị đánh gục",
  "12710734636742409074": "Văn Thạch",
  "12710752810699461559": "Khai Phong Thám Sách Độ Mãn Tưởng Lệ Hồng Bao",
  "12710766449703213452": "Giang Lăng",
  "12710790887409306050": "Nhấn: Né tránh\nNhấn giữ: Chạy nhanh/Bay tường",
  "12710814876687237360": "Hoàng Lạc Tư",
  "12710830648698902409": "Đúng vậy! Chú Cửu rất hoang dã, Ban Quân Trọng Phong ban đầu quanh cô, thấy cô lại đau đầu.",
  "12710847051537010157": "Khai Phong Chủ Tuyến",
  "12710856813019117480": "Thiên Phật Thôn Kỳ Thuật",
  "12710871346633275153": "Mô Bản Tường Vô Hình",
  "12710886280589610775": "Chu Nhất Chu",
  "12710921187996896425": "Phòng Chí Cường",
  "12710969246729974476": "Dung Lô - Vị Trí Biểu Diễn Quân Doanh 3 - Sĩ Binh Có Thể Đánh Lén Giết - Đứng Gác 1",
  "12711000324985848016": "Huỳnh Uyên - Ngoạn Pháp Đẩy Nến - Trống",
  "12711020502200146473": "Lục đoạn",
  "12711035548522131214": "【Chính Thức】Bảo Rương Mộc Chế Tứ Phẩm - Khai Phong",
  "12711037902120797815": "Lục Kháng Ca",
  "12711048600386316229": "Hồi Tố",
  "12711110413971501162": "Nói xem, xem ngươi có thể thuyết phục ta không",
  "12711133604752613820": "Tàng Hiền Cương - Điểm Làm Mới Chiến Lợi Phẩm 190",
  "12711138311521964795": "Thanh Hà - Cấp 4",
  "12711184182178681251": "Di Chỉ Bắc Minh Hậu Tục - Liệt Bất Diệt",
  "12711187951549205350": "Mở khóa",
  "12711200001536611049": "Khách quý Túy Hoa Âm",
  "1271121907550594400": "Đoàn Xích Lõa Nam Nhân 5",
  "12711231907686453070": "Ta",
  "1271124170710121935": "Kháng lại kỹ năng nói lý, giảm sát thương nói lý 10%",
  "1271133324673946587": "Giải",
  "12711335855736166096": "Chu Vũ Lâm",
  "12711375059320672170": "Thọ Xương Phường - Hồ Nhân Tuần Tra",
  "12711381755503222505": "Đáng tiếc, nếu Giang Đại Hiệp có thể thành một cặp với Hàn nương tử, có sự ràng buộc, có lẽ sẽ không còn muốn nhúng chân vào vũng nước đục giang hồ nữa.",
  "12711391513162927197": "Tấn công Minh Kim tăng #Y50#E-#Y100#E。\n<Xuyên thấu Minh Kim | 780 | #C|154> có thể dựa vào tấn công Minh Kim tối đa để tăng thêm, hiện tại đã tăng #Y{1:.1f}#E điểm. Để đạt đến giới hạn tăng thêm cần #Y334#E điểm <Tấn công Minh Kim Tối đa | 780 | #C|151>(Hiện tại $STEADY_MAX_PRO_ATK_A:.1f$) .",
  "1271142257092926110": "Hoa Gian Khách",
  "12711434769933600919": "Khì, lớn tiếng là không được à, theo ta thấy, chưa chắc ai thua ai thắng!",
  "12711445834057873847": "Nữ Thường Dân - Cầu",
  "12711550619194138440": "Được rồi, ta đã nói hết cho ngươi nghe rồi... Khuyên ngươi nên giữ mỏm, chỉ cần có nửa tin đồn lọt ra ngoài, e là cả ngươi và ta đều gặp họa!",
  "12711691683106267008": "Theo thời gian trôi qua, sau nhiều lần tìm kiếm vô ích, dân làng đã mặc định rằng người thân của Lục Tật Quán có lẽ sẽ không trở về. Nhưng Tô Hợp không tin, cô tin rằng anh trai mình vẫn còn sống, nhưng sự thật có thật sự như cô đoán không?",
  "12711758622756195627": "Khai Phong Kiếp Ngục - Bổ Khoái 1",
  "12711783548519037517": "Phong Khâu Thôn - Thủy Mộc Phân",
  "12711810979588154230": "Hướng Kính Cách",
  "12711841570187236687": "Ghi lại sau khi nói chuyện với Vạn Quán",
  "12711862226824484058": "Nhặt",
  "12711883704738195363": "Tỷ lệ tăng tích lũy tuần này %s",
  "12711926000619780079": "Điền Anh Trấn Thủ Cấp 11 Ngũ Âm Trang Bị Ngoại Lệ",
  "12711927041055165135": "Hắn râu ria xồm xoàm, tay cũng rất bẩn, trên tay đầy vết thương chồng chất.",
  "12711933280125847965": "Thiết Khoáng - Nguyên Khối",
  "12711949297122481036": "Điều kiện đột phá cấp độ Chế độ đơn nhân · {0} đã đạt được",
  "12711956571531129629": "Khai Phong Chủ Tuyến",
  "12711959058548587382": "Thiên Sơn Pháp",
  "12711968131044600334": "Viên Quốc Chấn",
  "1271198894630579173": "Võ Đạo Gia",
  "12712013930834374946": "Noãn Thạch",
  "12712016893478450522": "Khách nhân cứ xem, ở đây có vật ngài cần không.",
  "12712111518254424638": "BOSS Vũ Sư Dã Ngoại Phạm Vi Chiến Đấu Tường Không Khí",
  "12712125181357430999": "Đang tải",
  "1271215267938760476": "Độ Khó - 【Mặc Sơn Đạo】 Khê Khiêu - Kỳ Lân Giáp",
  "12712187448329922572": "Đây là chứng động kinh, thường gọi là bệnh điên dại (dương điên phong), là một căn bệnh mãn tính do sự quấy nhiễu của khiếu vũ não bộ, dẫn đến Nguyên Thần mất kiểm soát, thần cơ tán loạn, xuất hiện rối loạn chức năng tạm thời.",
  "12712198213609706861": "Lữ Giai Nam",
  "12712274807609992076": "Sát thương đoạn bốn trọng kích",
  "12712290123507234143": "Chạm vào {}",
  "12712360974004490650": "Cơ Quan Ốc - P1 Cánh Xoay",
  "12712381198644009499": "2-2 Đoạn Vị Phần Thưởng",
  "12712401461490857031": "Dưới Hiên Treo - Lao Dịch 13",
  "12712473245363788115": "Không cần không cần, giao cho ta là được.",
  "12712478194838799732": "Kỳ Vật Giám - Lớn",
  "12712502924173773457": "Sơn Tước Noãn",
  "12712538794031130371": "Ngươi thật sự có cách sao?",
  "12712609468509974491": "Diệu Diệu Miêu - Cắt tre cơ quan - Thái Bình Chung Lâu bán sơn腰 40",
  "12712704964435406404": "Chủ chỉ:",
  "12712715727473884755": "Khai Phong Phủ - Đại Sảnh - Quan Binh 41",
  "12712732341800082947": "Thông thường",
  "12712758826930642809": "Đánh bại Trịnh Ngạc",
  "12712834800810841962": "Túy Phong Tẩu Tửu Quán ngoại hình ngẫu nhiên",
  "12712837067868886657": "Mông Danh Hằng",
  "12712851418529619683": "Tâm thủy",
  "12712950808115881376": "Phát phần thưởng cấp Đại Thần Quần Anh Hội",
  "12712998844699965033": "Cổ Ty - Ảnh Bích - Bách Tính 15",
  "1271300843542092868": "Điền Dã",
  "12713023733886185179": "Trong lúc #Y【Truy Phong Kích của Vô Tướng Hoàng】#E kéo dài, người chơi có thể kích hoạt thêm sát thương {c_start}{a_di}{c_end} điểm, khoảng cách kích hoạt 0.5 giây, hồi chiêu 20 giây",
  "1271304688808427004": "Có muốn khôi phục thông số tạo hình khuôn mặt hiện tại về mặc định không?",
  "12713057386369991736": "Di chuyển tâm ngắm đến bản vẽ, nhấp chuột để điền nhanh, tiêu hao số lượng bộ phận.",
  "12713085142488630628": "Đang tải",
  "12713096104245912360": "Thiên Sơn Pháp",
  "12713117766947049322": "Chuyển màu",
  "12713139171492552559": "Tiểu Hàn",
  "12713159698463085521": "Trần Thời",
  "12713178918651230724": "Khu vực hợp pháp của Vô Danh Tướng Quân",
  "12713200113966358418": "Độ phồn vinh Bách Nghiệp",
  "12713201189271797160": "Bách Nghiệp-Nhà tắm-Tổ hợp kiến trúc Phong cách số 1",
  "12713262222980768215": "Thái Nhạc Đài Đại Sảnh Bàn Điều Khiển",
  "1271331455101814293": "【Chính Thức】 Bảo Rương Thiết Chế Nhị Phẩm - Khai Phong",
  "12713335698152088861": "Đợi câu hỏi tiếp theo",
  "12713364382019434838": "Đối thoại",
  "12713377752737468250": "Đại ca, huynh làm sao vậy?",
  "1271339596367841674": "Tập trung tinh thần",
  "12713426814929992250": "Người quân tử thì thản nhiên, kẻ tiểu nhân thì lo âu triền miên. Ngươi hết lần này đến lần khác ngăn cản ta báo quan, không biết ngươi muốn làm quân tử hay tiểu nhân?",
  "1271347295447902820": "Kinh hủy mạch tàn · Cửu trọng",
  "12713477710418769098": "Đối phương đang đánh giá ngươi từ trên xuống dưới",
  "12713480636435443286": "Nghe nói nếu kinh nghiệm đủ, dung mạo xinh đẹp và tạm thời không có môn phái, du hiệp có khả năng nhận được thư mời nhập môn Túy Hoa Âm, nếu ngươi nhận được thư mời, không ngại mở ra xem.",
  "1271350037454887353": "Phá Toái Dùng Để Giải Đố - Đống Đá",
  "12713521730479399307": "Lang Trung - Thái Y Quán",
  "12713526251163701895": "Dư Tu Văn",
  "12713533630830913616": "Tăng cường tấn công",
  "12713632759677706415": "Viên Quyền Vĩ",
  "12713676692823846786": "Chưa gia nhập tổ chức Bách Nghiệp",
  "1271371604935974895": "Phần thưởng hoàn thành",
  "12713748537573588246": "Cửa hàng chưa mở",
  "12713770515719812257": "Gà Trống",
  "12713850224873193620": "Hãy xem thể chất của ngươi",
  "12713881618177184279": "Thời gian gió xuôi đẹp hơn",
  "12713909890243354306": "Hậu bối, uống một ly không?",
  "12713921181453273944": "Hoa lạnh lẽo buổi sớm nở tối tàn, nếu nán lại quá lâu bên cạnh, hàn độc xâm thân, e rằng sẽ nguy hiểm đến tính mạng.",
  "12713946960899653081": "Ngươi đóng chặt cửa sổ, bất lực đi đi lại lại, bà rùa nội vừa khóc vừa cười, Phúc Lộc Thọ đều ủ rũ.",
  "12713978714283653654": "Khổ Hải Bồ Đề ở Thiện Diệu Châu, đã hoang phế từ lâu nhưng đột nhiên vang lên tiếng trống? Hay là ghé qua xem thử.",
  "12713992082811405251": "Tán gẫu",
  "12713999843212046088": "Trần Gia Tranh",
  "12714005330181096108": "Câu Lan Khu Cửa Hàng 1 - Tấm Nền Tĩnh",
  "12714065233376372516": "Kiêm Tế Thiên Hạ - Trương Vô Dụng",
  "12714084343604062764": "Hỏa Hạc Hoa 01",
  "12714104010547813684": "Gọi theo",
  "12714168538307046983": "Khách nhà gà",
  "12714179192319240408": "Biệt Quán - BOSS - Tường Không Khí",
  "12714280664397489546": "Hoa Gian Khách",
  "12714333849440179836": "Xích Sắt Hộp Động Lực - Chuyên Dụng Cho Chuông Lặn",
  "12714382368531781244": "Không rõ...",
  "12714425825848583149": "Trung Sơn Di Chỉ - Môn",
  "12714426644573840897": "Kim Minh Trì - Cửa Sắt Hạn Chế",
  "1271446561238083501": "Địa lý · Di tích Bắc Minh",
  "12714469113509727972": "Phần Thưởng Thử Nghiệm Điểm Danh Tháng 5",
  "12714520284555966046": "Khai Đàn Yến - Bất Tiện Tiên Trẻ Con Nô Đùa 4",
  "12714542491927027694": "Các ngươi đàn ông",
  "1271454724073484100": "Vậy vị quan đang ở triều đình hiện nay...",
  "12714587822337878521": "Khai Phong Quỳnh Lâm Uyển",
  "1271463369467541544": "Quân tử có điều nên làm, có điều không muốn làm.",
  "12714636945065870882": "Cơ bản",
  "12714650690478374408": "Sinh Thái Vật Chủng",
  "12714651932945080362": "Sổ tay của Chủ y sư",
  "12714666689458209354": "Hoàn thành 1 lần học lén (ngoài nhiệm vụ chính chương)",
  "12714675396104464737": "{2}\nTrong người có bệnh nhẹ, qua chẩn đoán của danh y {0}, căn bệnh ta mắc phải là {1}.",
  "12714709232270944142": "Hoán Thạch Phổ - Điểm Tái Sinh Chiến Lợi Phẩm",
  "12714718612356509450": "Xuyên thấu Minh Kim",
  "12714729043763565711": "Bất Bình Sinh",
  "12714734796610343562": "Ùn Nê - Lớn",
  "12714775213132141316": "Huyễn Ca Bách Mục Liên Của Từ Tâm Trấn",
  "12714795572577955621": "NPC Thành Nam Thử Nghiệm",
  "12714807487748796656": "Trầm mặc",
  "12714892273947939547": "Xác suất mắc bệnh lý thần trí khi giá trị bệnh nặng thấp hơn#Y20000#E là#Y-2%#E",
  "12714894103065143651": "Đối thoại",
  "12714940135879739543": "Đối thoại",
  "12714960200960224810": "Nàng nói xem, cô nương Bạch Nhung kia có lẽ...",
  "12714960671126252303": "Thời gian duy trì của #Y Lệnh Thù Hận#E được Thi Triển <Dẫn Đao Kéo Dây|781|#C|20701|20701002> gây ra được kéo dài thêm #Y5#E giây, đồng thời hồi phục #Y20#E điểm Ân Tự Bài.",
  "12715002597464076768": "Dịch Hề",
  "12715010130140470874": "Hồi Tố - Vô Danh Tướng Quân - Hiệp Danh Nhất Giai",
  "12715023666851271787": "Có thể tặng cho Hiệp Duyên, sử dụng sau tăng 10 điểm giá trị Hiệp Duyên.",
  "12715055123231604943": "Phủ Đại nhân",
  "12715066344045804666": "Lần thứ ba số lần Cân",
  "12715111912191905691": "Người dân Đông Thành",
  "12715119126893348826": "“Đây là bánh ngọt ta thích nhất, ta tặng nó cho ngươi, ngươi có thể trả cha ta lại cho ta không.”",
  "12715124101682401808": "Thế lực chiếm đóng: Huyền Nguyên Giáo",
  "12715131017693130204": "Ngươi nhìn cái gì?",
  "12715144025336239054": "Nghỉ thêm một khắc nữa, chúng ta sẽ đi thay phiên gác cho anh em ở đồn gác!",
  "12715223599316612489": "Khai Phong - Thiên Thượng Lai - NPC Bầu Không Khí - Lão Nhân Xích Long Đường",
  "12715233170484335832": "Liễu Trưng Chi",
  "12715242398714854720": "Tiểu Thạch Khối",
  "12715250129163394631": "Hây! Ra tay vội quá, quên cược thắng thua với cậu, nếu không đã có thể hòa cả hai bên! Hòa cả hai bên, chính là thắng hai lần! Hây!",
  "12715292956424368742": "Mãn Sơn Hồng",
  "12715298105381861106": "Thiên Nhai Khách",
  "12715308578577696931": "Ngứa ngáy",
  "12715314337199550559": "Khó hỏi Thanh Khê",
  "12715321272469163574": "Quỷ Thị Tử - Âm Binh Tá Đạo - Đăng Lồng",
  "12715330841238020057": "【Mèo_Màu Trắng_Mèo Thường】-Ngũ Cửu",
  "12715360118128391331": "Ngô Hưng Bình"
}