{
  "12871444506751778001": "Thọ Xương Phường - Lão Phú Ông",
  "12871485424549177363": "Văn Thạch",
  "12871486810720343872": "Mẫu Tường Vô Hình bên trong Quỷ Thủ Động",
  "12871496511141402385": "Bàn Thạch Quyết",
  "12871503398873704181": "Đang tải dữ liệu",
  "12871505075661816527": "Sau thảm kịch xảy ra ở Bồ Đề Khổ Hải, không ít gia đình trong trấn đã mất đi trụ cột. Lão cha của #a66829 Dân làng Từ Tâm Dương Nhất Tiên#E được Thiền sư Diệu Thiện mời đến khai đá ở Tháp Tội Nghiệp, từ đó không có tin tức. Dương Nhất Tiên đã sớm không còn hy vọng tìm lại cha mình, nhưng điều ông không quên chính là tiền công khai đá đó, nghe nói cha ông có một cuốn #a66829 sổ sách cũ thất lạc#E, thường mang theo bên mình. Nếu tìm lại được sổ sách, đó sẽ là cơ sở để đòi tiền công.",
  "12871552202130680242": "Trộm Học - Cuồng Lan - Đệ Tử 1 - Canh Gác",
  "12871638085816253248": " Hàn dì... dì vẫn ổn chứ, cái gã Y Đao kia nói về Sở Thanh Toàn là ai vậy? Và Hắc Thủy Thành mà bọn họ nói là ở đâu?",
  "1287168177944545520": "Thiếu Niên Người Chơi - Tổ Thứ Ba",
  "12871708965596793923": "Viên Mẫn Hồng Hạo",
  "12871730368753485982": "Đối thoại",
  "1287175801753226753": "Binh Sĩ Dùng Để Bổ Sung",
  "12871791572443170010": "Cao",
  "12871792931317283562": "Bạc Lãng Sa - Vuốt Mèo 9",
  "12871836316512621350": "Sử dụng vật này, có thể nhận được ngoại hình tương ứng.",
  "12871841034398820081": "Hồ Tử Kim Đê - Đinh Cát Ông",
  "12871842256041584155": "Thái Bình Chung Lâu - Điểm Tái Sinh Chiến Lợi Phẩm 6",
  "12871849672985690542": "Hồ Kiện Lực",
  "1287187592640271701": "Ngọn đèn tắt, có thể được thắp sáng bằng lửa",
  "12871928693574650736": "Có vệ binh Long Xà Bang? Ta đến xử lý.",
  "12871931771680011977": "Sách nói",
  "12871942976465629457": "Phá Sơn Trệ Địa",
  "12871964008936988933": "Quần Hiệp Diễn Võ",
  "12871989917325787769": "Nhậm Tuấn Lâm",
  "1287200615557602852": "Dế",
  "1287203680616124890": "Nơi thần bí",
  "12872047520327774051": "Bách nghiệp tổ chức xây dựng thêm thành phần 315",
  "12872098286816010114": "Văn Lại Chi Thanh - Khối Đá 1",
  "12872136735858659446": "Trương Chấn",
  "12872142797684593090": "Sử dụng vật này, có thể nhận được ngoại trang tương ứng.",
  "12872173277001348523": "Triệu Vĩ Nghiệp",
  "12872173774530431832": "Đuôi Dài",
  "1287217807733357294": "Tiểu Kịch Trường - Tửu Xưởng So Tài - Túi Tiền",
  "12872266731572251536": "Khúc Kính Tầm U - Thiện Diệu Châu - 9",
  "12872340075165379011": "Khối Đá Nhỏ",
  "12872389162430921591": "Thứ Tư",
  "12872523556348402450": "Ai he, nói ra ngươi thật sự không muốn biết sao nhé ~ Bí mật của Hoạt Nhân Y Quán đó ~",
  "12872654305842621611": "Cần câu bên phải",
  "12872723449994527796": "Quyền hạn chiêu người của bang phái",
  "12872737126083419521": "Vạch trần Giả Công Tắc",
  "1287274152217382338": "Đưa hắn đi, mau, lập tức đưa hắn đi!",
  "12872742975261879430": "Thừa Ân Trấn - Sinh Thái Vật Chủng",
  "12872759718962910037": "Hoa Tình song sinh, chia hai thuộc tính âm dương. Khi chạm vào sẽ mắc bệnh đặc biệt, thỉnh thoảng phải chịu đựng nỗi khổ tương tư. Cần tìm một thiếu hiệp mắc 'Độc Hoa Tình - Âm' để lập đội cùng đến địa điểm đặc biệt, tọa thiền trị thương là có thể giải độc.",
  "12872770624885237010": "Định để tướng quân Bạch Đầu chạy thoát, đáng tiếc tướng quân từ chối, sau này để tưởng niệm chủ nhân Hồ Dương Tập nên đã phá hủy sa thuyền.",
  "12872784562903857455": "Trần Gia Tranh",
  "12872807654942448964": "Ư...ư...",
  "12872939531164592107": "Cửa Trí Tuệ Thiên Chí Trường Lang",
  "12872941147351519756": "Tuần Dương Khúc",
  "12873001711115125670": "Góc độ",
  "12873012498197667662": "Giam Ngục - Bầu Không Khí - Hồng Dương",
  "12873020082546399594": "Đối thoại",
  "12873063125839682318": "Tường Vô Hình Ngắn",
  "1287308244502429398": "Tự động giải trừ sau khi rời khỏi Phong Sa Tửu Quán!",
  "12873084208985009386": "... Là lão tử nói đi.",
  "12873099746101720294": "Liệt Thạch",
  "12873156263453196587": "Nhận được từ cửa hàng",
  "12873157952629372652": "100 Trường Minh Ngọc + 30* Hộp Quà Văn Sĩ Thủ Trát",
  "12873165616543219453": "Lâm Tân Độ - Lục Ngọc Phương",
  "12873177710859247837": "Ngự Uyển Nam - Yến Điện - Lang Kiều Xem Múa 1",
  "1287330559317598011": "Cành Cây Nhỏ",
  "12873316116997441486": "Chăn Thả",
  "12873377265968381134": "Hiệp sĩ vườn lê",
  "12873397075655018176": "Điền Anh Giai Đoạn Một - Phiên Bản Nhàn Rỗi",
  "12873411294012953784": "Loạn cục",
  "12873430122362876995": "Lý Gia Đống",
  "12873433506300149282": "Khách du lịch đến dự Yến tiệc Khai Đàn, thích nhất là những thứ trong ly.",
  "12873543331269550074": "Trần Hiểu Hàn",
  "12873588826880952384": "Vọng hương khách",
  "12873652388584091115": "Đạo nhân mộng lừa",
  "12873669469574372424": "Mẫu Tường Vô Hình",
  "12873706828315334944": "Sao lại không phải? Ta dò hỏi rõ rồi, đi về phía Tây Bắc, có một nơi cực nhiều mèo, hẳn là nơi Miếu Diệu Diệu ở.",
  "12873741911444261461": "Tứ Quý",
  "12873745673654290259": "Sinh Thái Vật Chủng",
  "12873751730578801354": "Song Nhi",
  "12873855040303877077": "Hoang Thực Lâm - Điểm Tái Sinh Chiến Lợi Phẩm 377",
  "12873894788696317965": "Nhậm Nhẫn",
  "12874018386220779202": "Thay đồ",
  "12874022114250296558": "Nhiệm vụ khu vực",
  "12874041737828356446": "Khai Phong Võ Quán - Ngoại Môn Đệ Tử - Chung Dũng",
  "1287406327081582859": "Đối thoại",
  "12874065496622627589": "Có thể dùng để lĩnh ngộ tâm pháp.\n#YKỹ năng bị động: #E Khi thi triển Tuyệt Kỹ Khí Mệnh, có thể hồi phục khí huyết giá trị bằng 8% lượng sát thương gây ra.",
  "12874088813928673535": "Thiêu Từ Lĩnh - Điểm Tái Sinh Chiến Lợi Phẩm Mới Thêm 45",
  "12874109010197830557": "Căn bắn",
  "1287411674697719660": "Khử độc hóa ứ",
  "12874133867454661928": "【Giới Bi - Truyền Tống】 Tú Kim Lâu - Bất Tiện Tiên Đông Nam",
  "12874134212823766370": "Thanh thanh bình thường bị ta cưng chiều quá mức, nếu gây ra chuyện, ta sẽ thay nó tạ lỗi.",
  "12874146514473328197": "Chu Vũ Lâm",
  "12874172788466855112": "Làm theo đứa trẻ đến vườn hoa, tìm manh mối tại hiện trường án mạng, cẩn thận đừng để lọt vào mắt lính canh.",
  "12874184015329121575": "Tầm Long Kiến Bảo",
  "12874238592467885615": "Dân Làng Phong Hòa",
  "12874290665740637550": "Tường Vô Hình Chiến Đấu Giai Đoạn Hai",
  "12874307312396628569": "Tìm người",
  "12874325662135529334": "Nữ Phú Hộ Có Áo Khoác Ngoài - Ngẫu Nhiên",
  "12874348684032791548": "Thiếu Đông Gia, lại đây ngồi nghỉ một lát không?",
  "12874394283153757591": "Hà Kỷ Hi",
  "12874415543632190402": "Trương Tiêu Nặc",
  "12874453237843575582": "Tiêu diệt cứ điểm, hoặc cải trang thành giáo đồ tiến vào cứ điểm, đều có thể nhận được phần thưởng lần đầu phá quan. Khi nội lực đủ mạnh, có thể nhận được phần thưởng thảo phạt.",
  "12874468401128529624": "Ừm... nghe có vẻ không ổn, sau đó họ đã...",
  "12874475504064936512": "Dầu tôi luyện",
  "12874512198714696725": "Hây",
  "12874609594400003496": "Loạn đảng à",
  "12874610882137557796": "Thuyết Minh Hoạt Động Thuyết Minh Hoạt Động Thuyết Minh Hoạt Động Thuyết Minh Hoạt Động Thuyết Minh Hoạt Động Thuyết Minh Hoạt",
  "12874612453456950875": "【Thường Bình Thương Trấn Thủ】 Đại Tống Quan Binh - Thương Binh - Thường Bình Thương Thủ Vệ",
  "12874625685112591662": "Khai Phong Phủ - Đại Sảnh - Tiểu Quan 2",
  "12874743456959184665": "Đang tải",
  "12874804263471861461": "Tạm thời - Đối thoại Hà Tân",
  "1287481260482877762": "Hoàn thành nhiệm vụ mở khóa #e9a358Dịch chuyển#E",
  "12874828125528367672": "Trong chuyện kể thường nói anh hùng cứu mỹ nhân…… Nay, Bất Tiên Lai một đám khách du hành từ ngoài đến, đang tìm vệ sĩ cho tiểu thư của họ. Chẳng lẽ, ngươi trùng hợp gặp được cơ hội anh hùng cứu mỹ nhân?",
  "12874829502522613043": "Quý phủ phu nhân, kết giao tốt với vợ của Lý Sùng Cử, thường đến phủ uống trà tán gẫu.",
  "12874830212014384325": "Dịch Khải Ninh",
  "12874940569393221154": "Khu vực cuối Ký Quan Chủ",
  "1287495540606954799": "Quả trứng do con ngỗng này đẻ ra có thể ấp nở thành ngỗng con.",
  "12874986698944040357": "Trò chuyện",
  "12874989404131771701": "Dế",
  "12875005405212319700": "Người khác cầu cả đời, chẳng qua cầu một tiếng danh lưu thiên sử. Các ngươi thì hay thật, chết rồi còn không cần danh tiếng.",
  "12875084525334096073": "Thái Y Thự - Bệnh Phòng - Thanh Khê",
  "12875099281618772425": "Điều Mục Bác Vật 7, Phần Thưởng Hạng 1",
  "12875117450451428482": "Hà Kỷ Hi",
  "12875161707126979488": "Trương Tiêu Nặc",
  "12875177769000097399": "Ếch",
  "12875193477523675612": "Tôn Hạo Thanh",
  "12875209858244224555": "Hang đá được đào ở chân núi Võ Miếu, là hang phụ kèm theo Võ Miếu, tượng chính giữa là Võ Thành Vương Khương Thái Công, trong số các tượng phối thờ \"Thập Triết Võ Miếu\" không có bóng dáng của Bạch Khởi.",
  "12875219872850662572": "Lý An - Khách Trạm",
  "1287522206222902423": "Giải mã thất bại, trận pháp khôi phục lại như cũ",
  "1287522516721522962": "Không biết nghe tin từ đâu, nói rằng, Thanh Hà có rất nhiều nô lệ khỏe mạnh.",
  "12875328427297732142": "Ngư ông trên sông",
  "12875330374223858446": "Chu Vũ Lâm",
  "12875405480206077580": "Leo trèo",
  "12875411246303569072": "Thử thách: Diệp Vạn Sơn",
  "12875482941203270779": "Chỉ tướng quân mới chết",
  "128755001190788081": "Ngươi đưa Tiểu công tử rời khỏi Ẩn Long Uyên, quay về nơi ẩn náu của Trịnh Tiểu Xà nghỉ ngơi một lát.",
  "12875546066420537516": "Mở khóa nhiệm vụ thí luyện",
  "12875574539952968299": "Thanh Sơn chấp bút",
  "12875574549196131735": "Lá Hình Quạt",
  "1287558254867560701": "Thả tất cả kẻ địch và vật phẩm",
  "12875620088388347891": "Sinh thái vật chủng",
  "12875632071543968964": "Con ngựa đẹp quá! Thật sự cho ta sao? Không được thất hứa nha! Ta phải đặt tên cho nó, ừm tên là...",
  "12875652108796439927": "Thái Bình Chung Lâu - Điểm tái sinh chiến lợi phẩm 41",
  "1287571138837489722": "Phiếu Ngoại Quan Không Cần Cày",
  "12875736504049296728": "Sinh thái vật chủng",
  "12875742482762063467": "Thọ Xương Phường - Thái Nhất Cung - Quan Viên",
  "12875842412533719020": "Khách quan, nhớ hương vị bánh bao hấp rồi à? Hì hì...",
  "12875853462227834910": "Thành Tựu Biên Hiệu 101047",
  "12875893212257295837": "Ngươi đúng là đồ cứng đầu",
  "12875898554791073040": "Hà Kỷ Hi",
  "1287592779569988934": "Hồng Câu Cổ Cừ - Công Nhân - Đào Đất 2",
  "12875945160647911389": "Được lắm, vậy ta sẽ bắn trúng vài con nữa, lát nữa nấu canh cho nữ hiệp của chúng ta!",
  "12875958032638759002": "Nòng nọc",
  "12875982965378445023": "Đối thoại",
  "12876074197797933029": "Điều tra hiện trường vụ án",
  "12876117792665169502": "Dung Lô - Kết Thúc - Ghế Của Triệu Đại Ca",
  "12876128542250171855": "Võ Thành Vương Miếu - Khu Phối Điện - Quan Binh 1",
  "12876128801183179606": "Nhiệt đới",
  "12876159180118329890": "Đi đến",
  "128761664588749727": "Thưởng Thu Thập Khu Vực Cấp Ba 3",
  "12876209356132814938": "Ngươi sờ sờ ví tiền của mình",
  "12876267878526224292": "Quầy bán hàng rong",
  "12876279376964137819": "Kiểu tóc - Một",
  "12876301682223374654": "【Âm】Tâm Từ Trấn dưới lòng đất",
  "1287630804121294353": "Tiến lên dẫn đầu",
  "12876343767457860543": "Đinh Kỷ Văn",
  "12876348376799188430": "Tông sư - Nam Trúc Biệt Viện",
  "12876356112782985473": "Đinh Kỷ Văn",
  "12876359810638279992": "Thiên Tuyền Chi Đao không phải binh khí của quốc gia, không phải khí cụ của quyền quý, chỉ nguyện vì nghĩa mà xuất kiếm. Pháp luật không thể trói buộc họ, đạo đức cũng không thể định luận họ, họ cướp của người giàu giúp người nghèo, lấy ngàn vàng vì nghĩa, theo đuổi chẳng qua là không hổ với trời đất, không hổ với lương tâm của mình.",
  "12876366421984227086": "Phẫn nộ",
  "12876418850555660321": "Vô Tướng Hoàng",
  "12876421168101375743": "Bắn cung - Quỹ đạo tên lửa",
  "12876423218425926709": "Sử dụng khi điểm số thiên phú Chỉ Ca trong Luận Kiếm giảm xuống #Y{}#, lần đó sẽ không bị trừ điểm (Thiên phú Vô Ngã Luận Kiếm · 1200 điểm trở lên không thể sử dụng)",
  "12876451794756633075": "Trong lượt này, tăng thuộc tính Khí Liệu #G8%#E, biến mất khi kết thúc lượt",
  "12876458762145953197": "Phong Thất Tùng bày tỏ lòng cảm ơn đối với ngươi, bắt đầu suy ngẫm kỹ lưỡng.",
  "1287655707239996162": "Phòng Chí Cường",
  "12876557112930478384": "Ha! Ngươi cứ tìm sâu vào trong đi! Nhưng dưới lòng đất này, không yên bình như trên mặt đất đâu…",
  "1287658269181007880": "Đạt An Thôn - Thi Thể",
  "12876599858056206134": "Võ Lâm Lục - Điền Tề",
  "12876619329250237214": "Tranh Phong 2v2",
  "12876622693553070401": "Gửi đến Du Hiệp:\nPhần thưởng độc quyền trên nền tảng Douyin của bạn đã được gửi, vui lòng kiểm tra.",
  "12876694193967562034": "Chỉ Nhân Yêu",
  "1287671264288904531": "Nhất Diệp Bình Sinh - Khu Thương Phố Đông Phường - Bảng Nền - Khất Cái",
  "12876720403980909222": "Lý Trạch Hạo",
  "12876746889246401975": "Phần thưởng nhiệm vụ hoàn thành",
  "12876756513037884922": "Hồ sơ trận đấu",
  "12876775477407954833": "Xem",
  "12876798329607320921": "A Ngư, A Ngư cẩn thận, từ sau sự việc ba năm trước, mạch nước ngầm đã bị hỏng, người kia không cứu được nữa.",
  "12876848042979663894": "Tài tình",
  "12876880935376040182": "Tín đồ bị sứ giả Phật Hoa điều khiển, ngu muội vô tri, mỗi ngày đi lại trong trấn, gặp ai cũng tuyên truyền lợi ích của Phật Hoa.",
  "1287691826654732818": "Đại Thế Giới - Lang - Yếu C",
  "12876919199332379965": "Giới hạn thời gian",
  "1287692648285139515": "Lưu Vân · Tam",
  "12876972090441320554": "……Ê, nói khó nghe một chút, Hưng ca không làm nông, chẳng phải hoàn toàn dựa vào làng nuôi sao.",
  "12876976007570506078": "Lăng Giai Hân",
  "12876997898040266063": "Bạch Gia Hương Phô",
  "12877000067108846808": "Tên BOSS phụ bản dự trữ",
  "12877025861072847672": "Hơn nữa ta cũng không phải là không có việc gì làm. Ở đây mỗi ngày ta đều nghĩ về những câu đố mà Lạc Thần để lại thì đã rất mãn nguyện rồi.",
  "12877035185979915514": "Tiểu Tư Minh",
  "12877058622215798009": "Tương Tác - Mộc Diên - Lâm Thời",
  "12877094465397608046": "Đề bạt",
  "12877150102919565253": "Bảo Rương · Thanh Hà",
  "12877192831613800763": "Ngươi đang làm thuốc à?",
  "12877248190368218129": "Bách Nghiệp chiến đơn cục liên tục giết 10 người chơi",
  "1287734752549392108": "Chu Nhất Chu",
  "12877357824336894481": "Quản lý quán câu cá",
  "12877382462563048152": "Không rõ...",
  "1287741412113204479": "Trộm Học - 4 - Vô Quy Đoạn Huyệt Thuật - Sư Phụ",
  "12877417748562464025": "Cổ Tư - Vi Lô - Bách Tính 11",
  "12877419966455116627": "Nhấn giữ để xoay",
  "12877451455942274301": "Khu vực mạt chược (dùng để đối thoại)",
  "12877507407791020391": "#Y{}#ETừ chối mở#Y{}#E",
  "12877523915226077723": "Một đoạn",
  "12877539404749989827": "Tiêu hao thể lực câu cá {1} lần",
  "128775547647991826": "Chưa đặt cấu kiện, xác nhận rời khỏi mặt phẳng thiết kế bản vẽ?",
  "12877665847840103117": "Bán hàng",
  "12877688393167287294": "【Giam Ngục - NPC】Tù Phạm - Lao Phòng Chạy Loạn",
  "12877706009485060739": "Khách bí ẩn",
  "12877723247458959169": "Làm gì thế!",
  "12877725182260136815": "Có người nói với ta Phàn Lâu mấy ngày nay có hội lửa rực rỡ, ta đến tìm chút náo nhiệt.",
  "12877748069908553411": "Đây là Phi Long Dị Thuật, không ngờ người Liêu lại hiểm ác đến mức này.",
  "12877790769315866456": "Sơ đến",
  "12877846193323963416": "Trang Bị Dùng Để Kiểm Tra",
  "12877878104423776562": "Nếu thành công, hãy đi về phía Bắc. Nếu không thành công, các ngươi cũng không thể quay về nữa.",
  "12877923339605066082": "Câu lan ngõ giang hồ",
  "12877949560100158537": "Giá trị cảm xúc {} {}",
  "12877993748921904842": "Rương báu",
  "12878047127022730497": "Chọn đáp án: Nước",
  "12878048005131177732": "Ồ... thì ra là vậy.",
  "12878089006673915985": "Tấn công bức tường người của tổ chức Bách Nghiệp - Cấp thế giới 9",
  "12878090022150390623": "Sinh thái vật chủng",
  "12878108250101640165": "Quái thử thách cấp độ thế giới",
  "12878169872077734721": "Miểu Miểu Miêu liếm liếm, tặng thiếu hiệp vài cái chuông.",
  "12878178818551284885": "Đệ Nhị Hồi - Bao Sương - Đệ Tử Giang Hồ Bình Thường",
  "12878250664737492222": "Không thể nào. Kiếm của hắn sao lại có thể xuất hiện ở Đao Tục?",
  "12878253291210246384": "【Trộm sư】Minh Xuyên Dược Điển - Mới",
  "1287825987635367595": "Các mạch đều từ thịt, các gân đều từ xương, xương có ba trăm sáu mươi lăm, quấn chặt liên tục, tay vì thế mà nắm được, chân vì thế mà bước được, mọi vận động đều thuận theo vâng lời. Nếu như lúc cấp bách, ngã nhào, gãy xương trật khớp, sinh ra tai họa không lường, làm sao có thể kể hết. Tìm hiểu cách chữa trị, cái nhỏ thì làm tiêu sưng và duỗi gân, cái lớn thì nối gân liền xương, mỗi thứ đều có phương thuốc riêng.",
  "1287834304199289400": "Thọ Xương Phường - Tiệm Rượu A Tửu Lầu - Khách Nhân",
  "12878362809435238776": "Đối thoại",
  "12878461273293167367": "Binh sĩ Điện Xạ phụ trách quét dọn kiểm tu.",
  "12878531539024494806": "Thương Lãng Kiếm Quyết · Tâm đắc",
  "12878629206115560051": "Lần đầu hoàn thành Trấn Thủ Kim Minh Trì",
  "12878668714840350127": "Trần Khải",
  "12878673369470274855": "Chiều rộng",
  "12878680989461906651": "Cần bổ sung văn án, câu 18",
  "12878705066454236100": "Không còn gì để nói sao?",
  "12878705283057133243": "Chỉ Cương",
  "12878715782212773679": "Nhị Tam",
  "12878833559957931562": "Trong thời gian ngắn di chuyển quãng đường dài, khiến cho các đòn trọng kích, trọng kích trên không, khinh kích, khinh kích tích lực sau đó nhận được thêm sát thương.",
  "12878898039242487694": "Tần Cối",
  "12878969069000741712": "Thuộc tính Mẫn có thể tăng thêm tỷ lệ bạo kích.",
  "1287900598182895355": "Xạ Ngũ Ác",
  "12879036934298266872": "{2}\nThân có chút bệnh, được danh y {0} chẩn đoán, bệnh ta mắc phải là {1}.",
  "1287905578132213530": "Sinh thái vật chủng",
  "12879151885500752574": "Thần Cơ Lão Nhân",
  "12879245607887936601": "Một cái nện thương, sóng âm lan rộng, tăng thêm 2 ô #J Chiến Ý#E, và gây hiệu ứng #J Rúng động#E kéo dài #Y10#E giây lên kẻ địch xung quanh, giảm 20% sát thương gây ra; đồng thời bản thân nhận được hiệu ứng #YGiảm sát thương#E 60% kéo dài #Y20#E giây, và hiệu ứng #J Cường Tráng#E kéo dài #Y6#E giây.",
  "12879285463230189458": "Sinh thái vật chủng",
  "12879327802406717813": "Phòng Chí Cường",
  "12879330303890022185": "Bàn trang điểm",
  "12879333216197549753": "Lưu Cửu Mông biết Lý Chương Khang và con gái bí mật qua lại, mà tất cả mọi người trong nhà đều liên thủ với người ngoài che giấu ông ta, ai nấy đều là kẻ phản bội, quyết định cho mọi người xem chút màu sắc, có lẽ một thời gian nữa có thể đến xem tình hình.",
  "12879366668619701061": "Ha ha, mau nhận thua đi!",
  "12879368922500433004": "Thược Dược 01",
  "12879401394977513225": "Tên hoạt động",
  "12879456887531331938": "Quan lại phụ trách canh giữ Lâm Đài.",
  "12879508060036513393": "Ngoài Hố Tro - Khất Cái 8 - Ngồi",
  "12879508229938318968": "Anh Vũ - Mục Tiêu Tỷ Thí - 5",
  "12879562858637165364": "Bài viết",
  "1287961061428244489": "Thật sao? Vậy ta muốn cái lớn nhất, đỏ nhất! Cái phun lửa đó!",
  "12879612801642497530": "Người bán hàng rong",
  "12879731975527914035": "Vô Ưu Động Trấn Thủ Tổng Hợp Xem Trước",
  "12879735344215215572": "Chế tạo",
  "12879825487110603571": "Hoàn Kết",
  "12879831269367838349": "Rơi từ trên cao có thể gây ra",
  "12879838862873130364": "Đối thoại",
  "1287985745362242342": "NPC Thiếu Nam Kiểm Tra",
  "12879871558040364112": "Tây Lương Cổ",
  "12879873808031005567": "Đi qua nhiều nơi, đi qua nhiều cầu, nhưng chỉ nhảy qua một cọc cao như thế này.",
  "12879890728329410224": "Cành cây nhỏ",
  "12879919957541278269": "Sáng lập tổ sư",
  "12879925051048010131": "Âu Gia Hạo",
  "12879948097920825389": "Thường Bình Thương - Thang máy tháp cao",
  "1288000422216958942": "Hồi Phong Chiếu Ảnh",
  "12880078976044519596": "Người câu cá",
  "12880079599920146423": "Quay về thác nước",
  "12880098027728213019": "Trấn thủ đa người",
  "12880122191445216571": "Chu Vũ Lâm",
  "12880181101850784039": "Sao lại là ngươi nữa? Ngứa da rồi à? Mau cút đi!",
  "12880193285128982711": "Là trưởng lão Bằng mang về...",
  "12880246832810970623": "{2}\nThân có chút không khỏe, được danh y {0} chẩn đoán, bệnh ta mắc phải là {1}.",
  "12880288412415454279": "Thu gọn chi tiết",
  "12880336380667261037": "Sinh thái vật chủng",
  "12880336755530109704": "Võ Miếu - Cơ Quan Cần Gạt",
  "12880343780337441323": "Quách Vũ Ngang",
  "12880349272439421318": "Bảo Rương · Khai Phong",
  "12880358437831330599": "{}Số ngày thường trú đã được nâng lên {} ngày",
  "12880375852541077453": "Từ Tâm Sơn Viện - Điểm Tái Sinh Chiến Lợi Phẩm Mới 5",
  "1288039483877615396": "Điều Tra Tầng Trên Lò Gốm 3 - Thi Thể Thỏ Rừng",
  "12880463016550285883": "Bộ Ngoại Hình",
  "1288047729203591901": "Họa tiết rồng bên trong",
  "12880485145521196142": "Sau khi vận hành cơ quan, ngôi nhà có sự thay đổi, một bàn điều khiển hạ xuống",
  "12880519425328511587": "Theo dõi người săn mèo",
  "12880554825713892169": "Công trình Bách Nghiệp mới thêm thành phần 367",
  "12880568819470266629": "Khai Phong Tây Giao - Học Sinh 2",
  "12880620427991664128": "Bưu kiện quý giá",
  "12880626912796067418": "Dương Tâm Nghi"
}