{
  "1023459307443960110": "Túy Hoa Âm - Không Khí Khu Vực Ngoại Vi Phía Sau - Lâm Phương Ý",
  "10234691451811166251": "Pháo Hoa 1",
  "10234708772187184621": "Diệp Vạn Sơn (Đa Nhân) - Cấp 51",
  "10234713745409627430": "Tạo ra khiên có #Y96%*Kháng Ngoại Tà#E.",
  "10234713893716298411": "Lạc đà",
  "10234717097639325067": "Lừa (Lừa Hoang Chạy Loạn)",
  "10234727279254986094": "Người viết sử ở Mộ Yên Thư Các tại Trường Hưng Tập, tinh thông các loại dã sử dị văn.",
  "10234810601413693317": "Cứ Điểm Di Chỉ Bắc Minh - Túi Tên",
  "10234842419404762123": "Bên trong hình như có thêm một loại linh vật...",
  "10234847733692454115": "Ngươi cũng muốn mặt nạ Nộ...?",
  "10234924396970876482": "Đội ngũ của #ffc89c%s#E (có %s người)",
  "10234934335975995525": "Dân chúng Đông Thành",
  "10234935940321794184": "Hệ Thống Khinh Công - Phiêu Đới - Điểm Cuối Không Rơi Rớt",
  "10234940562605939576": "Quỷ Phàn Lâu là địa bàn của thế lực nào?",
  "10234944346453606090": "【Giới Bia - Truyền Tống】",
  "10234950102650505944": "Vật Chủng Sinh Thái",
  "10234963462766300074": "Bánh bao",
  "10235085569093151452": "Khu cho gà ăn",
  "10235133228492192582": "Tiểu thương",
  "10235238362433023580": "Môi Trường",
  "10235252420694159116": "Trò chuyện",
  "10235284400440467958": "Đang lao tới",
  "10235293299883957160": "Đường tắt lên núi",
  "10235328010789167712": "Vết thương sưng đau, và có biến dạng rõ rệt cùng suy giảm chức năng.",
  "102353883665532909": "Khiết Đan Võ Sĩ 2 (Tầm Nhìn Hình Quạt)",
  "10235405798010986642": "Hoàng Lạc Tư",
  "102354485838156840": "Bảng Mẫu",
  "10235528968014264871": "Táo chua ba lạng, tam thất một tiền…… Được rồi, người tiếp theo!",
  "10235582575049933071": "Độ Khó 2 - 8 Trường Minh Ngọc",
  "10235667395382877717": "Có chuyện gì?",
  "1023570639492547125": "Thi Thiên Lai",
  "10235707989913712048": "Ném bình rượu khó 5",
  "10235711674038457706": "Bản vẽ chiến hạm Ngũ Nha do nước Tùy để lại sau khi diệt nước Trần, vốn được cất giữ ở nước Thục chúng ta.",
  "10235743878129793040": "Trần Gia Tranh",
  "10235748690865040568": "Tú Kim Lâu - Doanh Địa - Hỏa Bả",
  "10235750740282916229": "Quan Tài Của Trùm Quan Tài",
  "1023579895212927007": "Du Lập",
  "1023583722456352093": "Môn phái địa phương quá vô lễ! Y Lật Lung Tiên đến Khai Phong bị Cửu Lưu Môn lừa thảm hại, hỏi xem hắn đã bị lừa những gì!",
  "1023600796993871752": "Hồi phục",
  "10236052503913391119": "Thọ Xương Phường - Khu Cửa Hàng A - Phú Nhân",
  "10236115040535506165": "Phần Thưởng Chế Độ Người Máy Hàng Ngày",
  "10236125803252018303": "Giang hồ hảo thủ Hồng Dương",
  "10236141015819714467": "Hồng Trần Vô Nhãn - Giải Đố Tiếng Chuông - Bái Nguyệt Hoa",
  "10236157837618244752": "Vật Chủng Sinh Thái",
  "10236167971887639583": "Sự quấy nhiễu của Vu Đột",
  "10236175275123171194": "Hiệu Ứng Lưu Quang Bà La Hoa (Thực Thể Rỗng, Thử Nghiệm)",
  "10236186277078048548": "Ngươi biết được từ Cố Tam ca rằng, Hàn Hương Tầm đã từng vì một lý do nào đó rời khỏi quê hương, sau này mang cành cây hoa lê từ quê nhà về trồng, có lẽ cái tên Ly Nhân Lệ cũng vì Hàn Hương Tầm giống như một người ly hương.",
  "10236193591617052511": "Lối chơi Miêu Miêu Miêu - Test",
  "10236205362203748075": "Bác Lãng Sa - Vạn Thắng Trấn - Vận Chuyển Lương Thực C1",
  "1023622195062056229": "Cảnh Chuyển Tiếp Lò Luyện - Vận Chuyển Bao Cát",
  "10236231644461663835": "Phòng Chí Cường",
  "10236236389989117327": "Ba năm...?",
  "10236236984308311659": "Trần Gia Tranh",
  "10236237475238546565": "Ngũ Nha Đại Hạm là trang bị quân sự quan trọng cho cuộc chinh phạt phương Nam. Dung Uyển bị lòng thù hận che mờ mắt, phản bội Mạc Môn, đến Kim Minh Trì, nhận lệnh giám sát việc phục hồi chiến thuyền.",
  "10236244905625784592": "Thi câu cá 10",
  "10236284355650156410": "Không, không có gì! Thuật Trảm Thương Kiếm đã có được rồi, chúng ta mau rời khỏi đây đi!",
  "10236331031559903372": "Bảo Rương",
  "10236334643858966121": "Chẳng thèm tiên khách",
  "10236340783621652676": "Hừ! Họ Hồ kia, ngươi đừng quá đáng! Cứ so tài, ai sợ ai chứ!",
  "10236388504104619703": "Sơ tâm · Kiếm",
  "10236410770651445294": "Thiên Thượng Lai - Xích Long Đường (Nam Trưởng Thành)",
  "10236447533906489311": "Tiệm rèn bên sông, trong túi đồ có chứa danh kiếm, thử xem có thể dùng lời lẽ để xin được không!",
  "10236514565057684967": "Hừ, bất quá là mấy hội không lên được mặt bàn, bổn công tử nhìn thấy vui mắt mới lấy ra đùa giỡn.",
  "10236525282573591561": "{3}\nTa vào năm {0} mắc bệnh {1}, sau đó được danh y {2} chữa khỏi.",
  "10236550880743845947": "Đối thoại",
  "10236574795110937542": "Thám Cảnh Tuyết Sơn - Dấu Chân",
  "10236622710568073348": "Lối chơi chưa mở, xin hãy theo dõi qua giao diện môn phái.",
  "10236642621671463615": "Cùng Lý Cẩu Thắng đi đến vách đá",
  "10236649105192166980": "Thích",
  "1023673136845511620": "Nội tạng 3 điểm",
  "1023673810152224220": "Đang tải dữ liệu",
  "10236794296420671527": "Đã nhận",
  "10236817268738200044": "Ha. Ngươi à, hãy suy nghĩ kỹ đi đã.",
  "10236821028104426575": "Xuân Thủy Các",
  "10236862440494013116": "Hoàng Lạc Tư",
  "1023686382856775206": "Xem khí phách của ngươi",
  "10236882531995597190": "Thi Thể Quân Thủ Thành Thái Nhạc Đài 2",
  "10236900907314825187": "Trần Gia Tranh",
  "1023693656546267625": "Chu Vũ Lâm",
  "10236954141059238418": "Sao thuyền lại cháy rồi",
  "10236998161099539532": "Ngươi nói hay không?",
  "10237000355655774568": "Tháp Lưu Phái Khiên Ti Ngọc - Tầng 7 - Vô Ưu Bang Song Tỏa Liêm 1",
  "10237010311551528544": "Trường Hà Nhược Giải",
  "10237040357519500202": "Đối thoại",
  "10237101980871164043": "Ôi trời, thiếu Đông gia, hôm nay gặp được ngài đúng là phúc lớn của Lão Kim ta!",
  "10237106412031886707": "Câu Kỷ Tử",
  "1023713098247387840": "Ngươi vô tình bước vào chốn giàu sang phú quý này, đang say đắm trước ca múa rực rỡ trước mắt, chợt thấy một đệ tử Cửu Lưu Môn vì ăn mặc rách rưới và không có thiệp mời, bị quản sự trong lầu xô đẩy ra ngoài. Người này vẻ mặt sốt ruột vội vã rời đi, lời nói tiết lộ thông tin cho thấy chuyến xông vào lầu này của hắn là vì có 'nhiệm vụ' trong người, mà nhiệm vụ này dường như liên quan đến 'Lạc Thần' thần bí.\nNgươi biết, 'Lạc Thần' chính là mật hiệu của Hàn Di đang mất tích trong giang hồ. Thế là ngươi, vốn chỉ đứng xem, cũng lần theo với mối quan tâm, cố gắng điều tra tung tích của Hàn Di.",
  "10237133264455121283": "Tiền bối thần bí",
  "10237141928395987128": "Chuyện Bất Bình - Thanh Hà",
  "10237154329029599284": "「Vương Tuấn lầu thuyền xuống Ích Châu, khí vương Kim Lăng tiêu điều thu.」\n\nNăm 962, Bắc Tống sắp nam chinh Kinh Hồ, chiến lược quân sự thống nhất bắc nam sắp mở màn!\nĐể chuẩn bị quân phí nam chinh, triều đình Bắc Tống lấy danh nghĩa xem duyệt thủy quân, yến tiệc các sứ thần nước Thục, Đường trên lầu Bảo Tân.\n\nTrong gió hoa bay múa, tiếng trận diễn tập Kim Minh Trì theo gió lọt vào tai, sứ thần Thục, Đường ngồi như kim châm trên đệm.\nMột cuộc uy hiếp và giằng co xoay quanh cục diện sông Trường Giang, ngoài ý muốn dẫn ra một bí mật động trời giấu sâu trong chiến thuyền Ngũ Nha...",
  "10237163008624266789": "Thương mà không chữa, loét mà không y, dẫn đến phong tà nhập cốt, thương nặng khó hồi. Âm co rút mà gân co lại, sườn không nhấc lên được. Thương mà không chữa, sẽ có họa tính mạng.",
  "10237163711219521449": "Hoàng Lạc Tư",
  "10237195069462355131": "Núi tuyết",
  "10237221574219659531": "…… Đa tạ thiếu hiệp đã giúp ta tìm lại túi tiền!",
  "10237305052872166317": "Vân Du Phương Trượng",
  "10237364883772750316": "Thiếu hiệp vẫn khỏe chứ?",
  "10237379480085555678": "Này, giao cái #W$T(25)#E trên người ngươi ra đây!",
  "10237409375113622523": "Quái Vật Tuần Tra Khoảng Đất Trống",
  "10237411382246879431": "Nhuộm highlight",
  "10237413967452543851": "Kỹ năng tích lực gây sát thương lên tất cả kẻ địch (bao gồm người chơi có độ bền dưới #Y60%#E) được tăng thêm.",
  "10237416934578324374": "Ta đêm khuya lén trùm bao bố lên đầu bọn ác đồ rồi đánh cho một trận.",
  "10237477283573230700": "Lấm la lấm lét, ý đồ không tốt! Không thể tha cho ngươi!",
  "10237479469225125224": "Thương nhân",
  "10237482043608039890": "Hồi Thứ Nhất - Độ Khẩu - Chờ Đợi - Thuyền Phu Hà Bá",
  "10237494685295025811": "Cây Cảnh Trong Chậu",
  "10237552890475754679": "……",
  "10237567609149487353": "Trần Gia Tranh",
  "1023759010755132252": "Thiêu Từ Lĩnh - Thêm Mới Điểm Hồi Sinh Chiến Lợi Phẩm 274",
  "10237718890161589968": "Bồ Đề Khổ Hải · Diệp Vạn Sơn",
  "10237786093320892462": "Ngọc Bích",
  "10237792411822217218": "Hoang Thạch Lâm - Điểm Hồi Sinh Chiến Lợi Phẩm 437",
  "10237814348782908486": "Lữ Giai Nam",
  "1023790595672085340": "Đã muộn để trở về nhà, nhưng dưới sự trấn an quen thuộc của ngươi, chuyện ngươi về muộn tạm thời được Hàn Hương Tầm bỏ qua. Không có việc gì làm, tạm thời ngươi dừng chân tại quán trọ Bất Miễn Tiên, quan sát những khách nhân xung quanh, lắng nghe những chuyện giang hồ thật giả từ miệng họ.",
  "10237907629618989292": "Hồ Đại",
  "1023799635916225705": "Trần Thần",
  "10238007050608033818": "…Những tấm ván ghép lại này, có lẽ đã được dùng làm giường để bệnh nhân nghỉ ngơi, những tấm ván gỗ dưới đất này cũng vậy…",
  "1023803494839013504": "Từ Tâm Trấn - Điểm Khởi Đầu 3",
  "10238076150033496539": "Bảng Mẫu",
  "10238085587939395916": "Phù Cảnh Hành Chu",
  "10238156269034900827": "Thủy đậu còn gọi là thủy hoa, người ta cho rằng bệnh là do ngoại cảm phong nhiệt thời tà, bên trong có thấp trọc uất kết, biểu hiện ra ngoài da thịt.",
  "10238223681397467615": "Thương nhân từ thôn ngoài đến, có ý định thu mua dược liệu của thôn Lĩnh Hạnh.",
  "10238233522111257228": "Trương Tuấn Kiệt",
  "1023824837983738539": "Phòng Chí Cường",
  "1023826229711118781": "Chiêu tài",
  "1023828347766012482": "Chiêm Tuấn Lượng",
  "10238341369858202187": "Cách Không Thủ Vật - Rắn 504",
  "10238355136107150484": "Tập trung xin ăn",
  "1023838021842740193": "Kho Hàng 4 - Lương Mộ Nhân, Ngô Mỹ Hùng Nghỉ Trà - Trắng",
  "10238380949419974091": "Khải thư",
  "10238381374327321707": "Thái Bình Chung Lâu - Điểm Hồi Sinh Chiến Lợi Phẩm 499",
  "10238388136078683994": "Người đi rồi",
  "1023840230411507859": "Nấm",
  "10238461678608336010": "Vô Sinh",
  "10238485271774494130": "Phải nghĩ cho kỹ nhé, lỡ chuyến này là không còn cơ hội nữa đâu!",
  "10238486620974690946": "Bánh Răng Đồ Chơi C (Thử Nghiệm)",
  "10238528628169587956": "Hàn Tín",
  "1023854926496045798": "Đầu lĩnh luân chiến, chiến đấu đến cùng",
  "10238631102707529888": "Dân thường trong góc cửa.",
  "1023869277392611439": "Cưỡi ngựa",
  "10238782975441457215": "Điều tra khoang phía Đông",
  "10238799574206482216": "Trước đây chỉ có quan lớn mới được đến, năm nay quan gia rộng lòng, cho phép chúng ta cũng đến dạo chơi ~",
  "10238873977844763527": "Lại thu tiền Đường",
  "1023891506125959334": "Hỏi thăm người qua đường kỳ lạ",
  "10239008648670442281": "Yến Sào Thảo",
  "10239033775411027399": "Ngỗng Lớn",
  "10239087086262335394": "S3 - Phần Thưởng Lệnh Chiến - Trả Phí Cấp 60",
  "10239091235974054974": "Sát thương khí huyết tăng #Y15%#E。",
  "10239146421025344886": "Quặng Sắt - Nguyên Khối 2",
  "10239178580308993911": "Mã vật phẩm không hợp lệ",
  "10239188732204878748": "Hỏi rượu",
  "1023921240034075262": "Phong Trang Thôn - Mô Hình Tùy Ý Cố Định Bối Cảnh Bản 4 Bình Dân Nam",
  "10239239366549290192": "Thượng du",
  "1023923947646778403": "Trung Sơn Di Chỉ - Thanh Âm Chất Vấn",
  "10239255312367225886": "Sắt bình thường",
  "10239290393581109961": "Nhiều tiền thế này? - Đây là tiền bịt miệng sao? Cảm ơn ông chủ!",
  "10239298067293496170": "Ngô Tiểu Oánh",
  "10239355552841384158": "Hàn tinh lạnh nguyệt",
  "10239381760971083585": "Một túi Bảo Tiền, tổng cộng 10000 đồng.",
  "10239415748743432627": "Lưu Trình Thuẫn Bài",
  "1023942430798496173": "Thược Dược",
  "10239452829015204943": "Ngủ dậy mỏ vàng bạc sinh sôi",
  "10239466220444435327": "Sử dụng sau, có thể mở khóa bong bóng trò chuyện tương ứng.",
  "10239492662040867520": "Chiến sĩ Khiết Đan",
  "10239539185948999103": "Trần Thần",
  "10239615340523576873": "Xem",
  "10239620522489126793": "Hồi phục",
  "10239661868272595418": "Phi Thiên Tàn Viên (Bạch Hạp) - Đá Nhọn",
  "1023967617857338407": "Thiên Phật Cốc",
  "10239676840213615808": "Mục tiêu cần nộp vật liệu xây dựng",
  "1023972398719899953": "Vì ai quy khứ",
  "10239728551112753501": "$T(1)， thấy tốt rồi là ta yên tâm rồi!",
  "10239739825874132984": "Ngươi muốn về kinh thành Vị Ương?",
  "10239754758691581862": "Cuộn",
  "10239761809868531405": "Chuyện này... tất cả là bọn chúng ép ta! Đại hiệp, nếu không phải bọn chúng dùng linh dược mê hoặc, tiểu nhân sao có thể bán mạng cho chúng!",
  "1023977620182514250": "Khi sử dụng kỹ năng giải khống chế thành công để gỡ bỏ trạng thái bị đánh hoặc bị khống chế, khiến bản thân trong 5 giây tiếp theo gây thêm 20% sát thương máu và sát thương chân khí.",
  "10239777274403044735": "Mỗi lần gây sát thương, đều có xác suất phụ thêm hiệu ứng độc tố, trong thời gian duy trì gây sát thương mỗi giây. Độc tố khi nhận được còn phụ thêm hiệu ứng giảm phòng ngự ngoại công của mục tiêu.",
  "10239806325009105784": "Một cuộn bí văn, trăm loại tinh yếu. Kỳ thuật giang hồ, đều nằm trong đó.",
  "10239820850372293712": "Dây Thừng",
  "10239834969914347393": "Ha ha ha ha.",
  "10239843726176742928": "Tiểu Hắc",
  "1023984592387303198": "Tường Không Khí Bảo Đáy - Chung Điểm - Hủy Bỏ Tạo Lập",
  "10239869740464279848": "Án Bản",
  "10239940018183318730": "Đã cầu cứu",
  "10239953061673124490": "Phát Kinh Nghiệm Hoạt Động BP",
  "10239960842816012684": "Chết tiệt, làm lỡ thời gian của Phật gia rồi, mau rút lui.",
  "1023996573513242517": "Bảo Tương · Khai Phong",
  "10239978285893319424": "Gây ra 100% đòn đánh.",
  "1024001566284522920": "Bảo Tương · Khai Phong",
  "10240018888596943554": "Khò khò... Tên kỳ tứ nhà ngươi, quả nhiên là một tên háo sắc...",
  "10240117913792261401": "Tương Hy Hữu",
  "10240143594004917600": "Sinh Vật Sinh Thái",
  "10240148394328667116": "Đối phương đang xem loại quân cờ của bạn",
  "10240152741706770430": "Trương Chấn",
  "10240170416511445396": "Ai vứt rác trước cửa nhà ta vậy nè?",
  "10240200843365684551": "Yên Vân ngày xưa",
  "10240236589728838614": "Điền Dã",
  "10240246187522220537": "Suy yếu",
  "10240247771254087061": "Thần Tiên Độ - Nữ Công",
  "10240251574293405785": "Đối thoại",
  "10240256396492137806": "Khảm Nhi Tỉnh - Điểm Kịch Tình 1_Hạ Phụ",
  "10240285377008040781": "Người quét bếp ở Khách Lai Hiên, nhà ở cửa hẻm, đến đây kiếm sống.",
  "10240313980974352968": "Nguyên Bảo",
  "10240416625515256507": "Cừu Kim Hàn",
  "10240502579332692925": "Tấn công cuốn dây được nâng cấp #Y34#E-#Y68#E.\n<Thành phần tăng cường thiệt hại cuốn dây|780|#C|163>Có thể nâng thêm dựa trên tấn công cuốn dây tối thiểu, hiện đã được nâng thêm #Y{1:.1%}#E. Đạt giới hạn tăng cần #Y108#E điểm< Tấn công cuốn dây tối thiểu|780|#C|151>(hiện tại $STEADY_MIN_PRO_ATK_C:.1f$).",
  "10240538692787292627": "Cây Chuối",
  "10240547778104768079": "Ngồi Tắm - Công Cộng Dục Trì",
  "10240554195721950649": "Có thể dùng để lĩnh ngộ tâm pháp.\n#HKỹ năng bị động: #E【Vô Danh Thương Pháp】 Võ học kỹ 【Càn Khôn Định】 đánh trúng mục tiêu trừ đi 50 điểm thể lực, đồng thời nhận hiệu quả giảm tốc độ hồi phục thể lực 70%.",
  "10240554350625056752": "NPC Bối Cảnh Phong Hòa Thôn - Tửu Tứ - Khách Độc Ẩm (Có Đối Thoại)",
  "10240555456293071006": "Đánh Dấu",
  "10240577180711095700": "Trương Ích Hào",
  "10240607990127733157": "Võ Thành Điện nghiêm ngặt, không dễ dàng được vào.",
  "102406143401523858": "Thái Bình Chung Lâu - Điểm Hồi Sinh Chiến Lợi Phẩm 325",
  "10240615612746063019": "Bên Trong Dung Lô - Hắc Y Nhân Cung Tiễn - Bắn Người Chơi",
  "10240629891351370377": "Đại Báo",
  "10240640159207236696": "Khách của Túy Hoa Âm",
  "10240671529062387990": "Bạch Truật",
  "10240761993619569886": "Thọ Xương Phường - Quán Ăn A - Khách",
  "10240804199839071448": "Phật Lệ Sâm *5",
  "10240804497849568513": "Số lần ký bù",
  "10240844910078141002": "Hạ thấp điều tra 4.5 giây",
  "10240859890828582914": "Xinh đẹp như hoa",
  "10240873751924902802": "Lưu Phái Tháp Phá Trúc · Trần Tầng 5 - Hàn Khuẩn Mộng Khôi - Tiểu Thủ Lĩnh Trát Thảo Đao 1",
  "10240876269368966760": "Thanh Mông Thạch",
  "10240885318644655631": "Cho ta một chén trà nữa?",
  "1024092078508331131": "Tổ Biểu Hiện Tĩnh",
  "10240925413972515517": "Trần Gia Tranh",
  "10240931002380963504": "Khối Đá",
  "10240992144201843893": "Vạn Sự Tri Từ Sinh Vô Lệ - Chung Văn Bình",
  "10240998846647447812": "Bao Bảo Bảo",
  "10241015797662927921": "Mỗi chiêu thức, mỗi động tác, đều xuất phát từ bản tâm.\nTrong quá trình khám phá có khả năng nhận được manh mối về #YLĩnh Ngộ Tâm Pháp#E, trang bị Tâm Pháp đã lĩnh ngộ có thể trợ giúp thêm cho chiến đấu, khám phá và các tình huống khác.",
  "10241055777533186373": "Tiệm rèn bên sông, trong túi đồ chứa kiếm quý, thử xem có thể dùng lời lẽ để xin không!",
  "10241122347630109831": "Có bản lĩnh thì Xích Long Đường cứ việc lấy luôn đầu lão tử đi!",
  "10241123491920505831": "Trân Bảo Các 7 - Đối Thoại Giang Hồ Nhân - Đơn Bạch",
  "10241126296930766304": "Trương Chấn",
  "10241174288315360269": "Tường Không Khí Giai Đoạn Một",
  "10241207514967361908": "Món ăn theo mùa đông",
  "10241213771005330484": "Thiên Địa Vạn Lại Hồ Điệp (fgd)",
  "10241227149148502529": "Tìm sư phụ Vạn Tề của chúng ta! Ông ấy nhất định có cách! Ngươi mau đi đi! Không đi thì không hay đâu!",
  "10241233156392354571": "Bạn có thường làm cô gái không vui vì ăn nói vụng về không? Bạn có luôn cảm thấy không thể làm hài lòng các cô gái không? Học mười cách trả lời này sẽ giải quyết được chín phần mười các vấn đề tình cảm!",
  "10241309554886647591": "Trái Cây Vị Ngọt",
  "10241332264066891464": "Thật sao…… xấu nương cũng nói, như vậy căn bản không xấu…… bọn họ như vậy mới là xấu!",
  "10241417390946431229": "Giờ Tý —— Bình yên vô sự!",
  "10241452187381886326": "Hệ thống",
  "10241518554233297070": "Đối thoại",
  "10241663594707279830": "Ai nói ta không mua, ta đang chờ giảm giá đấy!",
  "10241686457204631989": "Giới hạn cấp công trình Xích Kim Các",
  "10241771662179411080": "Trường kiếm · Trạm Lư",
  "10241841575060073536": "Nghiệp quả",
  "10241883571883384007": "Để ta thử xem!",
  "10241895514750831048": "Khu Ngự Uyển",
  "10241910156227215322": "Câu Lan Bổ Sung 1 - Bối Cảnh Bản Di Động",
  "1024191464288598450": "Xung Quanh Mạch Hành 19 - Khố Đồ Lỗ Khắc Rao Bán - Bạch",
  "10241954637681462297": "Du Thưởng Chi Dẫn",
  "10242016922883816888": "Bàn Tính Học Sĩ",
  "10242017276433944470": "Thọ Xương Phường - Nha Dịch",
  "10242074462045553667": "Ngươi mới đến Khai Phong, không quen nói mấy lời này, không biết hắn đang nói gì sao?",
  "10242081762368761725": "Đại hiệp nói chuyện phức tạp quá, ta là kẻ thô kệch làm sao nghe hiểu nổi chứ? Người ta thường nói ta đàn cho người ta nghe, hay là ta đàn cho đại hiệp nghe một khúc, để đại hiệp bớt giận nhé!",
  "10242094384468006362": "Hồng Trần Vô Nhãn - Thiên Bất Thu Ẩn Tàng",
  "10242095981093003445": "Xoay",
  "10242152361024895365": "Bích Tuyền Sơn - Điểm Hồi Sinh Chiến Lợi Phẩm",
  "10242165610149723537": "Cách nhận kinh nghiệm Bách Nghiệp",
  "10242226115478255769": "Sinh Vật Sinh Thái",
  "10242232350705448401": "Trần Toàn",
  "102422470983262060": "Đã có người đứng nhất\nBắt đầu #Y đếm ngược kết thúc#E sớm",
  "10242375136602813375": "Xuân Tiết - Phóng Pháo Hoa - Lạp Lão Gia",
  "10242439426408391068": "Bất Phục Mã Trường - Điểm Hồi Sinh Chiến Lợi Phẩm",
  "1024248502208009632": "Số lượng đệ tử kết bái hiện tại của đối phương đã đạt giới hạn",
  "10242534555076873044": "Phương án trang phục 3",
  "10242586431641827009": "Trong trận này, đòn công kích bằng lời nói của đối phương giảm đi #G3.6%#E, tối đa tích lũy #G6#E tầng.",
  "10242595579986519782": "Khu Hành Chính - Thượng Triều - Quan Binh Đại Tống Canh Gác",
  "10242620015947904608": "Ba chữ lớn bên ngoài kia —— Quan Tài Phường, ngài không nhìn thấy sao?",
  "10242621736198225648": "NPC Bối Cảnh Khu Trung Chuyển Thái Thương Túc Đến Mạch Hương Tập - Nông Công - Đa Nhân 4",
  "10242622612861359957": "Lĩnh ngộ tâm pháp",
  "10242635230141822445": "Phòng Chí Cường",
  "1024264572469952511": "{0} đã thay đổi thông tin bàn cờ",
  "1024271366610899087": "“Thuyền nhân thường lấy việc vượt qua đuôi cát làm khó, cần dùng chì nặng để đo đạc”, chì nặng có tác dụng gì trong khi đi thuyền?",
  "10242764633043884455": "Quan Khải Huyền Hồ",
  "10242804701716611866": "Trò chuyện",
  "10242903104067647298": "Thiên Thượng Lai Chiến Trường - Thuyền Hư 1",
  "10242922118976372285": "Khu Hành Chính - Thượng Triều - Quan Binh Đại Tống Canh Gác",
  "10242949379619389715": "Loại thư",
  "102429952545132483": "Thiếu hiệp... thật là thú vị, ta càng ngày càng thích ngươi rồi... Khụ khụ...",
  "10243019182463247576": "Đầu bếp Mười Đời",
  "10243019977220808386": "Vũ khí, Vòng, Bội",
  "10243021044634363078": "Thái Bình Chung Lâu - Điểm Hồi Sinh Chiến Lợi Phẩm 526",
  "10243044557373043226": "Vật Phẩm Giả Thu Thập Trong Mộng Cảnh 1",
  "10243058517657665149": "Mẫu Tường Không Khí - Đạo Chủ - Ngăn Ngừa Nhảy Lên Mái Nhà",
  "10243115050086027069": "Không thể mở trò chuyện trong quá trình bắn cung",
  "10243134544862450521": "Thoái Trường - Tấn Trung Nguyên",
  "10243135848721128453": "Long Quỳ Thảo",
  "10243139353649444789": "Tôn Hạo Thanh",
  "10243197925912268872": "Đang lấy dữ liệu",
  "10243204493004320658": "Dân lưu lạc ở Thanh Hà, bị bắt đến cánh đồng hoa trồng hoa, luôn mong có một anh hùng cái thế từ trên trời giáng xuống.",
  "10243218953252890614": "Thiếu bát cơm, phát động thất bại. Thiếu hiệp có thể đến thương nhân tạp hóa tại Thần Tiên Độ mua.",
  "10243248196138820166": "Hai người đó sau trận chiến này thì sao?",
  "10243287375966541182": "Tổ Kiện Khinh Công - Dây Thừng Đến Sử Đại Nhân - 30-25",
  "10243311432780289228": "Nghe trộm đoạn đối thoại giữa Tạ Uyên Ngu và Dư Tu Cảnh rồi ghi lại",
  "10243313643145240127": "【Võ Học Kỹ Năng · Một】Đánh bại Trấn Thủ #Y Vũ Sư Huynh Đệ#E bằng tổ hợp võ học lưu phái (bao gồm cả thử thách), sử dụng chiêu nhận biết Di Thiên Hoán Nhật của #Y Ta Phu Đao Pháp#E đạt 3 lần trong một trận.",
  "10243351042016763124": "Trưởng lão Bùi",
  "10243351894978902877": "Bông hoa trắng chia biệt"
}