{
  "13080229132645564888": "Thăm dò liên kết",
  "13080333225873562992": "Nam phu dịch - Thanh niên - Ngẫu nhiên (Tránh né)",
  "13080360976591840023": "Lão thân đây không phải là người mà ngươi muốn bắt nạt là bắt nạt được!",
  "13080361394831250716": "Rượu gặp tri kỷ · Phần dưới",
  "13080413784315698270": "Trần Thần",
  "13080442751699386350": "Khảo hạch nhập môn-Hạnh Hoa Tam Vấn",
  "1308048087570057395": "Không thành vấn đề, ta đi tìm huynh đệ đó cho ngươi!",
  "13080570628193379942": "Lưu Minh Sách",
  "13080596411454979344": "Võ Miếu - Quầy 01",
  "13080599698543041451": "Thương nhân Triệu Minh Ân nói rằng, ngươi đã trộm chặt cây quý hiếm của tư nhân giữa ban ngày ban mặt.",
  "13080601388488588512": "Chu Vũ Lâm",
  "13080649561959792069": "Thược Dược",
  "13080688712148749348": "Người qua đường",
  "13080713790948486948": "【Kỳ Thuật - Sư Hống Chính Thanh】Biên Chung",
  "13080721084018809185": "Ngự Uyển Nam – Nam Anh Đào Lâm – Hướng dẫn viên thuyết minh, trẻ nhỏ vây xem",
  "13080725268224279150": "Thiếu Đông Gia rất thích món rượu này! Ví dụ như món lê hầm rượu này, giải khát nhất đó! Hôm nay chỉ còn lại vài phần cuối, ta đã giữ lại cho ngài!",
  "13080736745271594177": "Khai Phong - Nhiệm vụ phụ Kim Long - Thẩm Thị Ngự Sử - Thẩm Tuyển - Thiết Thính",
  "13080802921402607888": "Bầu không khí tuần tra khu vực thủ công nghiệp",
  "13080815834262042013": "Giao danh sách kẻ phản bội cho giáo tập",
  "13080821801263960558": "Nặn mặt thử đồ - Nam - Dã tiêu",
  "13080837316233414553": "Đó là tiên sinh của Văn Tân Quán! Nếu học được, lần sau thi hương, chẳng phải sẽ đỗ trạng nguyên sao!",
  "13080872898678019777": "Khi nhấn giữ phím này, sẽ vào trạng thái ngắm bắn.",
  "13080877634600423973": "Người khai sinh ra phương pháp trồng nấm phục linh \"dẫn nhục\" ở Lĩnh Hạnh Thôn, có những kiến giải riêng về cây trồng họ nấm.",
  "13080881485570821130": "Khu vực kích hoạt triệu hồi Phong Long Vương",
  "13080932892436583334": "Thao tác lệnh nhanh quá thường xuyên, {} giây sau mới có thể gửi lại",
  "13080954114254427555": "No đủ",
  "13080955325391037608": "Đang mắng ai?",
  "13080971180232477873": "Hiệu ứng Vạn Tượng Ẩm",
  "13081005624160213419": "Hắn đi ngang qua dưới gốc cây",
  "13081019717378867441": "Thắt lưng",
  "13081049787536829989": "Linh kiện thân tàu",
  "13081072271698834166": "Chi tiết trang bị",
  "13081089057433165140": "Cảnh Uẩn",
  "13081154542130029511": "Bộ Phi Chuẩn cấp 41",
  "13081155433384475838": "Thanh niên Giang Vô Lãng",
  "13081164823040776112": "Thiên Phật Thôn_Đám đông_Điểm sáng",
  "13081169208557465252": "Hòa Ly Chi Ước",
  "13081243022623421080": "Chu Gỉa Bắc",
  "13081247655602254611": "Trương Tuấn Kiệt",
  "13081286872665322231": "Thiếu Đông Gia tạm biệt!",
  "13081298159655320945": "Bản đồ Tần Lĩnh Ly Sơn.",
  "13081347442970376228": "Trương Chấn",
  "13081364981863055443": "Đối thoại",
  "13081391763364502994": "Trần Hiểu Hàn",
  "13081428472635632783": "Trở về rừng tre",
  "1308144533225391221": "Đan Dưỡng Tâm Cao đặc chế",
  "13081455530350451916": "Tên nội công",
  "13081502549584477975": "Trần Khải",
  "13081515059692110731": "Dọn dẹp xong, tối nay rốt cuộc cũng có thể ngủ ngon rồi!",
  "13081572685947792627": "Chu Vũ Lâm",
  "13081586018351844602": "Kịch đu dây",
  "13081596533261723616": "Loài sinh thái",
  "13081641483676017725": "Báu vật Cổ Thông nói đến, hóa ra là đáp án tham khảo cho bài kiểm tra thời vụ tháng này.",
  "13081703422220812162": "Tuyết Sơn Thám Cảnh - Xe ngựa",
  "13081764281161166916": "Y Đao Đại Hiệp",
  "13081774046120059594": "Thế này thì tốt, mắt nước giếng Hoàng Long sắp bị chặn hết rồi.",
  "13081799347472735214": "Khởi động",
  "13081916474852116875": "Loài sinh thái",
  "13081939214228798444": "Định thân",
  "13081979397953186297": "Khuếch đại",
  "13082020865168849652": "Huỳnh Uyên - Tự sự - Tôn Bất Khí Thủ Trát ⑤",
  "13082039222978133974": "Huỳnh Uyên - Tường không khí Vô Tướng Hoàng",
  "13082053651663955039": "Thử nghiệm - Bách Nghiệp Phân Hồng - Mức vốn 6000;10000 - Thành tích cá nhân 60;150",
  "13082064091858752015": "Ngư Bách Xuyên - Bầu không khí - Phu khuân vác vô danh say gục",
  "13082070350349455487": "Cư dân Phong Khâu Thôn",
  "13082126826082596106": "Khách quán rượu Phong Khâu Thôn 3",
  "13082135989999325955": "Ngồi bàn 4",
  "13082242216817871362": "Dám xông vào Vô Gian Chi Địa, chịu chết đi!",
  "13082250335910017822": "Thiên Thượng Lai - Lão nhân Xích Long Đường",
  "13082275569354936274": "Thạch khối",
  "13082339134413711741": "Một cuốn công thức nấu ăn, ghi lại vài món ăn đặc trưng của một quán ăn nọ.",
  "13082352515541714987": "Đinh Kỷ Văn",
  "13082354781345722906": "Chợ này tuy không lớn, nhưng ẩm thực lại nổi danh, quả thực danh vang Khai Phong.",
  "13082434447660917796": "Phê duyệt đơn xin",
  "13082513837150093133": "Loài sinh thái",
  "13082530664932663310": "Dế mèn",
  "13082539424450304491": "Vô hạn mở đầu, đây chính là vũ đạo đường phố!",
  "13082549209875864652": "Tôn Hạo Thanh",
  "1308256885196647817": "Thật xui xẻo!",
  "13082621899471279633": "Khởi phát với các triệu chứng như sốt, hơi sợ gió lạnh, miệng hơi khát, ho, mạch phù số. Trong quá trình phát triển có hai tình huống là Thuận truyền và Nghịch truyền. Thuận truyền nghĩa là tà khí ở Phổi Vị không giải, truyền vào Khí Phân. Nghịch truyền nghĩa là tà nhiệt ở Phổi Vị, nghịch truyền vào Tâm Bao.",
  "13082631624036444450": "Trong trận chiến với Thủ Lĩnh Hình Nhân·Màn Kịch, bị Tiểu Hình Nhân đánh bại",
  "13082646733580017271": "Huỳnh Uyên Hạ Tầng",
  "13082654930968215399": "Trong lối chơi thử luyện, cộng thêm tấn công và thuộc tính công #Y+3.75%#E",
  "1308273341850917342": "Chọn ảnh tải lên, là có thể tạo hình ảnh tùy chỉnh",
  "13082783400009449395": "Không không, cha nói Tiểu Điệp gan lớn nhất, nằm mơ cũng không khóc!",
  "13082808666455749982": "Long Xà Lan",
  "13082880083004443689": "Loài sinh thái",
  "13082896387696474181": "Vạn Sự Tri - Bộc Phàm Nhi",
  "13082964170349577223": "Chu Vũ Lâm",
  "13082975237305069437": "Ái Khốc Quỷ Vạn Sự Tri - Sợi dây trường mệnh phai màu",
  "13082976192041395115": "Thiếu oxy",
  "13082989184200487229": "Lưu Phái Tháp Phá Trúc · Phong tầng 5 - Mộng Khôi Béo Tinh Anh 1",
  "13082994361914480338": "Nhận được khi lọt vào bảng xếp hạng Thí Kiếm/Hiệp Cảnh, khi nhận lại sẽ hiển thị số lần đếm, có thể trưng bày tại trang cá nhân.",
  "13083041302995867246": "Phá hủy",
  "13083124226412870484": "Giải trừ dịch dung",
  "13083138209637172906": "Rương báu Vũ Nhung Thảo",
  "13083140127378044684": "Cần cẩu nhỏ - Hộp",
  "13083149025468252367": "Phạm Tử Hồng",
  "13083171470958813536": "Thọ Xương Phường - Quân Khí Giám - Quan viên",
  "13083174509609257215": "Thiên Thượng Lai - Công nhân 4025",
  "13083198073760472507": "Cừu Kim Hàn",
  "13083265686120002783": "Bầu không khí Xảo Nhi sau tai họa",
  "13083345590057770143": "Vũ Y Lâu - Bầu không khí - Giọng nói 4 - Xưa Lại 2",
  "13083392290159532926": "Có giọng nam truyền đến từ góc phòng, tìm về phía tiếng nói xem sao.",
  "1308345220043138469": "Mỗi khi bắt đầu hiệp đấu tăng #G31.2%#E thuộc tính trị liệu (tối đa 10 tầng)",
  "13083475930877981428": "Ta quan sát ngươi nửa ngày rồi, nhìn thế nào cũng thấy ngươi là con bươm bướm. Ta nhận hết các con bươm bướm khác ở gần đây, chỉ có ngươi... Quả nhiên, ngươi chính là Phá Kén Cư Sĩ thần long thấy đầu không thấy đuôi!",
  "1308349954418554211": "Triệu Vĩ Nghiệp",
  "13083582109379729761": "Đang tải dữ liệu",
  "13083602045536348411": "Câu hỏi cuối? Vậy có giải được hay không cũng không ảnh hưởng đến việc qua kỳ thi tháng nhỉ. Ta thấy ngươi thức trắng đêm không biết bao nhiêu lần, các học bá các ngươi đều thi đua như vậy sao?",
  "13083626393505119096": "Sơn trang được bao quanh bởi rừng trúc treo đầy đèn lồng cúng tế và vải trắng. Nam Trúc công tử đau đớn mất đi muội muội đang một mình ngâm xướng khúc ca cuối cùng trên sân khấu.",
  "13083655869559276011": "Nhiệm vụ chính Khai Phong",
  "13083670675776609771": "Đại hiệp ngốc quá, không nói tiếng người, ta làm sao mà nghe hiểu được chứ!",
  "13083769246267782592": "Cấu hình đường nét sáng tối",
  "1308382585353320169": "Ở đây! Đến Vô Bỉ Khách Điếm.",
  "13083882135606394973": "Tử Chung",
  "13083918022462697107": "Bảo Thù*100, Bảo Tiền*3 vạn",
  "13083920529867527069": "Văn bản thử nghiệm —— Họa Phảng Kiến Tạo vị trí giữ chỗ 21",
  "1308397464573445837": "Mạch Hương Tập - Bối cảnh tuần tra",
  "13084018350812264107": "Hồng Câu Cổ Cừ - Bách tính - Đi lại 1",
  "13084043569001081893": "Sự kiện ảnh hưởng nghiêm trọng đến thần trí",
  "13084074482404066007": "（Có thể chuyển đổi）",
  "13084081817323958071": "Đây là của Quân nhi... Quân nhi thích làm đẹp, nhưng lại mắc bệnh... đâu còn tinh thần, nàng ngày ngày nhìn gương mặt giận dỗi...",
  "13084111753201324179": "Bạch Dật",
  "13084150945702124842": "Công Tôn Đại gia - Sư tử hống",
  "13084171467083988180": "Bảng mẫu",
  "13084194519398183780": "Đại Chùy",
  "13084208156669777738": "Tú Kim Vệ Tổng lĩnh",
  "13084227417364286645": "Lão nhân gia, ngài nói gì vậy?",
  "13084295787401635407": "Gây ra sát thương trị liệu #G120%#E, rút ra #G1#E đơn thuốc",
  "13084375900145287110": "Tốc độ tu luyện giảm 50%",
  "13084430012865770904": "#dcceb3 Tiền Chấp Ca: #E",
  "1308443355646386938": "Phật Gia Trại - Hoa độc 6",
  "13084509140512627106": "Hoa cúc 01",
  "13084533322635948673": "Tổng cộng trả lời",
  "13084569292125883108": "Khôi phục lượng lớn giá trị bệnh nặng.",
  "13084592057461461472": "Tích Lực Cung",
  "13084596082105961836": "Phiên bản quy trình - Hắc Thị Truy Đào - Nam thường dân ngẫu nhiên",
  "130846494127445704": "Mô hình chung - Khách tĩnh 5 - Thợ rèn",
  "13084653927830318922": "Triệu Vĩ Nghiệp",
  "13084664776962261459": "Túy Hoa Âm - Lầu Phàn Tầng Một Không Khí - Gõ Trống 1 - Vũ Nam",
  "13084682820099309673": "Xin lỗi, xin lỗi, trước đó bị kẻ trộm lấy đồ, gây ra chuyện lớn! Nên mới có chút đề phòng với những người khách phương xa như các vị.",
  "13084751114816500478": "Hoàn thành 3 lần Thiên Địa Vạn Lệnh ({0}/{1})",
  "13084757963079514900": "Giàn Giáo 2",
  "13084772311326841754": "Tiểu Thạch Khối",
  "13084779388946662369": "Giải Mã Văn Tự - Thiên Tuyền Di Bảo",
  "13084789538129302296": "Danh tiếng xấu, hủy cửa hàng, hủy danh tiếng.",
  "13084819029797605683": "#N Trưng, Vũ, Cung, Giác, Thương. #E",
  "13084822492604081963": "Nhị kiến thiện nhân",
  "13084835160353324839": "Sinh Thái Vật Chủng",
  "13084859208016065271": "Làm bà cô giật mình, thì ra người đó bị điểm huyệt rồi.",
  "13084866235925517643": "Thi Thiên Lai",
  "13084870681417766303": "Giới Uy",
  "13084933704705449122": "Tiến độ xây dựng lần này tăng {}",
  "13084935382525546288": "Ơ? Tiểu thương bán nước dưa đâu rồi, sao không thấy nữa nhỉ?",
  "13084943483350838754": "Chỉ ngừng chiến",
  "13084950191074597147": "Bệnh Thôn - Nghe Lén 4 - Thực Thể Trống",
  "13084959560222017439": "Nhà nàng vừa mới mất chồng, triều đình có ơn chiếu cố, may mắn có được một mảnh đất bồi thường...",
  "13084962442391005695": "Khai Phong Du Phố Xung Quanh - Bách Tính Nam - 67",
  "13084962489384988252": "Thời gian còn lại lớn hơn {}",
  "13084987572209397607": "Túy Hoa Âm - Không Khí Cửa Hàng - Trác Uyển Nhi",
  "130849967234715473": "Nhất Diệp Bình Sinh - Tấm Nền Bách Tính Mê Tín",
  "13085008678371007234": "vi phạm âm thanh",
  "13085056417399839196": "Thừa Ân Trấn Không Khí -",
  "13085060933375241984": "Phật Quang Đỉnh - Điểm Sinh Ra 18",
  "13085071174952443535": "P4 - Vòng Phóng 01 Phải",
  "1308509188148656959": "Ngọc tỉnh trong sáng vang vẻ chim hạc đứng, cọng sen non bẻ sợi cười chàng Hà, lòng như mùa xuân dao động.",
  "13085122404959852512": "Âu Gia Hạo",
  "13085128458411979099": "Bàn Dương - Tiểu Kịch Trường Bắn Cung",
  "13085133614535174272": "Ôi chao, lại cắn câu rồi à...",
  "13085160868110381627": "Đang tải...",
  "13085177372596591780": "Chuyện cũ của %s",
  "13085186036051376150": "Rời khỏi xin ăn thử nghiệm",
  "13085190562122143867": "Nhiệm vụ: Phá địch",
  "13085203322012009585": "Quần chúng nhiệt tình",
  "13085206905529086961": "Không rõ...",
  "1308522313891228769": "Ngoại trang",
  "13085247674333091292": "Ngũ Cầm Hí mặt phẳng vị diện",
  "13085269640783343089": "Chuyện sau đó thiếu hiệp đều biết rồi, Điền Nghĩa sĩ không phụ lòng trông cậy, Dạ Lộ Phi Quang quay trở lại, cũng coi như có đầu có cuối.",
  "13085276515789019265": "Tương tác Hà Đao Trại",
  "13085288577665090160": "Thành phần kiến trúc, dùng để xây dựng Phường Thuyền.",
  "1308529086370552906": "【Lục Võ Lâm】Kim Ngọc Thủ_Giai đoạn 1",
  "13085318189204275440": "Chu Vũ Lâm",
  "13085351410972129275": "Đối thoại",
  "13085360273787814874": "Rao Bán Bên Đường",
  "13085407366653301587": "TBG-P1 - Hộp Truyền Động - Phần Trên",
  "13085422438311213918": "Sợ chết mất thôi",
  "13085431887664318848": "Phổ · 56 Giai Liệt Thạch Uy",
  "13085497599624059560": "Cấm quân Đại Tống",
  "13085504809100590591": "Tiểu Thụ Chi",
  "13085608850689000076": "Thủy dãi, mồ hôi, ho, chảy máu mũi, hoặc di tinh, phân đục, hoặc tiêu chảy, nếu nhẹ thì sáu chứng xảy ra luân phiên, nếu nặng thì sáu chứng xảy ra cùng lúc.",
  "13085618865670951742": "Bảng xếp hạng Xạ Phúc",
  "1308564737539778132": "Tùng Thụ",
  "13085679568399383736": "Giải quyết vấn đề 'giang hồ nhân sĩ'",
  "13085713329051614088": "Câu Lan Ngõ Tứ",
  "13085727054388768056": "Túy Hoa Âm - Lầu Phàn Tầng Một Không Khí - Liên Cẩm Vân - Sau Võ Lâm Lục",
  "13085822394961458367": "Anh em chuẩn bị sẵn sàng, Phật gia ta muốn san bằng Từ Tâm Sơn Viện đây. Hừm hừm, cứ để bọn phản bội theo phe Tuệ Dược chờ đó, báo ứng sắp đến rồi.",
  "13085852156602066430": "Vị diện đang được xây dựng",
  "13085875344830993676": "Xin chọn mô hình chỉnh sửa",
  "13086002801973367161": "Nghi ngờ (Hoàn thành và nhận nhiệm vụ)",
  "13086006628872204217": "Chuột kỳ lạ 11",
  "13086048990916466490": "Luận Ngữ",
  "13086073207619918732": "Thông gia Thanh Hà",
  "13086126845397995741": "Lưu Phái Tháp Minh Kim · Ảnh Tầng 2 - Hòa Thượng Cung 1",
  "13086131239809885476": "Phúc Lộc Mãn Đường Vạn Sự Nghi",
  "130861366402524343": "Phong cảnh Diễm Hồ này, quả thực tuyệt sắc a...",
  "13086143494979717922": "Mua bán",
  "13086176666575405720": "Hoa Tiên",
  "13086198437573485930": "Điệu múa《Nghê Thường Vũ Y Khúc》quả thật tinh diệu, nhưng 《Ca Vịt Quay Nam Phi》 của ta mới là vô song thiên hạ!",
  "1308621070614144976": "Xem",
  "1308621704278598934": "Mạch Hương Khách Trạm 4 - Khách Ăn Cơm - Thiện Bạch",
  "130862183112940478": "Các cấu kiện chạm trổ tinh xảo, mái cong đấu củng, núi non trùng điệp, vách đá lởm chởm, có một kỹ năng trong tay như đi trên mặt đất bằng phẳng.",
  "13086279459563889502": "Hu hu hu... Đừng qua đây... Cầu xin ngươi...",
  "13086301298709645474": "Thọ Xương Phường - Phú Nhân",
  "13086301863736166401": "Tế Bái Thôn Dân - Tấm Nền Thôn Dân",
  "13086310281319467692": "Đến xem ngươi.",
  "13086357885004888885": "Trong vòng #Y12#E giây sau khi vào chiến đấu, nếu khí huyết bản thân dưới #Y60%#E, sẽ lập tức nhận được một hiệu ứng Tuyết Kiến kéo dài #Y4#E giây: mỗi giây hồi phục #Y3%#E khí huyết bản thân + #Y600#E giá trị cố định, khi tấn công có thể hồi phục khí huyết bằng #Y10%#E sát thương gây ra. Hiệu ứng này mỗi #Y150#E giây chỉ có thể kích hoạt một lần.",
  "13086379195754442513": "Thiên Phật Thôn_Đám Đông Vây Xem",
  "13086494830348528910": "Sử dụng vật này, có thể nhận được ngoại quan tương ứng.",
  "13086554579736671136": "Địa vị Thiên Tuyền",
  "13086562655834790668": "Trong trận chiến với thủ lĩnh Diệp Vạn Sơn, bị truy đuổi liên tục vượt quá 300 mét",
  "1308657788568293445": "Thạch Khối",
  "13086590033000343753": "Trương Chấn",
  "1308671075244496734": "Lầu Phàn - Võ Lâm Lục - Lấp Đầy Không Khí 6 - Vũ Nam",
  "1308674858384163686": "Sinh Thái Vật Chủng",
  "13086770835724194449": "Bản vẽ mô tả giống như một cái nôi, nhưng thiết kế cực kỳ tinh xảo, phía trên có cơ quan chim chóc, có thể tự động lắc lư di chuyển, nhìn có vẻ đã đổ rất nhiều tâm huyết vào đó.",
  "1308686639334597087": "Kỳ Ngộ Trĩ Tử Giang Hồ - Tiểu Bình An",
  "13086877188477748615": "Đại Dì",
  "13086915008357975113": "Thập Nhị Tiên",
  "130869626979187139": "Ngươi và bọn trẻ đã đánh rơi Phi Thiên Cuồng Kỳ Sư xuống.\nNgay khi chuẩn bị tiến lên hỏi chuyện, một mũi tên nỏ bắn tới, Cuồng Kỳ Sư còn chưa kịp nói hết lời đã tắt thở hoàn toàn.\nNgươi ngẩng đầu nhìn, kẻ ra tay lại chính là tên Mặc Công Nhạn trông thật tầm thường kia.",
  "13086967989227125704": "【Đang Thi Công】Cấp Độ Thế Giới - Đại Tống Quan Binh - Thương Thuẫn (Tinh Anh)",
  "13086973219088988821": "Bất Tiện Tiên - Điểm Làm Mới Chiến Lợi Phẩm Mới Thêm 170",
  "13087033465039777131": "[Nhập tâm tình giá trị biến hóa]",
  "13087050978792441366": "Trương Tuấn Kiệt",
  "130870642679724330": "Huyền Thưởng Văn Sĩ",
  "13087074833799808383": "Ngoại Lò Luyện - Quân Doanh - Mộc Bản",
  "13087117247481885971": "Thế gian không có người bị bệnh, chi bằng từ bỏ y học theo văn.",
  "13087139769461545883": "Định thân",
  "13087152259888405465": "Đấu giá tại Quan Tài Phường, hoặc trao đổi với các nhà sưu tập khác đều có thể nhận được các bộ sưu tập đồ cổ. Theo dõi bộ sưu tập trong túi đồ, nhân viên đăng ký tại Quan Tài Phường sẽ giúp bạn để ý tin tức trên thị trường~",
  "13087159882879519142": "Trêu chọc",
  "13087183887671924083": "Phổ·71 Giai Khiên Tơ Ngọc",
  "13087206243703171057": "Thiếu Nữ NPC Thử Nghiệm",
  "13087206404443069511": "Cổ đông",
  "13087213991121605361": "Lọ thuốc sứ có mùi thơm, đáy lọ khắc chữ 'Tiêu'.",
  "13087218184113126620": "Quà nâng cấp Chiến Lệnh",
  "13087313154941362407": "Không rõ danh...",
  "13087388384789629603": "Lương Y Trị Liệu Tùy Chỉnh",
  "13087394496640287226": "Đúng vậy, cô gái hiệp nữ đó, đã tốn bao công sức, mới ôm được những cái vò kia về, xếp chồng lên nhau... Cái vò to hơn cả đầu cô ấy, vật lộn mãi mới xong.",
  "13087396973377176577": "{2}\nThân thể có chút không khỏe, qua chẩn đoán của danh y {0}, căn bệnh ta mắc phải là {1}.",
  "13087448413147018208": "Hộ Trạch Long",
  "13087496687273401931": "Thanh Hà Dã Ngoại BOSS - Bì Ảnh Huynh Đệ - Lai Sinh Ngạn",
  "13087537812200168328": "Suýt chút nữa đã làm bị thương người!",
  "13087570979515975990": "Cực khó",
  "13087580222665384562": "Mười sáu năm trước theo lệnh Đỗ Trọng Uy giả lệnh quân tình để chặn đường cứu viện, dẫn đến sự việc Tư lệnh Hành doanh phía Bắc Vương Thanh bị mắc kẹt ở Trung Độ Kiều.",
  "13087619836773561380": "{2}\nThân có chút bệnh, theo chẩn đoán của danh y {0}, bệnh ta mắc phải là {1}.",
  "13087668564878811901": "Hoa si trước cổng thường thổi khúc này, mong quý nhân có thể nghe thấy, nếu bản diễn tấu của ngươi nhận được sự công nhận của ông ấy, sẽ được tặng cổ phổ《Vô Y》.",
  "13087740744596747575": "Gãy xương",
  "13087747069727934241": "Sinh Thái Vật Chủng",
  "13087768424097337470": "Trương gia…… Phản quốc…… Ta không dám tin……",
  "1308779790333566201": "Chu Vũ Lâm",
  "13087798549424420801": "Hoàng Lạc Tư",
  "13087838996072124576": "Nhiều người trấn thủ",
  "13087849794306242620": "Thần Tiên Độ Dân Làng",
  "13087857602127999259": "Khu vực nhà Thôn trưởng Thiết Bích Cốc",
  "13087858015763469181": "Phật Quang Đỉnh Tứ Phẩm Bảo Tương",
  "13087869233510332897": "Đá đen, có thể dùng làm vật liệu.",
  "130879107842080657": "Đang tải dữ liệu",
  "13087948701511058816": "Thoại trực tiếp",
  "1308795425996255168": "Tôn Diệu Tổ",
  "13087971271498693031": "Một người dân thích kiếm lợi nhỏ",
  "13088014776986485446": "Phong Hòa Thôn - Điểm Làm Mới Chiến Lợi Phẩm 160",
  "1308801979980434304": "Đại Thế Giới - Lục Lâm - Hãn Phỉ Tiểu Thủ Lĩnh - Song Phủ - Yếu D",
  "13088037342694780868": "Tìm không thấy cũng không sao, trên Đạo Mặc Sơn có nhiều thứ thú vị lắm, ta chủ yếu là học hỏi, vượt qua.",
  "13088075789235016596": "Những thứ này có thể bán được sao?",
  "13088076482373356501": "Trương Tiêu Nặc",
  "13088124864856956561": "【Thoại thuật】 Cảnh đẹp nhảy vực",
  "13088156215282549236": "Độ cao",
  "13088166185035566325": "Giác Chướng Lâm",
  "1308826243684267435": "Hiệu Ứng Đặc Biệt Khinh Công Phiêu Đới - 0.5 Lần - 180°",
  "13088272135690940489": "Ẩn Nguyệt Sơn 1",
  "1308829940582439350": "Di tích làng cũ",
  "13088362041102409674": "Hộ vệ",
  "13088371829100943547": "Nội ưu ngoại hoạn",
  "13088390937377788157": "Đá có hoa văn mờ",
  "13088413362164580673": "Nhất Diệp Bình Sinh - Tư Nguy Viên Cựu Chỉ - Tấm Nền 4",
  "13088421537280953138": "Ấm đun nước",
  "13088442743249799371": "Tường Không Khí - Mật Điểm Cứ",
  "13088447565349902720": "Trúc",
  "13088473445321347024": "Âu Gia Hạo",
  "13088505665580544002": "Gây ra 180.0% sát thương đánh, trong trận này, xác suất lời lẽ cay nghiệt của bản thân tăng 2 tầng (74.0%), tối đa là 6 tầng.",
  "13088573171402887313": "Hoàng Lạc Tư",
  "13088578590002004423": "Lý Nghiên",
  "13088653652676717235": "Nộ Trảm Mã · Kinh nghiệm",
  "13088707899400320127": "Giảm#G5%#E sát thương kỹ năng đặc biệt của anh em múa sư tử cầm Kim Thanh.",
  "1308879809747457985": "Trang Bị Dùng Để Thử Nghiệm",
  "13088876454981347605": "Khiên Duyên",
  "13088883196269350325": "Tam Bảo khóc đêm là do gió thổi bay chiếc đèn lồng của cô bé đi mất. Gió đêm rất lớn, #a66829 chiếc đèn lồng bị thổi bay rất cao.#E",
  "13088959303852630507": "Bạch Thố 1",
  "13088987483018689732": "Gây ra 70% sát thương vật lý.",
  "1308900561715755418": "Con sói hoang đó... Chết tiệt!",
  "1308901611808591956": "Thần Tiên Độ - Điểm Làm Mới Chiến Lợi Phẩm 327"
}