{
  "11918637702694329966": "Ăn uống không sạch dễ sinh bệnh, cổ trướng khó giữ, lâu ngày không khỏi sẽ sinh lỵ tật.",
  "11918640448836112028": "Ngươi đừng chen! Vội cái gì!",
  "11918652201761078180": "Phương thức hồi phục",
  "11918673138231478118": "Áo trong",
  "1191867575397660379": "Phục Mã Trang - Điểm Tái Sinh Chiến Lợi Phẩm",
  "11918717351961084602": "Sinh Vật Sinh Thái",
  "11918746583692603878": "Thọ Xương Phường - Khu Thủy Lợi Nê Bồn - Nông Dân",
  "11918758281359436878": "BOSS dã ngoại đối thoại lần hai",
  "119187589824371668": "Vậy... vậy xem cái khác nhé?",
  "11918825584489227260": "Lối Chơi Bổ Khoái - Bổ Khoái (Đao) Cấp 4 - Thanh Hà Thông Dụng",
  "11918828373204214739": "Thanh Khê Nghĩa Sĩ",
  "11918851113274971806": "Trì Xuyên",
  "11918868226074749439": "Khai Phong Phủ - Hữu Sảnh - Bách Tính 27",
  "11918961611200277385": "Kỵ Binh Quan Binh Đại Tống - Phiên Bản Gắn Kết Chiến Ưng",
  "11918968754316921426": "Khôi phục entity ẩn",
  "11918984887288337263": "Khảm Nhi Tỉnh - Tiêu Ký Tầng Một",
  "11918997379622627608": "【Chính Thức】Bảo Tương Thiết Chế Nhị Phẩm - Tam Trọng Kim Chinh",
  "11919009972912436790": "Ấu Chu Hàn Khuẩn",
  "11919021184145943394": "Hà Bá cố ý bị thương nặng, đã dẫn ra kẻ hung thủ đã che giấu nhiều năm — Triệu Quang Nghĩa.\n\n河伯引动黄河之水，想以断浪一刀结果赵二姓名，却因赵二拿出的信物而将刀锋停于赵二面前。\n“她自愿赴死，你从来都知道，河伯。”",
  "11919066972872877669": "Bệnh nhân Thuốc Gia Y Quán 2",
  "11919072047508288830": "Đánh đấu thất bại",
  "11919137685403935149": "Tinh Thiết",
  "11919156258823618955": "Ly Sơn Liệp",
  "11919198665411757622": "Theo tiếng hát, đi lên lầu điều tra",
  "11919203202351642311": "Từ biệt",
  "11919230845334589468": "{3}\nTa vào ngày {0} mắc bệnh {1}, sau khi được danh y {2} chữa trị, cuối cùng đã khỏi bệnh.",
  "11919273323624152696": "Đánh dấu",
  "11919294285415185668": "Thang dây hồi quy",
  "11919298894087247645": "Sinh Vật Sinh Thái",
  "11919302629956014032": "Phần Thưởng Tặng Quà NPC - Lễ Bao Cao Cấp Nhị Cấp - Giang Lô",
  "11919324532755371807": "Bách tính chúc mừng năm mới.",
  "11919382049705112519": "Ngự Uyển Nam - Xạ Điện Vi Quan 5",
  "11919388172026182168": "Thái Thương Túc - Thường Bình Thương - Trấn Thủ - Thẩm Nghĩa Luân - Cách Không Đối Thoại",
  "11919414416669038978": "Hừ——",
  "11919437730757235054": "Kỳ Ngộ Kế Thừa Giả Mỹ Thực - Cước Ấn",
  "1191946132795091380": "Hòm tự chọn Liên Tinh cấp 71",
  "11919473944270268114": "Sơn Kê Lục Sắc",
  "11919487380330732311": "Quần áo Cửu Lưu Môn",
  "11919511951920881661": "Ta thích! Cái giỏ hoa này đẹp quá!",
  "11919554503754639451": "Cộng đồng",
  "11919576214517894362": "Tìm người bị hại ở khu vực Phục Mã Trang",
  "11919593518624050083": "Đối thoại",
  "11919605393488739995": "Lối Chơi Thám Bảo Di Chỉ Bắc Minh - Hoàn Thành Cơ Quan",
  "11919613562013184427": "Nam Chử công tử hôm nay không có ở Túy Hoa Âm",
  "11919638232075978445": "Tay không",
  "11919670168342710011": "Linh kiện kiến trúc",
  "11919671038548023921": "Tiêu Chuẩn Đẳng Cấp Thế Giới - Tiểu Quái Thiên Về Phòng Ngự",
  "11919708822500912558": "Lối Chơi Kiến Thiết - Đạo Cụ Cao Cấp",
  "11919710222806643758": "Số lần miễn phí còn lại hiện tại:",
  "11919745264688717865": "Một, chỉ là một thứ nhỏ bé thôi, ta có thể trả lại cho cô ấy! Nhưng cô ấy hoàn toàn không nghe ta giải thích...",
  "11919751036033953251": "Bảo Tương · Khai Phong",
  "11919780314366898739": "Quy Lai Thả Bế Quan",
  "11919817017221747012": "Không thể tặng cho người không có hiệp duyên",
  "1191982907981697013": "$T(5010)$, xin ngươi, ngươi... ngươi có thể đánh ta một cái được không...?",
  "1191984225681992525": "Thành phần xây dựng, dùng để dựng nhà.",
  "11919858845421085756": "Phím tắt võ học",
  "11919879893362637872": "Meo ~",
  "11919895153043027613": "Thọ Xương Phường - Sĩ Binh",
  "11919951098833425121": "Mẫu Bản Không Khí Tường",
  "11919959775179555409": "Nhiều người",
  "11919968523363832270": "Khí định thần nhàn",
  "11919987048571934609": "Lát nữa tới",
  "11919988344011052590": "Đang bị truy sát",
  "11920020951143488125": "Đạo lý gì",
  "11920039870736315301": "{3}\nTa mắc bệnh {1} vào lúc {0}, sau đó được danh y {2} chữa trị và cuối cùng đã khỏi bệnh.",
  "11920065369175512241": "Mật Tàng Xà Vương - Kích Hoạt Giải Mật Phức Hợp",
  "11920147689047460130": "Trong cái vô hình có thiên ý. Nghĩ kỹ mà xem, ngươi và mỗi người quan trọng trong đời ngươi.",
  "11920202266576649141": "Không Khí Chủ Kiến Trúc - Giàn Giáo - Xao Đả",
  "11920261745748175746": "P2.3 Đồng Thiên Hạp Tán 2-2",
  "11920263339838581459": "Năng lực Ngự Uý",
  "11920280633545985225": "Tuyệt Vô Tâm",
  "11920379780229530064": "Ô vuông 4 - Tứ Quán",
  "11920395921149363971": "Đây là... Thường Bình Lệnh?",
  "11920416963941074302": "Hắn đã kêu gọi ở ngoài thôn suốt đêm, khuyên nhủ dân làng rằng đây không phải là kính Phật hướng Phật, mà là mạo phạm Phật hại mình, ai ăn năn hối cải có thể theo hắn rời đi. Có kẻ cố chấp mắng chửi Thiền sư Diệu Thiện, thậm chí còn dùng nắm đấm chân tay đánh đập.",
  "11920432186550523808": "Vạn gia út, hành thất. Vạn gia đa thương nhân, chỉ có Vạn Chấp An là một kỳ nhân. Lễ Trảo Chu, hắn coi thường tất cả bút mực giấy bút, cung tiễn đao kiếm đầy đất, đi thẳng đến một bàn cờ vây. Mười hai năm sau, hắn đối chiến với kỳ thủ cờ vây quốc gia, ba kiếp luân hồi bất phân thắng bại, cuối cùng thành hòa cục, một ván thành danh, trở thành thiên tài thiếu niên nổi danh Khai Phong. Nhưng nước đầy thì tràn, trăng tròn thì khuyết, cùng năm đó, một thiếu niên chấp “tướng” treo “soái” đã để lại một vết sẹo sâu sắc trong cuộc đời trắng như ngọc của Vạn Chấp An.",
  "11920453782776430123": "Giới Thiệu",
  "11920465512595466104": "Đến lượt ngươi!",
  "11920507386121770514": "【Đang Thi Công】Thế Giới Đẳng Cấp - Quan Binh Đại Tống - Kỳ Chí Hiệu Giác",
  "11920567187764503640": "Tủ trưng bày huy hiệu của %s",
  "11920570536379989616": "Đang lấy dữ liệu",
  "11920594163891147316": "Là phi đao!",
  "1192063134195901": "Thần trí không minh",
  "11920637380692625809": "Thiếu hiệp còn cảm thấy chóng mặt không? Nếu có gì không thoải mái, hãy nói ra.",
  "11920681883699655075": "Đối diện sạp hàng nhỏ bé của Nguyên Điềm Điềm ở Thần Tiên Độ, có một bé gái tên Đồng Tiểu Vân lén lút nhìn trộm...",
  "11920707118600699273": "Rốt cuộc hắn coi ta là ai? Không quản nữa, giải quyết việc lụt lội mới là chuyện quan trọng.",
  "11920723744000864411": "Sinh Vật Sinh Thái",
  "1192073832027905320": "Móc",
  "11920757631942943479": "Thời gian hiệu lực của lá chắn khí huyết do bản thân tạo ra và hiệu ứng phụ trợ từ kỹ năng tạo ra lá chắn đó được kéo dài.",
  "11920779664245094893": "Trẻ con tóc rối học câu cá, ngồi nghiêng trên đám rêu xanh mọc trên bờ đá.\nNgười đi đường hỏi, chỉ tay xa xôi, sợ cá giật mình không đáp lời.",
  "11920786935879819637": "Xóa",
  "11920799323513699338": "Biểu diễn",
  "11920830855971098620": "Thả tất cả kẻ địch và vật phẩm ra",
  "11920851675870019383": "Toàn bộ người chơi đã hoàn thành công tác cứu trợ lần này với %s!",
  "11920985274708327928": "Du Hiệp thân mến:\nPhần thưởng hoạt động WeChat đã được gửi đến bạn, xin hãy kiểm tra.",
  "11920997886066944515": "Giới hạn trên nguyên liệu dây chuyền tắm",
  "11921075917501238480": "Không nhìn thấy ta... Không nhìn thấy ta...",
  "11921077383632356065": "Niệm tụng",
  "11921111438151383715": "Khai Phong Phủ - Đại Sảnh - Bách Tính 34",
  "11921119492663032998": "Lý Thần Quang",
  "11921147066202189892": "Rô bích 10",
  "11921236875687495016": "Điền Dã",
  "11921294737178345659": "Vạch mặt kẻ lừa đảo",
  "11921320624162863214": "Đệ tử Dương Viên say đắm âm nhạc và vũ điệu, hiếm khi xuất hiện trên giang hồ, chỉ có #Y“Thiên Hạ Hành Tẩu” Hàn Yên La#E trong viên, theo lệnh Viên chủ ngao du giang hồ, truyền bá âm nhạc vũ điệu, chiêu mộ môn nhân.",
  "11921352273960511758": "Biểu Mẫu Bản",
  "11921417698360232650": "Thu cần câu lên",
  "11921450028649685957": "...Hít, thiếu hiệp có phải bị thương rồi không?",
  "11921461511644949818": "Đang tải dữ liệu",
  "11921464050367678803": "Âu Gia Hạo",
  "11921515958659650195": "【Kỹ năng Võ học - Nhị】Khi sử dụng tổ hợp võ học môn phái đánh bại #Y Bất kỳ thủ lĩnh nhiều người nào#E, #Y Thiên Hương Dẫn Hồn Cổ#E trong một trận đấu bảo vệ đồng đội đạt 10 lần",
  "11921533582687189064": "Phòng Chí Cường",
  "11921568738474354447": "Sau này ta không gọi là Tiểu Thặng nữa, ta không còn là đứa trẻ mồ côi không nhà không người thương nữa, ta tên là Hạ Tân, con của Hạ Hựu Khứ. Là người đào giếng ở Khảm Nhi Tỉnh.",
  "11921577294898638703": "Tiểu tiện khó khăn, tiểu ra sỏi. Còn gọi là Sa lâm, Sa thạch lâm. Đa phần do uất nhiệt ở hạ tiêu, nấu nung thủy dịch mà thành.",
  "11921604795295130943": "Lương Tử Hàn",
  "11921730446104565368": "《Võ Lâm Lục Dùng Cho BOSS Chiến》Trịnh Trạch - Hỏa Bả Tặc",
  "11921731699902335977": "Bảo Tương · Khai Phong",
  "1192177395481413950": "Âm Binh Tá Đạo",
  "11921780147992022836": "Trăm nghề chiến",
  "11921785892389483020": "Cứu trị",
  "11921819197331608454": "Phiếu Ngoại Quan Không Cày",
  "11921842032222066750": "Dân chúng Vạn Thắng Trấn",
  "11921855103454134013": "Mời thành viên Bách Nghiệp trực tuyến",
  "11921859185605837933": "Túy Hoa Âm - Ngữ Âm Bổ Sung Không Khí Ngoại Vi 2-Nam",
  "11921884435664926856": "Chu Bổn Thụy Đạo Nhân - Bạch Lư Của Thụy Đạo Nhân",
  "11921894052299473783": "Vui lòng nhập tên Kế hoạch kỹ năng",
  "11921906264962514918": "Phía ngoài Đông Hoa Môn buôn bán sầm uất nhất. Vì cấm trong cung mua bán nên đồ ngọc, vàng, quần áo, không gì là không có kỳ vật thiên hạ.",
  "1192192284484196581": "Võ lâm tạo nghệ",
  "11921952247177811956": "Tổ Phân Vi Vạn Thắng Trấn 34",
  "11921996456544351038": "Khu vực gợi ý phím: Hiển thị #HThao Tác Chính#E hiện có thể thực hiện.",
  "11922021017447127257": "Thâu Sư - Thế Đại Vô Tâm Cốc - Trạm Cương",
  "11922026125081509814": "Sinh Vật Sinh Thái",
  "11922064629667330963": "Tổ Kiện Khinh Công Tương Tác 20 Mễ",
  "11922087100190977107": "NPC không khí - Quầy bán cá tươi xoay vòng Bắc Ngự Uyển 2",
  "11922118735154520812": "Tiểu Thạch Khối",
  "11922225347320791317": "Tam Nhân Nhàn Đàm",
  "119222770853968648": "Tư vấn rời bỏ",
  "11922287903332299529": "Dương Trụ Vũ",
  "1192228984844627720": "Lừa con",
  "11922318556877033820": "Mộng Lưu Kim",
  "11922391325057462964": "Đóng",
  "11922415435948688850": "Để NPC chạy trốn",
  "11922423937923096486": "Sinh Vật Sinh Thái",
  "11922475025286562252": "Giải cứu thành công",
  "11922493151724646275": "A26 Tú Kim Lâu Doanh Địa Hỏa Cung",
  "11922532552997281465": "Tham khảo tiến độ",
  "11922547846822452255": "%s đã tử trận hoặc từ bỏ nhiệm vụ",
  "11922559163248501931": "Thừa Ân Trấn - Khu Hí Đài Đối Thoại",
  "11922618337665487164": "Sinh Vật Sinh Thái",
  "11922723448976505106": "10 Chu Nguyên Thông Bảo",
  "11922755446948899115": "Đối thoại",
  "11922758328265581632": "Liễu Phố - Bình Dân 75 - Khách Nhân Quán Ăn",
  "11922762230326877419": "MSD Thiên Công Quật 07 - P2.2 Đồng Thiên Hạp Tuyền Chuyển Đạo Lộ",
  "11922784989696556": "Hồng Lô Nhã Tập, hai người chơi có thể cùng nhau thưởng thức, một người trả lời đúng có thể giúp người kia sửa lại câu trả lời.",
  "11922796433038757568": "Xác nhận thoát khỏi xem trận thoại?",
  "119228012060152224": "Sát thương Lửa",
  "11922813968759252400": "npc Trợ Chiến - Y Đao 5-8 Tầng",
  "11922827612397448735": "Cấm Quân Tướng Lĩnh",
  "11922865544483653175": "Gia nhập",
  "11922869149130805879": "Nhất Trượng Hồng",
  "11922870085100526260": "Hì hì, đọc sách quên hết đạo lý trong sách, là tiểu sinh ngu muội rồi.",
  "11922939781398630572": "Thế",
  "1192296294276019445": "Hí, hí!",
  "11922976871654396853": "Vạn Kiếm Quy Tông",
  "11923008656966922972": "Quản Tuấn Đào",
  "11923019741647054990": "Thiếu hiệp xem, ta đã nói rồi mà, việc tốt thế này khó tìm lắm!",
  "11923114198474065666": "【Mặc Sơn Đạo】 Huyền Bí - Kỳ Lân Giáp",
  "11923168900711679992": "Tả trắc",
  "11923219149748285267": "Trần Gia Tranh",
  "11923227024761777141": "Thiên Niên Độ Dân Chúng 3",
  "11923295614596243407": "Được rồi được rồi, nhìn bộ dạng hèn mọn của ngươi kìa, câm miệng đi.",
  "11923297131596298484": "“Năm sau hội ngộ không biết còn ai khỏe mạnh? Say sưa ngắm kỹ hoa Thù Du.”\nHoa Thù Du không hợp thủy thổ, chỉ mọc trên đất nghèo của Bạc Lãng Sa.",
  "11923362007191583336": "Nhận được điểm thiên phú có thể mở khóa #HKỹ năng quan trọng#E và #HTăng mạnh thuộc tính#E",
  "11923385455332596889": "Bàn trang điểm",
  "11923445537486397546": "Lan quân tử",
  "11923449747342916012": "Một trong những chiếc khăn tay thần bí, thêu hai chữ \"trả mạng\".",
  "11923472743258804098": "Phải đuổi lũ côn đồ này đi mới được.",
  "11923505489813576983": "Thứ Sáu",
  "11923525229839963277": "Đang tải dữ liệu",
  "11923565538804468295": "Cướp Thanh",
  "11923645922589045790": "Ẩn danh",
  "11923660193155174230": "Trụ đỏ",
  "11923666104960436989": "Bùa hộ mệnh",
  "11923672189553646365": "Chỉ là không hiểu sao, đặc biệt là lương thực vận đến từ phương Nam lại ít đi rất nhiều……",
  "1192371855172893774": "Cành cây nhỏ",
  "11923795758283226146": "Tuyển tập - Nam Đế",
  "11923805569857443812": "Tử Tượng Cư - Khu Thợ Rèn - Thợ Thủ Công 5",
  "11923808188075861044": "Bánh hỏa thiêu thịt lừa tăng giá, tăng giá không tăng lượng.",
  "11923808831718332872": "Năm xưa lão phu thâm nhập hậu phương địch, lẻn vào trại địch ban đêm, như vào chỗ không người, chém đầu mấy trăm tên...",
  "11923819115232290525": "U Minh phân tạp hỗn loạn, người quỷ càng thêm tương tàn.",
  "11923820531713543591": "Miễn thương trong 3s",
  "11923843294295780421": "Lời thề liên minh đôi bên",
  "11923853004804489064": "Kiện trúc cấu kiện, dùng để dựng nhà.",
  "11923870452300642880": "Cửu Huyền Dịch Pháp",
  "11923879939508149670": "Phòng Chí Cường",
  "11923880066398910848": "Ngươi mặt mũi bầm dập thế này... Xảy ra chuyện gì?",
  "11923900076372410829": "Thế phong nhật hạ, đạo đức luân vong! Nữ tài hoa Đơn Nhi lại công khai hành vi bất chính với thư sinh yếu ớt Nam ở nơi ban ngày, đáng thương cho thư sinh kêu trời trời không thấu, gọi đất đất không linh...",
  "11923906441596834003": "Chẳng lẽ truyền thuyết đó là thật?",
  "11923914632523092723": "《Sinh Long Hoạt Hổ Linh Báo Thiên》",
  "11923975586401501691": "Trúc Lâm Cựu Cư - Điểm Hồi Sinh Chiến Lợi Phẩm 264",
  "11924025679053100964": "Đại Thế Giới - Phật Gia Trại - Hòa Thượng Rượu Thịt - Tinh Anh Kim Qua Chùy - Yếu A",
  "11924044570411934264": "Lục Trà",
  "11924051813623918964": "Bá đạo cuồng hiệp: Đạo Chủ",
  "11924057366160215081": "Trái đơn phải âm",
  "11924079862969888322": "Trong chế độ tổ đội xác suất nhận phần thưởng quý hiếm sẽ cao hơn.",
  "11924083192635823013": "Đổi Tiền Tệ",
  "11924105705665163289": "Thứ tự giảm dần",
  "11924162296689265489": "Lâm Văn Kiệt",
  "11924164176397800123": "Triệu Vĩ Nghiệp",
  "11924166442364775154": "Đơn thể ô - Đại chiêu Cửu Trọng Xuân Sắc",
  "11924169063479449633": "Phun lửa",
  "11924194433107888331": "Đoạn hai",
  "1192423078813908399": "Phiên đấu giá này còn lại: {}",
  "11924325184287284287": "Tù nhân",
  "11924344420464791628": "Thiếu hiệp cứ xem.",
  "11924351684125409968": "Tử Chung",
  "11924360221343654308": "Rời khỏi quán trọ.",
  "11924383285027336266": "Tải lên",
  "11924413316656393225": "Thị Nữ - Cầu",
  "11924427194311036262": "Tiếng kim loại kỳ lạ vang lên từ dưới lòng đất, là Tú Kim Lâu hay…… tìm theo tiếng vang xuống dưới.",
  "11924475962615186639": "Hái nho xanh tươi",
  "11924549065138056260": "Tấm lệnh bài cho ngươi.",
  "11924654853337015240": "Tuế Cốt Cung·Thần Bị",
  "11924685437923956232": "Loài Sinh Thái",
  "11924696168129865628": "Thì ra, vị kia là bà nội của sư tỷ ngươi! Thảo nào bà ấy không biết ngươi ăn quả dại bị ngứa...",
  "11924733002468652146": "Phiên Bản Quy Trình - Khai Phong Chương Ba Bốn - Quả Phụ",
  "11924736055184656995": "Canh Nhạc",
  "11924901498479566201": "Nhắc nhở bái sư",
  "11924911542823668158": "Mèo Mèo - Thưởng Bảo Bảo",
  "11924961149291669244": "Hoàn thành Vạn Thế Tri lần đầu",
  "11925002386336596760": "Thần Tiên Độ - Nam Nhân Đội Nón Lá",
  "11925020630136895840": "Thất Phạt Pha - Điểm Hồi Sinh Chiến Lợi Phẩm 187",
  "11925035952398712521": "Linh Trọng",
  "11925102372529647181": "Hội Võ 2V2",
  "11925110289367442953": "Người Thu Ngân Bóng Da",
  "11925134991305646238": "Khu vực hồi sinh Biệt Quán B1",
  "11925142962942262803": "Chu Bát Oản nhận một bộ tám cái bát rất hài lòng, không lâu sau yến tiệc đã chuẩn bị xong; ngươi thèm thuồng, ăn uống no nê.",
  "11925193035132043377": "Chu Vũ Lâm",
  "11925246105733774918": "Nàng ấy sao vậy?",
  "11925255367402108103": "Vũ khí Chấp Chỉ Định Âm",
  "11925263545575258311": "#Y*Sau khi chọn thành phần nhỏ cần thiết, vui lòng nhấn “Thêm một lần”, sau đó quay lại màn hình chính để kiểm tra, nếu thêm thất bại, có thể tiếp tục xem hướng dẫn thêm để thao tác.#E",
  "11925342469639370850": "Gây 70% sát thương đánh, trong trận này, tự thân phòng thủ lời ngoan tăng 20%, tối đa tích lũy 6 tầng.",
  "11925357091250843011": "Phòng Chí Cường",
  "11925408923859343341": "Đỗ Kiều Tiên - Trạng Thái Chiến Đấu - Giải Thế",
  "11925540293019971433": "Khinh công lên trời xuống đất này không thể sử dụng tùy tiện, mỗi nơi có quy tắc khác nhau, ví dụ như ở Thanh Hà này……",
  "11925546107366471211": "MSD Thiên Công Địa Quật 005 - P3 - Rương Báu Sắt Phẩm Hai - Phòng Ẩn",
  "11925546352768068379": "Phồn Hoa Điệp Ảnh",
  "11925578504384320369": "5 người đánh bại thủ lĩnh",
  "11925665020575684801": "Hướng dẫn lối chơi",
  "11925673857928539597": "Phật Tâm Sâm",
  "11925722732672683053": "Loài Sinh Thái",
  "11925725453304027087": "Tửu Bác Sĩ - Tống Bát",
  "1192578250909503533": "Tường Vô Hình - Thang Cứu Trợ",
  "11925824243640876054": "Thực Thể Rỗng Số 1",
  "1192584645921749115": "Một ngày sau, giờ Tí, Tháp Chuông Thái Bình, thoại sơn luận kiến.",
  "11925883215894327978": "Nấm",
  "11925946310130183177": "Người ở đằng kia!",
  "11925948573287850847": "Hồ Cuồng Ba",
  "11926063516260504907": "Hà Kỷ Hy",
  "11926123930838269776": "Tiền Phố 2 - Vô Ưu Bang 2 - Uống Rượu",
  "11926137020542264167": "Đồ Lãng Bạch",
  "11926182410304996622": "Túy Hoa Âm - Bổ Sung Không Khí Ngoại Vi",
  "11926204610462262646": "Tiết Phỉ Phỉ",
  "11926233528990046207": "Xem lưu niên rồi mới xem bát tự! Họa phúc tự có trời xuống —",
  "11926254127184786544": "Lâm Văn Kiệt",
  "11926264468149677983": "Đang bị truy sát",
  "11926268534570773346": "Cũng không biết Kỳ đệ giờ ở đâu... Thôi vậy, không có tin tức, chính là tin tức tốt nhất.",
  "11926321158240455895": "Tư Mã Quang",
  "11926343043257805050": "Chẳng lẽ, vì A Ngưu tiết lộ tin tức của Điền Anh, mà thật sự đã dụ tới đám người tìm Điền Anh này?",
  "11926368325767589570": "Cái này... ta đau khắp người, không được sao!",
  "11926400884311547686": "Linh Đài Tẫn Diệt - Tam Trọng",
  "11926434994132757028": "Sử dụng có thể nhận danh hiệu tạm thời 【Đại Bách Kiện Thể】",
  "11926503386857423788": "Liệt Bất Tẫn",
  "11926507631370442727": "【Đang Thi Công】 Cấp Độ Thế Giới - Quan Binh Đại Tống - Cờ Xí Kèn Hiệu",
  "11926511481421000370": "Cửu Trọng",
  "11926516203009047497": "{3}\nTa vào năm {0} mắc bệnh {1}, sau được danh y {2} điều trị, cuối cùng đã khỏi bệnh.",
  "11926596231443493981": "Gây ra 290% sát thương đánh, ba câu tiếp theo, nếu bị phản bác, miễn nhiễm sát thương, và nhận 2 điểm tư duy.",
  "11926607716294891096": "Đường Thiền thu hồi dẫn đến Cước Môn Lý hỗn loạn, cùng Doanh Doanh về nhà xem tình hình của bà nội.",
  "11926617040752184301": "Nam Môn Đại Phố 【Thợ Thuyền Đòi Lương】 - Nhiệm Vụ Bổ Sung",
  "11926630878402035622": "Xua Tan Buff - Lò Lửa Cảnh Quan",
  "11926685700153546666": "Huynh đài! Thế gian còn nhiều tiền chưa kiếm được, tuyệt đối không được nghĩ quẩn a!",
  "11926695439280644450": "Trộm sư",
  "119267081755797021": "Đối thoại",
  "11926757037362624673": "Chu Vũ Lâm",
  "11926807034394089977": "Trịnh Ngạc",
  "11926823157399342614": "Tôn Hạo Thanh",
  "11926830113089319083": "Họa Phảng - Câu Cá",
  "11926904958710669711": "Nghệ thuật",
  "119270244782589763": "Mẫu Tường Vô Hình",
  "11927042841738638462": "Tám năm trước bao nhiêu người chết đói…… Nếu chuyện này do Hoa Sinh Mộ gây ra, thì đó không chỉ là tai họa do giá lương thực tăng mà thôi!",
  "11927069179419819205": "Thái Bình Chung Lâu - Điểm Hồi Sinh Chiến Lợi Phẩm 502",
  "11927130839022525476": "Xem",
  "11927144739753983926": "Loài Sinh Thái",
  "11927162505587456087": "Nấm",
  "11927193611315206330": "Trúc Địch",
  "11927199681708082219": "Cực khó",
  "11927267482048411563": "Trương Liên Hâm",
  "11927308446158605353": "Phía trước cần Ánh nhảy của niềm tin.",
  "11927356763256516110": "Chỉ dùng cho chuông lặn",
  "11927359881699701594": "Nhất Diệp Bình Sinh 2 - Võ Quán Dạ Quy Nhân - Gia Bộc",
  "11927376041337775640": "Danh hiệu hành y",
  "1192740768000644251": "Kết giao Triệu Đại Lực thành công"
}