{
  "12199313584908038914": "Côn Dương",
  "12199354916865782576": "Chu Vũ Lâm",
  "12199358962195277960": "Đả Thiết Hoa - Đối Thoại Song Nhân - 1-1",
  "12199390825527266887": "Thối... Cha già...",
  "12199406380968224436": "Sao có thể, chuyện khi nào?",
  "12199410993388550443": "Tiền Thần",
  "12199430475266007981": "Mở",
  "12199435897493478081": "Dung Diên",
  "1219947108161786857": "Du Hiệp đã mở khóa Chiến Lệnh #YTinh Anh#E, chỉ cần #Y￥60#E là có thể nâng cấp lên Chiến Lệnh #YĐiển Tàng#E, Chiến Lệnh thăng thẳng #Y10 cấp#E, còn có thể nhận ngay #YPhần thưởng độc quyền#E, có muốn mua không?",
  "1219947929683140830": "Tìm hiểu giao diện Huyến Hồ, tiến hành thăng cấp và lắp đặt kỹ năng.",
  "12199489227896743485": "Nhu Tu",
  "12199525911599309631": "Kiều Trang Du Hí - Nhậm Hàn Phong",
  "12199532710035177293": "Hà Kỷ Hy",
  "12199609192604367946": "Truyền Động Hạp",
  "1219962906859265900": "Bắt nạt trai gái...",
  "12199639881847685734": "Nghe lại",
  "12199640379558423383": "Điền Dã",
  "12199662624084647547": "Mèo - Gà béo",
  "12199679408267895474": "Lạ thật, túi tiền của ta đâu mất rồi...",
  "12199697063961513935": "Ngươi sờ sờ ví tiền của mình",
  "12199701389443713597": "Vương Dục Tổ",
  "12199727310620665437": "Tả Trắc",
  "12199762281046069405": "Đây là những cuộc đối thoại trên đường để trò chuyện với người chơi và truyền đạt bối cảnh xây dựng Bách Công Phường, balabalabalabalabalabalabalabalabala",
  "12199788181278779925": "Đi gặp hẹn",
  "12199789894007329623": "Xe tăng thương - Bát Phương Phong Lôi Thương đại chiêu",
  "12199810035394630707": "Đèn cá chép",
  "12199828835477937193": "Đan Nhai - Điểm Tái Sinh Chiến Lợi Phẩm 60",
  "12199854065862081514": "Khúc hay...",
  "12199858771619491937": "Thiếu hiệp, ngươi tuyệt đối đừng mắc mưu hắn!",
  "12199885654898744425": "Tửu Thùng",
  "12199966107958226541": "Đánh người!",
  "12199970480190390004": "Chuyện xưa nối tiếp",
  "12200005896255376072": "...Hê hê... Anh Viên... thơm quá...",
  "12200016886191011596": "Đang xem trước %s",
  "12200025521874379263": "Nhiệm vụ Giác Chướng Lâm",
  "12200057005356353381": "Truyền Quốc",
  "12200098531535769550": "Thiếu hiệp, hậu hội có kỳ.",
  "12200116215189072718": "NPC Thử Nghiệm 5",
  "12200134383338899664": "Phật Quang Đỉnh khu vực dưới lòng đất - Bảng gỗ điểm bắt đầu chạy vượt chướng ngại vật được kích hoạt",
  "12200197029813409540": "Mù Hiệp",
  "12200248785469512428": "Hoa Mộc Lan",
  "12200309637641680237": "Ngươi đến vừa hay! Lần trước là chúng ta sợ ngươi mất mặt nên mới thua ngươi! Chơi lại lần nữa, để ngươi thấy bản lĩnh của chúng ta!",
  "12200340041953603361": "Cửu Trọng Xuân Sắc · Trân",
  "12200461172582517091": "Chờ đội trưởng phát động ghép đôi",
  "12200504323458801315": "Không, không phải, chỉ là mọi người vẫn rất muốn hỏi…… chúng ta rốt cuộc có nhất định phải dọn đi không, đã ở bao nhiêu năm rồi, vẫn có tình cảm gắn bó.",
  "1220053379637406967": "Thằng Tử",
  "12200634333502956727": "Phòng Chí Cường",
  "12200656853905533446": "Nếu ta không trả, ngươi cứ việc mang rượu này đi bán, nếu gặp được người biết hàng, rượu này có lẽ có thể bảo đảm cho ngươi cả đời không lo cơm áo.",
  "12200716328267893055": "Bọn họ sẽ thế nào",
  "12200719017915646649": "Hà Kỷ Hy",
  "12200739720859665417": "Khai Phong chỉ nơi này còn chút phong thái thịnh Đường năm xưa!",
  "1220082873691848749": "Phong Khâu Thôn Mạnh Tiểu Nghi",
  "12200929908284658510": "Cuộc thi câu cá 13",
  "12201009360661672510": "Cô Vân Nhập Môn Khách Hàng Chiếm Chỗ 231424",
  "12201013847726509595": "Tam Canh Thiên Nam - AI Trấn Thủ Đa Người",
  "12201049133720487006": "Câu Lan Tăng Bổ 2 - Hành Nhân - Thanh Niên Nam Nữ (Nam)",
  "12201059735747536815": "Đối thoại",
  "12201155933947483133": "Sinh Thái Vật Chủng",
  "12201165195025054488": "Mã xác thực đã được gửi đi, vui lòng thử lại sau",
  "12201179194767187229": "Thiên tai đã bắt đầu",
  "12201188500810481904": "Lộ nhân Đinh",
  "1220124466641183010": "Khai Phong Cơ Quan Khóa Bảo Tàng (Vi Giải Mê)",
  "12201246281658061937": "Thập Lục Hạng",
  "1220125491858546593": "Kiến giải của huynh Hà quả nhiên là đại trí nhược ngu.",
  "12201286872043367906": "Chỉ cần rìu của chúng ta đủ sắc bén, những kẻ muốn bóc lột dân chúng sẽ không thể đắc ý!",
  "12201320156828880668": "Du Long Trụ Kèm Đối Thoại",
  "12201322554552790602": "Sinh Thái Vật Chủng",
  "12201336049844350505": "Chu Vũ Lâm",
  "12201340048843887280": "Cẩm nang bị phá nát không thể nhìn được, mang về gây sự với A Đại",
  "12201354009584637188": "Mở trò tung chén",
  "12201369329901698331": "Đối thoại",
  "12201388126665034308": "Không Khí Tường Mẫu Bản",
  "12201403513594883539": "Viên Quốc Chấn",
  "12201419869306553462": "Sinh Thái Vật Chủng",
  "1220142798192886526": "Phục Dực",
  "12201432168082407119": "Nhất Diệp Bình Sinh - Khu Phố Đại Lộ Nam Môn - Khách Hàng Tiệm Sơn Da Tê Gia 1",
  "12201439129461286702": "Có tiếng kêu cứu từ tháp chuông Thái Bình, âm thanh có vẻ quen thuộc, hay là đi kiểm tra xem sao.",
  "12201499013538819438": "Vườn lê trong mưa sao?",
  "12201530999659335557": "Lên món, nhường đường cho mọi người nha!",
  "12201592274152551835": "Mặt nạ Thường Tương Tư",
  "12201603560566511562": "Huyền Diêm Chi Hạ - Lao Dịch 7",
  "12201631027492228647": "Hút vị ngọt vào miệng thì như núi nhọn, ngắm hình dáng thì ngọc ngà trên mặt.",
  "12201639604140047957": "Đỡ đi",
  "12201646488972575189": "Cảnh Uẩn",
  "12201669599813534018": "Chủ quán bữa sáng Sơn Gia, nhiệt tình hiếu khách, giản dị hào phóng.",
  "12201735564338381480": "Gửi du hiệp:\nPhần thưởng hoạt động rút thẻ Hà Tây đã được gửi đến bạn, vui lòng kiểm tra.",
  "12201770140115391508": "Xuân quang tươi đẹp, đường xa, khách quan, thuê một con ngựa đi?",
  "12201785149033262299": "Không rõ...",
  "12201788456733897629": "Hoàn ẩn",
  "12201794813120328926": "Khách quan, chi bằng vào tiệm chúng tôi xem thử?",
  "12201820695279523266": "Mở",
  "12201827333683016046": "Bảng bỏ phiếu tuyển chọn Thủ tọa môn phái - Cuồng Lạn",
  "12201888187609574747": "Người dẫn đường Thiên Tuyền",
  "12201891648992303009": "Lâm Văn Kiệt",
  "12201908391476008812": "……Thật sao? Hắn có nói khi nào sẽ trở về không? Ta còn phải canh lửa cho món lê hầm.",
  "12201926159125555456": "Ngô Đồng",
  "12202039684559469046": "Vận chuyển thuốc men",
  "12202097123515585566": "Giúp thì được, nhưng tổng phải nói thật lòng chứ.",
  "12202184374996215791": "Thụy Hạc Tiên",
  "12202208465955160014": "Thiếu hiệp, chúng ta đi thôi, tìm thêm những nơi khác nữa.",
  "12202242034697057449": "Đả Thiết Hoa - Chống Chân Uống Rượu",
  "1220224543159909602": "Cừu Dục",
  "12202248800952731225": "Chờ đối phương lựa chọn trong {}",
  "12202306270750493762": "Tạc Dược Thùng - Bản Phá Vỡ Vật Lý",
  "12202341556169523013": "Bạch Mộc Túc",
  "12202365068533612955": "Xin cáo từ",
  "12202375616444081275": "Sinh Thái Vật Chủng",
  "12202405435193943613": "Thái Bình Chung Lâu - Điểm Tái Sinh Chiến Lợi Phẩm 418",
  "12202440054265003300": "Thuộc tính cơ bản #8c5823 Sinh kế#E tăng %s",
  "12202494785522241329": "Càn Khôn Định",
  "12202496944161146236": "Khai Phong Kiếp Ngục - Tù Phạm 4",
  "12202523828973849965": "Đả Ma Tướng Lão Đầu 2 (Có Thể Cõng)",
  "122025264898236541": "Giải Mê Động Quật Nhị Phẩm Bảo Tàng (Dành Riêng Động Quật Đạp Tuyết Vô Ngân)",
  "1220253247794372750": "Thượng Vị Thám Minh",
  "12202559242297356627": "Vi Hoa Đống",
  "12202587311759447970": "Đống rương - Phò Mã Trang Tây - Thiện Diệu Châu - Bào Văn Húc",
  "12202640770967060356": "Thuộc tính Mẫn có thể tăng thêm tỷ lệ trúng đòn.",
  "12202641469361012049": "“Giang hồ” là nơi đi rồi không trở về sao? Tại sao bọn họ không đến thăm ta mãi thế?",
  "12202646188746964521": "Thê Than Nham",
  "12202664906159244679": "Còn gọi là trật khớp, trật ổ, thường do ngã hoặc va đập gây ra.",
  "12202713814309651577": "Thọ Xương Phường - Trúc Mộc Vụ - Quan Viên",
  "12202727732187499413": "Đại ca, sương mù này có gì đặc biệt không?",
  "1220273120313375423": "Trường Hưng Tập - Y Đinh",
  "12202744971920900251": "Trương Tiêu Nặc",
  "12202889403182390816": "Bảo Tàng",
  "12202901043301180447": "Viên Quốc Chấn",
  "12202922229956504572": "Cùng chúng ta xem sự thịnh vượng của pháo hoa, cũng có thể tự mình vui vẻ bắn.",
  "12202937983695777952": "Đừng giận, lát nữa ta mua cho ngươi đồ ngon!",
  "12202946686273077010": "Tiệc đêm pháo hoa bế mạc",
  "1220294981305350259": "Xương anh hùng chưa lạnh, phường khác đã cất lời ca tụng. Chỉ có đồng đạo mới biết oan khuất của chàng, mang tang lại như để tưởng niệm.",
  "12203034054738383908": "Huy hiệu thành tựu {} đã hết hạn, huy hiệu hết hạn sẽ bị gỡ khỏi tủ trưng bày",
  "12203034299936623879": "Văn Lại Chi Thanh - Tiểu Ốc Sọc - Hiệu Ứng Đặc Biệt Trong Nhà",
  "12203047282430033179": "Thi Thiên Lai",
  "12203048662119435372": "Trần Gia Tranh",
  "12203052148858948166": "Sử dụng sẽ học được công thức: Tuế Cốt Quyết",
  "1220305329716791615": "Số lượng khách ghé thăm",
  "12203073585889067342": "Vội gì chứ, chúng ta còn chưa đến lượt, sao ngươi đã lên lầu rồi?",
  "12203112587291458300": "Xem Hoa Gian Tập",
  "12203180791042475851": "Tân Thủ Thái Cực Thử Nghiệm",
  "12203196470535014768": "Hoàng Lạc Tư",
  "12203267506951035391": "Ôi chao, khuôn mặt tuấn tú của đạo sĩ nghèo này... Đa tạ thiếu hiệp đã cứu! Bọn khốn kiếp này thật sự là ỷ thế hiếp người!",
  "12203302586788788181": "Hôi Thố",
  "12203329812067954182": "Trần Gia Tranh",
  "12203342898220569801": "Không rõ...",
  "12203343002723454281": "Phù Du Bậc Bốn",
  "12203416214510142743": "Sử dụng vật phẩm này, có thể nhận được trang phục tương ứng.",
  "12203449278135915894": "Uyển thực 1",
  "12203467052694130969": "Cũng tàm tạm.",
  "12203514409461374734": "Tần Xuyên Nguyệt Giản Lục",
  "12203542751322044799": "Kỳ thuật",
  "12203550252460137463": "Hoạt huyết hóa ứ",
  "12203566996413690403": "Trần Hiểu Hàn",
  "12203591703805498211": "Nàng ấy sẽ không bao giờ đến nữa, ta có thể cho ngươi tiền, nhưng ngươi phải nói cho ta biết, thứ gì không thể nói ra.",
  "12203619612091896939": "Tiểu Thập Thất",
  "12203701357958618834": "Đừng đi mà thiếu hiệp, còn chuyện này nữa~",
  "12203706987311727728": "Thọ Xương Phường - Lân Đài - Phó nhân",
  "12203728627692044777": "Nghi Loan Tư Quan viên 1",
  "12203736501303037565": "Long Quỳ Thảo",
  "12203745681482793789": "Tiên sinh đang nói... về sao trời? Ngài có thể quan tinh liệu mệnh, tính được mệnh số tương lai ư?",
  "12203773698436132645": "Tú Kim Vệ",
  "1220379164134199641": "Triều thực",
  "12203804218422927765": "Ồ, ngươi thật sự lấy được!",
  "12203863346781264496": "Là y phục của tăng nhân, là trang phục cứng cáp, cũng là áo xanh.\nĐã thấy chư tướng phi tướng, sao còn sợ trong đời vô gian?",
  "1220388461954851": "Lần trước ở trong Địa Cung",
  "12203884935066345673": "Trương Chấn",
  "12203886502322547741": "Tống Lỗi",
  "12203899938183477335": "NPC Bầu không khí - Máy chủ - Lão phụ nhân nữ",
  "12203975223189146960": "#YHồng Tiêu Hương Đoạn#E lần tung ô đầu tiên sẽ triệu hồi ra #YẢo Ảnh Ô#E, sau đó cứ sau 3 lần tung ô có thể triệu hồi ra một chiếc. Tiếp ô hoàn hảo và triệu hồi ra Ảo Ảnh Ô, có thể tạo ra sự #Y cộng hưởng#E với Ảo Ảnh Ô đang có trên sân, sự #Y cộng hưởng#E của Ảo Ảnh Ô sẽ gây sát thương phạm vi.",
  "12204012247705145739": "Phòng Chí Cường",
  "12204021353498383862": "Ở góc Đông Nam thành Khai Phong, có một khu vực không thuộc quản lý của ai, gọi là Giác Môn Lý.",
  "12204024902608571260": "Thiên đạo nhân",
  "12204043456165088469": "Bảo rương",
  "1220405282238043946": "Đầu ra",
  "12204058355379103460": "Túy Hoa Âm - Ngoại vi tiền đoạn bầu không khí - Hàn Tùy",
  "1220408009834041786": "Xuống chéo",
  "12204169080859944858": "Cha…… Tự thiêu……",
  "12204231748406853403": "Túy Hoa Âm Vạn Sự Tri - Lạc Bất Tư Thục - Chương Thư Nhã",
  "12204260208832112982": "Khách hoa gian",
  "12204350981690490777": "Nhưng mà giang hồ nhân vật xông vào hôm nay……",
  "12204409086667561302": "Dự báo Thiện Thiện Thiền Sư nhất định sẽ trở về Thanh Hà, khi đó tiểu Tăng cũng có thể tiếp tục theo Thiền Sư tu hành, ghi chép thêm nhiều lời dạy uyên thâm của Thiền Sư, truyền bá hậu thế, hoằng dương Phật pháp của ta!",
  "12204436612712517634": "Noãn thạch",
  "12204478307341475289": "Đang bị truy sát",
  "12204479519359226727": "Trong 4 phút, tiêu diệt 1 Mộng Khôi Vinh Mạch gần đó, 2 Mộng Khôi Khô Mạch",
  "12204507897745712668": "Điền dã",
  "12204564379000172426": "Thoát khỏi xe phu nhiệt tình mời khách",
  "1220460615242422039": "Thần Tiên Độ - Điểm làm mới chiến lợi phẩm 305",
  "12204611030884052127": "Thân Chế Xuân Thu - Ngân - Ảnh",
  "12204630457788069315": "Không phải không phải, ta đã giải thích với cha mẹ, họ đã nguôi giận rồi. Ta đoán là vì ta nói huynh thông minh dũng cảm, cha mẹ ta cũng muốn được diện kiến—",
  "12204698350935638503": "Hỏa Trung Thủ Lật - Bảo rương 7 - Bồ Đề Khổ Hải",
  "12204768486437239982": "Thương lượng đi, giúp ta đưa thứ này cho cô nương Miếu Vân, ta cho ngươi một quan tiền!",
  "12204843326380472321": "Phó bản tân thủ - Địa lôi",
  "12204843602377067996": "Gửi thư thất bại",
  "1220484573929088328": "Xin lỗi, trong đội có thành viên không thuộc đội dự bị.",
  "12204854905037825628": "Trọng kích",
  "12204864001152443465": "Tiêu chuẩn quái nhỏ cấp độ động",
  "12204894758145227398": "Khi Xả Thế thành công, có thể ngay lập tức nhận được một trong các hiệu quả sau:\n   Trường Sinh Chi Dẫn —— Kỹ năng #Y tiếp theo gây sát thương tăng 10%#E;\n   Trường Sinh Chi Tâm —— Kỹ năng #Y tiếp theo chắc chắn gây bạo kích#E;\n   Trường Sinh Chi Ý —— Kỹ năng #Y tiếp theo chắc chắn gây ý chí#E;\nHiệu quả có thể duy trì tối đa #Y10#E giây, mỗi #Y24#E giây chỉ có thể có hiệu lực một lần.\nCác kỹ năng có thể có hiệu lực bao gồm võ học kỹ, cảm tri kỹ, đặc thù kỹ, tích lực kỹ và phái sinh kỹ.",
  "12204899921061836063": "Gây thêm sát thương theo số lượng mục tiêu khi đập xuống đất.",
  "12204953816666737887": "Đắc ý",
  "12204973127534808683": "Trường Khúc Nước Uyên đẩy lùi pháp trường",
  "12204978027521757509": "Thái Y Thự - Bệnh phòng - Bệnh nhân 1",
  "12204983635469831236": "Khi có tiệc tùng lễ hội, văn nhân mặc khách đều thích cài hoa lên đầu. Lục quân văn võ đông như mây, muôn vàn kiểu mũ cài hoa mới lạ.",
  "12204999826361307295": "Khai Phong Kiếp Ngục - Tù phạm 3",
  "12205012791566513006": "Da Tức Mính",
  "12205019755555505562": "Ngũ cấp · Mãn Đình Phương",
  "12205054989192647565": "Bà chủ quán cá tiệm Trần ở Khai Phong có kỹ thuật thái cá điêu luyện, từng có một vị khách quan người Đông Doanh thấy bà giết cá, khi đó ngộ ra nhất đao lưu.",
  "12205055955173069871": "Đối thoại",
  "12205070176608093336": "Thùng không nổ (có thể ôm)",
  "12205101905001032516": "Du Viên Thời Quang - Bang hội giải trí - Phần thưởng cấp một",
  "12205103190148723429": "Chu Vũ Lâm",
  "12205120294456522634": "Cửu Đoạn",
  "12205128618390530568": "Căng thẳng không đủ (0,0), không thể nấu",
  "12205183235638800563": "Chu Vũ Lâm",
  "1220518371840286031": "Phá Giới Đầu Đà Giáp",
  "12205209586684000862": "Nhận",
  "12205217631902172966": "Ngô Tiểu Oánh",
  "12205239953533915994": "Trịnh Văn Huyên",
  "1220525116413815847": "Trương Chấn",
  "12205262829520546384": "Ôi chao, đứa trẻ này, ngươi nói xem, ngươi đến thì đến rồi, còn mang lễ vật gì chứ! Ôi chao, vậy ta không khách khí với ngươi đâu! Ta nhận lấy!",
  "12205312663573363418": "Chiến đấu luân phiên với Thủ lĩnh, chiến đấu đến cùng",
  "12205328743215962639": "Món ngọt món mặn, có đủ cả, thử một lần đã yêu, thử lần hai đã say đắm!",
  "12205349276503215858": "Nhà tắm - Dây chuyền sản xuất số 3",
  "12205351127524016772": "Thời gian tích trữ tối đa của Cung Tên tăng",
  "12205352830760212434": "Mèo - Lý Tiêu Tiêu",
  "12205367411732145693": "Đối thoại",
  "12205372224930390425": "Chu Vũ Lâm",
  "12205377108767085644": "Bạn đã đăng quá nhiều bình luận dưới nhiệm vụ này, vui lòng thử lại sau",
  "12205443351678792291": "Thiếu hiệp, có muốn chơi một ván bài [Diệp Tử Hí] không?",
  "12205452414228755229": "Hừ~ Kim châm, châm đâm, kim dài ngắn, đâm con, khâu vải... không làm khó được ta!",
  "12205481345685769753": "Ngư Bách Xuyên Tổ bầu không khí 96",
  "12205562286447219121": "Tây Nam Mã",
  "12205594098456311566": "Kim Ti Tước",
  "12205606111335895778": "Thất Phạt Pha - Điểm làm mới chiến lợi phẩm 131",
  "12205612397880069376": "【Chính thức】Tam phẩm Trân Bảo Hạp - Võ Miếu",
  "12205631310337707496": "Lương Đức Nhai",
  "12205655861260845032": "Bách Nghiệp - Nhà tắm - Tổ hợp kiến trúc phong cách số 1",
  "12205691519556518758": "Tên Huy Hiệu",
  "12205716439978182360": "Những người này... sao ngay cả trong mơ cũng chỉ nghĩ đến ăn...",
  "12205769406876979415": "Tiếng Khiết Đan",
  "12205788583568565497": "Thi Thiên Lai",
  "12205793836706649886": "Cần một cái rìu",
  "12205859984326369418": "Người phu xe Thiên Kinh Độ",
  "12205865079646232560": "Vợ của Kỵ mã nhân Kỳ A Ngũ ở Phục Mã Trang, sau khi chồng mất tích thường ngồi dưới gốc cây ở Trường Bất Phục Mã đợi chồng trở về.",
  "1220590184861178212": "Chưa mở khóa",
  "12205942127737437064": "Yến Thập Lục đang khẩn trương viết mô tả cho vật này.",
  "12205981743539886635": "Khu vực lên ngựa của NPC Xa Mã Hành 8",
  "12206039645228242404": "Mãn Sơn Hồng",
  "12206050693184984805": "Thông minh lanh lợi",
  "12206107714554904188": "Chu Vũ Lâm",
  "12206107749224696581": "Tống Nhất",
  "1220611638346138503": "Địa cung Bảo rương bổ sung 2",
  "12206118110065276230": "Mười nhà thì có chín nhà đóng cửa, còn lại một nhà chưa đóng cửa.\nĐêm nay nhà nào có hỉ sự?",
  "12206130520750132386": "Mẫu Tường không khí",
  "12206159133867828918": "Mảnh Kỳ Thuật",
  "12206220056582465363": "Trong trận này, phòng thủ lời nói của bản thân tăng #G4.2%#E, tối đa cộng dồn #G6#E tầng.",
  "12206290047788440795": "Đừng tìm nữa, không có ở đây. Không có \"Hà Bá\", nước bên ngoài không rút được...",
  "12206291710335372206": "Đan Nhai - Điểm làm mới chiến lợi phẩm 12",
  "12206305428538968168": "Đối thoại",
  "1220633642986412218": "Trương Chấn",
  "12206359243128672541": "Thời gian trôi qua thật dài, sóng gió giang hồ lại nổi lên. Chúc ngươi hành sự thuận lợi, tự tay giết kẻ thù!",
  "12206446801632365323": "Trừ khi ta giúp.",
  "12206456487248382610": "Y thuật mà các Y giả Huyền Hồ sử dụng được kế thừa từ hội Huyền Hồ, nhưng do chiến loạn, nội dung kế thừa này đã thất lạc phần lớn, chỉ có thể trông cậy vào sự mò mẫm, tái đúc của Y giả qua các thế hệ.",
  "1220648384644350832": "Lương Tử Hàn",
  "12206510037045493529": "Thược dược",
  "12206548271899332786": "Đang tải dữ liệu",
  "12206586162250183181": "Huỳnh Uyên - Động Đằng Mạn - Tường không khí",
  "1220659124141589173": "Hồng Lô Nhã Tập",
  "12206672437524145481": "Xung phong",
  "12206676714592487634": "Đông Nam Trang Phục Mã",
  "12206726956650771614": "Tiểu viện D-2 Trịnh Tông Du",
  "1220673299331217": "Ngươi lại gần chút, ta hỏi ngươi thích ăn ngọt hay không thích ăn ngọt?",
  "12206904780593490473": "Ba năm trước, trên đại địa Trung Nguyên đột nhiên xuất hiện một đám mèo dị chủng mặc lụa trời, lời đồn rằng chúng xuất thân từ Vị Ương Thành ở đảo Trường Lạc, là linh miêu tìm bảo do nhà họ Ôn, một phú hộ võ lâm, nuôi dưỡng. Tuy không rõ vì sao lũ mèo lại lạc bước giang hồ, nhưng nơi nào có chúng xuất hiện thì chắc chắn có bảo vật, người giang hồ gọi là “Miêu Miêu Miêu”.\nHoàn thành thử thách của Miêu Miêu Miêu, được Miêu tán thành, nhận được chuông Miêu Miêu, có thể dùng để đổi lấy lễ vật quý giá ở Miêu Miêu Miếu truyền thuyết.",
  "1220699656098851346": "Vật tư quan trọng ở khu vực Khai Phong, thỉnh thoảng giá cả biến động, hoặc có thể dựa vào giá thị trường để mua thấp bán cao, kiếm lời.\nNhưng thường khi giá tăng đến #Ygấp đôi#E, loại hàng hóa này sẽ khó tìm thấy trên thị trường nữa.",
  "12207032148075510534": "Khai Phong - Vạn Thế Tri 15 - Thù Du Hữu Phương - Giang Ức Tổ",
  "12207081035339254365": "Ngươi có chắc chắn muốn thoát khỏi #RĐiều chỉnh ảnh nền#E không? Xác nhận xong, ngươi và đồng đội sẽ cùng nhau thoát ra",
  "12207086621034073950": "Sẽ xuất hiện người thách đấu Đấu Tửu mới sau X ngày X giờ",
  "12207088325980134357": "Bác Lãng Kỳ Đàm - Phần hai",
  "1220715424404310646": "Sinh thái vật chủng",
  "12207178789443125359": "Có muốn mua \"%s\" và %s món hàng khác, và tiếp tục áp dụng không?",
  "1220725568742611161": "Người dân Tây Phường",
  "12207270440996127469": "Khu hành chính - Thượng triều - Đại Tống Quan binh canh gác",
  "12207270799290639626": "Ta đã khó mà gắng gượng nổi, chỉ đành nhờ cậy ngươi.",
  "1220728211562473287": "Sa Cức Câu Kỷ 1",
  "12207296737048106331": "Người đó đi lên núi rồi, Xích Long Đường không đến gây rối trên núi chứ...",
  "1220729765738323332": "Khu vực Rừng Lộc Thực vốn luôn là nơi ít người qua lại, gần đây lại truyền rằng có một thiếu nữ mặc đồ đỏ lang thang ở đây, leo cây bắt gà, xuống sông bắt cá, hành động như người điên, khiến người ta kinh ngạc, rốt cuộc có nguyên nhân gì không ai hay biết...",
  "1220729781738881435": "Khai Phong Phủ - Đại sảnh - Quan binh 15",
  "12207314669332441497": "Trong trạng thái #H ngắm bắn cung tên#E, độ nhạy xoay ống kính theo chiều dọc.",
  "122073572613954312": "Xem",
  "12207357332931734751": "Hư Hàn",
  "12207368933396467194": "Thái Cực",
  "12207381564282653351": "Nhận tên lửa",
  "12207398602022201081": "Thanh toán Hắc Tài Thần",
  "12207407668082225604": "NPC Bệ đường trên phe Xanh",
  "12207459851015163407": "Trong \"Sơn Gia Thanh Cung\" biên soạn bởi Lâm Hồng thời Tống có ghi chép cách làm mầm cúc: \"Hái mầm cúc, luộc nước sôi, dùng nước cam thảo điều bột khoai sơn, chiên với dầu.\" Và ca ngợi nó có \"phong thái như Tần Uyển\". Chỉ là việc hái quá nhiều mầm cúc dù sao cũng tổn hại đến thu nhập của làng, nên hai chị em Phục Linh ở Lĩnh Hạnh Thôn thỉnh thoảng mới làm món ăn vặt này để chia sẻ với đám trẻ ở Phúc Điền Viện.",
  "12207473328026549058": "Kiểu tóc 1",
  "12207491365933106337": "Hòm báu Thủ Tài Nô - Bác Lãng Sa",
  "12207493295291708960": "Võ Miếu - Phòng vũ khí hành lang trái - Yển Nguyệt Đao tinh anh",
  "12207566776430852284": "Tô",
  "12207586841842110656": "Thật sao!! Vậy thì thật tốt quá, nếu bảo vật này giao cho đại hiệp, e rằng những anh hùng liệt sĩ kia cũng sẽ không trách ta.",
  "12207627506936877433": "Vì sao? Có người ở đó, không nên như vậy mà...",
  "12207628248495650268": "Đáng tiếc vận may tốt đẹp như vậy, khó mà có được nha..."
}