{
  "10269098476522592610": "Vương Trị",
  "10269125962493168469": "Văn Tân Quán đệ tử Liễu Chi Nhiên, uyên bác kinh sử, văn tài phi phàm, nhưng khi giảng bài luôn nói những điều nhàm chán đến mức học sinh ngủ gật, tỉnh dậy như bị \"mất trí nhớ\", nên bị đệ tử trong môn trêu gọi là \"Liễu Mất Trí Nhớ\", sau này không hiểu sao dần truyền thành \"Liễu Thập Di\".",
  "102691603980513561": "Phú Thương - Miễn Phí Chẩn Kim",
  "10269202013912741003": "Nguyễn Lang Quy",
  "10269274610243493816": "Nhân vật không tồn tại khi bị sỉ nhục",
  "10269310350017808306": "Nhận 8 lần khuếch đại sát thương",
  "102693113790321621": "Giáp đầu, Giáp ngực, Giáp ống chân, Giáp cổ tay",
  "10269321218556184628": "Chu Vũ Lâm",
  "10269327812931771487": "……Tiểu tử nhà ngươi, thật hoang đường!",
  "10269400543237834417": "Khu Thủ Công Nghiệp - Trịnh Trung Lâm",
  "10269426994931553990": "Sinh Thái Vật Chủng",
  "10269430833888538242": "Bàn Dương - Tiểu Kịch Trường Bắn Cung",
  "10269432947079923459": "Đường Cung Vũ Y*5",
  "10269437804998797108": "Quan sát kết quả",
  "10269492422321877432": "$T(3110)Nhất định phải hỏi... tại sao nô gia vẫn phải chế tạo Mặc Hoa Hoán Dung Cao... có lẽ chỉ là để... cầu một kết quả...",
  "10269520451335224557": "Bàn Đấu Địa Chủ 3",
  "10269540203710461243": "Đơn thể",
  "10269543881887300451": "Đồng Thiên Hạp (Tạm Thời - Mặc Định Có Thể Z)",
  "10269573596077809081": "Bách Công Phường - Tạo Thuyền Vụ - Thạch Viễn",
  "10269607076653883749": "Trương Chấn",
  "10269689007899571360": "Chụp nhanh",
  "10269711833239777259": "Xem ra mùi hoa ở đây đã thu hút một vài con ruồi nhặng không biết điều...",
  "10269719809708979538": "Đợt Cận Chiến Thứ Ba 1-4",
  "10269729379821486432": "Thám Cảnh Xác Nhận - Thưởng Xạ Điêu Cung",
  "10269737244445373298": "Hái thuốc",
  "10269744231425060321": "Đệ tử Túy Hoa Âm",
  "10269759058092118707": "Chu Vũ Lâm",
  "10269799633584690893": "\"Xuân phong không độ Ngọc Môn Quan\", thơ hay thơ hay",
  "10269852707738731238": "{3}\nTa vào năm {0} mắc bệnh {1}, sau được danh y {2} trị liệu, cuối cùng đã khỏi bệnh.",
  "10269931961244920682": "Hiểu lầm hiểu lầm, ta tìm thấy ở Bồ Đề Khổ Hải...",
  "10269949981603470774": "Đấu giá tài trợ tiệc pháo hoa",
  "10269962849514981979": "Đang tải dữ liệu",
  "10269995973452361091": "Đau nhức khớp",
  "10270089893828602628": "Túy Hoa Âm - Nữ Đồng Lấp Đầy Không Khí Vòng Ngoài",
  "10270092315021626131": "Tiểu Kịch Trường - Bắn Cung - Cô Vân Đệ Tử",
  "10270106804952935166": "Phồn Hoa Điệp Ảnh",
  "10270120130102965603": "{3}\\nTa vào năm {0} mắc bệnh {1}, sau được danh y {2} trị liệu, cuối cùng đã khỏi bệnh.",
  "10270137935980602209": "Cơ Quan Ốc - P4-5X5-Hàng Thứ Bảy 1",
  "10270210871937994439": "Phải rồi! Nghe nói năm nay hoa nở đặc biệt rực rỡ...",
  "10270229435881816404": "Tìm đường rời đi",
  "10270258737203005494": "Đánh bại sát thủ Lâu Tú Kim",
  "10270354181161489348": "Diệp Tử Hí - Câu Lan Ngõa Tứ - Hi Hi Tửu Lâu",
  "10270369020293872095": "Đương đại Bát Đầu",
  "10270380878231276762": "Ngươi dọa lão phu sợ rồi.",
  "10270381371091013232": "Yến Tiểu Chuyển",
  "10270382716963093795": "Phá綻 - Hạc Kỳ Hữu Cực",
  "10270447644927713781": "Cứ chạy đi xem chiêu thức này!",
  "10270475397510385427": "Biểu Mẫu",
  "10270476063918614402": "Mở khóa tài liệu mới",
  "10270489740297056900": "Khai Phong Chủ Tuyến - Mạch Hương Tập Đại Hán Đài Tử",
  "10270536476221663897": "Diệu Diệu Miêu - Quỷ Hỏa",
  "10270566678019625630": "（Không biết tại sao muốn kêu a nhưng rất muốn kêu một tiếng a）",
  "10270591911228545142": "Phòng Chí Cường",
  "10270600392996959212": "Nghiêm Các",
  "10270610265599210982": "Đối phương sau khi sử dụng sẽ phản đòn hiệu ứng kỹ năng nhưng hiệu quả bị phản đòn",
  "10270656862122607193": "Trị liệu Hội Tâm",
  "10270693967810026194": "Đang lấy dữ liệu Đang lấy dữ liệu Đang lấy dữ liệu Đang lấy dữ liệu Đang lấy dữ liệu Đang lấy dữ liệu Đang lấy dữ liệu Đang lấy dữ liệu",
  "10270712302568768148": "Hahaha hahaha, thành công rồi, đa tạ ngươi, đa tạ ngươi...",
  "10270735960809321987": "Phó gia Vương nương tử, khi mơ thường thấy phu quân bị thương khi chinh chiến phương Bắc, nên chỉ mong con cái mình từ bỏ ý định cầm đao múa thương, ở lại Khai Phong làm một công tử tiêu dao, sống an nhàn cả đời, bình an cả một đời.",
  "10270920452336543775": "Nhưng mà đại nhân",
  "10270942657682899781": "Chủng tộc",
  "10270955221760292553": "Kỹ năng tích lực",
  "10270960829711820699": "Gây ra bởi thương tích thông thường",
  "10270992321125548864": "Chướng Ngại Vật Bạo Tạc - Pháo Hoa 12",
  "10271005471454219378": "Câu Lan Ngõa Tứ - Như Thử Tác Môi",
  "10271007827780784113": "Giang Hồ Thiện Duyên Bút",
  "10271016094842821244": "Công phu lợi hại quá!",
  "10271021447852346816": "Hả? Cứ thế mà bỏ qua à? Cơ hội kiếm tiền tốt thế này...",
  "10271037456956855580": "Đan Nhai - Điểm Làm Mới Chiến Lợi Phẩm 191",
  "1027111810297963368": "Ông câu cá",
  "10271127469411735153": "Thâu Sư - Hiệu Ứng Hiệp Chi Trủng Tại Điểm Lưu Trữ Dọc Đường",
  "10271137642662133597": "Trương Gia Cựu Trạch - Huyền Nguyên Giáo - Giáo Đồ",
  "10271188831749213799": "Tài khoản quan phục đăng nhập kênh",
  "1027119829261407011": "Cóc độc",
  "10271219069067659366": "Giải Mê Phức Hợp - Ẩn Nguyệt Sơn - 2-3 Hồ Điệp",
  "10271237835928648419": "Cộng thêm khi kéo xe",
  "10271348077042366202": "Sử dụng Võ Học Sơ Tâm",
  "10271400140949461139": "Bách Nghiệp Tổ Chức Xây Dựng Thêm Thành Phần 105",
  "10271447535114042099": "Thế nào? Lại đây, nói xem nào.",
  "10271466314746907810": "Phật Quang Đỉnh - Điểm Làm Mới Chiến Lợi Phẩm",
  "10271500963077390318": "Túy Hoa Âm - Không Khí Tầng Một Phàn Lâu - Vương Thừa Diễn - Sau Võ Lâm Lục",
  "10271507779148497788": "Nhìn đằng kia kìa, cô gái đang nhảy múa giữa hồ. Đó là người trong lòng em trai ta.",
  "10271525948355577297": "Dương Tâm Nghi",
  "10271544599157165857": "Hai người đến Thẩm Phủ, thấy Thẩm Ngọc tĩnh tâm dưới ánh trăng, Tiêu Sử kinh ngạc như thấy thần tiên hạ phàm. Nhưng vẫn cứng miệng chê bai tính cách của nàng.",
  "10271548531346645801": "Danh thiếp Bang hội",
  "10271550479544958300": "Có người lạ đến làng, trưởng làng đi đuổi rồi, lát nữa sẽ tới, ngươi xem...",
  "10271552091743299590": "Phong Môi · Phương Đông Đệ Nhất Chi",
  "10271580845833517010": "Bọn họ đều đang chăm chú đánh bài, chẳng lẽ đều trốn việc? Hay là có người tự mó, trên bàn có một con cá?",
  "10271597909499783319": "Khi cài đặt hiển thị trò chuyện là <#Chế độ xã hội#E>, sẽ hiển thị nội dung trò chuyện kênh liên kết.",
  "10271692907359440868": "Thoát",
  "10271730147647822746": "Thưởng Kiểm Tra Điểm Danh Tháng 5",
  "10271747822239298853": "Dịch Dung Ủy Thác - Hòa Ly Chi Ước - Trần Liên Nương*",
  "10271768854016363464": "Kim Khoáng Thạch (Nguyên Khối)",
  "10271774529807678376": "Lý Thần Tân chắp tay rất thành kính.",
  "10271789749791656086": "Đây là ám khí của Trích Tinh Thủ? Rất giống cái ở trong vườn...",
  "10271794850882397865": "Thiên Thượng Lai - Mô Hình Ngẫu Nhiên - Bình Dân Nam Làm Nền Đi Lại 4",
  "1027180458927615596": "Bộ đạo cụ không khí",
  "10271833645982753108": "Đối thoại",
  "1027189640002992373": "Hà Điền Kê (Gà Trống)",
  "1027192691368870710": "Chỉ có năm cái! Ngươi bây giờ là người giàu nhất Khai Phong rồi! Đáng lẽ... đáng lẽ phải chia cho mỗi người chúng ta... mười cái bánh bao!",
  "10271958221245322641": "Ngươi nếu không bắn một mũi tên nào, tự nhiên cũng sẽ không bại.",
  "10271999906353443753": "Hà Kỷ Hi",
  "10272022908581407598": "Tải không khí Nguyên Tiêu",
  "10272050555346509582": "Hoàng Lạc Tí",
  "10272066043749768937": "Truyền thụ đạo lý lười biếng, giúp du hiệp kiếm được nhiều Mạch Ngọc hơn",
  "1027207379308501941": "Thời gian online",
  "1027208055904851859": "Diệp Vạn Sơn",
  "10272091755543510238": "Diêu Dược Dược",
  "10272155543190637929": "Nhậm Tuấn Lâm",
  "10272230515250213494": "Đấm tay nhỏ",
  "10272239208649078965": "Đây là đồ tốt, lấy ra từ mộ của Trịnh thị ở Huỳnh Dương!",
  "10272310953248803505": "Trẻ Con Chơi Đùa (Tĩnh)",
  "10272318777532061808": "Thi Thiên Lai",
  "10272364109900495413": "Trong Bách Nghiệp Chiến, tăng sát thương gây ra",
  "10272411207274291078": "Người giang hồ",
  "10272419440280915430": "Dế Mèn",
  "10272428853508471414": "Ngụ ý gì?",
  "10272435057515951519": "Nhấn để vào chế độ xem mặt.",
  "10272543094618140207": "Bao Gai",
  "10272559211303635325": "Có thể... không làm thịt cá, xoay chuyển cục diện!",
  "10272569993405483035": "Trò chuyện phiếm",
  "10272623537815300631": "Đối thoại",
  "102726251760514562": "Tìm kiếm",
  "10272640731864043735": "Kinh nghiệm bắn cung...?",
  "10272650332620510052": "Bất Phục Mã Trường - Điểm Làm Mới Chiến Lợi Phẩm",
  "10272722035419245130": "S1 - Thưởng Lệnh Chiến - Cấp 9 Trả Phí",
  "10272727255056435382": "Khỉ được thêu kim tuyến dùng bí thuật nuôi dưỡng, tay cầm dao củi cực kỳ sắc bén canh giữ nơi này.",
  "10272751330435905795": "Kiểm tra",
  "1027275935992723846": "Tôn Hạo Thanh",
  "10272787715402092085": "Giải thích hoạt động",
  "1027278814699252562": "Sử dụng sẽ mở khóa hình đại diện tương ứng.",
  "10272798218480297474": "Hội đèn lồng",
  "10272865311393884923": "Ta chuẩn bị xong rồi",
  "10272873597267584603": "Thợ săn biểu thị cảm ơn bạn, bắt đầu suy nghĩ cẩn thận.",
  "10272936972892591363": "Xem",
  "10272963742356875421": "Cơ bản",
  "1027300115647086019": "Hoan nghênh tham gia Dạ hội pháo hoa!",
  "10273014447727638150": "Không thể chọn",
  "10273108203019550289": "Nhậm Khoan",
  "10273142887043978055": "Tập trung tinh thần, nhìn thấu sơ hở của địch, chuyển dịch khí cơ của đối thủ. Trong khoảnh khắc trước khi đòn tấn công trúng đích, tiêu hao giá trị Động Thức, có thể kích hoạt Giải Thế, giải đi thế tấn công của đối thủ.\nMặc định có hai ô Động Thức.\n#Y*Trong các lối chơi Thí luyện, Đột phá, Thái Bình Võ Mộ, chức năng hỗ trợ Giải Thế không thể bật.#E",
  "10273165327387028433": "Gian Hàng - Gian Hàng Bánh Hồng - Nữ Chủ Gian Hàng Bánh Hồng",
  "10273196402393558367": "Tôn Giai Nam",
  "10273232854581042276": "Nhận",
  "10273241463332242488": "Tiểu công nhân khuân vác Nước Mắt Người Đi Xa Tiên không hâm mộ, bận rộn với công việc.",
  "10273297699800456996": "Bại",
  "10273315387343660868": "Ha, mấy vị, còn muốn tiếp tục không?",
  "10273316415089339640": "Bệnh tật lần đầu gặp mặt - Hoàn thành sớm",
  "1027332626967602179": "Nghĩa Mẫu",
  "10273379738437271053": "Quỷ đánh tường",
  "10273387190021784327": "Viên Hải",
  "10273398068709073869": "Phong Hòa Thôn - Điểm Làm Mới Chiến Lợi Phẩm 75",
  "10273406178978709191": "Bạn chưa nộp tài liệu nhà tù",
  "10273411355923361410": "Chứng minh nhập môn Quần Anh Hội, Đông Khuyết công tử chỉ phát cho các đại hiệp có địa vị giang hồ.",
  "10273412880472396907": "Thầy thuốc Thanh Khê",
  "10273416191739026150": "A Cốt",
  "10273455376231120978": "Kiếm tiền đâu có dễ dàng như vậy, đừng vội, giữ rượu lại cho ta đã.",
  "10273482058646700238": "Đối thoại",
  "10273551193742551661": "Đối thoại",
  "10273569214033746276": "Khu Hành Chính - Văn Nhân",
  "10273581079642584698": "Hiện tại không thể di chuyển đến khu vực khác",
  "10273625818636577288": "Triệu Vĩ Nghiệp",
  "10273635132694837540": "Mạch Hương Tập - Bình Dân",
  "10273679133303838792": "Hoang Thực Lâm - Điểm Làm Mới Chiến Lợi Phẩm 212",
  "10273679365586478693": "Khi nén cốt có thể thấy được những bảo vật mà người thường không để ý. Người ta luôn thích giấu bảo vật ở những nơi khuất góc nhất.",
  "10273695157896203290": "Viên Quyền Vĩ",
  "10273705990122526292": "Đúng vậy. Tăng nhân không được tự ý rời chùa, tiểu tăng tuy biết là ai làm, nhưng không thể tìm lại được hắn.",
  "10273711062826182885": "S3 - Thưởng Lệnh Chiến - Cấp 8 Trả Phí",
  "10273711410838124056": "Có cần từ chức vị trí #Y{}#E không?",
  "10273720097681977970": "Đang tải dữ liệu",
  "1027374173835575105": "Vạn Cổ Nhất Nhân Điện - Tầng Hầm Hai - Nộp Đầu Rồng",
  "10273789855305609227": "Kháng phép nội công",
  "10273798835908443025": "Phúc Bồn Tử",
  "10273869489829102736": "Nói toàn lời khó nghe",
  "10273937858903784784": "Hậu Phố 2 - Thương Nhân Ngoại Lai 1 - Ngô Phong",
  "10273957693606616678": "Trị liệu",
  "10274029827225868056": "Hội viên Xích Long Đường",
  "10274053039545564305": "Mở",
  "10274062326069548485": "Nhấn nhẹ",
  "10274087856751626142": "Bồ đoàn cỏ",
  "10274091414129292277": "Sương đêm phi quang đội sao theo gió,\nChạy một mạch về phía Tây Nam,\nCuối cùng, đưa ngươi đến...",
  "10274105464602107498": "Tăng cường sát thương thuộc tính",
  "10274149231905424281": "Vạn Thắng Trấn - Tổ Bầu Không Khí 121",
  "10274165470055306595": "Thi Thiên Lai",
  "10274169727057197656": "Xạ Phúc - Bách Công Phường Thắng",
  "10274177807334962428": "Là con đường sau lưng bị chặt đứt",
  "10274181444982685317": "Trạch Xuyên",
  "10274188964216791782": "Cành Cây Nhỏ",
  "10274192641854756150": "Pháp tàng thuộc tính",
  "10274218254130588201": "Kỳ Ngộ Mỹ Thực Kế Thừa Giả - Dấu Chân",
  "10274313525610517455": "Ta chia cái bánh này ra, ngươi có lợi, ta cũng không thiệt...",
  "10274355149418717707": "Công thức - Phong Yên Quyết",
  "10274367856465505888": "Nhận được lá chắn kháng ngoại tà #G250%#E, sử dụng xong sẽ tiêu hao",
  "1027440794330269751": "Kim Ngọc Thủ - Định Hướng Kim Chinh",
  "10274417601720218237": "Đạt được thứ hạng tất cả Bí cảnh mùa này",
  "10274471666689769472": "Phòng Chí Cường",
  "10274514766639487253": "Chọn tầng mục tiêu",
  "10274559253621024087": "Nói đi, lần này lại thua bao nhiêu tiền cược?",
  "10274572792488200266": "Sinh Thái Vật Chủng",
  "10274607097355606285": "Thành phần kiến trúc",
  "10274682672798050728": "Sinh Thái Vật Chủng",
  "10274683942181157519": "Vương Âm Nhạc",
  "10274724174935383687": "Nhiệm Vụ Bảy Ngày",
  "10274727846009451035": "Đi ra ngõ kiểm tra tình hình",
  "10274741567338650998": "Dế Mèn",
  "10274748631979155737": "Lã Bất Vi",
  "10274750364833940817": "Tổng sĩ khí: %s",
  "10274776610579639484": "S1 - Thưởng Chiến Lệnh - Cấp 28 Trả Phí",
  "10274824852083773149": "Bản Cập Nhật - Đa Nhân Vô Tướng Hoàng - Giai Đoạn Ba",
  "10274840839603154380": "Dương Trụ Vũ",
  "10274847432396457640": "Sinh Thái Vật Chủng",
  "10274879409217385849": "Yến Phong Tử, người si mê những món ăn kỳ lạ, khuyên hắn chú ý an toàn và vệ sinh thực phẩm...",
  "10274947219611629284": "Kiểm Tra AI Phản Ứng Cơ Bản - Nam Dân Thường",
  "10274985427038923347": "Ngươi! Sao ngươi cứ không thông suốt chứ——",
  "10274992119212508441": "Thật sự thần kỳ như vậy sao? Không phải họ lừa ngươi đó chứ?",
  "10275042586078402814": "【Chính Thức】Rương Báu Gỗ Tam Phẩm",
  "10275100779805756357": "Dế Mèn",
  "10275137683323759889": "Phòng Chí Cường",
  "10275141868578094183": "Ta phải đi kiếm tiền nha!",
  "10275147056535277539": "Sử dụng vật phẩm này, có thể nhận được ngoại trang tương ứng.",
  "10275147751223432518": "A Thiếu hiệp... chuyện ta lén lút làm việc này, mong Thiếu hiệp đừng hé răng... Xúc thêm một rổ cát sỏi, là thêm được một rổ tiền...",
  "10275162395592774228": "Cái Bang Hố Tro 9",
  "10275193968716402456": "Cửu Lưu Môn Chi Tuyến - Âm Binh",
  "10275209689287315501": "Bì Ảnh Sư · Thằng Võ",
  "10275229299226356261": "Đá Khối",
  "10275244656988009610": "Chu Vũ Lâm",
  "10275245617474869238": "Phong Khâu Thôn - La Cửu",
  "10275252132051766203": "Thiện Diệu Châu - Sói - Yếu A",
  "10275272203149779477": "Trộm Học - Thanh Khê - Hiệu Ứng Điểm Lưu 04",
  "10275272213419631114": "Chính là một trong bốn người quản lý Vị Ương Thành",
  "10275281210116046332": "Sinh Thái Vật Chủng",
  "10275306256147822770": "Chị tốt, chị đợi em tìm kỹ, danh sách nhất định đang nằm gọn trong túi em!",
  "10275320957157440376": "Tăng tốc độ bay của mũi tên",
  "1027538174019778458": "Đang tải dữ liệu",
  "10275425772643023446": "Dịch Võ Kỹ",
  "10275438623115816258": "Được làm từ da màu đen, bên trong lót chỉ vàng đặc biệt, khoác lên người có thể cách ly khí độc, bảo vệ cơ thể an toàn.\nKhí độc sinh ra tội lỗi, đoạn tuyệt không giới hạn.",
  "10275447808650477067": "Khí phách",
  "10275489572789238068": "Đá Khối",
  "10275503651843154039": "Vô Bỉ Khách Điếm - Tầng Một - Kho Tạp Vật - Giúp Việc Khách Điếm",
  "10275504846753871611": "Quy tắc lối chơi",
  "10275513348204517234": "Thuê nhà",
  "10275517261188399363": "Những tên Lạc Dũng này... Thẩm tiên sinh mau chạy đi--",
  "10275569917662595413": "Thanh Hà có điêu (điêu khắc/điêu khắc chim ưng)",
  "10275678610458909752": "Lưu Phi Hổ",
  "10275767665248577526": "Vật Nặng Treo - Khóa Cài",
  "10275883185551603564": "Tỳ nữ Tiêu gia",
  "10275915334005222569": "Phần thưởng Thí Kiếm",
  "10275976732671503253": "Quy tắc sàng lọc",
  "10276003676095140633": "Thất Phạt Pha - Điểm Làm Mới Chiến Lợi Phẩm 403",
  "10276011476179188748": "Thái Nhạc Đài - Cửa C Trái - 2",
  "10276014335958247778": "Đang tải dữ liệu",
  "10276015798248170323": "Mặc Bát Phong",
  "10276098140250542327": "Câu Lan Bổ Sung 2 - Người Đi Đường - Song Nữ (Nữ 1) - Tay Xách Túi, Dạo Chơi",
  "10276114285604812902": "Mẫu Tường Vô Hình - Phòng Vô Nhan",
  "10276141782497404286": "Thiếu đông gia, hay là ngài đi lấy ít tiền rồi quay lại?",
  "10276146235844395379": "Võ si",
  "10276157647249893545": "Lại đây lại đây, mời ngồi, nhà cửa hơi giản tiện, mong đại hiệp đừng chê.",
  "10276165438785791929": "Khai Phong",
  "10276198175329710162": "Chỉ Qua 1V1",
  "10276284384719896846": "Hiện tại không thể đi đến khu vực khác",
  "10276316513733367507": "Thất Phạt Pha - Điểm Làm Mới Chiến Lợi Phẩm 191",
  "10276316601068299236": "Trương Liên Hâm",
  "10276360075935670664": "Trương Tiêu Nặc",
  "102763703947553366": "Sinh Thái Vật Chủng",
  "10276392375734069821": "Hoắc Tử Ca",
  "10276399280359548120": "Trần Thắng",
  "10276403836953242480": "Tú Trúc Nhã Vận",
  "10276448080379771933": "Thuyền - Lối Chơi Bắn Cung - Khổng Minh Đăng",
  "10276466687010956189": "Đại ca! Cẩn thận nha!",
  "10276482987395349194": "Kiểu tóc · Bảy",
  "10276483083938040023": "Thưởng Toàn Server Thí Luyện",
  "10276514860650909845": "Trần Gia Tranh",
  "10276599374524438579": "Đinh Kỷ Văn",
  "10276626533650491808": "Định lực",
  "10276629075710641328": "Mô Hình Ngẫu Nhiên - Nữ Dân Thường - Đi Lại",
  "10276650220020048184": "Lâm Dã",
  "10276674584162386513": "$T(1)$, ăn no rồi hãy lên đường nhé!",
  "10276680619238537132": "Nấm độc\nMọc khắp tường",
  "10276683690053168754": "Phòng Chí Cường",
  "10276729329776847696": "Hóa Mã Ký",
  "10276741636679140699": "Triệu Vĩ Nghiệp",
  "10276771921035505935": "Ghi lại sau khi sử dụng tất thối lên ngỗng lớn",
  "10276805835759314213": "Hoàng Lạc Tí",
  "10276826803626392367": "Lưỡng Nghi Cao*3",
  "10276851708127285946": "Dân chúng Vạn Thắng Trấn",
  "10276902149756259292": "Phàn Lâu - Võ Lâm Lục - Điểm Vị Số 3",
  "10276906267072461036": "Cứu hộ thất bại",
  "10276929779334510665": "Độ khó khác nhau của Hiệp Cảnh #Yần thưởng được chia sẻ số lần#E, mỗi thủ lĩnh chỉ có thể nhận thưởng một lần trong cùng một giai đoạn, chế độ tổ đội có thể nhận được phần thưởng tốt hơn! Đánh bại tất cả thủ lĩnh trong #Ybất kỳ độ khó nào của Hiệp Cảnh#E trong tuần sẽ nhận được phần thưởng thêm trong giao diện Đồng Du!",
  "10276947435313258263": "Thưởng Hoàn Thành Vuốt Mèo",
  "10276984827385731468": "Gói Trang Bị Chiến Đấu Cấp Thế Giới Bốn - Khai Phong",
  "10276984942216807763": "Hôm nay không nhắc lại",
  "10276984949726691887": "NPC Thử Thách Câu Cá 7",
  "10276998786286190964": "Cháu trai của người đưa đò ở bến đò phía sau Trúc Biệt Quán, bất kể mưa gió thế nào, mỗi ngày đều đùa đất sét.",
  "10277005944268341541": "Đúng vậy, chính là những thứ này! Vẫn là người trẻ tuổi mắt sáng...",
  "10277093668996350410": "Khoảng là, lúc mặt trời mọc buổi sáng. Ừm…… đại khái là lúc đi học.",
  "10277094414103364998": "Ôi, Địa Hoàng này chỉ có thể giữ lại cho mọi người trong thôn tự dùng, dù sao thì cũng không thể làm hỏng danh tiếng dược liệu tốt của làng ta được!",
  "10277153422267784772": "Thư từ Thiên Tuyền",
  "1027716950153126024": "Tiền tệ khu vực",
  "10277175261577882299": "Này, đó không phải là Trụ trì Vân Hoa sao?",
  "10277210200534049975": "Gây #G40%#E Sát thương, trong trận này, bản thân tăng #G20%#E Phòng ngự Ngôn từ hung hãn, tối đa cộng dồn #G6#E tầng.",
  "10277211493121251269": "Đá Khối"
}