{
  "13414808758150747174": "Eo ngọc của ta, không phải, eo ngọc của ta vẫn còn, ngươi lừa ta!",
  "13414824458508568150": "Quỷ Phàn Lâu kiểm chứng - Tầng hai, tầng ba 58",
  "13414879422108765514": "Lục Lâm Sơn Tặc",
  "13414879847494722989": "Xà Vương Mật Tàng - Xà Tuần La",
  "13414882561374002535": "Vứt bỏ",
  "13414886063542142213": "Tôn Diệc Minh",
  "13414892390992976662": "Bát đoạn",
  "13414940826045805041": "Chữ và hình ảnh",
  "13414941866594977020": "Đối thoại với Trương Nhất Hào",
  "13414968055910103870": "Đối thoại",
  "13414975315746456118": "Đệ tử: 5/5",
  "13415045197683423729": "Cừu Kim Hàn",
  "13415057317768220527": "Hừ hừ, khéo ăn nói, ít có nhân nghĩa! Sao phải giả bộ bộ mặt giả nhân giả nghĩa đó để khuyên ta đừng đi báo quan?",
  "13415065060091231200": "Họa tiết tay áo",
  "1341507878587959798": "Khô Thù Du",
  "13415111643158285562": "Dịch Võ",
  "13415120258590037074": "Đang tải dữ liệu",
  "13415128461602255659": "Khai Phong · Phàn Lâu",
  "13415178240885851407": "Không rõ...",
  "13415180241461099781": "Mở khóa ban đầu",
  "13415180979913735413": "Thắng lợi võ đài tuần này, đi tìm Lão Kim lĩnh thưởng.",
  "13415226457203060689": "Bách Công Phường - Bối cảnh thuần túy - Vô thực tế công năng",
  "13415244773835487932": "Kiểm soát hướng",
  "13415255418346227176": "Sao, lời đại ca ta nói còn chưa rõ ràng à?",
  "13415296740185258999": "Bạch Truật",
  "13415371444800473757": "Tiểu nương tử à, có thể ngươi không muốn cho ta #W$T(25)#E, nhưng ta tự tin có thể thuyết phục ngươi!",
  "13415376537403861999": "Kỹ năng Phiên Khí Hải",
  "13415395991112854409": "Ngươi, ngươi có phải đang cười nhạo ta không! Ta hát không hay sao! Nhưng những cô gái ở Phàn Lâu đều hát như vậy!",
  "13415424184705201451": "Mô Bản Biểu",
  "134154411058973474": "Trò chuyện",
  "1341544988884391319": "Quản Tuấn Đào",
  "13415484130913909685": "Sự kiện có ảnh hưởng lớn đến thần trí",
  "13415490987249094615": "Dùng cho giải đố Phá Toái - Đống rương",
  "13415546516659457365": "Từ Giai Kỳ",
  "1341554786342324560": "Cơ Sở Đoán Tạo Đài",
  "13415652114829711905": "Thất Thanh Giảng Kinh Nhân 37",
  "13415652750226261404": "Thanh Lam Tiểu Hoa",
  "13415675651386776208": "Thiên Ma Huyễn Hoa Đường Lang - Long Hổ Lĩnh Sơn Lộ - Doanh Địa",
  "13415694010734874979": "Chiếu Cỏ 01",
  "13415717056015815638": "Đến chỗ ngồi gọi món",
  "13415745294181584714": "Ngô Tiểu Oánh",
  "1341577498464263180": "Ta đó.",
  "13415786632199103084": "Đan Nhai - Điểm Tái Sinh Chiến Lợi Phẩm 305",
  "13415809726519630231": "Hắc Sát Âm Dương - Bắc - Bát Quái Chuyển Chuyển Lạc Hoàn 2 - Trung",
  "13415822625714371622": "Từ trên trời rơi xuống",
  "13415855586470421811": "20 Trường Minh Châu",
  "13415867555784970674": "Mạn Đà La Lão Nông Phu 2",
  "13415919348334304083": "Thu thập đủ 3 cái, kích hoạt kỹ năng giảm sát thương",
  "13415940682162152865": "Kim Thiện Trường Cung · Thần Bí",
  "13415949279824216421": "Sửa chữa công vật",
  "13415949903893490922": "Thỏ xám",
  "13416009027661588444": "Tôn Giai Nam",
  "13416027678224938676": "Dân làng Thừa Ân Trấn.\nVợ của Dương Hưng, nhưng tình cảm vợ chồng dường như không hòa thuận.",
  "1341606556790152695": "Tôn Giai Nam",
  "13416072543261981698": "Điều tra",
  "13416080668813681841": "Nan Độ 2 - 8 Trường Minh Ngọc",
  "13416084684970222596": "Chu Vũ Lâm",
  "13416147307780471615": "“Bát Âm” chỉ Kim, Thạch, Tơ, Trúc, Bầu, Đất, Da và cái gì?",
  "13416242906721463096": "Nơi đây chính là Từ Tâm Trấn, quả nhiên làng có nhiều bệnh nhân. Ừm, sao lại có mùi hương hoa lạ lùng thế này...",
  "13416422844593444030": "Bảng xếp hạng truy nã",
  "13416431590925406301": "Ngự Uyển Bắc - Sơn Đạo Hát Trà 3",
  "13416444746237086646": "Yên Sư · Tinh thông",
  "13416446750158216911": "Trần Gia Tranh",
  "13416476205154629155": "Đến lúc đó mọi người đến xem, tự nhiên sẽ biết! Rượu ngon thịt béo coi như ta mời!",
  "13416488555196581033": "Khổ hành tu 136",
  "13416547179512941749": "Một bó tên gỗ",
  "13416551247584891710": "Nộp Bát Đại Oản",
  "13416599634043133169": "Trần Gia Tranh",
  "13416609988856721328": "Thiên Thượng Lai - Xích Long Đường Thành Nữ",
  "13416687758651327581": "Kỹ năng võ học",
  "13416708511316969418": "Lục Sắc Sơn Kê",
  "13416726008403369922": "Ngoại hình",
  "13416735524789659068": "Trụ ngắn",
  "13416816442500928609": "Tưởng Lệ Đoạn Vị 4-1",
  "13416819601742120292": "Trầm hương",
  "13416837126300320733": "Ngươi hãy cầm số tiền này, đi ra phố xem xem, ngươi có thể mua được thứ gì, tối nay chúng ta sẽ ăn thứ đó.",
  "13416878968998905743": "Đóng góp bang hội",
  "13416891279639722303": "Quan ải - Trời từ trên cao xuống",
  "13416915652851785900": "Bạn lần theo manh mối tìm kiếm, cuối cùng phát hiện, Diêu Hồng nữ hiệp chính là Hồng Tuyến, nàng đã chuẩn bị quà cho bạn, nhưng không kịp đích thân trao bản đồ kho báu cho bạn.",
  "1341691589977986132": "Phòng Chí Cường",
  "13416979326287286182": "Trò chuyện",
  "13417065758026708329": "Tiểu nhân chỉ là đi dạo mát một chút, ngắm cảnh, không làm gì khác.",
  "13417123326412032005": "Phụ Trợ Điểm Vị - Hữu Hỏa Hải 5",
  "13417135204476514701": "Nếu phải chọn ra điểm thiếu sót, đó là hắn quá tập trung vào học vấn và võ nghệ, đôi khi bỏ qua một số lẽ thường tình của nhân thế. Nhưng đây là lỗi thường thấy ở người trẻ tuổi, chỉ cần có thời gian, hắn nhất định có thể thông suốt thế tục, tiến thêm một tầng cao mới.",
  "13417156087241366791": "Chết cũng có gì đáng tiếc",
  "1341715696144364774": "Kéo cần điều khiển {1} kéo cá, để biểu tượng cá {1} nằm trong vùng màu xanh lá, khi thanh tiến trình đầy thì có thể câu lên",
  "13417188178681246215": "Bạch Long - Nữ",
  "13417198195160389709": "Phòng Chí Cường",
  "13417208596083952199": "Cứ thế này chắc cũng đủ dùng qua tháng rưỡi...",
  "13417249091916484683": "Tức là \"Thủy Cổ\", một trong những chứng sưng phù, phần lớn do uống quá nhiều rượu, làm tổn thương tỳ vị, thủy thấp tích tụ mà thành.",
  "13417312653094179694": "Dung Lô Ngoại - Thủ Vệ Tiểu Binh - Trạm Định Phát Phóng kit - Chính Thường Thị Dã",
  "1341733249932114596": "Hỏi thăm thu hoạch",
  "13417333905947524016": "Sinh viên y khoa tại Thái Bình Thư Viện ở Lĩnh Hạnh Thôn, tranh thủ thời gian rảnh giúp đỡ ở Hòa Tế Cục, sắc thuốc cho Cố Hỏa.",
  "13417377524461419407": "Xem",
  "13417380509035737561": "Tìm người bị hại ở khu vực lò gốm",
  "1341741170864366100": "Mở",
  "13417417430689475125": "Sử dụng vật này, có thể nhận được ngoại hình tương ứng.",
  "134174613390891870": "Thành phần mới tăng thêm cho kiến trúc Bách Nghiệp 366",
  "13417466797346159721": "Thanh Hà Du Nhai Chu Biên - Nam Tử - 61",
  "13417467566778671914": "Lai Sinh Ngạn Chung 1",
  "13417533379899565602": "Có thể học kỹ năng #Y Giải Thế#E từ #Y Đỗ Kiều Tiên#E\nHọc cơ chế chiến đấu #Y Cơ Bản#E từ #Y Viên Kim Cương#E",
  "13417534160047867936": "Rương bảo vật trên trời - Triệu Vĩ Nghiệp 1",
  "13417534889898207627": "Chu Vũ Lâm",
  "13417639049452341203": "Đạo cụ",
  "13417672788954063156": "Khu vực tư nhân cao",
  "13417740427730289775": "Tưởng Lệ Đoạn Vị 2-1",
  "13417760728315931026": "Sao “Quan” đặt giữa án sơn, Long Hổ ôm lấy, ở phía nam núi Phù Hí.",
  "13417770848062281363": "Nhận biết đường",
  "13417829038763380489": "Cốc Mãn",
  "13417851252364106863": "Hà Kỷ Hi",
  "13417875706880165428": "Truyền thuyết: Khi ánh Phật lên đỉnh, ánh Phật hiện lại. Phật con Miệu Thận sẽ trở lại đây. Sự thật hay dối?",
  "13417895256470551666": "Họa sĩ bí ẩn",
  "13417937338281552995": "Vạn Sự Tri - Tán Hỏng",
  "134179512003406228": "Vô Diện Nhân",
  "13417955430589384733": "Đổi Đầu Đổi Mặt",
  "13418082646988999627": "Bảo vệ đông người·Thường",
  "13418090068770079854": "Trương Chấn",
  "13418099802879662185": "Mô Bản Không Khí Tường - Không Khí Tường Thường Trú Tràng Cảnh Đạo Chủ",
  "13418162212751986469": "Cúc Cúc",
  "13418170699015834525": "Vậy ta phải tìm bọn họ như thế nào?",
  "13418211556937075020": "Thuẫn Bài Lộ Chướng",
  "13418298363589193740": "Có thể tự chọn nhận cứ điểm cấp hai hoặc thưởng thí kiếm ở chế độ đơn người",
  "1341831362420857241": "Sa Cức Cẩu Kỷ 3",
  "13418330921132691355": "Xin hỏi Lương Tát......",
  "13418337186722006066": "Trương Chấn",
  "13418357347264537924": "Tặng cho người khác, nhận được lượng lớn hảo cảm.",
  "13418359775394675424": "Tưởng Lệ Tham Dữ Nhất Tuyệt Cao Hạ - Thám Sách Bang",
  "13418374585269731586": "Bách Nghiệp tổ chức xây dựng bổ sung thành phần 176",
  "13418396596673547355": "Xem",
  "13418434706514950511": "Chấm huyệt nhìn trộm lấy đồ không?",
  "13418443672909788896": "Vậy... ngươi đi tìm nàng ở gánh hát xem sao?",
  "13418513976115912574": "Hắc Tài Thần Kiếm Trùng Phục Hoạch Đắc Phản Hoàn",
  "13418528071372812135": "Đánh \"hòa\" với Lôi Chủ Nhan Như Ý",
  "13418535955182403326": "Đừng tìm kiếm bất kỳ lý do vô dụng nào cho sai lầm của ngươi nữa!",
  "13418548798004011864": "Phàn Lâu thị tòng",
  "13418589095757520311": "Võ nghệ của Tiêu Sử cũng rất cao, hắn tự học võ từ nhỏ, cưỡi ngựa bắn cung thuần thục, đao thương kiếm kích đều tinh thông. Tại hạ từng tận mắt thấy hắn ở trường tập, một mình xông vào trăm quân, anh dũng phi thường.",
  "13418590481416572418": "Duỗi chân",
  "1341859244417970341": "Chân Tử",
  "13418605542962557651": "Tư Phương Ca",
  "13418621239812860595": "Sơn Tước Noãn",
  "13418670972660535376": "Tăng cường khí huyết",
  "13418682645587805761": "Trường Sinh Lộc Tiên Nhân - Trường Sinh Quả",
  "1341873460432138851": "NPC Bầu Không Khí Phong Hòa Thôn - Hà Biên - Ngư Phu 6",
  "13418746049303370601": "Thọ Xương Phường - Điếm Phố a Tửu Lâu - Tiểu Nhị",
  "13418820570824501714": "Đạt đến một giá trị danh vọng nhất định mới có thể rời khỏi Thanh Hà",
  "13418907872310656553": "Ngọc Lâu Xuân",
  "1341896653220231954": "Hỏi thêm về nguyên nhân tranh cãi giữa hai bên.",
  "13419012122177250213": "Việc lớn của các ngươi",
  "13419066455131577914": "“Áo rơm cũ đi sương khói lại dày, nón cỏ mới đến mưa tỏa hương thơm.”",
  "13419075517657351040": "Thiên Hạ Đệ Nhất Tài Thần Miêu - Bàng Biên Phân Vi Miêu",
  "1341908851055655464": "Nhất Diệp Bình Sinh - Thiên Kinh Độ Đông Ngạn - Bối Cảnh Bản 2",
  "13419096257117391896": "Vẫn nên cẩn thận thì hơn, bọn của Thường Bất Hưu đuổi sát sao như vậy... Ban đêm cũng đừng ngủ quá say, lỡ có ai lẻn vào thì sao...",
  "13419119278024312236": "Viên Quốc Chấn",
  "13419135794626174092": "Vương Phóng",
  "13419137259249916186": "Quỷ Ngọ Ảnh",
  "13419203997181741356": "Đúng là có cắn người. Cho nên, ngươi tuyệt đối đừng lén lút xuống nước nhé.",
  "13419208518624303466": "Trò chuyện phiếm",
  "13419253258183153365": "Sổ tay ghi chép của Tôn Bất Khí.",
  "13419265492058269708": "Vui lòng chọn phương pháp rồi thử lại",
  "13419291523562792459": "Long Môn Khách Trạm - NPC Đấu Tửu - 1",
  "13419309829451453891": "Xuân Giác Hiểu; tỉnh lại trong mơ màng; hình như ngươi được ai đó cứu đến một nơi nào đó",
  "1341931244954260046": "Chu Vũ Lâm",
  "13419321224620840610": "Không còn ai đến, hoa mẫu đơn của lão tử đợi đến héo cả rồi!",
  "13419335736291130760": "Thâu Sư - Cuồng Lan - Đệ Tử 1 - Trạm Cương",
  "13419341220953250736": "Cứu viện",
  "13419375245347717767": "Tiếp tục tham gia hoạt động để tăng độ thân thiết, sau khi quen thuộc, chủ nhân bàn cờ sẽ tặng cờ phổ.",
  "13419388993122353990": "Trịnh Tông Diễm",
  "13419411921132364454": "Võ Miếu - Thông Đạo Nhất - Tấm Ván Gai Bất Động ②",
  "13419419858327280553": "Ta là con chim bay vào đồng hoang, chịu đựng vô số gió mưa, mới tìm thấy bầu trời trong mắt người.",
  "13419426636758388329": "Cửa hàng đổi thưởng",
  "13419452932274149445": "Cứ Điểm Thanh Trừ - Cơ Quan Bảo Kiếm - Cách Chơi Mở Cửa",
  "13419453951657294623": "Không Khí - Thanh Niên Nữ Mặc Y Phục Đỏ Đen Đẹp Mắt",
  "13419460844400144684": "Trường Hà Thương Pháp",
  "1341950762921866298": "Xã giao",
  "13419514387172788898": "Thần Tiên Độ - Mã Phu - Đại Tráng",
  "13419559395250475397": "Từ Tâm Sơn Viện - Điểm Hồi Sinh Chiến Lợi Phẩm",
  "13419567741169960968": "【Thử Nghiệm】Mộc Chế Tứ Phẩm Bảo Tương - Khai Phong (Cự Ly Truy Tung Ngắn)",
  "13419577594238383045": "Kim Tu",
  "13419596038587400151": "Sinh Thái Vật Chủng",
  "1341963473163108759": "Môi trường",
  "13419635344682855816": "Sát Địa Thần",
  "13419644462355963133": "Quả thật là vậy, chỉ là ta vẫn chưa tìm được phương pháp này. Vậy ngươi có nhớ trong Uyên xảy ra chuyện gì không?",
  "13419651708612500564": "Cộng thêm khí huyết",
  "1341967372850940922": "Chuông gió",
  "1341968667540163223": "Đại hiệp nói gì, ta không nghe hiểu đâu.",
  "1341970471069843": "Bảo Tương · Khai Phong",
  "13419743240040064037": "Trần Hiểu Hàn",
  "13419811179306957146": "Ta muốn!",
  "13419868097457719229": "Mảnh đá vụn",
  "13419892311907702600": "Điểm truyền tống",
  "13419927353620721200": "Tôn Duyệt",
  "13419932964901371731": "Trần Thần",
  "13419949817008513004": "Tử Chung",
  "13419951875025041678": "Hoạt Động Thuyết Minh Hoạt Động Thuyết Minh Hoạt Động Hoạt Động Thuyết Minh Hoạt Động Thuyết Minh Hoạt Động Hoạt Động Thuyết Minh Hoạt Động Thuyết Minh Hoạt Động Hoạt Động Thuyết Minh Hoạt Động Thuyết Minh Hoạt Động Hoạt Động Thuyết Minh Hoạt Động Thuyết Minh Hoạt Động",
  "13419986861238146061": "Vui vẻ",
  "13420015300951762990": "Đánh bại kẻ địch",
  "13420020419372184802": "Tiểu Thức Muội",
  "13420040665755867719": "Lý Yên Nhiên",
  "13420048105742853525": "Ủng hỏa sinh hoa · Trắng",
  "13420062846791360681": "Phong Hòa Thôn NPC Bầu Không Khí - Tửu Tứ - Yến Tiểu Nhị",
  "13420069605583162427": "Đối thoại",
  "13420085724094296421": "Đã nhận được {0} kinh nghiệm Chiến Lệnh",
  "13420129655213242125": "Dế Mèn - Khu Vực Ba Phía Trên",
  "13420148691111051365": "Vô Tướng Hoàng",
  "1342017433913630711": "Đối thoại",
  "13420187818853219467": "Sử dụng vật này, có thể nhận được ngoại hình tương ứng.",
  "13420228136531740704": "Đâm mạnh xuống đất bằng Đao Mạc, tạo ra luồng không khí hội tụ, hút kẻ địch trong bán kính 8 mét lại gần, sau đó xoay Đao Mạc phát động quét ngang mạnh mẽ, gây sát thương lớn. Nhấn giữ có thể kéo dài thời gian hút.",
  "13420296636171171983": "Không Khí Kiến Trúc Chính - Trát Vữa",
  "13420304885404938684": "Nếu không phải được Chu nữ hiệp nhắc nhở, có lẽ đã thua rồi!",
  "1342031791076813331": "（Thay thế đoạn đối thoại bên lò sưởi, không đại diện cho chất lượng cuối cùng）\nNgày hôm sau,\nNgân Ca bày tỏ rằng việc vượt qua trận bão tuyết là không dễ dàng, việc tiếp tục khám phá núi tuyết sẽ có nhiều thử thách hơn.\nCả nhóm cần được Ngân Ca dẫn đường, chuẩn bị sẵn sàng để tiếp tục cuộc thám hiểm.",
  "13420367136267883038": "Bệnh trật khớp ngón tay ngón chân, phần lớn do té ngã, va đập gây ra. Vùng bị thương sưng đau, chức năng chi bị mất một phần hoặc hoàn toàn, thậm chí xuất hiện biến dạng và cử động bất thường.",
  "13420414654816851165": "Tựa Tường",
  "1342041468272538408": "Tiềm Thủy Chung - Chuông Lặn Xuống Động Số 1",
  "13420427776560629428": "Đã đạt được",
  "13420439689024956561": "Chỉ đổi",
  "13420451130155812540": "Điền Dã",
  "13420452020347534425": "Thái Cực",
  "13420475502644909469": "Mở hình ảnh thất bại, xin thử lại sau!",
  "13420476043452174432": "Hộp Xích Sắt Thử Nghiệm (Mặc Sơn Đạo) - Bản 3 Đoạn Xích Sắt - (Chiều Dài 6m)",
  "13420518124586031182": "Việc này ta đã biết, đa tạ.",
  "13420545862430869123": "Tranh Phong 2v2",
  "13420555815086712196": "Vương Trân Trân",
  "13420579594631582433": "Phần Thưởng Hoàn Thành Vuốt Mèo",
  "13420581295408539774": "Sinh Thái Vật Chủng",
  "13420585517976596667": "Quy tắc",
  "13420590272213251309": "Mở ra có thể nhận được phần thưởng cấp ba Thử Kiếm của chế độ đơn người",
  "1342059595690779120": "Sinh Thái Vật Chủng",
  "13420607644421626929": "Phần Thưởng Thí Luyện Toàn Phục",
  "13420631217288021162": "Vương Kỳ Trung",
  "13420653311282325671": "Rời đi",
  "13420667399196290859": "Cảnh Uẩn",
  "13420778681864957729": "Quan binh",
  "13420788370797682491": "Bào Văn Húc",
  "13420793827475494628": "Cao Dương Chính Điếm",
  "13420887146556763406": "Phong Hòa Thôn - Điểm Hồi Sinh Chiến Lợi Phẩm 125",
  "13420908113843211039": "Người lái đò từ trên trời Ba Lãng Sa xuống, mưu sinh ở Lâm Tân Độ.",
  "13420926725834893711": "Sử dụng vật này, có thể nhận được ngoại hình tương ứng.",
  "13420932825147097294": "Ngưng Thần Chương",
  "13420993246485687240": "Dương Trụ Vũ",
  "13421014555567866163": "Mấy ngày nay tiếng khóc ở đò đưa cất lên lại dứt, dứt rồi lại cất lên, không nhà nào có được niềm vui.",
  "13421052596788756152": "Chu Cửu Bát",
  "1342105665365613326": "Lũ thổ phỉ ở khu vực Thiện Diệu Châu, giỏi dùng cung tên.\n\nKhông phải là bắn trúng lắm, chủ yếu là sức lực lớn, kéo được cung lớn. Một mũi tên bắn ra, không có đá uống lông vũ — ừm, theo nghĩa đen ấy... Cứ thế một mũi tên bay tới trên không trung cũng khá dọa người đấy chứ? Đáng tiếc mắt không được tinh, thường xuyên không biết nhìn cái gì.\n\nNhững người này gia nhập dưới trướng ác tăng Huệ Dược, thực chất là một lũ hòa thượng giả ăn thịt uống rượu.",
  "13421127183497840787": "Sao lại khiến người ta không yên lòng thế này, chuyện nhỏ như vậy mà cũng không làm xong?",
  "13421153576334906236": "Nhiệm vụ mở khóa Quy Chân Cảnh",
  "13421215569382749027": "Đối thoại",
  "13421236066779208448": "Ôi, anh Lý lại đến thuê lừa à!",
  "13421265462173500206": "Nhập tin nhắn nhanh",
  "13421313660970543414": "Lưu trữ kinh nghiệm (Đang rút)",
  "13421360355812228228": "Hoàng Lạc Tư",
  "13421365398657316574": "Phủ Đại nhân ",
  "13421382783166185587": "Thế Giới Đẳng Cấp - Đại Tống Quan Binh - Đột Hỏa Thương (Vào Trận Trực Tiếp Bắn Ba Phát Liên Tiếp, Kết Hợp Với Quái Nhảy Từ Thang Xuống Hoặc Giết Khi Mở Cửa)",
  "13421484582575371042": "Nhậm Bình Chiêu",
  "13421503423100486253": "Đối thoại",
  "13421569294777101239": "Thâu Sư - Điểm Lưu Trữ Giữa Đường - Mô Hình Hiệp Chi Trủng",
  "13421571216514193538": "Còn lại {delta_day:d} ngày",
  "13421573353414118786": "Danh kiếm - Khuyết Lý",
  "13421600294490292883": "Khác cảnh, không thể truyền tống",
  "13421660759891157925": "Hà Kỷ Hi",
  "13421684114629497572": "Hàng tuần",
  "13421687544585469214": "Trần Gia Tranh",
  "13421714591038945580": "Vạn Hoa Tùng 1",
  "13421725182689008181": "Cam Dậu",
  "13421731484792866813": "Không bị Bạch Lang Chủ đánh trúng quá 5 lần",
  "13421765824400451768": "BP Tuyến Miễn Phí 19",
  "13421774151282859708": "Ánh sáng xung quanh đột nhiên tối sầm lại, hóa ra là phong bao lì xì của ông chủ đang lấp lánh!",
  "1342179408856062608": "《Mộc Kinh》 công thức · Xưởng rèn · Nhà",
  "13421825782047769087": "Khử Trừ Buff - Entity Rỗng",
  "13421848652928177668": "Khinh Công Tổ Kiện - Đao Hoành",
  "13421851992644180967": "Thọ Xương Phường - Dẫn Kiến Tư - Võ Quan",
  "13421858959027698674": "【Hộp bảo vật thường示意】",
  "13421900724449975060": "Mười hai số 1",
  "13421948809032467847": "Thần Tiên Độ - Điểm Hồi Sinh Chiến Lợi Phẩm 66",
  "13421959678624747660": "Trong trận chiến với huynh đệ múa sư tử cầm đầu, quả pháo trong miệng huynh đệ múa sư tử bị lửa đốt cháy nổ và giành chiến thắng",
  "13421964285349026405": "Mục tiêu có hành vi trộm cắp, đặc biệt treo thưởng bắt giữ.",
  "13422007094483600430": "Có dùng %s để đổi lấy % không?",
  "13422068523659893376": "Khách thăm Túy Hoa Ấm",
  "13422083521328778638": "Chổi bay lượn",
  "13422098420277987351": "Biểu Mẫu",
  "13422100668445724301": "Tín chúng",
  "13422102545561949139": "Thế Giới Đẳng Cấp - Phật Gia Trại - Tửu Nhục Hòa Thượng (Nguyệt Nha Xẻng) Tổ Thường",
  "13422126713254420310": "Ngươi cố gắng đột phá huyệt đạo, lại nhìn thấy Hàn Hương Tầm quay về Thần Tiên Độ từ hướng khác. Vì lo lắng cho sự an nguy của nàng, ngươi lập tức giấu chiếc hộp lại, chuẩn bị ẩn mình quay về Thần Tiên Độ.",
  "13422127754341489413": "Đối thoại",
  "1342214631546808168": "Bá Vương Biệt Cơ",
  "13422177767884257871": "Biểu Mẫu",
  "13422178369435930840": "Thiện Diệu Châu Doanh Địa A11 Phật Gia Trại Tửu Nhục Hòa Thượng Nguyệt Nha Xẻng Vô Nhược Điểm",
  "13422192079723572805": "Trang Bị Dùng Để Thử Nghiệm",
  "13422198143031076537": "Trường Thương Đại Khinh Công - Bạch Hiểu Lục",
  "13422220890912311821": "Long Quỳ Thảo",
  "1342226057498138524": "Tiền của ta... Hàng hóa ta cướp...",
  "13422262392281730489": "Nhiệm Vụ Dẫn Dắt Xa Mã Hành - Bách Tính Vây Xem",
  "13422278105989887101": "Ngươi vẫn luôn thân thiết với hắn nhất, hẳn là biết hắn không phải là người dễ dàng thất hứa.",
  "13422288079554555657": "Người chạy mất dạng rồi...",
  "13422413188614949600": "Quyền hạn địa vị không đủ",
  "13422423162150666100": "Tử Chung",
  "13422460624354925941": "NPC Thử Nghiệm Nữ Trưởng Thành",
  "1342246695222214197": "Cứ Điểm - Đệ Tử Phật Gia Trại (Đơn Đao) - Phổ Thông",
  "13422490507185830007": "Mộc Điều Tương",
  "13422494939778576128": "Lưu Minh Sách",
  "13422499048716192286": "Thương nhân gầy",
  "13422505267244095029": "Đấu vật Tướng - Dễ"
}