{
  "12976603757140526407": "Thức ăn",
  "12976607054478756246": "Sỏi Đá",
  "12976617115960990049": "Nàng có ánh mắt kiên毅 (Thông tâm bách thú)",
  "12976620370702375890": "Tạm thời chưa có điểm",
  "1297670715928854026": "Đã hỗ trợ hoàn thành, có tiếp tục đi không?",
  "12976768809122815025": "Hủy bỏ",
  "12976781771765811310": "Chu Vũ Lâm",
  "12976822198632805328": "Lữ Cách Biến Hoán",
  "12976831700646422291": "Cổ áo giản dị",
  "12976838019980970751": "Bàn Thợ Mộc Khu Vực - Doanh Tạo Ty",
  "12976850038595569730": "Trăng lên khiến Xuân kinh ngạc, kèm theo hiệu ứng định thân.",
  "12976871037264567319": "Phong Hầu",
  "12976956475738428376": "Đang tải dữ liệu",
  "12977016049857298205": "Bạn không hiểu đâu! Người mới, chi tiền là điều quan trọng!",
  "12977046473030935770": "Ta nâng ngươi",
  "12977058280457153879": "Quán Quân Giải Phong Lôi",
  "12977068430991300948": "Bị đánh bởi Pi Ảnh Âm Khởi không quá 10 lần",
  "12977157230807853040": "Tống Chi Vấn (Cô Vân Trình Diễn)",
  "12977163174734930964": "Tầm xa",
  "12977164435255342483": "Hà Kỷ Hi",
  "12977172161644196191": "Cầm Hồng Tiên Hành, Lạc Tử Vô Hối\\nHòa Cục Tính Thua, Trịch Tử Hoàn Bán",
  "12977178057741768911": "汪!",
  "12977181421592925157": "Dương Trụ Vũ",
  "12977207832207315202": "Phong cách quốc gia",
  "12977251408615412506": "Chướng Ngại Vật Cố Định - Thiết Quặng",
  "12977331891767084942": "Chỉ Qua 1V1",
  "12977341378699400916": "Thạch Biển",
  "12977360370455163875": "Tôn Đại nương",
  "12977368907345400638": "Cơ bản",
  "12977403697135261361": "Hiệu ứng chảy máu.",
  "12977408151860165756": "Bởi vì các ông chú Tạ chưa bao giờ là hiệp khách, họ... sống sót nhờ cướp lương thực và làm điều ác. Để sinh tồn... họ thậm chí đã giết cha mẹ ruột của ta ư?",
  "12977465137489884205": "Túy Hoa Âm - Giọng Nữ Lấp Đầy Không Khí Vòng Ngoài 2",
  "12977474740791471534": "Quỷ quỷ, sợ……",
  "12977479339751424357": "Tìm đường thất bại",
  "12977483981121575286": "Diệp Tử Hí 7 - Thiên Thượng Lai",
  "12977527119862616731": "Nghề nghiệp thuần thục",
  "12977528817243136723": "Bách Lý Tung",
  "12977529320143525969": "Vương Tố",
  "12977562838783896782": "Hiệu suất thu thập vật liệu kiến trúc",
  "12977572951297209248": "Trương Tiêu Nặc",
  "12977651161100505169": "Xảy ra chuyện lớn như vậy trong thôn, các thương nhân quen biết đều khuyên ta rời khỏi đây",
  "12977740931800701077": "Liễu Thanh Y",
  "12977742805745928353": "“Đông gia năm nào cũng tốt, xui xẻo thực sự ít, không sinh bệnh tật tạp nham.”",
  "12977773516344920499": "Nhấc lên",
  "12977797934599170676": "Thưởng Điểm Bác Vật Hạng Mục",
  "12977817139851678316": "Loại rượu ngon đặc sản của Thần Tiên Độ, hương vị lưu luyến mãi, chỉ có trong tháng Túy Tiên hàng năm mới có thể ngàn vàng khó cầu.",
  "12977822785680175029": "Dùng Cho Không Khí Trong Dịch Trạm - Quý Tộc Khiết Đan Uống Trà 1 (Điểm Nghe Trộm 6)",
  "12977927913383372440": "Ngự Uyển Nam Vuốt Mèo",
  "12977932321412838115": "Phía trước dường như ẩn giấu một tai họa nào đó, cần phải cẩn thận tiến lên.",
  "1297795960664115398": "Chẳng lẽ ta chọn chưa đủ thú vị sao?",
  "12977973374208028021": "Màn Trị Liệu Huyền Hồ",
  "12978002507755575053": "{2}\nThân có bệnh nhẹ, qua chẩn đoán của danh y {0}, ta mắc bệnh {1}.",
  "12978007444465290122": "Đây là... Khai Hoàng Luật, Tống Hình Thống... Cuốn trục chép lại nhiều điều luật, sách vở như vậy không dễ thấy trong dân gian... Nhìn nét chữ này, sao lại có chút giống Triệu Phổ...",
  "12978016842391814890": "Trong thời gian hiệu lực của hiệu ứng #C看破#E, tỉ lệ hội ý khi gây sát thương tăng #Y3%#E.",
  "12978031195432335880": "Hủy xem",
  "12978031757929615735": "Thiên hạ thái bình",
  "12978139370878747628": "Hy vọng có thể làm bạn với Chu Mạnh Tâm (đã kết nối thành công sẽ nhận quà hàng tuần).",
  "12978142665837384517": "Trở về đáy Ô Khư",
  "12978149065386479165": "Chướng Ngại Vật Bạo Tạc - Pháo Hoa 37",
  "12978156227562963661": "Vương Trí Siêu",
  "12978181745682952331": "Trần Gia Tranh",
  "12978187273362924288": "Tiền tài bất nghĩa không biết từ đâu mà có, thường mang theo trên người bọn thương nhân lòng dạ đen tối, có thể dùng để nhập Thiên Tuyền.",
  "12978210683640608553": "Yến Sào Thảo",
  "12978268720880619408": "Cơ Quan Ốc - Hành Lang P2 Tam - Cửa Biến Hóa Điểm Cuối Bên Phải",
  "12978291117591841484": "Lý Trạch Hạo",
  "12978295368975201622": "Lâm Tặc Long Hổ Trại",
  "12978308176308020286": "Đang tải dữ liệu",
  "12978336473456795470": "Bảo Rương",
  "1297836493722276034": "Du Lập",
  "12978375432636867318": "Ta Là Mã Thống",
  "12978419167086652723": "Tổng hợp bảo thạch",
  "12978489323927792950": "Giống hệt ta, ngươi nhìn là biết ngay.",
  "12978493775337418816": "Hồng Trần Vô Nhãn",
  "12978533417115146105": "Dùng đao làm bút, khắc ghi Hà Tây. Gánh vác lòng tốt của Thánh Nhân, đất quê sắp xa.",
  "12978537299927857764": "Đàm thiên luận kiến",
  "12978539447127449602": "Bài tuyển anh hùng đó à?",
  "12978550216273540215": "Đi đến căn phòng có thể giam giữ Doanh Doanh, tìm tung tích của Doanh Doanh.",
  "12978550907414335387": "Trương Chấn",
  "12978562826254263823": "【Âm】Xuân Thu Biệt Quán",
  "12978568691633538883": "Ai, Phật gia đừng giận, chuyện này cũng tại ta.",
  "12978594399488796009": "Phòng Chí Cường",
  "12978664101060683226": "Còn bảo ta đọc sách có ích gì, không bằng đi đánh trận, đổi lấy chút công danh thực tế hơn.",
  "12978665490337600225": "Uống rượu, đấu vật, thêm một phần thịt cừu nướng, không gì khoái hoạt hơn thế nữa!",
  "12978674929634712037": "Canh Lộc Thịt Hươu * 3",
  "12978700353744247734": "Đối thoại",
  "12978723309681062298": "Ta không đến xin Thiên Tàm Hàn Y, ngươi cũng vậy.",
  "1297872668553749480": "Hướng Sơn Hàm",
  "12978741277562200885": "Đối thoại",
  "1297874701058483043": "Nam Môn Đại Nhai",
  "12978776938227108132": "Ai...",
  "12978777492390074602": "Làm mới",
  "12978795405089284008": "Lò luyện thuốc cũ kỹ",
  "12978801089982952601": "Mưa đêm giang hồ thật ồn ào, nhưng ta có một chiếc ô, có thể che cho hai người.",
  "129788755892452755": "Bảo Rương",
  "12978875993012245178": "Điền Dã",
  "12978937284554384130": "Nội dung này tạm thời chưa hỗ trợ chơi mạng, sắp rời khỏi khu vực này",
  "12979010425554474860": "Cẩn thận từng bước",
  "12979013245387559388": "Hoa Trung Thừa",
  "12979014319074109839": "Chu Vũ Lâm",
  "12979021629001711723": "Phật Tâm Sâm",
  "12979024639717704030": "Này, tiểu tử trẻ tuổi!",
  "129790490424325067": "Cái gì? Huynh nói là...",
  "12979078666703082097": "Bớt nói nhảm đi, đấu một ván.",
  "12979079725229627384": "Đang lấy dữ liệu",
  "12979141381426823344": "Thưởng Hạng Mục Bác Vật 7, Cấp 4",
  "12979164904767731971": "Bảo Rương",
  "12979177034227008780": "Khổ Hạnh Tu 75",
  "12979208575640697268": "Dữ Liệu Đang Tải... Dữ Liệu Đang Tải... Dữ Liệu Đang Tải... Dữ Liệu Đang Tải... Dữ Liệu Đang Tải...",
  "12979213618263877515": "Không được, ta thấy thể chất của ngươi rất bình thường nha~",
  "12979229415263147373": "Lục Sí",
  "12979286108798198577": "Ngư Long Mạn Diên - Vây Xem Tương Phác 3",
  "12979295940012709834": "Chu Nhất Chu",
  "12979307239351280592": "Khúc Khúc",
  "12979377586607073154": "Đối thoại với Hồng Tuyến",
  "12979414484742047286": "Sinh Thái Vật Chủng",
  "12979438270392149761": "Ở đây có ba bức họa, ngươi mở xem đi.",
  "12979439209543796456": "Biệt Quán - Boss - Tường Không Khí",
  "12979479461258067570": "Người kia làm sao vậy?",
  "12979532455342663011": "Tôn Hạo Thanh",
  "12979576545116764478": "Đối thoại ngành nghề cứ điểm",
  "12979651028328613469": "Thọ Xương Phường - Phú Nhân",
  "12979836780025605279": "Gây ra #G310%#E sát thương, câm lặng đối phương #G6#E giây.",
  "12979836798307071076": "Hoa Trung Thừa",
  "12979872922608655164": "Ngự Uyển, được xây dựng từ năm Càn Đức thứ hai, là vườn cảnh quan hoàng gia. Nó được chia thành Ngự Uyển Bắc và Ngự Uyển Nam, thông nhau bằng Tiên Kiều.",
  "12979875011642361413": "Chu Vũ Lâm",
  "12979876764063341095": "Nhất Diệp Bình Sinh 2 - Võ Quán Dạ Quy Nhân - Hồ Tương",
  "12979985538336922114": "NPC Tạo Không Khí Làng Phong Hòa - Nhi Đồng Xem Hí Kịch Bóng",
  "12980047941520507612": "Mới 9 - Bên Trái Không Đánh Bay Hầu Nhi",
  "12980069331931019551": "Tịnh Từ - Bác Lãng Sa - Lão Tử Hóa Hồ",
  "1298007562662926833": "Đinh Kỷ Văn",
  "1298009905415341382": "Bát Môn Yến lần này, do Phường chủ Nghê và tiên sinh Vạn Tứ thay mặt tổ chức.",
  "12980137025145746795": "Phòng Chí Cường",
  "12980140589898009362": "Võ Lâm Lục",
  "1298018637271948234": "Vượt ải không bị thương độ khó Quỷ Thần Sầu",
  "12980203022993639900": "Khảm Nhi Tỉnh - Mộc Côn",
  "12980204491761920345": "Sinh Thái Vật Chủng",
  "12980219259451586909": "Diệu Diệu Miêu Thạch Bi - Dao Linh Kỳ Phúc",
  "12980261010552733021": "Trường Minh Ngọc*30、Chu Nguyên Thông Bảo*5000、Ô Kim Thiết - Nhị Cấp*5、Xung Thiên Nhất Phi Hưởng*1",
  "12980290202866269169": "Nghe nói, là anh linh của hiệp khách hóa thành những con côn trùng này, cho nên khi di chuyển có tiếng đao quang kiếm ảnh.",
  "12980294974313638749": "Trá Dược Thùng (Tiểu/Khả Bàn Vận)29",
  "12980308601442028439": "Hà Kỷ Hy",
  "12980359895689825386": "Huỳnh Uyên - Tiểu Cao Cổ",
  "12980361016163913811": "Sĩ Binh Lấp Đầy",
  "12980366093650460005": "Động Họa Khai Trường Của Tiểu Thập Thất - Lâm Thời",
  "12980400243145280309": "Nhiệm vụ Giác Chướng Lâm",
  "12980407666127243224": "Lão Đầu Đả Ma Tướng 1 (Khả Bối Khởi)",
  "12980409713769741795": "…Mẹ nghe mọi người nói rồi, nếu qua năm vẫn không ổn, thì trước tiên phải nhốt cha lại tìm cách, nói là không thể để ông cứ nói linh tinh như vậy mãi.",
  "12980422449865642064": "Mở",
  "12980429111594737464": "Giải Trí",
  "12980474738219089321": "Sinh Thái Vật Chủng",
  "12980491652845713310": "Súc Cốt Công - day06 - Chiên Thái Công",
  "1298051871121130315": "S3 - Chiến Lệnh Tưởng Lệ - Miễn Phí Cấp 68",
  "12980595324714968578": "……Đừng hỏi, mau đi thôi. Nếu bị Tông Hiền bọn họ phát hiện thì không dễ dàng rời đi như vậy đâu!",
  "12980638243025110617": "Bồ Đề Khổ Hải",
  "12980670213281296408": "Bách Nghiệp Chiến - Dã Quái - Vô Ưu Động - Chủy Thủ Nỗ - Lam Phương Hạ Lộ Nội Điểm",
  "12980673346704073140": "Nhiệm vụ biểu hiện trước khi kích hoạt",
  "12980693565396723473": "Sinh Thái Vật Chủng",
  "1298076861730093292": "Thường Bình Thương - Tân Tăng Phân Vi - Lao Công",
  "12980790916766568064": "Ối chà, không cho ta báo quan à? Ngươi xem ngươi nói gì kìa, hoàn toàn là rùa say rượu nói nhảm, ngươi đừng có mà ba hoa trác vãn!",
  "12980799303654620087": "Đấu Tài Chủ Đại Tỷ",
  "12980832667053929565": "Trong biển lửa",
  "12980855207256776123": "Cây thường xuân",
  "12980905091597501427": "Đang tải...",
  "129809235758859068": "Triệu Vĩ Nghiệp",
  "12980965820286962464": "Đối thoại với ca kỹ, hỏi về chuyện điều chỉnh âm thanh",
  "1298102548798242668": "Hừ hừ, đồ ngốc, ngươi thật sự nghĩ ta sẽ bị lừa bởi mấy thủ đoạn này của ngươi sao? Sư phụ là giả, ngươi cũng là giả.",
  "1298102982447569947": "Hắn đã lấy được lá cây, ăn nổi bát mì! Vậy là! Câu chuyện đó không phải nói dối phải không.",
  "12981033089463709259": "Lý Lê",
  "12981055491349582117": "“Nội thanh ngoại trọc ai tri ngã, tày áo buộc ngọc chung hữu thì.” Bạn tù tặng thơ tiễn biệt, hy vọng mãi mãi không gặp lại.",
  "12981081337164657686": "Hà Điền Kê (Mẫu Kê)",
  "1298108470839184763": "Ban Điểm",
  "12981143978834108545": "Quần chúng nhiệt tình",
  "12981157668086396034": "Quán bán thịt dê bên ngoài thôn Phong Hòa gặp bất trắc, đóng cửa. Mọi chuyện dường như đều chỉ về vị đạo nhân cưỡi lừa đó... Một giấc mơ lớn, là đạo nhân mơ lừa, hay là lừa mơ đạo nhân?",
  "12981177826491558917": "Người trẻ tuổi, hôm nay ngươi đã chặt được mấy lưỡi rìu rồi? Không đủ thì đừng tán gẫu nữa.",
  "12981350899416387916": "Đại Tinh Minh",
  "12981432076793922814": "Mở ra cánh cửa",
  "12981466981886386635": "Thư tín",
  "12981495546323204699": "Thợ đóng thuyền",
  "12981535715711037884": "Bách Thảo Dã - Khu vực hồi tưởng cái chết của Thợ múa bóng - khu vực phán đoán",
  "12981592319140142365": "Ngự Uyển Bắc Đại Môn - Hưu Tức",
  "12981634834097894209": "Bên trong Hắc Sát Âm Dương Động",
  "1298164907019462756": "Gây ra 30% sát thương đả kích, trong trận này, bản thân tăng 20% phòng ngự lời nói khoa trương, tối đa cộng dồn 6 tầng.",
  "12981655644001775398": "Hoa Đặc Thù Trong Biển Hoa Khả Giao Hỗ",
  "12981677293159242802": "Niềm vui của voọc - Tám",
  "12981701688625794666": "Thời gian còn lại lớn hơn {}",
  "12981725492071887014": "Đến Tam Canh Thiên để ăn trộm tuyệt kỹ",
  "12981744249783045970": "Hỏi thăm Đằng Thiên Sơn",
  "12981802844870574990": "Đệ Tam Tầng - Đệ 1 Ba - Luân Thứ 2 - Hỏa Súng Hầu",
  "12981833690226993704": "Sinh Thái Vật Chủng",
  "12981886699253743467": "Ưm... Hiệp khách, ta cũng không biết điều này có đúng không, nhưng đây là suy nghĩ hiện tại của ta!",
  "12981897561693101411": "Hứa Huỳnh Ngọc",
  "12981912078531818602": "Ngồi xuống mau, ngồi xuống mau, câu chuyện sắp được kể rồi!",
  "12981943868355640685": "Tam đoạn",
  "12981964782516267032": "Phục Hy",
  "12981974277276496952": "Thiếu Quân",
  "12981990015957426519": "Thế nhân đều biết Độc Cô Viễn kiếm khí dọc ngang vô địch, nào hay huynh đệ là Phong Vô Dật cũng là bậc anh hùng. Các vị khách ngồi cho kỹ nhé, hôm nay ta kể một câu chuyện về Phong Vô Dật.",
  "12982020678231296811": "Hiệu ứng kỹ năng:",
  "1298206741228998462": "Vọng khí",
  "12982079980144519154": "Quần Chúng Bính",
  "12982118285435064728": "Song đao võ học · Nghịch Lô Tam Cấu",
  "12982142117290771968": "Hà Bá, Tấn Trung Nguyên",
  "12982148281945034176": "Độc Sơn Ngọc",
  "12982181598049704211": "Chủ tiệm đồ cổ ở Thiên Ba Phường.",
  "12982200770161427609": "Trướng Độc",
  "12982226813844572537": "Tha thứ",
  "12982236529458511636": "Ngựa",
  "12982252476529045489": "Cường hóa hành quyết",
  "1298225444807149522": "Ngư Bách Xuyên Tuần Tra 1",
  "12982267831843857726": "Phù Sinh Cổ",
  "12982410186749181097": "Tịch giáo đầu, năm nay có phải lại giành được thành tích tốt không?",
  "12982422969886050449": "Ai, giọt lệ ly biệt sau này không uống được nữa rồi...",
  "12982507928758691765": "Tà váy",
  "12982521399536696502": "Rời đi",
  "12982556893094623843": "Đẹp, thật đẹp!",
  "12982613712744535191": "Chứng bệnh do độc của xạ công xâm nhập cơ thể. Xạ công còn được gọi là Ngự, Đoản Hồ, Thủy Hồ, Thủy Nỗ,... các thư tịch cổ ghi chép không nhất quán, có nói là cáo, có nói là rùa ba chân, có nói là một loại bọ cánh cứng có cánh, có thể phun cát và ám ảnh khiến người bệnh mắc bệnh, dường như là một loại ký sinh trùng dưới nước.",
  "12982633641304545533": "Đường chính Thiên Dạ Lộ bài khu vực 3",
  "12982641245064201612": "Hoang Thực Lâm - Chiến Lợi Phẩm Xoát Tân Điểm 413",
  "12982646949183471035": "Phong Hống (Tiếng gió rít)",
  "12982647626702285885": "Nhưng mà...",
  "12982739490976102715": "Lý Quân huynh đệ trung thành với Đại Chu, khởi binh chống Tống, nhưng chỉ là vì muốn chết!",
  "12982758770797331280": "Ngũ Thất Vạn",
  "12982771600196591158": "Thương Nhân Tương Phác b",
  "12982821092583348028": "Trường kiếm",
  "1298282718209411682": "Đại ma ——",
  "12982839762140930025": "Lý Nghiên",
  "12982975540581415340": "Võ Miếu Thăng Cấp Tường 01",
  "12982981901623117150": "Kiên trì thuyết phục hắn",
  "12983050817867916958": "Ngươi nghĩ sao vậy?",
  "12983058903985200950": "Ngũ Âm Khởi Thái Bình",
  "12983146279712997065": "Sinh Thái Vật Chủng",
  "12983267042406576977": "Ngươi tìm kỹ xem, nhớ là phải dùng “Thuật Co Xương” đó nhé.",
  "12983303777251225242": "Trường thương kim thác",
  "12983308080917143946": "Là son của ta... Thiếu hiệp, trả lại cho ta, ta cảm kích vô cùng! Son này là vật quý giá nhất của ta...",
  "12983318882066038360": "Trá Dược Thùng Nguyên Bản: Trá Dược Thùng - Vật Lý Phá Toái Bản",
  "129833796316164089": "Tư pháp",
  "12983382415921794865": "Ngươi tên trộm này, đã biết tội mà còn không theo ta đi gặp quan phủ!",
  "12983441641378970364": "Nhìn bản lĩnh của ngươi này, đất của Tướng quân mà cũng dám có kẻ闯 vào?",
  "12983450466349759886": "Lương Đống",
  "12983467028596641571": "Thiết bị thu hồi có #Y tạo nghệ cao hơn trang bị kho vũ khí#E, có đến kho vũ khí thay thế không?",
  "12983468429424874700": "Mô tả ô đất thử nghiệm",
  "12983550457877660734": "#Y Thạch đệ đệ#E công đầu tiên! Năm đó Trần Kiều về kinh, là hắn mở cổng thành cho Triệu Khuông Dận.",
  "12983592318385241359": "Quản Trọng",
  "12983593717021795249": "Thần Tâm Giám Vô Tướng",
  "12983696516330223314": "Tiểu Thụ Chi",
  "12983715493857735293": "Đây là... thư tình Triệu Phổ viết cho vợ sao?",
  "12983895209317989287": "Dương Trụ Vũ",
  "12983896215320759898": "Đối thoại",
  "12983898972004933505": "Tĩnh Khổ Hòa Thượng đi khất thực về, không ngờ bị bọn cướp ở Phật Gia Trại chặn đường bắt cóc.",
  "12983971155365214870": "Tầng 2 Cần gạt chính 02",
  "12983984972188426461": "Trần Hiểu Hàn",
  "12984004595612616970": "Diệu Diệu Miêu - Chuyển Động Đích Phật Tượng",
  "12984057026292678734": "Bạn bè",
  "12984068762990837514": "Thường Bình Thương - Địa Hạ Đại Điếu Cơ Mộ Lạc Hoa Hoa Bao 2",
  "12984149376103578828": "Địch Tập Lập Thể Thông Lộ Nhất Tầng Cao Cấp Bảo Tương -2",
  "12984212086832776797": "Nơi này nguyên là nơi ở của người làng Trường Sinh sau khi rơi xuống vực ba trăm năm trước, cũng là nơi an táng của Trường Sinh Tiên Nhân.\nBa mươi năm trước, Tôn Bất Khí nghe đồn về sự trường sinh nên đã đến đây, dùng vật độc trong vực luyện Liễu Thanh Y thành thể trường sinh.\nHắn cho rằng mình có thể khiến thiên hạ không còn bệnh tật, đều được trường sinh.\nSau đó Liễu Thanh Y không còn ham muốn, cũng không còn cảm giác đau đớn, chỉ dùng chữ \"祚\" để nhớ về quá khứ khi còn là người thường.",
  "12984219050508655538": "Nội Nhất Hoành Kinh Số",
  "12984310492301747177": "Thông Dụng Diệu Diệu Miêu - Miêu",
  "12984354303926948102": "Thật tuyệt vời, quân tử nhìn thấu đáo đáo, võ nghệ quyết nhiên siêu tuyệt, ta tuy lâu ngâm kinh sử, nhưng cũng biết đạo văn võ không thể thiên vị.",
  "12984483112787430561": "Bạo Tạc Hậu - Đạo Chủ",
  "12984487105424993083": "Nạp tiền",
  "12984564668864599747": "Điều tra",
  "12984581116923967531": "Khai Phong Địa Lao_Khoái Tốc Thượng Lâu",
  "12984609387131234326": "Xem thêm võ học",
  "12984664338359711322": "Đầu ra",
  "12984667743449769693": "Chiếc chuông này, lại tới……",
  "12984673491733076830": "Đương Dương",
  "12984686239686908910": "Cửa hàng bút Quán Văn Xu",
  "129847001308887605": "Huỳnh Hỏa Trùng",
  "12984729682497578709": "Số Mười 2",
  "12984730546906173417": "Đối thoại",
  "12984749371361123814": "Trần Chu Bạn",
  "12984752352194492444": "Phá ác",
  "12984798441244882321": "Bộ Thiên Quỳnh",
  "12984804493963738756": "Đối thoại",
  "12984806661809324710": "Tạ Lan Chi",
  "12984809225404129486": "Cẩm Phương Đinh - Tọa Thuyền Nhân 5",
  "12984876583468498872": "Đối thoại",
  "12984898731342792883": "Không ngờ Phù Cảnh Phưởng trên sông Hoàng Hà lại đi vững vàng như thế.",
  "12984982406725051532": "Bảo Tương - Thuật Chi Ngọc",
  "12985053509578282916": "Anh Vũ",
  "1298507315323510536": "Bạch Mộc Túc",
  "12985087520877955870": "Quét Hồng Mông, quạt sấm sét. Đấu chuyển trời lay, núi rung biển nghiêng.",
  "12985102060466425932": "Ừ ừ, là người tốt.",
  "12985125065858609455": "Thược Dược",
  "12985169792798880936": "Vân Thái",
  "12985176409406680264": "Nhất Diệp Bình Sinh - Dạ Quy Nhân Võ Quán - Bối Cảnh Bản - Khất Cái",
  "12985208078437916897": "Hy vọng có thể nhờ sự giúp đỡ của du hiệp, dũng cảm đối mặt với sự bắt nạt và tự bảo vệ mình (Thành công sau đó có thể kết bạn với người này, nhận được quà tặng cố nhân hàng tuần.)",
  "12985247933599887281": "Không sợ không sợ...... Không sợ...... Có chị ở đây......",
  "12985248928279488613": "Hàn Khuẩn Ấu Chu",
  "1298526736354254920": "Bộ phận xây dựng, dùng để dựng một ngôi nhà.",
  "12985308543060048514": "Quan tài sắt Hoàng Hà",
  "12985402752480898608": "Thiên địa vạn vật Phong Hà thôn bướm",
  "12985408109601639571": "Hỏi về mối quan hệ giữa Thiên Thượng Lai và \"Hồng Tụ Chiêu\"",
  "12985419890232491384": "Đồ ngốc, mẹ ta chính là mẹ ngươi.",
  "12985424221240953483": "Thiên Nhai Xích Tố",
  "12985461860429558110": "Mộc Oanh",
  "12985528758650933843": "Trồng dưa quả ở bãi bồi sông Hoàng Hà.",
  "12985532502123958053": "Trước đây có hiệu lực",
  "12985558602754413879": "Đang lấy dữ liệu",
  "12985574463442577630": "Đối thoại"
}