{
  "12503128734783616933": "Tiến sĩ Sứ",
  "12503131042962543222": "Ngươi không trả được tiền khám bệnh",
  "12503183179981005440": "Lạc Thần Sĩ Nữ Quan",
  "12503226331349871872": "Thi Thiên Lai",
  "12503237676078850908": "Da Tát Mệnh",
  "12503287440443198934": "Không rõ...",
  "12503293701495167832": "Kiệt Nô",
  "12503301927320871331": "Trạng thái hiện tại không xác định được!",
  "12503320764172840356": "Vật phẩm tương tác nhặt được - Sáp ong trắng",
  "12503386910084224155": "Ngô Tiểu Oánh",
  "12503400362593516440": "Tốt, tốt! Bọn họ quả nhiên đã nghiên cứu rất nhiều về hoa sớm nở tối tàn!",
  "1250341618620170578": "Khối đá",
  "12503478254867720230": "Nguyên liệu sinh hoạt",
  "12503493148514410762": "Thọ Xương Phường - Trúc Mộc Vụ - Quan viên",
  "12503515972965790649": "Thử thách cao nhất đến",
  "12503529090754992406": "Trâu nước",
  "1250354190390672149": "P4-Trụ tiếp nhận 01 phải-xa",
  "1250360934386328254": "Hoàng đồng (mảnh vỡ)",
  "12503613593776795693": "Chu Vũ Lâm",
  "1250361450367673709": "Ngô Nhị Bách",
  "12503631037733248409": "Nè, người yêu cũ của ngươi đâu? Môn chủ Tạ các ngươi đặc biệt dặn dò. Bất kỳ đệ tử Cô Vân nào kết duyên nhiều lần đều cần #Yngười yêu cũ có mặt chứng kiến#E mới có thể kết duyên. Hừ, mau đi thương lượng với người yêu cũ của ngươi đi, đừng hòng qua mặt!",
  "12503655899006465496": "Vẹt",
  "12503674214873256858": "Cửu đoạn",
  "12503693892601499618": "Phá Vỡ Thử Thách · Tứ",
  "1250370735447377407": "Thưởng cấp bậc 2-1",
  "12503712964650122803": "Thư tín bị đốt cháy",
  "12503728249170171578": "unlock_go_id \\nMới thêm, dữ liệu đã điền",
  "12503729475606325073": "Vô Ưu Động - Chủ thể - Thời tiết, giới hạn năng lượng, thanh đạn, âm thanh chợ người",
  "12503739476031219480": "Cây lê",
  "12503747455516310836": "Thực ra, là một bài thơ tình.",
  "12503759918253019269": "Ngoại hình",
  "12503766413750033216": "Phương án này đã được sửa chữa hoặc tối ưu hóa, tạm thời không thể áp dụng.",
  "12503766542413561838": "Đang chờ %s like",
  "12503798794108051076": "$T(2011) Sao ngươi lại tùy tiện làm hại người!",
  "12503801371835836022": "Búp bê bìa cứng",
  "12503901574089818094": "Cướp ngựa gầy 2",
  "12503924878978918625": "Đánh bại 1 tinh anh Lai Sinh Ngạn được chỉ định 2",
  "12503978150923915383": "Mũi dài",
  "12503997581714143215": "Phần thưởng đặc biệt",
  "1250402559692918417": "Quần áo thường ngày.",
  "12504061204909761361": "Thái Thương Túc - Ti Trúc - Trịnh Văn Hoán",
  "12504100824068395384": "Thắng cờ tại sạp cờ ván bạc 50 nguyên",
  "12504107073070342312": "Dược Phường - Chủ tiệm",
  "12504120692792233350": "Trần Khải",
  "12504195249497687365": "Âu Gia Hạo",
  "12504198318466608143": "Rương báu",
  "12504198457613439727": "Về thuốc giải",
  "12504262995886446620": "Mở giao diện biểu cảm hành động",
  "12504277163102351469": "Nhiễu Lương Chi Âm*5",
  "12504326771889619975": "Trong Bách Nghiệp Chiến, giảm sát thương nhận vào. #YCấp 5#E, #YCấp 10#E sẽ mở khóa hiệu ứng tăng cường #YHợp lực tương trợ#E, tất cả thành viên tham gia Bách Nghiệp Chiến đều nhận được tăng cường.",
  "12504368806511159754": "Vương Trí Siêu",
  "12504370632442180416": "Xây cái này gần một tháng rồi, cuối cùng cũng xong...",
  "12504380467718784655": "Dân chúng",
  "12504392859234149741": "Đây là... Hoa lạ trong Sương Lâm! Là Nhị Du làm mất đồ, ngươi nhặt được sao? Ôi, thật sự cảm ơn ân nhân.",
  "1250445632586994846": "Sinh thái vật chủng",
  "12504505313219789852": "Tăng 20% sát thương từ kỹ năng tích lực gây ra.",
  "12504549496616992978": "Sử dụng vật này, có thể nhận được ngoại hình tương ứng.",
  "12504562732197699874": "Chủ tuyến",
  "12504567673812155719": "Huyền Điểu Bội · Kỳ nhị",
  "12504589552444805039": "Đế ngồi Thủy Long Thủ · Phần một",
  "12504711290297476027": "Rèn kiếm",
  "12504728484481107067": "Đang tải dữ liệu",
  "12504742678812971140": "Dương Trụ Vũ",
  "12504771758581799607": "Người khiêng kiệu - NPC dùng để tạo không khí khiêng kiệu",
  "12504780960848957755": "Khu vực cửa hàng Câu Lan 4 - Tấm nền tĩnh",
  "12504826207560163402": "Vương Trí Siêu",
  "1250483664037116907": "Chủ tuyến Thần Tiên Độ - Điểm điều tra (Thi thể trong hầm rượu)",
  "12504851687368681755": "Tìm ở Từ Tâm Trấn",
  "1250494304871667032": "Độ khó 1 - 5 Trường Minh Ngọc",
  "12504947435103371653": "Giải thích về giới hạn nạp tiền của trẻ vị thành niên",
  "12504974660600009422": "Học được Kỳ thuật - Đao Lang Chấn Quyền",
  "12505117722538325406": "Huyết Nộ",
  "12505245936448505914": "Trục Lang Tâm Kinh",
  "12505266588983744554": "Tình yêu và thời gian mấy ngày nay, rốt cuộc cũng là phó thác nhầm rồi.",
  "12505287316996702810": "Thập Lục Hạng",
  "12505290642142625844": "Vũ Y Lâu - Ngựa xám tạo không khí - Có yên",
  "12505318864257442179": "Điều kiện thăng cấp",
  "12505339611613264706": "Phật Đăng Trường Minh - Chiến đấu với Đặng Tam Thông",
  "12505408241181030594": "Ta ra câu trên ngươi đối câu dưới, một hai ba bốn năm, lên núi đánh hổ, thế nào, không đối được chứ?",
  "1250542327778933014": "Điểm phụ trợ - Biển lửa bên trái 3",
  "12505440214118831634": "Là ngươi à, có rảnh không chơi một ván? Mấy tên ngốc này ngoài ăn ra chỉ biết ngủ, bao nhiêu ngày rồi mà chẳng tiến bộ chút nào.",
  "12505449507652718183": "Bách Nghiệp và Sồ Yến hoàn thành liên cơ thám hiểm",
  "12505497480116065777": "Chi tiết đấu giá",
  "12505591561828175458": "Trong thời gian lá chắn Chân Khí do Vô Danh Kiếm Pháp phóng ra còn hiệu lực, Kỹ năng tích tụ Vô Dĩ Vi Gia có thể phóng thêm nhiều luồng kiếm khí, khi phóng nhiều luồng kiếm khí có thể tiêu hao thêm sức bền để tăng sát thương.",
  "12505593908397342151": "Chỉ số Thần Trí tăng 5%",
  "12505601987818608665": "Trong lối chơi đơn, khi Du Hiệp leo lên thang người, sẽ kích hoạt lối chơi duy trì thăng bằng.\nThông qua điều khiển trọng tâm bằng sức mạnh trái phải để duy trì trong khu vực hiệu lực, làm thanh tiến trình duy trì thăng bằng đầy lên, thì có thể duy trì thăng bằng, tăng độ ổn định.\nNếu trong thời gian quy định không làm thanh tiến trình đầy lên, thì sẽ duy trì thăng bằng thất bại. Nếu có bất kỳ Du Hiệp nào duy trì thăng bằng thất bại, thì Du Hiệp đó và những Du Hiệp ở trên y sẽ bị ngã xuống khỏi thang người.",
  "12505636507889201460": "Hoàn thành Chương 1 cốt truyện chính",
  "12505669297662094722": "Ốc xào tương",
  "12505700116536072932": "Thần Tiên Độ sau tai ương - Công nhân khuân bao cát trong làng - Trắng",
  "12505720403291352837": "Trại cướp cuồng",
  "12505747136242462644": "Đan lát",
  "12505747673259989485": "Phồn Hoa Điệp Ảnh",
  "12505771830507081269": "Tỷ tỷ, đông người... không thích hợp.",
  "12505832812133207960": "Phần thưởng thêm khi thu thập Mặc Sơn Đạo · Vật phẩm thu thập độc cấp 1 · Cấp độ thế giới 7",
  "12505840351503727800": "Hòm báu nhỏ",
  "12505887989104699161": "Rời đi",
  "12505894210596436340": "Chủ tiệm nhà đó là người ngoại tỉnh, trước khi đi ——",
  "1250591925245063433": "Tình trạng thân thể",
  "12505930742777458436": "Mã thành tựu 1401021",
  "1250595353898392697": "Sinh thái vật chủng",
  "12506047116025792065": "Hồng Câu Cổ Cừ - Kênh dẫn nước - Lính tuần tra 1",
  "12506050597846405349": "Từ Giai Kỳ",
  "12506218880870769889": "Kim Tuyết Tùng",
  "12506234186019592457": "Anh hiệp, lời này thật sự là như nói chuyện trước một người vợ cũ, độc thân, thật là mất mát!",
  "12506234738587279318": "Sinh thái vật chủng",
  "12506264853303340181": "Bách Nghiệp · Vân Mộng Kim Minh Trì",
  "12506265297642668495": "Nam tử kiên quyết không nhận thư nhà gửi đến",
  "1250629045684928317": "Đường Ý",
  "12506292361722796528": "<Tấn công Phá Trúc|780|#C|151> tăng, hiệu quả tăng theo cấp độ chế độ đơn người (Hiện tại: #Y{0:.1f}#E-#Y{1:.1f}#E điểm).",
  "12506317022391348646": "Cờ hiệu đổ bên đường, rách nát tả tơi, thoạt nhìn đã có vẻ cổ kính, nhưng vẫn có thể nhận ra dấu ấn của Thuyền Bang qua màu sắc và hoa văn cũ kỹ.\nXem ra chiếc thuyền này bị mắc cạn do trận lũ lụt hai năm trước, dù sao trong những năm gần đây chỉ có trận lũ lụt đó mới có thể cuốn trôi thuyền bè trên sông Hoàng Hà đến tận đây.",
  "12506332191961979031": "Màu bạc",
  "12506334641808538269": "Cống nước - Bánh xe nước",
  "12506346986375905814": "Lầu ba - Nga Hoàng ký thân",
  "12506531695597201533": "Hoa ở phía trước, không hiểu hòa hợp; mỹ nhân ở bên, không thấu hiểu ánh xuân.",
  "12506537738408773062": "Dưới Giác Môn Lý, còn có nơi đóng quân của Cửu Lưu Môn. Không ít người giang hồ và thương nhân đều thèm muốn Quỷ Thị Tử và Quan Tài Phường ở phía dưới.",
  "1250658154210111784": "Sinh thái vật chủng",
  "12506638371578909472": "Phiếu bài tập Quán Doanh Kính 1",
  "12506647617575614245": "Triệu Thừa Tông",
  "12506651071449687220": "Hoa trắng",
  "12506668999327178018": "Điều chỉnh Mèo Cao cấp",
  "12506742041820177705": "Hầm ngục Lò Luyện - Sách trên giá sách",
  "1250674558391482612": "Ngươi từ đâu tới? Đến đây có việc gì quan trọng không?",
  "12506773641890784867": "Tượng đá Trấn Thủy Quỷ Ông 3 Không tương tác",
  "12506776142418343288": "Do thay đổi tồn kho, vật phẩm mua lần này đã thay đổi",
  "12506793497551084011": "Trần Chu Bạn",
  "12506832013399863895": "Lục Văn Tín",
  "12506862578871771536": "Ném bình rượu nè~ Ném bình rượu nè~ Ai thắng được có rượu uống nè~",
  "12506867944524920521": "Rượu ngon",
  "12506874619476508256": "Chỉ là... lúc đó ngoài ruộng gà rừng đột nhiên kêu một tiếng, tiểu nhân giật mình, không để ý, làm rơi túi thơm mà nương tử tặng vào trong đó...",
  "12506957416371172515": "Phòng Chí Cường",
  "12506962082665714778": "Chặt gỗ",
  "12507019273674857092": "Môi trường ẩm ướt, lạnh lẽo gây ra",
  "12507076049791082679": "Công nhân thuyền đáy của Xích Long Đường",
  "12507085770059213356": "Ông chủ Tạ ở Thanh Hà tìm người kế thừa tuyệt kỹ ẩm thực độc môn của mình, vì vậy ông ấy dán thông báo và đặt ra các thử thách, và trong số những người thử thách, ông Tạ cuối cùng đã chọn ngươi.",
  "12507107939023258996": "Ừm, ngươi nói tiếng của nước nào vậy, ta không biết chính phủ có dịch vụ tiếp đãi người nước ngoài không.",
  "12507139359472329384": "Chu Vũ Lâm",
  "12507159892014263342": "Khu vực xung quanh phố Khai Phong - Nam bách tính - 147",
  "12507190457307094871": "Hàng hóa trang sức không đủ",
  "12507196142432292556": "Sát thương đoạn một chém mạnh",
  "12507210767386762006": "Đi vệ sinh",
  "1250723173146011393": "Kim Minh Trì - Bức tường không khí thế giới lớn",
  "12507287957471982457": "Chu Vũ Lâm",
  "12507318923112747088": "Yêu kê không thể đánh, đánh một cái ra hai. Ơ, sao cái này lại là Yến kê?",
  "12507337404464440100": "Thưởng Tích Lũy Rút Thăm 5",
  "12507368414922689550": "S3 - Thưởng Chiến Lệnh - Miễn Phí Cấp 30",
  "12507369538171561033": "Kiếm xông pha, đi vạn dặm.",
  "12507412495170354523": "Miến cá tươi",
  "12507432162862275456": "Hắc Sát Âm Dương Bắc Động nội",
  "12507471248319686056": "Bảo Rương",
  "12507527472093408217": "Hiệp Danh - Nga Nga Nga",
  "12507534309035382710": "Tổng doanh thu",
  "12507555078305874108": "Phạm vi hiển thị rương đồ khi chơi mạng",
  "1250758075788068887": "Sự kiện ảnh hưởng lớn đến thần trí",
  "12507581789484166339": "Đó là...?",
  "12507613844491543075": "Đạt An Thôn - Tương Tác Phân Mảnh 4",
  "1250765616313469059": "Quyền hạn xây dựng không đủ",
  "12507712585053438297": "Cành Cây Nhỏ",
  "1250771627450151462": "Thương nhân Triệu Minh Ân tố cáo, ngươi dưới ánh sáng ban ngày, đã chặt phá cây cối quý giá của tư nhân.",
  "12507732269046694967": "Đang lấy dữ liệu",
  "12507737435056416467": "Một nông phu ở thôn Phong Hòa, cần cù, chất phác.",
  "12507747619484019348": "（Lẩm bẩm）……Mặt bị nhão rồi……thì không ngon nữa đâu.",
  "12507786336455726085": "Xe ngựa",
  "1250778660433555723": "Dế Mèn",
  "12507808021168462361": "Phát",
  "12507824381147647023": "Hôm qua, công tử nhà họ Tiết Thành Nghĩa, Trần Đạt Thiều, Phương Nhai, Lý Phú Ngọc (thứ tự không phân biệt) ở Thọ Xương Phường bốn người đi Xuân Thủy Các tắm gội. Mấy người vừa nói vừa cười, không khí vui vẻ, nhưng đột nhiên đánh nhau. Người nằm vùng chảy máu mũi dò hỏi, hóa ra mấy người này đánh nhau vì một người phụ nữ, thân phận người phụ nữ này đang được điều tra.",
  "12507832568285114283": "Đang tải dữ liệu",
  "12507869401606139048": "{2}\nThân có chút bệnh, qua chẩn đoán của danh y {0}, bệnh ta mắc phải là {1}.",
  "12507906716538175921": "Mặc Sơn Đạo - Thiên Công Địa Quật 07 - Tường Leo Xoay Tròn",
  "12507920837694839039": "Đang tải dữ liệu...",
  "12507928503455319711": "Sao? Muốn học kỹ thuật bắt ốc này à?",
  "12507947929812760520": "Nếu chúng ta giúp Hà Bả Đầu làm thành việc này, giá lương thực của Mạch Hành năm sau chẳng phải do chúng ta quyết định sao?",
  "12507988612142230780": "Lê Viên - Thủ Tịch Mặc Định - Trưng Bày 7",
  "12507994656322897367": "Đom Đóm",
  "12508012834550804872": "Phàn Lâu - Võ Lâm Lục - Bầu Không Khí - Phú Hộ Nam (Ngẫu Nhiên)",
  "12508044845888123515": "Tinh Ẩn Dã Đạo Sĩ - Trương Đạo Sĩ 4",
  "12508048626840119488": "Sử dụng có thể nhận danh thiếp chủ đề Khai Phong",
  "12508058544443120321": "Khai Phong - Trường Hưng Tập",
  "12508067580208759407": "Nhiều cách chơi hơn xin vui lòng chờ đợi công trắc thức khai",
  "12508073406023108871": "Đang tải dữ liệu",
  "12508126041871677560": "Quyển Một · Chưa Biết",
  "12508179330464527930": "Thọ Xương Phường - Khu Thủy Lợi Bồn Bùn - Nông Dân",
  "12508224316367019853": "Tinh Thiết",
  "12508251445236603112": "Dân làng",
  "12508304826367577024": "Hỏi thêm về 'thuyền hoa của Hoa Tín Phong'",
  "12508372583508750959": "Chẳng phải các sư huynh cá cược xem trong điện Tam Thanh có Huyền Nguyên Giáo giấu mặt không sao?",
  "12508419375808037309": "Quyển một",
  "12508456566298888650": "Vì vậy, buổi tối khi đi ngang qua chuồng ngựa liền chú ý hơn một chút, kết quả là phát hiện ra thứ này trong thức ăn cho đậu.",
  "1250845663248660597": "Hí hí…… hí……",
  "12508479200024520134": "Ngọc Lâu Xuân",
  "12508479264260138767": "Mày thằng nhãi ranh, tao đã dạy mày những thứ này à?",
  "12508498020065319747": "Trần Hiểu Hàn",
  "12508515744504329532": "Thùng Thuốc Nổ Lớn (Có Thể Ôm Lên)",
  "12508552022053271843": "Phát Lệnh Cừu Sát",
  "12508566435269320195": "Tài nguyên tinh nguyên cần thiết để giải phóng kỳ thuật, có xác suất hồi phục thêm, nhưng không bao gồm các hành vi hồi phục khi tấn công, bị đánh và giải lực thành công.",
  "12508581079771854474": "Lợi ích cảnh giới",
  "12508595975183833843": "Thằng nhóc hoang đâu ra, kinh thư này là hòa thượng này tặng ông nội, liên quan gì đến ngươi? Dám tranh bảo vật với ông nội ngươi, kết cục cũng giống hắn!",
  "12508599380768895104": "Nương tử đừng vội, ta cho gọi xe ngựa của tiệm xe ngựa đến!",
  "12508628685739542066": "Trần Khải",
  "12508651413998411264": "Tiểu Kịch Trường Dùng Một Lần Ngoài Doanh Trại",
  "12508674245043334739": "Ối chà, không phải là thiếu hiệp sao? Thật trùng hợp lại gặp ở đây!",
  "12508681081721086585": "Vật lộn sumo",
  "12508697559542448800": "Trò chuyện",
  "12508705450763874169": "Nhấn vào {}",
  "12508737159219080387": "Nhiều người",
  "12508853861549954153": "Sử dụng sau khi học được công thức Độc Tiễn.",
  "12508857815338743009": "Phủ Đại Tống",
  "12508864967763077473": "Chặt cây sơn thù du",
  "12508887956416609440": "Cách Không Lấy Vật - Rắn",
  "12508949334963734477": "Phí",
  "12509028932687023125": "Bạn bè đã tham gia trò chuyện nhóm",
  "12509075221664054435": "Dương Trịch Trục",
  "12509152636588059382": "Đạp Sa Hành - Khởi Trình",
  "1250916588273673331": "Túy Hoa Âm - Bầu Không Khí Vân Hoa Lâu - Sở Sơn Tầm",
  "12509166493428052424": "【Đại Thần】Phát thưởng nạp tiền tích lũy",
  "12509181406422703898": "Quỷ Thủ - Boss - Tường Vô Hình",
  "12509194956669706831": "Cảnh Quan Thử Nghiệm Rừng Trúc - Client",
  "12509196194811697604": "Khu vực rời khỏi trận đấu boss Xà Lang Trung",
  "12509283382718967687": "Người bên kia chắc chắn rất buồn, Nhiếp Nhi thấy được.",
  "12509294439355569401": "Xem thử thách",
  "12509313597473274267": "Trăng sáng trên biển, người nơi chân trời cùng ngắm.",
  "12509339733775434322": "Sinh Thái Vật Chủng",
  "12509341416538666986": "Trộm Học - Cuồng Lan - Đệ Tử 1 - Thử Nghiệm Tuần Tra",
  "12509362135860333117": "Xoay ngược chiều kim đồng hồ",
  "12509385366117576301": "Phục Lộc Bảo",
  "12509392717096416756": "Chướng Ngại Vật Cố Định - Quặng Sắt",
  "12509459415275212164": "{3}\nTa vào lúc {0} bị bệnh {1}, sau đó được danh y {2} điều trị, cuối cùng đã lành bệnh.",
  "1250946214654474121": "Ngươi... Đáng ghét! Muốn thuê ngựa thuê lừa thì nói mau, đừng làm ta lỡ đếm tiền bạc!",
  "12509464588434379922": "Lăng Giai Hân",
  "12509486905883122548": "Thúy Ngọc Khoáng (Mảnh Vỡ)",
  "12509552460947298464": "Người bảo vệ của Xuân Thu Biệt Quán, hắn vẫn luôn canh giữ bên dưới Ẩn Long Uyên, chờ đợi người nhà của mình trở về.",
  "12509567026381588552": "Tiết mục pháo hoa",
  "12509581778588900267": "Kỳ phổ",
  "12509601077895421047": "【Mèo_Linh Hoa_Mèo Cọ Cọ】 - Bách Công Phường 1",
  "12509601456211577089": "Yên tâm đi, tối nay tuyệt đối không xảy ra sai sót!",
  "12509630372261943583": "Dung Uyển",
  "1250970913349195063": "Phông Nền Tuần Tra Đại Lộ Nam Môn 3-2",
  "1250971071812353572": "Xung Kích Giữa Không Trung - Nửa Lan Can Sắt B",
  "12509739664542621503": "Thành công",
  "12509768890224878510": "Nhất Diệp Bình Sinh - Khu Dân Cư Tây Phường - Khách Hàng Giơ Tay Mỹ Gia 1",
  "12509785853454179614": "Trong trận này, đòn công kích khẩu thuật của đối phương giảm 3.6%, tối đa chồng 6 tầng.",
  "12509814676237769559": "Thứ gì bay qua bay lại thế? Không phải, khí huyết vận hành... chuyện gì thế này...",
  "12509862654529034576": "Xin cáo từ",
  "12509923194942829449": "Bộ da lông do Cao Lập Quốc mang đến này, quả thực là thượng hạng...",
  "12509934073591411675": "Gây ra 50% sát thương, trong trận này, tầng phòng ngự lời cay độc của bản thân tăng 20%, tối đa chồng 6 tầng.",
  "12509983589105590971": "Nơi Này Dẫn Đến Địa Hạ Quỷ Thị, Nay Đã Được Bổ Sung",
  "12510015499886969922": "Đồ tặc tốt, dám ra tay luôn à?",
  "1251001698341373783": "<Tấn công ngoại công tối đa|780|#C|15> tăng, hiệu ứng tăng theo cấp độ chế độ đơn người (Hiện tại: #Y{0:.1f}#E điểm).",
  "12510069949077956942": "Ẩn Vụ Lâm",
  "12510074484482412625": "Bảng Mẫu",
  "12510103475362782663": "Thành phần xây dựng, dùng để dựng nhà.",
  "12510196451438288948": "Bệnh xạ công",
  "12510200660801648290": "Trần Gia Tranh",
  "12510210352074538151": "Đang tải dữ liệu",
  "12510240606062362845": "Dương Trụ Vũ",
  "12510244104975234943": "Tự tại vô ngại",
  "12510247935555778742": "Gây sát thương nội tà #G48%#E, sao chép #G1#E tấm phương thuốc y học trong bộ bài.",
  "12510269250748361077": "A Nguyệt, Tiểu Cửu đi đâu rồi?",
  "12510314066785664776": "Phòng Chí Cường",
  "12510315689211907796": "Xem phần thưởng",
  "12510330115993057514": "Bát Phương Phong Lôi Thương",
  "12510366390597473982": "Hà Kỷ Hi",
  "12510390072687112587": "Nhất Diệp Bình Sinh 2 - Thiên Kinh Ngạn Đông Độ - Khách Hàng Buôn Tóc",
  "12510422454660268475": "Vô Danh Tướng Quân - Người Đánh Trống",
  "12510457469658945963": "Ca hát ai đáp, tiếng suối núi vang lên.",
  "1251057513121353392": "Điều chỉnh đến #Y Giờ Mão#E, Quỷ Thị đóng cửa",
  "12510587934520823949": "$T(2001) chắc chắn không làm việc tốt!",
  "12510642651895417501": "Sát thương đoạn thứ hai",
  "12510679154476700462": "Thất bại mùa giải (Phần thưởng sẽ được gửi qua thư)",
  "12510691866231042063": "Sử dụng trang bị đề xuất của phái Tiên Tơ Ngọc vượt ải",
  "12510721041067862549": "Màu mục tiêu",
  "12510730014888949664": "#ffc89c1080%#E hồi báo, mở khóa toàn bộ ngoại hình chiến lệnh",
  "12510737877174734915": "Đoạn hai",
  "1251080737054370347": "Bạch Mục Túc",
  "12510810233883956601": "Kẻ quét sân",
  "12510828970155375100": "Bộ điều khiển",
  "12510859719585916949": "Tử Long Tinh (Mảnh Vỡ)",
  "12510867721526476820": "Cảm ứng Kỳ Thuật",
  "12511003361502047591": "Chặn xe buôn",
  "12511076661093681483": "Binh Sĩ Bổ Sung",
  "12511110378659414025": "Xem",
  "12511118801325604024": "Lúc này, ta thấy trên sườn đồi có một chiếc rương báu vàng óng!",
  "12511151146652466988": "Thùng Thuốc Nổ - Phiên Bản Phá Vỡ Vật Lý",
  "12511189055841020190": "Bà cô nhà ngươi không dễ chọc đâu!",
  "12511321765263255065": "Vô Danh Khách Nhân 5",
  "12511354629235366204": "Phàn Lâu Thị Tòng Quét Dọn 1",
  "12511412593838154590": "Từ Tâm Trấn - Điểm Làm Mới Chiến Lợi Phẩm",
  "12511418959619731261": "Mưa tên ập đến, ngươi và Y Đao bị hất văng xuống đất (với tư thế mà hoạt ảnh chưa hoàn thành).",
  "12511460616129936947": "Đang tải",
  "12511487571985284384": "Ngươi dự định xử lý sự hỗn loạn gây ra lần này như thế nào?",
  "12511493639893622378": "Tiếp tục",
  "12511513519295334060": "Người canh giữ Xuân Thu Biệt Quán, hắn vẫn luôn canh giữ dưới ẩn Long Uyên, chờ đợi gia đình mình trở về.",
  "12511549233911300114": "Xin hãy lấy được hoa thuyền trước",
  "12511588611777997836": "Đối thoại",
  "12511613732532504162": "Nhất Diệp Bình Sinh 2 - Thiên Kinh Ngạn Đông Độ - Phông Nền",
  "12511619076829572033": "Giới hạn sinh lực",
  "1251165965807568220": "Âu Gia Hạo",
  "12511680108017089780": "Mông Danh Hằng",
  "12511689500646297535": "【Giới Bi - Truyền Tống】",
  "1251175227823254023": "Trong đó, Siêu Giải Thái Đao, Chiết Điệp Thái Đao và Đại Thái Đao đứng đầu.",
  "12511762403522864381": "Thêm vào"
}