{
  "12621179021047950889": "Đột phá cấp độ Chế Độ Đơn Nhân đến cấp mười một · Xuất Thế",
  "12621208887819071822": "Thế gian có bao nhiêu chuyện phi lý",
  "12621260715873838379": "Bảo Rương",
  "12621267932885714878": "Phục Mã Trang",
  "12621324107543308562": "Tiểu Đồng Bất Tiên Tiên 3",
  "12621344243633680277": "Lâm Văn Kiệt",
  "12621355932942133289": "Một ngày sau, thăm lại Kim Ô Chủy Tuyết",
  "12621370047405212268": "Đọc",
  "12621407730348723752": "Phá Trúc · Thủ lĩnh Trần suy nhược",
  "12621560114704081099": "Điều tra vại rỗng",
  "12621611139582231296": "Văn Sĩ Thư",
  "12621630151518101006": "Là một tờ báo nhỏ nổi tiếng của chúng ta, bao gồm từ chuyện triều đình đến chuyện vặt vãnh đầu phố, không sót bất cứ điều gì.",
  "12621632298645487797": "Hôi Bạch",
  "12621653258042983003": "Bách Nghiệp Chiến Nga Đản",
  "12621680517729162871": "Nơi Cho Thuê 4 - Nữ Phụ Việc (Trung Niên) Quét Dọn (Có Lẽ Là Cho Lừa Ăn) - Bạch",
  "12621754415150060891": "Lương Tử Hàn",
  "1262180341668546901": "Cứu trợ đông người Vô Tướng Hoàng Oanh Uyên",
  "12621831982345796258": "Khách đến dự Yến hội Khai Đàn, xem ra rất thích đồ uống trong ly.",
  "12621908367018790040": "Vô Tướng Hoàng gây ra một đòn đánh xung quanh bản thân, sau đó lại vung lưỡi đao khổng lồ tấn công kẻ địch. \n\nCách đối phó: Sau khi lùi xa, không nên vội vàng tiến lại gần.",
  "12621961605797307929": "Nước sông Hồng –",
  "12621961693735774763": "Vật Phẩm Tương Tác Chung - Thí Nghiệm Ưu Tiên",
  "1262196189983237252": "Thái Nhạc Đài Hạ Hãm Thạch Bản Cơ Quan",
  "126220360747189118": "Sau khi thu dọn đồ đạc, đi đến miếu hoang nơi gặp Vũ Mã Nhân. Y Đao đang đợi ngươi ở đó, cùng nhau đến Khai Phong.",
  "12622071385046410978": "Văn Thạch",
  "12622081372057993742": "Sinh Kim Ẩu, nghe tên đã rõ, thò tay vào trong, liền có thể sinh vàng.",
  "12622090594955894085": "Chỉ Dệt",
  "12622091266808026836": "Cảnh Uẩn",
  "12622150516652459073": "Giang Hồng",
  "12622169458017695089": "Cơ Quan Ốc - P3 - Trường Lang Đào Bỏ Môn",
  "12622307324558386796": "Sao lại khóc nữa... Ta đi hỏi Tiểu Ngũ và Thanh tỷ xem sao.",
  "12622307641343021667": "Có thể đi đến 「Hòa Minh - Lĩnh Âm」 xem chi tiết",
  "1262230768803672168": "Bất Tiên Tiên - Điểm Làm Mới Chiến Lợi Phẩm Mới Thêm 247",
  "12622351038769454994": "Sinh Thái Vật Chủng",
  "12622361461818477869": "Trương Chấn",
  "12622499002978561965": "Hiệp vì tiếng nói",
  "12622514719070040254": "Đối thoại",
  "1262252111416740604": "Xuân Thu Biệt Quán Trấn Thủ Điểm hồi sinh 10-BOSS",
  "12622526171109505290": "Sau khi tu luyện xong Ma Ha Tam Muội, lòng yên tĩnh, tạp niệm tan hết, ngay cả nhiệm vụ Long Chủ giao cũng quên mất, thật kỳ diệu!",
  "12622535240677091064": "Sương Hàn Thiên Tuyền",
  "12622575947705805946": "Trúc Lâm Cựu Cư - Điểm Làm Mới Chiến Lợi Phẩm 469",
  "12622602109984950612": "Không phải không phải.",
  "12622623903625738020": "Mở mic nói chuyện!",
  "12622642123478181301": "Lâm Thanh Dương",
  "12622652522831444491": "Đổ Thánh Bí Tàng - Cách Không Thủ Vật - Ngoại Quan Đầu Phóng Bảo Rương",
  "12622682101898963107": "Ngươi luôn muốn tự mình giải quyết chuyện này, nhưng làm sao ngươi đảm bảo sự công bằng? Ngươi không thể, ta không thể, trời không thể, đất không thể, chỉ có quan lớn Thanh Thiên mới có thể!",
  "12622694369631222902": "Mạch Hắc Bổn, A Tháp, ngươi hiểu ý ta không?",
  "1262270135113669574": "Kim Hỏa",
  "12622723059263096412": "Sử dụng vật này, có thể nhận được ngoại hình tương ứng.",
  "12622747299925561871": "Kho Thiên Phật",
  "12622758103465163556": "Mô Hình Ngẫu Nhiên - Bối Cảnh Cố Định 3 Nữ Thường Dân",
  "1262278922140743488": "Úc Hương",
  "12622815685306656145": "Sinh Thái Vật Chủng",
  "12622888858061267146": "Trần Khải",
  "12622890773622778079": "Lăng Giai Hân",
  "12622903899073797633": "Tại sao ngươi lại kết duyên?",
  "12622905221164066830": "【Sự Kiện Đa Nhân - Huyền Hồ Tế Thế】Loại 2 - Lưu Ly Thảo",
  "12622946357984634803": "Tìm tiên, tìm tiên, tìm tiên gì?",
  "12622955058713016788": "Thế gian nhiều điều hoang đường",
  "12622962935258351395": "Đi, đi đâu?",
  "12623037628615818128": "Không hiểu, không hiểu! Nhưng nếu mang về, nhất định sẽ bán được giá cao...",
  "12623048075975153901": "Loại bệnh tật:",
  "12623049363771923727": "Thiết Liên Hạp Thí Nghiệm (Mặc Sơn Đạo) - Bản 3 Đoạn Thiết Liên - (Chiều Dài 6m)",
  "12623060227990730000": "【Chính Thức】Mộc Chế Tứ Phẩm Bảo Rương - Khai Phong",
  "12623060256850882629": "Điều kiện mở khóa chức năng thuê mướn",
  "12623076496908737407": "Vàng",
  "12623098566235164108": "Điểm cứu tai đạt 200",
  "12623148095178973645": "Phúc Bồn Tử",
  "12623155059602859396": "Từ biệt",
  "12623176270857024006": "Thừa Ân Trấn - Sinh Thái Vật Chủng",
  "12623222382110648931": "Tiểu Phúc",
  "12623250523214787310": "Chu Vũ Lâm",
  "12623251105829292950": "Dân làng đang làm việc ngoài đồng",
  "12623255284513340201": "Còn gọi là Đan Phẩm, Thiên Hỏa, Hỏa Đan, Lưu Hỏa, là một loại viêm da cấp tính truyền nhiễm. Đa phần do huyết phân có nhiệt, hỏa độc xâm kích, hoặc da niêm mạc bị thương tổn, tà độc thừa cơ xâm nhập, hỏa nhiệt tà độc uất ở cơ bắp, kinh lạc bị tắc nghẽn, khí huyết ứ trệ mà thành.",
  "12623256174160995497": "Cổ Tư - Đại Viện - Quan Binh 5",
  "12623278533859334671": "Các kỳ nhân giang hồ hội tụ, bái phỏng học được nhiều kỹ năng.",
  "12623283131074084682": "Chu Vũ Lâm",
  "12623322753251131547": "Phụ nữ nói nhiều",
  "12623347728380453491": "Đan Li",
  "12623388301003851693": "Chu Vũ Lâm",
  "12623398016100525900": "Lục Thải Sơn Kê",
  "12623467676945735762": "Xoay người phong thái, nhẹ nhàng tựa chim quý.",
  "12623490159544534800": "Cứ Điểm Thanh Trừ - Bảo Kiếm Cơ Quan - Môn Khẩu Khai Khải Du Hí",
  "12623495970687672390": "Nhất Diệp Bình Sinh - Dạ Quy Nhân Võ Quán - Khách Bên Ngoài Cửa Hàng 5",
  "1262351654511871963": "Số lần làm mới @T[time_5]. Số lần thử thách tối đa quyết định số lần có thể nhận phần thưởng của các Thủ lĩnh.",
  "1262354981634553181": "Than Phiến Khiếu Mại Tổ",
  "12623578791788557330": "Mèo",
  "12623592771025309016": "Thiếu hiệp, ta tin rằng có chí thì nên thành. Ta từng khổ học nhiều năm, mới vào được Văn Tân Quán, nếu Mặc Sơn Đạo không nhận ta, ta sẽ lại khổ học thêm mấy năm, mười mấy năm, hai mươi mấy năm nữa... chỉ cần có ngày sẽ toại nguyện.",
  "12623659051025792708": "Kiến Long năm thứ ba, Thái Tổ đêm viếng Triệu Phổ, đứng trong tuyết lạnh, thịt nướng than hồng, từ đó định ra sách lược \"trước Nam sau Bắc, trước dễ sau khó\".",
  "12623702634742673519": "Bách Công Phường - Điền Sung Thuần Bối Cảnh - Vô Thực Tế Công Năng",
  "12623736177571900458": "Thành phần kiến trúc",
  "12623765530904125626": "Đối tượng bị di chuyển không có trong nhóm",
  "12623780181403011886": "Được rồi, vậy không làm phiền Thiếu Hiệp nữa.",
  "12623784381396088525": "Phàn Lâu - Võ Lâm Lục - Điểm Vị Số 1",
  "1262386435524355470": "Chu Vũ Lâm",
  "12623867553537941243": "Chuyển sang chế độ Giang Hồ để xem",
  "12623886012853780522": "Hà Kỷ Hi",
  "12623901843967044525": "Cực phẩm - Bộ Hoán Hoa cấp 61",
  "12623911403558546081": "Kiểm tra 22",
  "12623934745055577250": "Phòng Chí Cường",
  "12623950749971148060": "Lại là ngươi, ngày đầu tiên ngươi hỏi ta, có phải đến từ Phàn Lâu không, ngươi đã làm gì ở Phàn Lâu vậy?",
  "12623952431112836898": "Kỳ trước",
  "12623993072117646905": "Không có công trình Ba Công",
  "12623997072570842152": "Thập trọng cảnh",
  "12624029184133479309": "Xin cáo từ",
  "12624052761905378338": "Đối thoại",
  "1262405686861638066": "Huyền Vũ phòng chính",
  "12624091814133949783": "Tưởng Hồng Hâm",
  "1262410877162869208": "Đối thoại",
  "12624120408653679312": "Gây ra #G220%#E sát thương trị liệu bằng khí, rút ra #G1#E thang thuốc",
  "1262417344000151907": "Thi Thiên Lai",
  "12624180019382354335": "Đại nhân...",
  "12624184731860523637": "Tán tỉnh",
  "12624214643568768912": "Thực hiện khinh công nhảy lên.",
  "12624218393185368965": "Nội công tương thích: Tử Hà Thần Công",
  "12624238142047512490": "Thông tin thêm đang chờ mở trong tương lai",
  "12624257981129750517": "Chí Thú Tập · Khí Lượng Thiên",
  "12624282813639907082": "Sắp tham gia tỉ thí Đao Trùng Chi Tranh, có đi không?",
  "12624385619971739831": "Cứ Điểm - Đệ Tử Phật Gia Trại (Trường Côn)",
  "12624395226251975502": "Thi Thiên Lai",
  "1262440585730086346": "Ăn xin ở Giác Môn Lý, không rõ tên tuổi.",
  "12624424084706663678": "Phá dỡ công trình sẽ xóa sạch tất cả vật phẩm đã đặt trên nền đất và thu hồi nền đất, cờ hiệu sẽ không được hoàn lại",
  "12624436305207457896": "Trần Hiểu Hàn",
  "12624440269995621155": "Hoàn thành tạp dịch mạnh nhất trong chuyện bất bình",
  "12624470957253613530": "Vậy chúng ta bắt đầu cửa thứ hai!",
  "12624478208520991113": "Khí Vận Sau Khi Chương Một Kết Thúc - Tương Tác Phá Bố Không Thực Thể",
  "12624489583623359190": "Ôi, đây... không phải là Mao Đại sao! Mấy giờ rồi... sao ngươi lại đến?",
  "12624490798962557696": "Lưu Trí Kỳ",
  "12624517126957567396": "Đậu cô ve",
  "1262452415020702655": "Chuột kỳ lạ - Địa điểm tạo tượng 1",
  "12624586048012982033": "Thu hồi",
  "12624597412385084569": "Lâm Ức Ân",
  "12624610630868079490": "Cừu Kim Hàn",
  "12624612181953660105": "Khúc Lĩnh Thu",
  "1262461417396425841": "【Thành Tựu Số 701016】Phần Thưởng Thành Tựu",
  "12624629707766497023": "Điền Dã",
  "12624665023698563621": "Cửu Lưu Môn - Dự Thiết Thủ Tịch - Trình Diễn 9",
  "12624677810387170990": "Ồ? Trà của tiên sinh, chẳng lẽ còn có thể thay đổi theo cảnh vật sao?",
  "12624683820385088959": "Đứa trẻ bò lên thang máy, giúp ta khống chế nỏ tên tấn công sư phụ Qúi Kỳ (AI + hành động)",
  "12624689772274150984": "Sinh Thái Vật Chủng",
  "12624729045015878741": "Niễn Mặc Nhiễm 2",
  "12624741343063151114": "Môn thể thao thi đấu cổ đại, hai người dùng sức ràng buộc lẫn nhau, thi thố sức mạnh và kỹ thuật, mang tính chất võ thuật. Thời Xuân Thu gọi là “Giác Địch”, sau Nam Bắc Triều đổi gọi là “Tương Phác”, thời Tống thịnh hành một thời gian.",
  "12624766029623317574": "Ta nghe thấy tiếng trống Kiết, và tiếng bước chân múa điệu.",
  "12624796374166750041": "Kỹ năng Dịch Vũ",
  "12624833430454539375": "Hả... Chim mang đồ đến cho ngươi? Vậy tại sao ngươi lại đánh nó?",
  "12624842668751923627": "Dương Tiểu Lang",
  "12624846848752206697": "Nhậm Khoan",
  "12624897168249997910": "Vung đao Mạc Đao thực hiện tối đa ba lần trọng kích, gây sát thương nhỏ.",
  "12624922234987335650": "Thiết Bích Cốc - Cơ Quan Môn (thực thể tĩnh)",
  "12624926500254863046": "Nhân kiệt",
  "12624962556458464193": "Trần Thần",
  "12624982454415370726": "Văn Tân Quán",
  "12624987180493193464": "Đa tạ thiếu hiệp!",
  "12625010555080437829": "Trong Giác Môn - Giang hồ nhân ngoại lai 10",
  "12625070917277379751": "Chu Vũ Lâm",
  "1262507956338932330": "Thất đoạn",
  "12625116006224972164": "Mẹ, cha có về nhà nữa không?",
  "12625119518324150997": "Lưu Vật · Phần hai",
  "12625124764550003829": "Dùng để giải đố phá vỡ - Đống vò",
  "1262513206080887853": "Binh lính triều đình nhà Tống",
  "12625144683617872990": "Quay về giao diện đăng nhập",
  "12625157949741509463": "A Đan",
  "12625217299464072288": "Điền Dã",
  "12625230781134822658": "Lăng Giai Hân",
  "12625261546220729530": "Ha, không nhìn ra, ông chủ Lầu Kỷ Vũ này lại có bản lĩnh lớn đến vậy.",
  "12625275759099679426": "Cấp độ Thế giới - Phật Gia Trại - Hòa thượng rượu thịt (Nguyệt Nha Xẻng) Tổ đội thường",
  "12625283125938952952": "Sau đó ta nghĩ, làm sao để an ủi đám người này, khiến họ từ buồn chuyển sang vui, thế là ta đã—",
  "12625301247556550751": "Thiện chủ hiếu tín…… Nửa đêm rồi, có chuyện gì sao?",
  "12625318065859459841": "Hà Kỷ Hy",
  "12625319368031789648": "Chữ ngắn, trả lời qua loa.",
  "12625366983114227934": "Cửa hàng",
  "12625368740419118306": "Vũ Y Lập Bình · Lớn",
  "12625381253283524776": "Tế văn của Quảng Hồ Tử",
  "1262541524504646381": "Thập lục ngõ Yến Đại kính trạng",
  "12625426206329703416": "Ngươi không sao chứ, những mũi tên này lợi hại vô cùng, không ngờ ngươi một mình đã giải quyết hết.",
  "1262543292094558156": "Cổ cầm \"Ức Cố Nhân\"",
  "12625486172641681560": "Không làm ướt quần áo không phải là tráng sĩ!",
  "12625494813577066691": "May mà ta chạy nhanh, chỉ tiếc là ngọc bội của ta rốt cuộc đã mất ở đâu...",
  "12625514183526438665": "Đang tải...",
  "126255153587592432": "Giang Nam - Khai Phong Thành",
  "12625539556679081873": "Chờ quyết định",
  "12625542472884671736": "Đơn người",
  "12625558738234317539": "Lý Trạch Hạo",
  "12625566659320333768": "{3}\nTa ở {0} thân mang {1}, sau được danh y {2} trị liệu, cuối cùng khỏi bệnh.",
  "12625593284680700084": "Hoa Trung Thừa",
  "12625611702386319923": "Được rồi, nói năng lung tung, ngươi nhất định không phải đến tìm ta, tiên sinh không có ở đây lại bắt...",
  "12625616561011731945": "Cành cây nhỏ",
  "12625633857932932529": "Hồ Kiện Lực",
  "12625636030611028911": "Trang bị",
  "1262564801643246503": "Lục Trọng Cảnh",
  "12625652017057233209": "Đang lấy dữ liệu",
  "12625666489417870697": "Hồng Tuyến dùng túi gấm làm từ lông ngỗng, vốn đựng tiền mừng tuổi, kết quả đều vào túi của Quảng Hồ Tử.",
  "12625684709689051261": "Dế mèn",
  "1262571296122541397": "Tiểu kịch trường - Bắn cung - Cô Vân đệ tử",
  "12625718317028661146": "Sinh thái vật chủng",
  "12625736047320636526": "Xem Tiểu Phúc Cẩm Nang",
  "12625754723383164932": "Ta #e9a358 cha mẹ mất sớm#E, không vợ không con, nhưng ta không hề nản lòng.",
  "12625768106360097252": "Vào trong nhà xem đơn thuốc",
  "1262577324947138936": "Trương Chấn",
  "12625785315970724006": "Đối thoại",
  "12625812576329151473": "Bức họa đã cũ theo năm tháng, vì thường xuyên phơi ngoài trời nên đã phai màu và biến dạng.",
  "12625833335720520250": "Tiến độ kiểm tra {0}/{1}",
  "1262596615386697306": "Thược dược",
  "12625979633052518102": "Khu hành chính - Tương tác quạt xếp",
  "12625986340653242741": "Gió hôm nay thổi mạnh quá đỗi……",
  "12626016492413853386": "Hang động giải đố",
  "12626087019087252642": "Tướng quân",
  "12626191846981259525": "Phòng Chí Cường",
  "12626339620819290652": "Phần thưởng điểm Vật phẩm Bác vật theo loại",
  "12626388515265528600": "Nếu ngươi đã tháo vác rồi, cứ tự nhiên đi.",
  "12626431569952157927": "Chướng ngại vật nổ - Pháo hoa 44",
  "12626466871320111454": "Câu Lâu Oa Tứ",
  "12626475213320384807": "Khai Phong Thọ Xương Phường Trì Ngư Lâm Mộc Vạn Sự Tri npc Ngô Hưng Bình",
  "12626509519793515788": "Trai tài gái sắc, không có đúng sai, chỉ có chân tâm. Chân tâm đi đến đâu, liền không gì không thể làm, không gì không thể đi.",
  "12626587965569667811": "Thiên Công",
  "12626637920791407856": "Người người đều muốn vào giang hồ",
  "12626644954416543535": "Ngươi…… Được thôi, đưa cho ngươi.",
  "12626657243074417535": "Cầm huynh xem, những cánh hoa rụng này đã bay ra ngoài tường rồi.",
  "12626671319808938683": "Động tác này, chỉ có thể bội phục! [#Tặng hoa]",
  "12626682769383450789": "Đại hiệp, đại hiệp, cứu mạng với!",
  "12626716080076821990": "Đã đạt đến đỉnh cao phiên bản",
  "12626727602462368425": "Đã vượt quá thời gian chuộc lại, không thể chuộc lại",
  "12626743681990812615": "Sinh thái vật chủng",
  "12626749911626377132": "Xuân Thu Biệt Quán - Điểm làm mới chiến lợi phẩm 17",
  "12626772546612248447": "Ai ngờ nửa đêm đường tắt đứt",
  "12626810426791959871": "Ngựa hí lướt rừng",
  "1262685350516791464": "Bên trong ở vài con liêu cẩu",
  "1262689460008520864": "Thiết Bích Cốc (Hộp trắng) - Cửa sắt (Không tương tác)",
  "12626915943883066281": "Ví tiền chịu khổ, người ít người mệt, quá tốt!",
  "12626933534051423605": "Phòng Chí Cường",
  "12626943220195731295": "Cấp 3 - Điểm thu thập hiệu ứng mặt nước",
  "12626960726302487267": "Thư tín",
  "12626963623468949416": "Liên phong đi đến trời không đầy một trượng",
  "12626964625790579264": "Ngươi yên tâm, để ta đi xem sao.",
  "12627063251258538259": "Truy binh 5",
  "1262708199792547664": "Ừm, ngươi xem ta... Trang phục hôm nay thế nào?",
  "12627097834904482680": "Cần cù chăm chỉ",
  "12627110507915521432": "Viên Quốc Chấn",
  "12627116801254793307": "Rời đi",
  "12627146820089671367": "Binh lính",
  "12627150399118577008": "Hiệu ứng Tức Chấn Ẩn",
  "1262727260832402534": "Mạch Hương Tập - Giang Long Phương",
  "12627298183751203887": "Vạn Cổ Nhất Nhân Điện - Entity trống hiệu ứng trở về",
  "12627324151232218983": "Tổng cộng phản đòn gây ra $D.",
  "12627343850972224712": "Câu Lan Bổ Sung 2 - Người đi đường - Song nam (Nam 2) - Tay xách gói đồ, dạo chơi",
  "12627346810701897469": "Long Ngũ",
  "12627347966127646842": "Thôn Ăn Thịt Người - Đĩa điểm tâm",
  "12627385260252680949": "Thiếu hiệp có nhãn lực tốt lắm, ta giờ rất vui vẻ.",
  "12627416012491519888": "Vậy là đúng rồi. Vậy xin mời thiếu hiệp đặt túi này trước nấm mồ phía sau ta đi.",
  "12627429883557295636": "Vô Gian Chi Địa",
  "12627466310484822945": "Tán tài giải khó khăn",
  "12627512060380212164": "Giang hồ hiểm ác, dịch bệnh lan tràn, chư hiệp du y cứu giúp thiên hạ. Dân chúng Trấn Từ Tâm nhiễm phải bệnh lạ, lâu ngày không khỏi, gần đây bệnh tình có vẻ càng ngày càng nghiêm trọng... Xin các phương y hiệp, cùng vào Trấn Từ Tâm hội chẩn, chung sức tìm ra căn bệnh, cứu người giúp đời.",
  "12627513886054213057": "Tên đó à? Ai nhốt ngươi ở đây?",
  "1262751940851011963": "Công nghệ",
  "12627532595518449681": "Nhìn bộ dạng ngây ngốc của ngươi, quả là không hiểu gì về thơ từ ca phú, về nhà tiếp tục thuộc lòng Tam Tự Kinh đi!",
  "12627588488320511652": "Đang tải dữ liệu",
  "12627645300806247314": "Phần thưởng cấp bậc 3-2",
  "12627659256901958313": "Thờ ba bức tượng, kích hoạt mặt nước rút xuống",
  "12627681069690789979": "Đối thoại",
  "12627691190165440469": "Thùng thuốc nổ lớn (Có thể ôm) - Từ Tâm Sơn Viện",
  "1262785245677288854": "Khám phá tạo nghệ",
  "1262787650911339413": "Sương mù",
  "12627879169787588860": "Tuyến chính Biện Lương - Tương tác khách phòng",
  "12627887196585177245": "Thi Thiên Lai",
  "12627892734911626214": "Ai nha, đứa trẻ này, đừng hỏi nhiều.",
  "12627895126498790588": "Phần thưởng điểm Vật phẩm Bác vật theo loại",
  "12627936922388740948": "Cậu từ đâu đến? Vũ khí đã khai báo chưa?",
  "12627956156576532999": "Nếu có cơ duyên gặp được, bần đạo nhất định phải thỉnh giáo một phen.",
  "12627971881071105538": "Trộm học - Canh gác",
  "12627985937450035540": "Phía sau bên phải",
  "12627992866134169346": "Bí tàng Đổ Thánh - Thanh Giao Đường",
  "12628011179492669856": "Treo đèn vàng",
  "12628020136746233235": "Ngươi còn biết là không dễ dàng. Năm nay ở Lâm Tân Độ tình hình làm ăn kém như vậy, ta cho ngươi thêm một tiền bạc, thì ta phải chịu đói một ngày ở Tây Bắc!",
  "1262802869188691108": "Thăng Bình Kiều - Trên cầu - 7 đứa trẻ",
  "12628092412869990516": "Hắn ta thường không đến à?",
  "12628110235024160033": "Tương tác 1 sau trận chiến BOSS Bạch Lang Chủ",
  "12628132844320048082": "Đạo Chủ - Giai đoạn hai - Búa",
  "12628155493944920154": "Quỷ Thị Tử - Âm binh mượn đường - Sương mù",
  "12628214880421852908": "Cửu Điệp Vân Tiêu, bay ra sóng trắng. Khách quý mặc trang phục này, có thể như rồng xanh bay lên mây xuống biển, bay lượn và nổi lên, lặn xuống.",
  "12628248794407260286": "Cành cây nhỏ",
  "12628253353747550686": "Hà Kỷ Hy",
  "12628262153167528956": "Con Đường Tìm Hiệp",
  "126282851774654659": "Hừ hừ, còn có người giúp sao? Đi xuống làm người hầu cho mỹ nhân kia đi!",
  "12628324846615129352": "Tú bà",
  "12628370855370135039": "Thược dược",
  "12628372054771944802": "Trương Tuấn Kiệt",
  "12628463411962399021": "Phần thưởng Bách nghiệp",
  "12628466272667354473": "Thần y, đã lâu không gặp!",
  "12628500190064495442": "Ẩn mình, khiến người chơi khó bị một số kẻ địch phát hiện hơn.",
  "12628612333137365726": "Tấn công nhẹ",
  "12628642781498635076": "Giảm 50% thể lực tiêu hao khi nhảy, tăng giới hạn thể lực.",
  "12628645947581718514": "Hoàn thành Chương 1 chính tuyến, có thể nhận phần thưởng ngoại hình",
  "12628650184953893923": "Nhiều chân",
  "12628658440023746195": "Quái vật nhỏ Lục Lâm rơi vật phẩm cấp độ thế giới 1",
  "12628659906394308100": "Trương Ích Hào",
  "12628672617156293168": "Mở khóa cột menu mới?",
  "12628735716789713884": "Số lần đổi thưởng tuần này của rương kho báu không đủ, đã tự động điều chỉnh lựa chọn cho ngươi!",
  "12628743916316167392": "Nhất Trọng Cảnh",
  "12628753037413733829": "Tâm Pháp",
  "12628759160791250251": "Không, ta đang đợi một người từ Hoài Nam trở về, đã đợi rất lâu rồi...",
  "12628760089356095362": "Mở vào lúc 5 giờ ngày 15 tháng 6"
}