{
  "10971742609716478461": "Thập Lục Hạng",
  "10971743388706780340": "Gây ra đòn đánh #G170%#E, có #G60%#E xác suất khiến đối phương xấu hổ giảm #G1#E điểm tư duy.",
  "10971748604460412012": "Sử dụng vật phẩm này, có thể nhận được ngoại hình tương ứng.",
  "10971777380472033391": "Tơ trúc nhã vận",
  "10971779433180693426": "Túy Hoa Âm - Đồng nữ tô điểm ngoại cảnh",
  "10971835446048992549": "Công cụ",
  "10971837015037111450": "Tăng sát thương võ học Song đao",
  "10971866469044059517": "Người khác tu khẩu không tu tâm, chỉ ta tu tâm không tu khẩu... Ực!",
  "10971927569887846050": "Ái Mi",
  "10971946200445682590": "Bình dân - Lão nhân bán trà",
  "10971999271339949415": "Triêu Sinh Mộ Lạc Hoa - Đơn thể nụ hoa tái sinh - 2.5 giây",
  "10972010550947715275": "Lâm Văn Kiệt",
  "10972014936810175261": "Võ Đạo Tâm Cung Thường Bàn 20 tầng",
  "10972024027705581895": "Hà Tây có chim ưng",
  "10972049045461470878": "Quỷ Thị Tử - Âm binh mượn đường - Sương khí",
  "10972076482334013996": "Vũ Nhung Thảo - Đằng Mạn Tường 14",
  "10972118492647730037": "Tỳ Bà Câu - Doanh địa ngầm 1 - Quan binh Đại Tống - Thương binh (đen)",
  "10972152525281537460": "Không gian Vũ Y Lâu - Giọng nói 2 - Nam",
  "10972230475127013652": "Chân Ái",
  "10972256313349723671": "Bạc Lãng Sa - Vạn Thắng Trấn - Thuyền phu Thanh Giao Đường",
  "10972262213745183435": "Điền dã",
  "10972364125509991208": "Trường Minh Ngọc",
  "1097237607338690954": "Lối chơi Leo Tháp - Tháp cơ bản",
  "10972388095168995422": "Vô Ưu Động - Quái vật - Bang chúng Vô Ưu Bang - Thiết Bích Cốc - Thiết thính - Khối đá",
  "10972390092376419029": "Kỳ lạ - Tiểu Bạch Điểu trên Ngọc Quế Chi",
  "10972392992000415613": "Có muốn thông qua trang bị kỵ sĩ trọng tải cao, hoặc thuê nhà để mở rộng ô đạo cụ không?",
  "10972417625724456204": "Kim Minh Trì - Bày trận 4 Tuần la binh 3",
  "10972419457645451265": "tỷ.%.1f",
  "10972485785750773320": "Sở thích đồng du",
  "10972515137877726957": "Quỳ ngồi đàm thoại - Văn phòng",
  "1097252734484444574": "Tương tác vạn vật gợi ý",
  "10972558136337494407": "Có vấn đề gì?",
  "10972607032537888753": "Trò chuyện",
  "10972629944064160056": "Bệnh tình phát tác, bệnh tình nhận được hiệu ứng lá chắn!",
  "10972646883062453444": "Khổ Hải Vượt",
  "10972650196723589642": "Khu Thị Tỉnh - Từ trên trời xuống - Công nhân 4047",
  "10972652691496758032": "Lưu Hắc Thất",
  "10972691641722759239": "Lĩnh nhân_Đốt vàng mã",
  "10972693702355971523": "S3 - Phần thưởng Chiến lệnh - Trả phí cấp 47",
  "1097272993412143377": "Thùng thuốc nổ - Kiểm tra mức ưu tiên",
  "1097274050232912259": "Pháo hoa nở rộ, giống như con đường phía trước của chúng ta, rực rỡ mà tốt đẹp!",
  "10972822972486067466": "Lục Sí Thiền Dực Tề",
  "10972836727889667424": "Mẫu Tường không khí",
  "10972847886870268149": "Lý Trạch Hạo",
  "10972900257010182722": "Tâm tàng thần mà chủ huyết mạch, hư lao tổn dẫn đến tâm không đủ. Tà khí thừa cơ xâm nhập, nên kinh hãi không yên. Ngũ tạng bị thương, thì gây ra thở dốc nhiều khí.",
  "10972935238846049641": "Hủy mục tiêu liên kết",
  "10972936487573141475": "Giang hồ đồn đại, khi Phật Quang Đỉnh tái hiện thánh tích Phật quang, Phật Tử Diệu Thiện sẽ trở về nơi này. Đây là sự thật, hay là lời nói dối? Có lẽ cần một người có duyên, để chứng thực chuyện này.",
  "10972962459359798420": "Lăng Giai Hân",
  "10973057782896213903": "Búp bê, cảm ơn...",
  "10973113503009876671": "Chó, cũng giống như người, trong lòng chứa đựng chí lớn, trong tim đan xen yêu hận tình thù.",
  "10973140147895953498": "Đang tải dữ liệu đang tải dữ liệu",
  "10973160363229681608": "Dung Lô - Thùng nâng hạ - Hiển thị sau",
  "10973183829698598061": "Hoàng Lạc Tư",
  "10973223005445860155": "Vật chủng sinh thái",
  "10973240981585918905": "Thiên Dạ",
  "10973269970622378978": "Không đề xuất nữa",
  "10973291022713031376": "Người Khiết Đan ôi, vật này chắc chắn phải lấy đó nha",
  "1097331645787839842": "Cối xay đêm khuya",
  "10973316853113783998": "Hầu Hiểu Đào",
  "10973333274242927035": "Thiên phú Võ học 3.4",
  "10973366475179345477": "Khi tính toán sát thương liên tục sẽ nhận được tăng sát thương ý cảnh.",
  "10973402886729717118": "Nghe lén cuộc trò chuyện của quan binh",
  "10973427841928322050": "Ngươi nhìn xem biển hoa vô biên bên bờ Lai Sinh, chỉ mọc một loại hoa, người ta gọi là \"Bỉ Ngạn Hoa\", nhưng trong kinh Phật nó còn có một tên gọi khác, là \"Mạn Sa Hoa\".",
  "10973464107671587596": "Đang tải...",
  "10973485617917634010": "Trương Chấn",
  "10973616301493306653": "【Hội Du Viên】Tham gia 1 lần Dạ hội pháo hoa",
  "10973712763318460955": "Thương nhân sẽ định kỳ mang đến vật tư mới, có thể ghé xem",
  "10973718926364609602": "Tẩy chân sông Ngân, kinh động chim khách bắc cầu.",
  "10973721824338588097": "Tường không khí của Vô Tướng Hoàng",
  "1097374982654579248": "Huỳnh Uyên - Tường không khí",
  "1097378930538694840": "Mật đạo thiết thính Tú Kim Lâu",
  "10973799852645320130": "Âu Gia Hạo",
  "10973808907530775294": "Phòng Chí Cường",
  "10973963692926677817": "Hoàng Lạc Tư",
  "10973973338116022186": "Trường Vĩ",
  "10973989397121277870": "Cốt truyện chính Khai Phong",
  "10974013086912374078": "Mới 13 - Kích phi Hầu nhi bên hữu trắc",
  "10974013158508744794": "Đã làm quan sai rồi mà còn nghĩ đến chuyện trong trại, ngươi thật sự coi trọng trại đó.",
  "10974042377708361047": "{2}\nThân có chút bệnh, được danh y {0} chẩn đoán, bệnh ta mắc phải là {1}.",
  "10974055434893105577": "Phòng Chí Cường",
  "10974172454004106110": "Ha, hiếm có người nghe chuyện này mà không chúc mừng ta.",
  "10974223300103480653": "Phúc bồn tử",
  "10974227508423213823": "Mặt trời lặn về núi đen, nhà nhà đóng cửa cài then.\nĐêm nay nhà ai không có chuyện gì?",
  "1097422940476201878": "Dân chúng Đông Thành",
  "10974240843166949077": "Tại sao lại bắt nạt cô ấy?",
  "1097427393459268947": "Nghiêng phải",
  "1097427770884117117": "Dạ Hành Đao",
  "10974332328220890097": "Đối thoại",
  "10974335108686748524": "Tẩu hỏa nhập ma",
  "10974371767445583896": "Từ Tâm Sơn Viện - Điểm hồi sinh Chiến lợi phẩm",
  "10974388257366415538": "Đánh",
  "10974404230399366318": "Vật chủng sinh thái",
  "10974412407731404260": "#N<Mặt đỏ bừng>#E Sao ta không biết chữ! Nếu ta không biết chữ, sao có thể làm đại ca của các ngươi được sao?!",
  "10974450064317863460": "Thiếu hiệp, ta còn đang bận, ngươi đi tìm Y sĩ Giả đi.",
  "10974469949154963645": "Nhuộm highlight",
  "10974473662818305965": "Bàn Lam",
  "1097456827056363331": "Quan ải thuật nói chuyện",
  "10974584543708029058": "Hừ, thật phiền phức, có chút chuyện nhỏ này mà cũng phải nhờ ta giúp.",
  "10974627626438161260": "Trương Chấn",
  "10974648758368950654": "Đối thoại",
  "10974734126855162056": "Đảm bảo",
  "10974785167635219651": "Các bí địa Mặc Gia lưu lại khắp thiên hạ, tương truyền do một đời Cự Tử Du Thế xây dựng, dựa theo thiên thời địa lợi, khai mở Thiên Công Khố. Địa khố này nằm ở địa phận Từ Tâm Trấn Thanh Hà, bên trong hang động đầy đá lửa và thuốc súng, cực kỳ nguy hiểm. Những người muốn vào thử luyện, cần phải gan dạ và cẩn thận, mới có thể vượt qua an toàn.",
  "10974824785612635114": "Mộng trung thế giới - Vật phẩm thu thập giả 3",
  "10974878726065512301": "Quân Đài",
  "10974898805002395047": "Đang tải văn bản",
  "10974947298161197992": "Hiệu ứng nứt đá",
  "10974953854092103111": "Triệu Vĩ Nghiệp",
  "10974956847674433917": "Nhất Diệp Bình Sinh - Di chỉ cũ Tư Nguy Viên - Tấm nền 9",
  "10974969885533769849": "Phật Hoa và Chuột · Thượng",
  "1097499907324865279": "Trong trận này, phòng thủ lời nói của bản thân tăng #G7.4%#E, tối đa tích lũy #G6#E tầng.",
  "10975013311279678584": "Thạch Thủ Tín",
  "10975034744009764334": "......",
  "10975049022613266671": "Người bắt mèo nhiều như vậy, ngươi quản được hết sao?",
  "10975119174213950389": "Phật Quang Đỉnh - Rương báu Tứ phẩm 3",
  "109751378194256305": "Kiểm tra mô hình tổ hợp 4",
  "10975143303543361891": "Món ăn đặc trưng",
  "10975147751563959914": "Từ biệt",
  "10975152103799144701": "Chu Vũ Lâm",
  "10975164216673550719": "Nhậm Khoan",
  "10975184362930249657": "Cừu sát - NPC - Phần thưởng Huyền thưởng",
  "10975199467156159320": "Ngươi có biết không, vị quản lý tiệm Bách Phúc Tiền Trang ở Khai Phong đó, là nhân vật giàu nứt đố đổ vách, sợ vợ cũng nổi danh khắp nơi!",
  "10975316181127120556": "Tú ngọc",
  "10975324560542355063": "Vô Ưu Động - Khán giả Đại chiến Quỷ Phàn Lâu - Khu vực 1-3",
  "10975326480532175503": "Trạm Tam Canh Thiên",
  "10975361013971345613": "Thuyền bè",
  "10975420227804118468": "Ừm... đại khái là nói tiền quan trọng đến mức nào, có nhiều tiền rồi sẽ trở nên lợi hại như thần linh vậy.",
  "10975429797991665291": "Thiên địa vạn thái",
  "1097543284110847064": "Trần Khải",
  "10975441724295649485": "Hỏa Hạc Hoa 01",
  "10975465801232757992": "Ta liều mạng cầu xin, cuối cùng lại chỉ là những ngày tháng tầm thường như trước đây.",
  "10975579163945044202": "Thiên địa vạn lại",
  "10975605390702843670": "Huỳnh hỏa trùng",
  "10975627692498737865": "Điều tra sự thật ẩn giấu trong từ đường",
  "10975663189586914882": "Mục tiêu",
  "1097571751466210159": "Nơi mèo thích không phải nơi ngươi có thể đoán được đâu~",
  "10975733655093906375": "Hồ Tử Kim Đê - Nhậm Đạt",
  "10975824982584950084": "Triệu Tiểu Yêu",
  "10975873832729726456": "Đại Long đã hứa với Tiểu Thập Thất, đợi Tiểu Thập Thất đánh xong vạn chiêu kiếm này, sẽ quay về——",
  "10975879757562692745": "Thoát",
  "10975891485721996905": "Mèo báo ân - Dấu chân",
  "10975892851199118473": "......",
  "10975905344514065914": "Từ Giai Kỳ",
  "10975922684556789011": "Lửa Trong Hạt Dẻ - Rương Báu 3 - Lò Gốm",
  "10975940121978789634": "Hoa Hải Kỳ Thuật",
  "10975941608746739780": "Hoàng Lạc Tư",
  "1097595043605037838": "Mèo_Cam - Phật Quang Đỉnh Sờ Mèo 1",
  "1097596540191998839": "Khởi hành đến 【Bích Tuyền Sơn】, và dừng lại 30 giây",
  "10976007985678068454": "Dương Trụ Vũ",
  "10976009229369100063": "Bách Nghiệp Tổ Chức Xây Dựng Thêm Thành Phần 412",
  "10976013691181404322": "Mềm mại bên ngoài cứng rắn bên trong",
  "10976024144813937153": "Tương Bồ",
  "10976036784085361120": "Hoàng Lạc Tư",
  "10976065177247576440": "Hậu Phố Tiểu Ốc 2 - Cơ Tọa",
  "10976080366915391676": "Bản thiết kế đó chắc hẳn được cất giấu ở sâu hơn, đáng tiếc tình hình hiện tại không cho phép chúng ta thăm dò sâu hơn nữa.",
  "10976089285001066506": "Sắp mở %s, phần thưởng chỉ có thể nhận một lần, phần thưởng hiện tại chưa đạt cấp cao nhất, có muốn đến nâng cấp phần thưởng không?",
  "10976111036856650003": "Được.",
  "10976166166389271963": "Lưu khấu",
  "10976190037014235801": "Xin cáo từ",
  "10976192322642100166": "Trần Khải",
  "10976218812554158228": "Dùng cho Bầu không khí Tĩnh",
  "10976316765270113622": "Lưu Vân · Nhị",
  "10976358193342316015": "“Tố Phân Trà” là cửa hàng chuyên bán gì?",
  "10976424840404353942": "Điều tra",
  "10976476834633140732": "Vậy ta xin đi trước một bước. Xin từ biệt~",
  "10976477728723886204": "Ê ê!! Đại hiệp! Đại hiệp lại đến rồi sao! Đúng là Đại hiệp mà hahaha, vậy chuyện này?",
  "10976527926903777101": "Mẫu Tường Vô Hình",
  "10976569946017986467": "Tư Tàng Các đạt cấp {} tại nhà.",
  "10976664368029102630": "Lính Tị Vệ Thân Quân Tị, phụ trách canh gác vụ án tu sửa.",
  "1097677309977745779": "【Chính Thức】Rương Báu Gỗ Tứ Phẩm",
  "10976786751180274904": "Cận chiến",
  "10976788987083529703": "Tất cả #YKỹ năng đạn đạo#E của Cửu Trọng Xuân Sắc khi kết toán, sát thương chí mạng gây ra có thể tăng thêm (cứ mỗi 50 điểm có thể tăng 2.4%) dựa trên ngoại công tấn công tối thiểu. Tối đa có thể tăng thêm #Y24%#E, cần tích lũy #Y500#E điểm ngoại công tấn công tối thiểu.",
  "10976846684859446726": "Thành công",
  "10976887662784277849": "Viên Mẫn Hồng Hạo",
  "10976890753855525630": "Đối thoại",
  "10976934298820068522": "Vương Phi Dương",
  "10977037920675588182": "Đinh Kỷ Văn",
  "10977067874563388604": "Đình Thả Chuông Bồ Đề Khổ Hải 2",
  "10977067912710630439": "{3}\nTa vào lúc {0} mắc bệnh {1}, sau đó được danh y {2} chữa trị, cuối cùng khỏi bệnh.",
  "10977070445473182963": "Mọi thứ dường như đã kết thúc, có thể rời khỏi nơi này rồi.",
  "10977073842801741221": "Dùng để xây xưởng rèn.",
  "10977117242871716287": "Trần Gia Tranh",
  "10977132734090913288": "Biển chỉ đường",
  "10977134405177795978": "Không có thu nhập do thiếu nguyên liệu",
  "10977158889146703090": "Uy vọng khu vực",
  "10977167477812220905": "Đại Đạo khó thành",
  "10977169586157458187": "Gây ra #G2#E lần #G65.0%#E Đả Kích.",
  "10977202037188644409": "Lý Trạch Hạo",
  "10977221472840146106": "Ban đêm tập kích Bách Nghiệp đối địch, vận chuyển cây Phát Tài về Bách Nghiệp phe mình, liền có thể thắng lợi.",
  "10977246614253802831": "Chọn trang bị nguyên liệu",
  "10977291506236481959": "Phúc sinh vô lượng thiên tôn.",
  "10977330412030951698": "Thăng cấp địa vị môn phái",
  "10977331790374256310": "Tôn Hạo Thanh",
  "1097738898792765988": "Bạc Lãng Sa - Đạo Sĩ Hạ Sơn - Huyền Nguyên Giáo",
  "10977407899406372539": "Vương Đại Diễn",
  "10977451542452358474": "Tăng sát thương Mạc Đao võ học",
  "10977493035641755383": "Từ biệt",
  "10977574841569549766": "Tiểu hữu để dành chút tiền rồi chơi tiếp nhé?",
  "10977575985728597733": "Xuyên thấu Trúc Phá tăng #G4#E",
  "10977633396782793108": "Rương Báu",
  "10977663816740977762": "Trò chuyện",
  "10977664740074784719": "Phong Chém",
  "10977704091935363741": "Một dân làng ở Phong Hòa Thôn, bình thường giản dị, cần cù chất phác.",
  "10977780163891413420": "Chu Vũ Lâm",
  "10977801816771238665": "Bảng Nền Mặc Thành 070",
  "10977812757810737922": "Cổ Tư - Đại Môn - Bách Tính Tuần Tra 25",
  "10977824934239550229": "Đẩy ra",
  "1097785870086756686": "Mở khóa ban đầu",
  "10977860031181424739": "Về cửa hàng",
  "10977861319604546292": "Sư phụ nhớ dai.",
  "10977885379170277437": "Khai Phong Phủ - Đại Sảnh - Tiểu Quan 3",
  "10977905185881431395": "Phần thưởng mở khóa",
  "10977909899530883420": "Thiên Thượng Lai - Công Nhân 4025",
  "10977935973291019937": "Vì sao vào tù?",
  "10978044828109344797": "Khi Khí Huyết tối đa dưới #Y30%#E, sát thương gây ra và nhận vào đều giảm #Y20%#E, hiệu lực kéo dài #Y30#E phút.\n\n【Phù Thiếp】: Chỉ có thể tồn tại một hiệu ứng, không có tác dụng trong phụ bản thử thách.",
  "10978067237094963866": "Đấu pháp",
  "10978078053661826791": "Văn Bản Tạm Thời",
  "10978079406796803937": "Thiên Niên Độ Dân Chúng 9 Nữ",
  "10978126466392132529": "Trần Gia Tranh",
  "10978146531947813343": "Chiến Lệnh Tệ 2",
  "10978147974766921636": "Viên Quốc Chấn",
  "10978183255933670568": "Phần Thưởng Điểm Bác Vật Theo Hạng Mục",
  "10978224845171673014": "Đổi vũ khí thành kiếm và chém.",
  "10978304493000948768": "Làm mới khu vực biển báo đường màu đỏ tìm tâm 2",
  "10978340849405526171": "Hoa Điểu Điếm Phố - Kim Sí Tước",
  "10978345724990132103": "Chơi lại một ván ( %s )",
  "10978377648942570837": "Loạn Bì Phong",
  "10978384130043120334": "Thiêu Từ Lĩnh - Điểm Làm Mới Chiến Lợi Phẩm Mới Thêm 184",
  "10978388091180114911": "Đầu xuân đến vườn Quỳnh Lâm, trước đài công bố tên người trúng tuyển ồn ào. Chí nam nhi ở trên mây xanh, nữ nhi e lệ bước giữa hoa. Đương gia vừa ý tìm nơi nào, trên đài nơi này định lương duyên.",
  "10978400205054038138": "—— Nguyên · Thoát Thác, A Lỗ Đồ《Tống Sử》",
  "10978426776279343363": "Gõ",
  "10978447829236311088": "Đang lấy dữ liệu...",
  "10978465134835067734": "Hà Lạc Thị - Trà Tiểu Thừa",
  "10978476501496879742": "Dây Thang Máy",
  "10978479109216461043": "Một đoạn",
  "10978524730952871094": "Âu Gia Hạo",
  "10978550980794883661": "Hà Kỷ Hi",
  "10978606411045083924": "Lâm Văn Kiệt",
  "1097861636784546345": "Thọ Xương Phường - Lân Đài - Phó Nhân",
  "10978642597172167878": "Rượu... ha ha ha ha... Ngươi cũng nếm thử rượu này đi.",
  "10978657071656340550": "Tấn công Tạc Thạch tối thiểu",
  "10978668473739482930": "Vấn Khê Kỷ Hứa",
  "10978671335608009552": "Hoa Trung Thừa",
  "10978699921554070997": "Năm nay nhất định sẽ là một năm tốt lành!",
  "10978712414100954832": "Phục Mã Trang - Điểm Làm Mới Chiến Lợi Phẩm",
  "10978719503191393372": "【 Võ học kỹ xảo · Một 】 Khi sử dụng tổ hợp võ học của lưu phái đánh bại trấn thủ #YTiểu Thập Thất#E (bao gồm thử luyện), #YTích Củ Cửu Kiếm#E gây chảy máu đơn trận đạt 15 lần",
  "10978741863621450562": "Sau khi tránh né thành công để triệt tiêu đòn tấn công của địch, bản thân phục hồi 6% Máu tối đa, thời gian kích hoạt cách nhau 10 giây.",
  "10978756919765672918": "{2}\nThân có bệnh nhẹ, được danh y {0} chẩn đoán, bệnh ta mắc phải là {1}。",
  "10978792466152448954": "Đã mãn cấp",
  "10978801804322136391": "Tường Vô Hình - Vô Bỉ Khách Điếm 2",
  "10978802311582036564": "Toàn là sơn trân vô độc, yên tâm ăn đi, chắc không sao đâu. Nếu có việc gì thì treo giải thưởng tìm một ngự y cứu ngươi, chắc cũng không sao.",
  "10978823246099066142": "Chi Tuyến Ngắn",
  "10978824857364617439": "Long Hổ - Tái Xuất Hiện - Cung Tiễn",
  "10978842707788430669": "Thiếu hiệp, ngươi đã gặp đủ năm vị cao nhân này chưa?",
  "1097886574354133962": "Đại Thế Giới - Thiên Hổ Quân - Binh Sĩ Phát Điên - Mạch Đao Tinh Anh - Yếu E",
  "10978919087788874608": "Chu Vũ Lâm",
  "10978924681948366927": "$T(7005)$, ngươi đều nghe thấy rồi.",
  "10978957403944030213": "Không rõ ràng lắm...",
  "10978960859697153964": "Hoa văn váy lót",
  "10978961342375831790": "Trương Tuấn Kiệt",
  "10978998114781575981": "Sa Nghĩa",
  "10979045852888907194": "Hồ Kiện Lực",
  "10979060796157492857": "Thuộc tính xây dựng, dùng để dựng nhà.",
  "10979078430403703148": "Tiếp theo câu chuyện trước, Trần Nghiêu ở Thiên Tuyền, sau khi bị bọn ác nhân của Cửu Lưu Môn lừa mất tiền bạc mà phái đoàn đã phân phát, bị đường chủ trách mắng, lòng buồn bã uất ức, thề phải báo thù rửa hận. Những ngày sau đó, hắn ngày đêm quanh quẩn trong thành Khai Phong, muốn dựa vào chiếc mặt nạ lột từ trên người tên ác nhân đó để tìm dấu vết của kẻ đó, nhưng Cửu Lưu Môn thần xuất quỷ nhập, và số lượng mặt nạ lại nhiều, hắn đã tìm kiếm hơn mười ngày mà vẫn không thu hoạch được gì.\nMột ngày nọ, Trần Nghiêu lại uống cạn bầu rượu, ngồi gật gù bên bờ hố tro, chợt bị tiếng tranh cãi đánh thức, hóa ra là một đám côn đồ của Vô Ưu Bang đang ức hiếp một cô bé. Vừa lúc lòng đang buồn bực không có chỗ xả, hắn cười lạnh một tiếng, bẻ bẻ ngón tay, vặn vặn cổ, rồi vác đao bước lên. Chưa đầy nửa nén nhang, mấy tên đại hán hung hăng lúc nãy đã nằm rạp dưới đất, bò lết cầu xin tha thứ, Trần Nghiêu phủi phủi tóc, không thèm để ý đến bọn chúng, chỉ đưa tay về phía cô gái nằm dưới đất, nhưng ánh mắt vừa chạm nhau, hắn liền sững người.\nCái gì mà cô bé... rõ ràng là tên ác nhân đã lừa mình!\n\"Tên ác nhân thối tha, ngươi tưởng đổi bộ đồ con gái ta không nhận ra ngươi à...\" Trần Nghiêu buột miệng chửi rủa, nhưng lời còn chưa dứt, hai mắt hắn đã tối sầm lại, mềm nhũn ngã xuống.\nKhi tỉnh lại, hắn thấy mình đang nằm trên một chiếc giường thêu lộng lẫy, khắp phòng thoang thoảng mùi hương quyến rũ, hắn muốn đứng dậy, nhưng phát hiện mình đã bị điểm huyệt, đến nói cũng không nói được, hắn sốt ruột ư ử, thì thấy một ngón tay thon dài như củ hành đặt lên môi mình, đúng là tên ác... đúng là tên ác nhân đang mặc bộ váy Tú Hoa Âm, nửa nằm trên người hắn, tinh quái cười với hắn một tiếng:\n\"Ân nhân tốt, vốn muốn xử lý ngươi trước, nhưng môn phái có việc gấp, xin lỗi nhé, mượn ngươi dùng một lát.\" ",
  "10979095243810101580": "Chuồn Chuồn",
  "10979105131020454133": "Sau khi nhảy lên, nhấn nút tương ứng là có thể tung ra Thiên cân trụy.",
  "10979105205491641786": "Hà Kỷ Hi",
  "1097910980864223129": "Trần Khải",
  "10979121994102988702": "Từ Chỉ Huyên",
  "10979149809349845192": "Chuyện bất bình",
  "1097919754342868961": "Đệ tử ngoại viện Cửu Lưu Môn",
  "10979256026136738448": "Tiểu công không thèm ghen tị tiên",
  "1097925700390853546": "Trò chuyện",
  "10979323206591819672": "Thiếu hiệp này, ngươi cầm thứ gì tốt vậy? Cho ta xem một chút với!",
  "10979323351166773003": "Trốn cùng Ôn công tử",
  "10979359332287513422": "Nhớ phải giao cho ta đó, đừng đưa cho anh cả của ta! Nếu không thì hỏng hết!",
  "1097938838410532711": "Sử dụng rồi mở khóa công thức · Hồng Trần Cung · Thần Bị",
  "10979428448275756101": "Thu nhận đệ tử",
  "10979456680311650398": "Đoạn Kích Trầm Sa·Kim·Bóng",
  "10979457108059976023": "Thu thập các bộ sưu tập thông qua nhiều phương tiện khác nhau, bán chúng cho thương nhân đồ cổ để đổi lấy lợi nhuận khổng lồ",
  "10979491791648518524": "Nam Môn Đại Nhai NPC Bắt Xe 8",
  "10979517200927148094": "Cha ngươi xuất môn lúc mấy giờ?",
  "10979534279021094294": "Ngươi đang nghĩ gì vậy? Thì ra $T(1)$ cũng thích mơ màng như ta.",
  "10979549138756607686": "Sơ nhập giang hồ",
  "10979590501791075804": "Tử Chung",
  "1097959486290976053": "Hồ Kiện Lực",
  "10979613611796546961": "Đan Nhai - Điểm Làm Mới Chiến Lợi Phẩm 420",
  "10979625107156880336": "Phòng Chí Cường",
  "10979625677978501737": "Sinh Thái Vật Chủng",
  "10979654114994670355": "Bào Văn Húc",
  "109797246421511038": "Trịnh Ngạc Giai đoạn 2 - Kỹ năng 11",
  "10979744877003804455": "Trương Chấn",
  "10979745055390405359": "Hà Tây",
  "10979811209030906950": "{2}\nThân có chút bệnh, được danh y {0} chẩn đoán, bệnh ta mắc phải là {1}。",
  "10979866620314929185": "Tăng cường trọng kích truy kích",
  "1097988528247076586": "Người câu cá",
  "10979905105326474831": "Ngư trường Biện Lương",
  "10979919599092184798": "Vào Hương Tháp đi, dưới tháp có đường hầm, có thể vào đó trốn một lát!",
  "10979921803844678080": "Phong Văn Tiễn·Mật báo của người trong ngành",
  "10979933847236295390": "Di vật vô danh",
  "10979982634176208847": "Tuyết nê hồng trảo"
}