{
  "12466815157206075038": "Ặc—!",
  "12466863314729621847": "Mỗi khi sử dụng #HKỹ năng Tích Lũy#E trúng địch, bản thân có thể nhận được một tầng #H【Uy】#E, có thể kích hoạt mỗi 2 giây. #H【Uy】#E tích dồn đến tầng 8 sẽ kích hoạt Thiên Lôi khiến bản thân nhận được #H【Tập Trung Khai Ngộ · Uy】#E, trong 10 giây tiếp theo #H Bá thể và miễn thương 50%#E, liên tục nhận được hiệu quả #H【Tập Trung】#E, và mỗi 2 giây hồi phục 1 ô Chiến ý, đồng thời sát thương #HKỹ năng Tích Lũy#E tăng 10%.",
  "12466872013361241311": "Ngươi có bị thương không?",
  "12466884073092609980": "Từ Thiên Lai",
  "1246689531220690833": "Đối thoại",
  "12466907375023075065": "Thử Thách Thùng Thuốc Nổ",
  "12466985658843601127": "Có #G60%#E xác suất tăng tỷ lệ nói lời cay nghiệt lên #G25.0%#E, tối đa cộng dồn #G6#E tầng.",
  "12467023973840984130": "Chúc mừng Du Hiệp tuần này xếp hạng cao trong #8c5823{0}-{1}#E, giành được vị trí #8c5823thứ {2}#E! Đặc biệt ban cho danh hiệu, mong tiếp tục cố gắng, vươn lên đỉnh cao!",
  "12467095549302559614": "Đi đến Ngoại quan",
  "12467148278127365342": "Tống Khâm",
  "12467154842205457190": "Song Long Thất Đối",
  "12467181344692673263": "Thiên Phú Lương Duyên",
  "12467195535960576099": "Chu Vũ Lâm",
  "12467216339373775276": "Mỗi lần gây sát thương, có #Y10%#E xác suất kèm theo hiệu ứng độc, kéo dài #Y5#E giây, mỗi giây gây một lần sát thương. Chất độc khi nhận sẽ ngay lập tức giảm #Y0.6%#E <Phòng thủ ngoại công|780|#C|17> của mục tiêu, kéo dài #Y10#E giây, tối đa cộng dồn #Y5#E tầng. Nhận lặp lại sẽ làm mới thời gian.",
  "12467219412828505765": "Tơ Thần",
  "12467268776012685173": "Lưu Minh Sách",
  "12467279648215221452": "Khai Phong Du Nhai Phụ Cận - Nữ Bách Tính - 6",
  "12467300213477027743": "Mở khóa nhiệm vụ Ẩn Nguyên Cảnh",
  "12467309872189299934": "Gần Gũi Nhân Gian",
  "12467379512615581084": "Ngươi gọi ta à?",
  "12467424806390616597": "Ôi... chính là ý mà ngươi nghĩ.",
  "12467469064380474611": "Sinh Thái Vật Chủng",
  "12467492262110963171": "Cống hiến bang phái",
  "12467502063037068205": "Ngứa ngáy khó chịu",
  "12467510010881958174": "Số lượng bạn bè đã đạt giới hạn, hãy xóa bớt rồi thêm lại",
  "12467574427146359473": "Tổ Biểu Hiện Tĩnh Thái",
  "12467588199383797050": "Chiến Lệnh Tệ 2",
  "12467608955002961777": "Hoằng Tịch Thiền Sư",
  "12467649168386703748": "Thiên Thượng Lai - Xích Long Đường Thành Nữ",
  "12467667558315878723": "Không ở trong cảnh trò chơi lang trung",
  "12467821693393629373": "Xây dựng Cửa hàng Kim Huyết nhỏ",
  "12467847040796167199": "Đi theo ta",
  "12467897892650610445": "Trương Chấn",
  "12467969968824588864": "Nguyên liệu ở đâu",
  "1246800505695770091": "Thanh Hà Du Nhai Phụ Cận - Lão Nãi Nãi - 20",
  "12468005150519644294": "Mô Bản Biểu",
  "12468017110155783183": "Tổ hợp kiến trúc trăm nghề tăng thêm thành phần 657",
  "12468033899056672470": "Dương Trụ Vũ",
  "124680590494802013": "Không được, từng lời của Nam Tú Tài đều là tâm huyết mà thành, hủy đi thì dễ, câu hay khó mà có được!",
  "12468229252973173943": "Trường Minh Ngọc 100+ Tự Chọn Thông Bảo 2000+ Chấn Ngọc 5+ Ô Kim Thiết Tứ Cấp 5",
  "12468232300422686915": "Minh Kim · Hồng Tháp 5-3- Hàn Khuẩn Mộng Khôi Liên Gia - 3 Cái",
  "12468308648655105888": "Hoạt Động Chụp Ảnh - Tổ Kiện Tương Tác Mặt Đất",
  "12468314211389586844": "Nói thật, quê hương của ta... đã từng trải qua một trận đại nạn.",
  "12468334683665000464": "Trong chiến đấu với nhiều Khôn Yêu Nhi, sát thương và hồi phục tăng lên.",
  "12468350659573668386": " Không thể tấn công",
  "12468367207925781245": "Kinh doanh hằng ngày",
  "12468379235439316671": "Vì quân chấp kiếm",
  "12468423466505659010": "Hào Trư",
  "12468498280725486049": "Sinh Thái Vật Chủng",
  "12468499176442784059": "Người chơi #Y[Kỹ năng ám khí]#E gây thêm sát thương #c_start}4000{c_end} điểm đối với Vô Tướng Hoàng, thời gian hồi chiêu 20 giây",
  "12468501901039419916": "Không",
  "12468578054687129663": "Bộ sưu tập mới nhất",
  "12468630493958899193": "Bảo Rương · Khai Phong",
  "12468638321602092513": "Gai nhím",
  "12468681362206604046": "Tiền Nhuận Hà",
  "12468725359519185650": "Kêu gọi đi theo",
  "1246876343781617498": "Tôn Ngọc Đường",
  "12468764929808640279": "Thâu Sư - Đồ Trung Tồn Đương Điểm Hiệp Chi Trủng Mô Hình",
  "1246879673820573201": "Thương Thang",
  "12468813565920097309": "Điểm sáng",
  "12468814406033415331": "Trần Hiểu Hàn",
  "12468824973512355045": "Tương tư của Kiều Nhi đối xử rất tốt với nàng, nhưng hôm nay vẫn chưa thấy người đó đâu, Kiều Nhi có chút lo lắng không biết có nên đi tìm chàng không, nhanh #Ygiúp Kiều Nhi quyết định#E. (Sau khi thành công có thể kết thân với người này, nhận quà tặng bạn cũ hàng tuần.)",
  "12468854412080032489": "Nghe lén",
  "12468871763674767106": "Thần Thông",
  "12468916507035104854": "Trịnh Ngạc giai đoạn 1 - Kỹ năng 1",
  "12468922328857799185": "Hà Kỷ Hi",
  "12468929664866802934": "Xuân Tiết - Tiểu Hoa Môn",
  "12468958406099391733": "Lưu Minh Sách",
  "12468978304967432523": "Điều kiện nâng cấp",
  "124690462666124200": "Tửu Hương Tháp - Công Nhân 3",
  "12469085861055093646": "Điều tra",
  "12469101735410959470": "Thưởng Nhiệm Vụ Điệp La Hán - 5 Tầng",
  "12469125630704254718": "Cứ gọt bớt là được mà? Trong lúc nói, ta đã sửa xong rồi!",
  "124691641963863964": "Đan Nhai - Xoát Tân Điểm Chiến Lợi Phẩm 127",
  "12469195180824362414": "Phạm Lâu trong nhà - Phạm vi thời tiết - Tầng một",
  "12469234333850426470": "Ta dùng kiếm chỉ hắn ngay trên lò luyện, hắn có vẻ mặt không để bụng lắm...",
  "12469243422611320526": "Chướng Ngại Vật Cố Định - Thạch Nhân 26",
  "12469270169609096941": "Sinh Thái Vật Chủng",
  "12469313483471178695": "Vô Danh Tướng Quân",
  "12469427642037819217": "Đổi một loạt",
  "12469434747364303918": "Trường Vĩ Sơn Trĩ",
  "12469441164910879577": "Chỉ vào con diều gỗ bên cạnh, ý bảo ngươi xem",
  "12469448191480459184": "Bách Nghiệp tổ chức xây dựng thêm thành phần 128",
  "12469470289987746429": "Ngọc Lâu Xuân",
  "1246948443825386746": "Trúc Địch",
  "1246958085930702275": "Túy Hoa Âm - Ngoại Vi Trung Đoạn Phân Vi - Giản Mộ Bạch",
  "1246961962443245962": "Đang tải",
  "12469623691351805168": "Hiệu quả đột phá",
  "12469699625084616531": "Lâm Dã",
  "12469705361913190393": "#Y{}#E đã thích #GBiển chỉ đường#E của bạn, Tứ Hải Trâm +1",
  "12469760663720331401": "Trần Gia Tranh",
  "12469781423937916616": "Trở về kỹ năng gốc",
  "12469786780259514352": "Vĩnh H Huy Trị",
  "12469816592068426626": "Thành ngữ “Cao Sơn Lưu Thủy” nói về điều gì?",
  "12469896267093911474": "{com_huashu_recoverhp_icon_96} Hồi phục 17% sinh mệnh tối đa",
  "12469906969065344543": "Ba năm trước, trên đại địa Trung Nguyên đột nhiên xuất hiện một nhóm mèo dị种 mặc gấm thiên thượng, truyền rằng chúng xuất thân thành Vị Ương đảo Trường Lạc, là linh miêu dò bảo được nhà họ Ôn, phú hộ võ lâm nuôi dưỡng, tuy không biết vì sao lũ mèo lại lưu lạc giang hồ, nhưng phàm nơi chúng xuất hiện đều có bảo tàng ẩn giấu, giang hồ gọi chúng là “Miêu Miêu Miêu”.\nHoàn thành thử thách của Miêu Miêu Miêu, được miêu công nhận, nhận được chuông Miêu Miêu, có thể đổi lấy lễ vật quý giá tại miếu Miêu Miêu truyền thuyết.",
  "12469941574742419894": "Quan binh Đại Tống",
  "12470051923258492025": "Quyền truy cập cá nhân vào bức tranh đã phát %s/%s",
  "12470107174403975534": "Ta muốn xem tên phản đồ này có đến lấy mạng Hoa mỗ không",
  "12470116485126977328": "Yến Nam Phi",
  "12470118528086277114": "Quạt đơn - Đại chiêu Thanh Sơn Chấp Bút",
  "12470138468740490032": "Du Lập",
  "12470153432343842868": "Vô tình lạc vào đây?",
  "12470177223317021591": "Trần Gia Tranh",
  "12470179774469381410": "Thiếu hiệp, mau lại đây, chuyên tâm điều chế cho ngài một loại nước uống có mùi thơm nhé.~",
  "12470182894286732936": "Vật tư quan trọng ở khu vực Khai Phong, thỉnh thoảng thấy giá cả biến động, có thể dựa vào giá thị trường khác nhau để mua thấp bán cao, kiếm lời.\nNhưng thường khi giá tăng đến #Y gấp đôi#E, hàng hóa này sẽ khó tìm thấy trên thị trường nữa.",
  "12470190669118218849": "Gợi ý",
  "12470224551590723549": "Thọ Xương Phường - Thị Nữ Tuần Tra",
  "12470245323698325971": "Ngươi đừng lừa ta, Tiên Thượng Độ thật sự không còn việc làm nữa sao?",
  "1247029695286850865": "Trúc Lâm Cựu Cư - Xoát Tân Điểm Chiến Lợi Phẩm 295",
  "12470320966247411930": "Xuất Sao · Nhất",
  "12470321948371024659": "Túc lộ khinh doanh",
  "12470324372275725960": "【Trộm sư】 - 【Mới】 Thanh Sơn Chấp Bút",
  "12470385755015763856": "Cứ Điểm - Thường Bình Thương - Thương Binh Trạm Cương",
  "124703884489062641": "Số thứ tự điểm đánh dấu",
  "12470489996671674387": "Người dân chúc mừng năm mới.",
  "12470498249609732561": "Tu Phục Súc Thủy Trì - Văn Bản Đề Thị (Trắc Thí)",
  "12470553093196885201": "Bách Công Phường - Bắc Tác Phường - Nữ Chưởng Quầy Tiệm Phong Tranh",
  "12470588390216048882": "À... cái này...",
  "12470605876897310141": "Bảo Rương · Thanh Hà",
  "12470609536757370827": "Ngự Uyển Nam － Nam Anh Đào Lâm － Đạo Du Giảng Giải Vi Quan 1",
  "12470790119444187918": "Ta…… vẫn chưa đủ cạnh tranh sao?",
  "12470792812584498047": "Du hiệp thân mến:\nPhần thưởng cấp độ Hội Anh Hùng Đại Thần đã được gửi đến ngài, xin kiểm tra.",
  "1247084413925441314": "Huyền Thưởng Tưởng Lệ",
  "12470859080925885199": "Viên Quốc Chấn",
  "12470874778578132577": "Hả? Bánh quy giòn ta làm, đừng nói là được khen, đem cho người khác ăn còn khó không?",
  "12470887344174077047": "Đập vào người ngươi, đau trong lòng ta?",
  "12470902561811767221": "Gây ra 2 lần đánh 60.0%.",
  "12470904668975246156": "P2.1 Đồng Thiên Hạp Tỏa Liên 3-3",
  "12470910577383208971": "Người giàu",
  "12471014056205168066": "Bách Nghiệp Tổ chức xây dựng tăng thêm thành phần 351",
  "1247101590568658291": "Nguyên Dã",
  "12471017093087150250": "Bọn cướp Phật Gia Trại, kẻ thù của thương nhân suốt đời.",
  "12471078393383783825": "Thọ Xương Phường - Thương Lại",
  "12471107330260369788": "Luyện kiếm Cảng",
  "12471115769520396045": "Điếu Tinh Bạch Ngạch Đại Nga",
  "12471188061713674822": "Đan Nhai - Xoát Tân Điểm Chiến Lợi Phẩm 54",
  "12471217975425936137": "Sau đó thì sao?",
  "12471293220470423494": "Huyễn Chướng·Hình gấu",
  "12471300062509785602": "Thanh Huyền",
  "12471344016011511269": "Chu Vũ Lâm",
  "12471359083279985719": "Cứ Điểm Phục Xoát Tự Chọn Bảo Rương",
  "12471366518901388976": "“Ngâm nga vũ điệu, song phi thiên”, đây là phong tình độc đáo chỉ có ở Phàn Lâu Khai Phong.\nHoa Gian Khách có thể cùng người thương, hoặc mỹ nhân trong Túy Hoa Âm cùng nhau khiêu vũ, xuyên qua lầu, và được tặng một bức chân dung do Ký Xuân Quân Mộ Hàn Anh vẽ, tạo nên một niềm vui thơ ca độc đáo.",
  "12471374456114177243": "Cổng chắn",
  "12471377187602355507": "Dự lãm Phần thưởng Chuyên dụng Đặc huấn Thiên Tuyền",
  "12471381999946049863": "Lính quèn Vô Ưu Bang",
  "12471408792405336705": "Thái Bình Chung Lâu - Điểm xoát tân Chiến lợi phẩm 142",
  "12471411946396894656": "Bạch Mã Dịch - Trần Thực",
  "12471434252354081388": "Hồng Trần Gian",
  "12471434888338369445": "Trường Minh Ngọc*20",
  "1247144167001441837": "Không nói nên lời...",
  "12471461846435343396": "Có thể dùng để đột phá tâm pháp, hoặc thu hồi đổi lấy #Y4 vé sách#E. Thu thập 5 vé sách có thể đổi lấy một cuốn tâm đắc ngẫu nhiên.\n\n#D Hiệu quả hiện tại: #E\n$P\n\n#D Xem trước đột phá: #E\n$N",
  "12471511039368899055": "Thanh Hà có chim ưng, chim ưng lớn dường ấy, không biết rộng bao nhiêu ngàn dặm... Truyền thuyết về Điêu Bát Gia, vị anh hùng số tám của Hà Đông, được lưu truyền trên sông Thanh Hà, nhưng, Điêu Bát Gia có thật sự tồn tại trên đời này không?",
  "12471514678136991933": "Sử Cốt Chi Đồ",
  "12471538707939507726": "Phía trước không phải cũng có một quán trà sao?",
  "12471565730765322113": "Nhất Diệp Bình Sinh - Lai Tô Mông Học - Hà Tiến",
  "1247158753840923321": "Hắn nói chỉ cần điểm hỏa, con khỉ biết bay to lớn này sẽ ‘vút’ một cái đưa hắn lên trời!",
  "12471624282385713577": "Phúc giả",
  "12471647031938048637": "Trước",
  "12471670047336783920": "Chu Nhất Chu",
  "12471712341968038125": "Lương Tử Hàn",
  "12471783976404430995": "Tiểu Thụ Chi",
  "12471812266403440762": "Lưu Minh Sách",
  "12471819956180227181": "Quan mũ, Giáp ngực, Giáp ống chân, Giáp cổ tay",
  "12471853501870232996": "Hữu trắc",
  "12471906980836455804": "Cấp {}",
  "12471920818512134508": "Lữ Giai Nam",
  "12471934628198277322": "Đối thoại",
  "12471940352172884411": "Chỉ hiển thị 10 bản ghi nhận đã nhận gần nhất",
  "12471947278918022110": "Thái Nhạc Đài - Huyền Nguyên Giáo Câu Liêm (Tiểu quái cận chiến) Vô Tiến Chiến Ngữ Âm",
  "12471954303498049634": "Nơi đó trồng đầy nụ hoa màu xanh lam... Người thường, người thường khó tiếp cận...",
  "12471997039126280992": "Xuân Lôi Thiên",
  "12472145174947900216": "Thủy Dũng",
  "12472149322073331058": "Huy chương Trắc thí Đảo kế thời",
  "12472155432680859295": "Diệu Diệu Miêu - Quỷ Hỏa",
  "12472230101948966417": "【Hồi Tố】 Bảo đảm thoát khỏi khu vực kết thúc lối chơi - Huỳnh Uyên Vô Tướng Hoàng",
  "1247227842551098427": "Có thể dựa vào tấn công Xiên Tơ để hồi phục thêm, đồng thời tất cả chiêu thức đều có thể gây sát thương dựa trên tấn công thuộc tính, và sát thương <Tấn công Xiên Tơ|780|#C|151> tăng thêm #Y50%#E.",
  "12472302052532060300": "Vương Trí Siêu",
  "12472332214875014133": "Ôn Doanh",
  "12472442959128669463": "【Cứ Điểm - Trạm Bí Ẩn】",
  "12472458238271005758": "Dương Trụ Vũ",
  "12472510626596058464": "Hoa Điểu Điếm Phố - Bối cảnh bản Tĩnh thái",
  "12472511817387837048": "Sở Hạo",
  "12472529825179749664": "Sử dụng khi điểm Đoạn Vị Chỉ Qua #Ygiảm#E, lần đó sẽ không bị trừ điểm (Không thể sử dụng khi Luận Kiếm Vô Ngã từ 1200 điểm trở lên)",
  "12472585922370160763": "Thọ Xương Phường - Nê Bồn Thủy Lợi Khu - Nông Dân",
  "12472603627738975371": "Bán cháo, đủ loại cháo ngọt, cháo thập cẩm trái cây, cháo mặn thịt băm, một bát chỉ mười lăm văn, ngon tuyệt vời~~~",
  "12472604940148142882": "Chuyển màu dần về phía sau",
  "12472608877046670614": "Cao Thúy Lan",
  "12472619550509148766": "Trương Chấn",
  "12472629375288117382": "A, Na Anh Anh cũng là người trứng!",
  "12472640295876423255": "Khà, vẫn còn bám lấy cái danh hiệu buồn cười đó à... Lão già, ông lúc nào cũng tự xưng là cửu lưu môn, chẳng phải cũng bị bắt rồi sao, có tư cách gì để nói chúng tôi?",
  "12472729740347608806": "Đếm đến đâu rồi... Một trăm lẻ một, một trăm lẻ... Hự... Hự...",
  "12472817171527808331": "Điều tra sợi nấm",
  "12472830518728346173": "Sau khi xảy ra chuyện như vậy, nếu có thêm vài chiếc thuyền tốt, có lẽ, những người trong làng ta gặp chuyện không may sẽ ít đi một chút.",
  "12472848325846578555": "Hỏi",
  "12472864142745178853": "Đang tải dữ liệu",
  "12472915809681387072": "Gây ra đòn đánh #G270%#E, có #G95%#E xác suất khiến đối phương xấu hổ giảm #G1#E điểm {com_huashu_mind_icon_96} tư tưởng.",
  "12472954764035062943": "Nhân Tường — Để Tọa NPC Hàng thứ hai bên phải",
  "12472973273887857050": "Tứ đoạn",
  "12472976928962015081": "Lưu Phái Tháp Minh Kim · Hồng Tầng 4-6 - Đạn Đạo Pháo",
  "12472986951509474666": "Hoa Biên Tiểu Báo - Sái Tửu Phong - Phách Chiếu - Không Mô Hình",
  "12473038330695403859": "Nạp năng lượng phá hư tốc độ 7%",
  "12473039330032460101": "Đối phương đang suy tính giao tình với ngươi",
  "1247307652919787556": "Cô Hồng Gửi Nguyện",
  "12473084821003509638": "Huynh đài kiến giải cao, hôm nay chẳng phải là chẳng bao lâu, mà là một thời gian dài, cho nên nói 'chẳng bao lâu' và 'một thời gian dài' là như nhau.",
  "12473244233145767860": "Thí luyện - Giảm sát thương",
  "12473256231188723600": "Vạn Vật Giao Hỗ Đoản",
  "12473267666623312055": "Giới hạn thể lực tăng 50 điểm.",
  "12473274992538861772": "Hoa lê",
  "12473323335534742647": "Phong Minh Chí",
  "12473368318182835419": "Doanh Doanh",
  "1247337151688343706": "Bề mặt Huỳnh Uyên - Nến + Hiệu ứng lửa",
  "12473404007122581836": "Ngươi mà cũng tin? Cái trò lừa bịp này trên đời chỉ có mình ngươi mắc phải thôi.",
  "12473447309069753831": "Không rõ...",
  "12473451765357702525": "Sinh Thái Vật Chủng",
  "12473517322705436586": "Đồ trang trí mặt trán hình mặt trời",
  "12473542796449942594": "Kiếm 1 Người chơi cần giao chiến - Giai đoạn hai - Khó khăn",
  "12473547600640923976": "Giao diện Lĩnh thủ Phần thưởng Tập tề Thao trang · 5036",
  "1247366311013079405": "Ta tủi thân, ta đau lòng, ta là người thô lỗ làm sao đấu lại ngươi là tiểu tử nho nhã này, chúng ta vẫn nên gặp nhau ở quan phủ thì hơn!",
  "12473684027142139483": "Hươu cao cổ",
  "12473719413440044275": "Kinh do La Hán Đường hạ tầng trở về Khu vực thượng tầng - Phần thưởng Giai đoạn Nhiệm vụ",
  "12473795478457548360": "Vậy ngươi... nổi danh giang hồ?",
  "12473864378823511148": "Phụ bếp",
  "1247387216974736155": "Kinh Nương Không Mô Hình Giao Hỗ",
  "12473873295256168708": "Thái Nhạc Đài Thủ Quân - Trung Cấp Tướng Lĩnh",
  "12473892773183747206": "Tự thấy tim đập nhanh, bất an, không tự chủ được, và thường đi kèm với các triệu chứng như mất ngủ, hay quên, chóng mặt, ù tai.",
  "12473903198397542557": "Ngươi à, chi bằng nghĩ kỹ xem, rốt cuộc phải 'giải khuây' cho ta như thế nào!",
  "12473946056126219863": "Điền Dã",
  "12473968894736502959": "Giảm thương vong",
  "12473970699217578260": "Phệ Lộc",
  "12473975008543996041": "Thành phần kiến trúc",
  "12474039274967368354": "Lâm Văn Kiệt",
  "12474043788379296971": "Không được.",
  "1247409671788340847": "Trắc thí Thiết Liên Hạp (Mặc Sơn Đạo) - Bản 3 Tiết Thiết Liên - (Độ dài 6m)",
  "12474096758565304087": "Kim Minh Trì…… Khai Phong Phủ…… Nơi nào không tốt hơn đây……",
  "12474145387474226057": "Ghi lại sau khi mở túi tiền",
  "12474148907023698207": "【Lối chơi】 Cuộc thi đánh cá",
  "12474167830465909028": "{} vượt quá cấp giới hạn, không thể nhận nhiệm vụ",
  "12474233749926865111": "Đại phu, ngũ tạng lục phủ của ta đau đớn vô cùng...",
  "12474272370529150605": "Viên Quyền Vĩ",
  "12474319574911550837": "Mô tả ký gửi đạo cụ",
  "12474342780631955096": "Tạo Kế Hoạch Mới",
  "1247445118285639743": "Từ Tâm Trấn - Điểm xoát tân Chiến lợi phẩm",
  "12474453676980482659": "Tinh lực",
  "12474455635998241499": "Trần Khải",
  "12474477942231589707": "Nếu khách quan muốn đồ còn sống, chúng ta cũng có thể xoay sở được.",
  "12474530183353905820": "Khách của Túy Hoa Âm",
  "1247454588539092351": "Công tắc Thang máy - Trắc thí 2",
  "12474566871041563303": "Phá Trúc·Phong đánh dấu suy yếu của ba người",
  "12474586795392568196": "Bóng hình nam tử",
  "12474612084246834678": "Một đoạn",
  "1247462780986165888": "Cần mẫn tận tụy",
  "12474629475398398326": "Chư sinh",
  "12474641165670084561": "Dạ Chước Lý Hương - Hoa Tín Phong",
  "12474688995905669854": "Tôn Giai Nam",
  "12474702159416053746": "Lưu Phái Tháp Khiên Ti · Lâm Tầng 2 - Túy Quyền Tinh Anh 1",
  "12474716438792209475": "Bảo Rương",
  "12474723641062786729": "Vị y sư đến từ Thanh Khê kia, một lòng cứu thế, ta cũng nhìn thấy. Giấy tay, ta giao cho ngươi, mong hai người hãy cân nhắc kỹ lưỡng.",
  "12474726152735989487": "Lão phu cái xương này, không chạy nhanh được nữa đâu!",
  "12474792316317094449": "· Tới cửa hàng bang hội mua phương thuốc có thể nâng cấp kỹ năng Huyền Hồ!",
  "12474810496997268407": "Hà Kỷ Hi",
  "1247481099764956104": "Mở ra có thể ngẫu nhiên nhận được một món trang bị trong bộ Yến Quy hoặc Giang Ngưng bậc 51, tối đa phẩm chất Tím, xác suất phẩm chất Tím thấp, và một quyển Tâm đắc Phá Trúc Phong.",
  "12474821223778702267": "Lăng Giai Hân",
  "12474855395513952423": "Tông Sư - Nam Trúc Biệt Viện",
  "12474898053024100864": "Hắc Thị Truy Đào - Khổ Lực Nam 4280",
  "12474898122431509312": "Nhất Diệp Bình Sinh - Tư Nguy Viên Cựu Chỉ - Bách Tính 9",
  "12474920253284129149": "Thiên Thượng Lai Dẫn Đạo - Phùng Như Chi",
  "12474942487038179668": "Sinh Thái Vật Chủng",
  "12474988611292649044": "Cửa hàng mẹ, danh tiếng biển hiệu.",
  "12475011247431828014": "Tâm pháp",
  "12475018713901297195": "Bắt đầu chuyển món",
  "12475153795958096364": "（Con ngựa này thở hổn hển vì mệt mỏi, dường như cần được cứu giúp...）",
  "12475154191441158290": "Thiếu hiệp, trạng thái đã điều chỉnh tốt chưa? Chúng ta thử lại lần nữa nhé.",
  "12475164240988288585": "Bạn cũ bạn mới, đâu lo tiền đồ không có tri kỷ.",
  "12475179818934716971": "Ta",
  "12475224479364690191": "Đoạn một",
  "12475238002561134201": "Bắc Minh Di Tích...",
  "12475274675627613607": "Không phải là không sớm một bước, không phải là không muộn một bước, vừa hay gặp nhau sao?",
  "12475284531335881494": "Hỏa Kiếm bị xóa, Tiểu Thập Thất mất toàn bộ buff và lá chắn",
  "12475345507829363177": "Đương nhiên là không học giỏi.",
  "12475402053627990027": "Thẩm quân Thường Bình kia, chẳng phải đã thượng thư xin mở kho phát lương rồi sao? Có kết quả chưa?",
  "12475446578127574983": "Thiếu hiệp nhớ chú ý giữ ấm cơ thể, có thể quay lại bên đống lửa để phục hồi nhiệt độ cơ thể!",
  "12475491928049906149": "Bảo",
  "12475495313166921977": "Thôi vậy",
  "12475501733742697942": "Văn Lại Chi Thanh - Thuyền Đặc Hiệu",
  "12475577978800491348": "Chu Vũ Lâm",
  "12475579913788893113": "Khoảng cách di chuyển tối đa của Lăng Vân Đạp tăng 20%.",
  "12475587059881929931": "Ẩn",
  "12475630791939400570": "Dân làng",
  "12475657163029940806": "Trương Chấn",
  "12475669212255453363": "Kẻ địch",
  "1247567699215715957": "Thiếu chủ, hay là ngài... nhanh lên một chút? Ta lo thay cho ngài đấy.",
  "12475732084907674859": "Tích Khiếu Vân",
  "12475737098250876610": "Quan binh Đại Tống",
  "12475753362880684234": "Thúy Điểu",
  "1247578264309043747": "Đối thoại",
  "12475802212793485936": "Miễn nhiễm hầu hết trạng thái cứng đờ khi bị đánh",
  "12475826033455073496": "Cộng Hội Hà Tây",
  "12475832213333654743": "Bất Tiện Tiên — Tinh Anh 1",
  "12475870841294501527": "Phía trước là cảnh sắc tuyệt vời."
}