{
  "10163983204984399859": "Trương Chấn",
  "10164015386753634136": "Mặc Sơn Đạo: Thưởng thêm khi thu thập vật phẩm cấp 3 độc tính",
  "10164036308601253819": "Đương nhiên chọn người giang hồ, ngươi là phải phi nước đại ngàn dặm đó!",
  "10164082263720250652": "Tam Canh Thiên: Nhập Môn Nội Môn - Bồ Đề Tội Thụ (Mô hình rỗng, treo cửa hàng)",
  "10164157153538018962": "Sinh Thái Vật Chủng",
  "10164172649466516203": "Giấc mộng Đông Kinh",
  "1016419730983822238": "Điền Dã",
  "10164212537389375710": "Bị bỏng bởi lửa, vật phẩm nhiệt độ cao, dễ gây viêm nhiễm.",
  "1016422834775278383": "Đi nào, em trai, chúng ta về làng, thay bia mộ trong nghĩa trang của làng, khắc tên của các nghĩa sĩ lên đó!",
  "10164357960453639681": "Thần tài phù hộ! Thần tài phù hộ! Ha ha ha!",
  "10164406318829188417": "Trúc Lâm Cựu Cư - Điểm Làm Mới Chiến Lợi Phẩm 111",
  "10164426234902438587": "Sinh Thái Vật Chủng",
  "10164450045102346680": "Mộc Hoàn Tử giảm giá, mua một cân tặng nửa cân! Số lượng không nhiều, tặng hết thì thôi.",
  "10164480737657911070": "Trúc Địch",
  "10164481691838000723": "Sử dụng vật này, có thể đạt được ngoại hình tương ứng.",
  "10164512012210696252": "Ta không phải hiệp khách cái đếch gì, cũng không có tên! Chỉ là một người mù mà thôi!",
  "10164570609688610847": "Quan hệ ngoại giao: %s/%s",
  "10164578371848798504": "Nhất Diệp Bình Sinh - Bánh Sen Giòn",
  "10164595920304758245": "Sát thương đoạn thứ ba",
  "10164602541071962244": "Cấu kiện xây dựng, dùng để dựng nhà.",
  "1016460990430691404": "Hai người đến phủ Thẩm, thấy Thẩm Ngọc đang ngồi trầm tư dưới ánh trăng, Tiêu Sử kinh ngạc như thấy tiên nhân giáng trần. Nhưng vẫn cố chấp chê bai tính cách của nàng.",
  "10164618411709497783": "Khách say hoa âm",
  "10164619246892502810": "Môn đồng",
  "10164636567076549915": "Súc Cốt Công - Tắm Bồn Tầng Ba 6",
  "1016465002176461567": "Điều tra",
  "10164683525516921099": "Đối thoại",
  "1016471229764035540": "Hoạt động Bách Nghiệp không đủ, không thể nhận thưởng",
  "10164745724070973175": "Bích Tuyền Sơn - Điểm Làm Mới Chiến Lợi Phẩm",
  "10164766195157722732": "Trò chuyện kết nghĩa",
  "10164781536746914600": "Đệ tử Tửu Hoa Âm",
  "10164789588728528806": "Dã Sơn Sâm",
  "10164892557828358983": "Văn Sĩ",
  "10164920609187584201": "Trận một",
  "1016493092669743292": "Ai muốn so tài với ta không, ai thắng ta, ta sẽ đồng ý ba điều kiện của người đó.",
  "10164949794606394001": "Đã nhận",
  "10164967056904951694": "Mặc Thành Bảng Nền 097",
  "1016496790996030167": "Áo khoác",
  "10165006005436076143": "Công nhân nông nghiệp cần cù, sống ở ngoại ô thành phố Khai Phong.",
  "10165028376701248701": "Hoàng Thử Lang",
  "10165044204128607106": "Nhậm Khoan",
  "10165049736372725335": "Tìm chủ nợ Hồ Nỗ Nhĩ thông qua giấy nợ",
  "10165056770769160660": "[Ngoại tuyến]",
  "10165069770578931965": "Đang tải dữ liệu",
  "10165082303024778079": "Cù Anh Hào",
  "10165121973283240764": "Thiếu Đông Gia, mang rượu về à?",
  "1016514353536677444": "Trương Tuấn Kiệt",
  "10165163391957609325": "Gây ra #G90%#E sát thương Đánh.",
  "10165196131292748532": "Nhặt lại ký ức",
  "10165223376930947847": "Đang tải",
  "10165234677556096661": "Vui lòng nhập từ khóa",
  "101652870862686737": "Đúng là câu tục ngữ—Chim khách chiếm tổ quạ!",
  "10165382836454119156": "Ẩn",
  "10165394814392560133": "Độc Sơn Lam Ngọc",
  "10165482764937155875": "Thuế thu nhập giao dịch hàng hóa trong thành phố",
  "10165485481802050612": "Bị bệnh kinh niên không khỏi, nên diễn biến thành căn bệnh này.",
  "10165517211001728193": "Khu Hành Chính - Ngựa",
  "10165533104966021776": "NPC Bầu Không Khí - Ngự Uyển Bắc - Văn Nhân Sĩ Tử 6",
  "10165547335955097206": "Thiên Diện Lang Quân",
  "10165548189019889879": "Khu vực biển chỉ dẫn Tâm Hồ Thiên Dạ 2",
  "10165563901829141574": "Nói mới nhớ, tại hạ thực sự rất tò mò, tại sao cửa hàng trưởng lại ra tay giúp lão trượng phu Lưu trả tiền?",
  "10165569006952338928": "Chu Vũ Lâm",
  "10165587801999685781": "Mật khẩu sai",
  "10165595888404920135": "Thiếu đông gia còn có tin tức gì về các thế lực mạnh ở cứ điểm, hoặc thắng tích xưa trong không gian hiệp khách không? Ta vẫn chưa nghe đủ đâu.",
  "10165614162494169729": "Nguyện cho những người cô đơn phiêu bạt, những người bệnh tật yểu mệnh, những người thế tục không dung... đều có nơi nương tựa.",
  "10165635617507321929": "Địa lao",
  "10165640283412587916": "Vũ khí, Nhẫn, Bội",
  "10165685827912090963": "Tương Hoa Tiểu Kiếm",
  "10165697975486497866": "Hoa Trung Thừa",
  "10165719341844340923": "Giải thích chế độ liên thông",
  "10165764621361102309": "Kỳ Ngộ Mỹ Thực Kế Thừa Giả - Dấu Chân",
  "101657735102850992": "Bàn là",
  "10165774606376590659": "Ly Nhân Lệ thì sao chứ?",
  "1016580140114464840": "Công thức Đan Vạn Tượng · Ngũ Đẳng",
  "10165826347523975956": "Lưu Đại nương, thật sao? Các vị thần tiên trên trời sắp giáng thiên phạt xuống Lĩnh Hạnh Thôn chúng ta sao?",
  "1016583913919378443": "Khu rừng các ngươi nói, có phải là Rừng Khô Sương Mù phía Nam không? Rốt cuộc trong khu rừng đó có gì, rõ ràng nguy hiểm như vậy, mà vẫn khiến các ngươi cứ thế lao vào?",
  "10165883757752174638": "Thương ở đâu? Để ta xem giúp ngươi.",
  "10165925888539051559": "Bầu không khí Làng Phong Khâu",
  "10165992816552243614": "Thọ Xương Phường - Tạp Mại Trường - Phú Nhân",
  "10166042790128295126": "Thương Cổ Vương (Không hiển thị billboard)",
  "10166116789823217701": "Lưu Minh Sách",
  "10166141210228097999": "Tử viết: Quân tử hiểu nghĩa lý, tiểu nhân hiểu lợi lộc. Ta báo quan, chẳng phải cũng xuất phát từ đại nghĩa sao!",
  "10166157302636947445": "Các vị vất vả rồi, chờ mương nước được xây xong, phía trên nhất định sẽ có phần thưởng hậu hĩnh!",
  "10166167393063896099": "Nhìn dáng vẻ ngươi là biết rất biết viết! Mau mở ra đi!",
  "10166252937157733537": "Cơ bản",
  "10166266985451155505": "Khi khí huyết dưới 60%, tấn công tăng 10%; khi khí huyết dưới 30%, tấn công tăng 20%.",
  "10166269593412514726": "Phúc Bồn Tử",
  "10166277674209644869": "Tăng kinh nghiệm cung cấp làm vật liệu điều chỉnh",
  "10166283572049483572": "Tấn công ngoại công nhỏ nhất #G+13.2#E",
  "10166331715300395891": "Bên kia hình như có người",
  "10166334925502182907": "Mở quan tài",
  "10166346520357215898": "Vô Danh",
  "10166350930597274108": "Huỳnh Uyên phòng thí nghiệm",
  "10166386493845337058": "Loại quà tặng",
  "10166409759715639480": "Thi Thiên Lai",
  "10166455287913053222": "Tàng Hiền Cương - Điểm Làm Mới Chiến Lợi Phẩm 28",
  "10166495085006587581": "Trần Gia Tranh",
  "10166556822211825298": "Hủy mục tiêu",
  "10166563752528496131": "Y Quán Tầng Hai Thám Hiểm - Rương Báu",
  "10166592115632666010": "Sử dụng xong, có thể mở khóa hình nền danh thiếp tương ứng, chuyển đổi sử dụng trong trang cá nhân.",
  "10166610349722714981": "Trục Tà Ninh Thần",
  "10166673567739562760": "Thử Nghiệm - Bách Nghiệp Phân Hồng - Mức Vốn 1000;2000 - Thành Tích Cá Nhân 60;150",
  "10166725696662809715": "Thử thách đột phá · Ngũ",
  "10166760746458402577": "Vương Trị",
  "10166841619378091203": "Trong Thiên Phật Cốc có một nữ tử thần bí, tự xưng là chuyển thế của Cửu Thiên Thần Nữ, tiên pháp vẫn còn, có đại năng khiến vạn vật thế gian chết đi sống lại...",
  "10166854926934997491": "Tống Triết Tông",
  "10166880206071199939": "Đang tại chức",
  "10166887815169053909": "Một đệ tử Thiên Tuyền mang theo một số trang sức, đi cứu giúp thiên hạ sau thảm họa ở Bất Tiên Tiên. Nếu tặng mỗi hộ 3 món trang sức, còn dư 1; nếu tặng mỗi hộ 5 món trang sức, còn dư 2; nếu tặng mỗi hộ 7 món trang sức, còn dư 1. Vậy đệ tử này khi ra ngoài ít nhất mang theo bao nhiêu món trang sức?",
  "10166902651814133804": "Tôn Giai Nam",
  "10166912534806135317": "Chuyển màu",
  "10166955851974187003": "Giai Nam Dật Văn, có một con hồ ly trắng như tuyết, ban đêm hiện ra quyến rũ, gặp phụ nữ thì biến thành nam tử đẹp trai, gặp nam tử thì biến thành mỹ nữ.",
  "10166975223805807601": "Đang nhận",
  "10167001251753400509": "Vậy ngươi bỏ cuộc rồi sao?",
  "10167054040420295435": "Chu Vũ Lâm",
  "10167137774820402969": "Nổ nhà kho thuốc súng",
  "10167141028481940312": "Lăng Giai Hân",
  "10167205076481583979": "Túy Hoa Âm - Không Khí Lầu Hai Phàn Lâu - Nam Khách",
  "10167224506675007166": "Uý Thiếu Viêm",
  "10167234117922917046": "Gây #G250%#E Đả Kích, có #G90%#E xác suất làm đối phương {com_huashu_slience_icon_96} Câm Lặng#G4#E giây.",
  "10167265334725191663": "Chẩm Trung Tán *2",
  "10167317298350476428": "Còn nói nhảm gì nữa?",
  "10167347751637209559": "Tú Kim Lâu - Tinh Anh Tuyệt Âm Bộ - Liềm (96003)",
  "10167354926842332214": "Không Phát Thưởng",
  "10167417109598404459": "Tấn Thành",
  "10167427618753408174": "Thử luyện còn lại: 28 ngày",
  "10167463574100472597": "Đào Yêu Xuân Hương Bội",
  "1016747219782816207": "Vũ Sư Nhân",
  "10167479859494666788": "Trần Gia Tranh",
  "10167520478001112352": "Hà Lạc Thị - Bì Phách Nhi",
  "10167529182196767816": "Âm dương giao cảm, sinh tử cùng ủ.",
  "10167554108150809469": "Hồ Kiện Lực",
  "1016764382376007938": "Kiến Long Quan - Đạo Tú",
  "10167662930029943870": "%s đến truy sát",
  "10167729999800484403": "Vân Tiểu Yêu",
  "10167756991852434712": "Cuồng Lãng-Trường thương-Công kích thường 5",
  "10167799331304713489": "Thê tử nhà ta... đó là nổi tiếng ghê gớm... Thiếu hiệp, phải không...",
  "1016782351146619945": "Đối thoại",
  "10167836587719827336": "Đoạn {}",
  "10167855931926336885": "Chúng ta 《Đông Phương Đệ Nhất Chi》 chỉ là báo nhỏ, không có tiêu đề hấp dẫn, ai dám nhìn xem chứ?",
  "10167887407407069225": "Khiên Ti · Lâm Tháp 2-2 - Tinh Anh Quyền Pháp Phật Gia Trại",
  "10167889953184687416": "Diệu Diệu Miêu - Quỷ Hỏa",
  "10167959629586641352": "Thẩm Thị Ngự Sử.",
  "10167959973177127420": "Bạch Mục Túc",
  "10167969649894210963": "Ngự Uyển Bắc - Khách Bộ Hành Du Xuân 2",
  "10167981768086866298": "Cứ Điểm Di Tích Cựu Thôn - Đại Tống - Quan Binh - Đột Hỏa Thương Binh (Đen - Phạm Vi Cảnh Giới)",
  "10168007549043257554": "Tôi là Uông Lam...... Trưởng lão thủ tọa. Đến đây chờ đợi thiếu hiệp,",
  "10168043599718602172": "Thạch Khối",
  "10168043690011142740": "Lật xem những ghi chép bị bỏ lại.",
  "10168075233199881118": "Ta biết rồi",
  "10168135389756008652": "Sinh Thái Vật Chủng",
  "10168171620691176872": "Khách quý Túy Hoa Âm",
  "10168257057012369932": "Chuột kỳ lạ - Bác Lãng Sa 15",
  "10168292620057130742": "Dưa lưới",
  "10168395698591862979": "Lục Lâm Tinh Anh Rơi Vật Phẩm Cấp Thế Giới 1",
  "10168420386352563152": "Phiên Bản Quy Trình - Truy Đuổi Chợ Đen - Dùng Cho Bầu Không Khí Bổ Đầu Nam",
  "10168427435632518270": "Chu Vũ Lâm",
  "10168441695115111617": "Trúng độc - Cấp 5",
  "10168512610128988708": "Lưu Vân · Nhị",
  "10168517523753552386": "Người trong giếng",
  "10168524725054188199": "Áo choàng ngắn do quân đội mô phỏng theo cướp ngựa Lục Lâm chế tạo, cổ tay buộc màu nâu đỏ, vai khoác áo choàng vải xám, dùng khăn che mặt, bí mật điều tra nguồn gốc ngựa.",
  "10168529909397723484": "Hoa Tulip",
  "10168569012991751712": "Nhận thêm Tứ Hải Tiễn",
  "10168578885982934893": "Lạc mã phu ở Hoài Tín Dịch.",
  "10168624741997265130": "Nhảy thần",
  "10168655259630031440": "Lục Văn Tín",
  "10168675722267338160": "Sa",
  "10168732439790845556": "Phó Bản Tân Thủ Thiêu Thảo – Mô Hình Rỗng",
  "10168764013336232612": "Hươu",
  "10168777235868975531": "Ngao tươi ngon, kết hợp với trứng hấp mềm mượt, sau khi ăn sẽ hồi phục từ từ 9000 điểm khí huyết trong 3 giây.",
  "10168784041416837286": "Thử luyện",
  "10168849982486829629": "Cái môn phái Phàn Lâu kia...",
  "10168892315165694556": "Cửu Khúc Kinh Thần Chủy là võ học của môn phái nào?",
  "10168920897850039929": "Trên sân có sự hỗ trợ chiến đấu của #HTượng Phật#E, #HTrị liệu#E từ các tượng Phật khác nhau có thể nhận được hiệu quả khác nhau trên sân. Tượng Phật thứ nhất: Mỗi khi hồi đầy #Hkhí huyết#E, sẽ phóng ra 10 luồng khí về phía xung quanh, ngẫu nhiên chọn kẻ địch trên sân, mỗi luồng khí gây sát thương bằng 5% khí huyết của bản thân, sau đó khí huyết giảm về 1 điểm.",
  "1016896315895632529": "NPC Bầu Không Khí Lăng Hạnh Thôn - Thôn Dân Lăng Hạnh Thôn (Nam) 1",
  "10168965651751434925": "Hàn Thiên Dạ Tường Không Khí 2",
  "10169008618718630574": "Lăng Giai Hân",
  "10169038332817769538": "Thưởng Tặng Lễ NPC - Lễ Bao Phổ Thông Nhất Cấp - Mai Hoa Mộc",
  "10169042091912630550": "Ừm... Trước kia nhiều chuyện đều không nhớ rõ, là sau khi ngươi chữa khỏi cho ta mới nhớ lại tất cả.",
  "10169143516125417555": "Thất Phạt Pha - Điểm Làm Mới Chiến Lợi Phẩm 316",
  "10169155426150745514": "Múa Lân",
  "10169205710482113702": "Viên Quốc Chấn",
  "10169213720893979218": "Hỷ cực",
  "10169231765791228483": "Đáng tiếc, ta không vào được đội này, nếu không bây giờ đã phát tài rồi!",
  "1016924321715132303": "Bão Sơn Hồ",
  "10169251270398465280": "Nhận thưởng truy nã thành công!",
  "10169291341026489513": "Đinh Kỷ Văn",
  "10169356580728713811": "Trang bị cấp 15, Định Âm Thạch, Chấn Ngọc, Kinh nghiệm, Đồng tiền",
  "10169452701050307591": "Bàn phím chơi nhạc 1",
  "10169455648744561709": "Thư giãn một chút……",
  "10169456619168162789": "Dùng để kiến tạo tổ hợp, xây dựng nhà cửa.",
  "10169475373942483702": "\"Chân chậm, không đánh được mạt chược!\" Để giúp bà lão giành được \"vị trí tối cao\". Triệu Nhị đặc biệt ra lệnh: Ai giúp bà lão giành được \"ngai vàng\" phong thủy trước sẽ được cộng ba điểm! Mau bế bà lão yêu thích lên và xông về phía trước đi!",
  "10169541526496698624": "Nam",
  "10169546021704659739": "Thanh nhiệt giải độc",
  "10169549230627340195": "Người câu cá",
  "10169597609435641446": "Hoàng Lạc Tư",
  "10169602296424748064": "【Chính Thức】Bảo Rương Mộc Chế Tứ Phẩm - Kim Minh Trì (Vô Truy Tung Tiêu)",
  "10169611350827085561": "Huỳnh Hỏa Trùng",
  "10169668324338788541": "Nhặt",
  "10169719252100037527": "Trò chuyện",
  "10169731823004535559": "Tỷ lệ lĩnh hội",
  "1016978383146915188": "Giai đoạn đầu đặc trưng bởi các triệu chứng như phát sốt, sợ gió nhẹ, miệng hơi khát, ho, mạch phù mà nhanh. Trong quá trình phát triển có hai trường hợp là thuận truyền và nghịch truyền. Thuận truyền là tà khí ở Phế Vệ không giải trừ, truyền vào Khí Phân bên trong. Nghịch truyền là nhiệt độc ở Phế Vệ đi ngược truyền vào Tâm Bao.",
  "10169807450767789034": "Lao về đích",
  "10169825207089175820": "Mạc Ngư Vương - Hạ Diệu",
  "10169826728141400731": "Vườn rượu cách biệt với thế gian ở phía Đông Lương Châu đã hoang phế, chỉ còn lại một người pha chế rượu kỳ quái, ngày ngày say sưa ở đây...",
  "10169836428453763879": "Thời gian còn lại lớn hơn {}",
  "10169880475574535673": "Truyền Động Hạp",
  "10169962880185924827": "Du Lập",
  "10170000283202938177": "Bảo Rương · Khai Phong",
  "10170007925163447209": "Tăng sát thương 33%",
  "10170035951680207509": "Nhảy lên",
  "10170044194755527821": "Mô tả khác",
  "10170050715991611775": "Trương Chấn",
  "10170120577470645016": "Bạch Mục Túc",
  "10170157576470467698": "Khử Cổ Hóa Độc",
  "1017022823580187936": "Chu Vũ Lâm",
  "10170229266237623962": "Mông Danh Hằng",
  "10170245264719590018": "Vương Trị",
  "10170250446046394119": "Khai Phong - Đích Đạt Quỷ Thị - Lâm Thời",
  "10170253545100677111": "Nguyễn Tịch",
  "10170323163475280329": "Đại hiệp, đại hiệp, nốt ruồi dưới chân ngươi có thể kêu bò kêu không? Ta nghe người đọc sách nói, nốt ruồi của người thông minh đều có tiếng vang, nốt ruồi ở chân thì kêu 'mò' à!",
  "10170326423737810703": "Chức năng này chưa được mở, thiếu hiệp xin vui lòng chờ đợi.",
  "10170403780951999106": "Dân làng",
  "10170408630542582995": "Muốn lấy Hương Nhu để thử Phục Linh, Phục Linh ở Linh Hạnh Thôn rất tốt, chắc chắn thứ làm thành nước uống cũng không tệ.",
  "10170424792088616831": "Nam tử trẻ tuổi tự cho mình là nữ nhân.",
  "10170452309425919376": "Bộ phận xây dựng, dùng để dựng nhà.",
  "10170464736197729753": "Bị vu oan: Có người đã vu oan cho ngươi",
  "10170499024414424121": "Trời quang",
  "10170579630216583088": "Ngủ Đạo Nhân Giai Đoạn 2 st",
  "10170618542635603970": "Tổ chức Bách Nghiệp đã mở hoạt động giới hạn thời gian, xin hãy trở về căn cứ để tham gia!",
  "1017069531667188080": "Trần Hiểu Hàn",
  "1017069764463637634": "Binh lính cấm quân Vương Đại Đởm",
  "10170715039333035549": "Tôn Giai Nam",
  "10170738485311226667": "Không tin",
  "10170760248701471902": "【Chính Thức】Bảo Rương Mộc Chế Tứ Phẩm - Khai Phong",
  "10170926546813027104": "Năm",
  "10170929628357630563": "Âu Dương Trọng Thảo",
  "10170937208341057435": "Thanh Nhiệt Bổ Tân",
  "10170946526126655183": "Giường massage",
  "10170999411386417466": "【Hồi tưởng - Thử thách】 Xuân Thu Biệt Quán Lý Hoán",
  "10171002972287673183": "Thủ lĩnh dã ngoại",
  "10171092447623658274": "Vâng... cha... cha gặp một người quen...",
  "10171095114623047630": "Trương Chấn",
  "10171172964179637138": "%d cái",
  "10171201110393577635": "Á! Thơm quá! Món cháo này ta có thể ăn mười bát!",
  "10171208588291070160": "Âu Gia Hạo",
  "10171219099297604501": "Yến Thập Lục đang khẩn trương viết mô tả của vật này.",
  "10171249368965978375": "Kỳ Ngộ - Đồng Tiểu Vân",
  "10171260787009559445": "Hồng Quan Tài - Hà Thanh Quân",
  "10171276110864226089": "Trương Ý",
  "10171286082377465611": "Triệu Thái Thành gia Y quán - Đại phu",
  "10171315228130814049": "Phần thưởng Hiệp Cảnh",
  "10171319709186580651": "Trần Gia Tranh",
  "10171335170121788466": "Làm một sổ sách giả cho hắn, giấu sổ sách thật đi, rồi bồi thường cho tên súc sinh này chút bạc, đuổi hắn đi.",
  "1017137827425249730": "Lưu Phái Tháp Liệt Thạch · Uy Tầng thứ 9 - Đại Tống Quan Binh Yển Nguyệt Đao 1",
  "10171392211268719450": "$T(2001)， điệu nhảy của Miệu Tâm có đẹp không?",
  "10171405374319602961": "Hoàng Vũ",
  "10171424214087876678": "Nhược thủy",
  "10171462441537757851": "Tham gia lối chơi tăng độ thân thiết, sau khi quen thuộc có thể tặng quà để tăng thêm độ thân thiết",
  "10171476955199425859": "Nếu thí chủ đã danh vang xa, xin hãy giao #Y Thanh Hà Trần Duyên#E cho ta, thắp hương lên đỉnh lò.",
  "10171514756992365963": "Giáp tay bán tay, thắt lưng",
  "10171593219590442912": "Đăng nhập game mỗi ngày là hoàn thành nhiệm vụ",
  "1017159959134962730": "Nói chuyện với đệ tử Cửu Lưu Môn ở lối vào",
  "1017161528829548754": "Sau {}, nhiệm vụ cần nhận lại",
  "10171690379172277040": "Sinh Thái Vật Chủng",
  "10171761486411298275": "Đoản Chi Tuyến",
  "10171774661886422957": "Hả? Ngươi vừa nói gì? Làm ta buồn ngủ quá……",
  "10171813348227726345": "Người chơi",
  "10171829486465012151": "Số bản thiết kế đang chỉnh sửa đã đạt giới hạn, không thể tạo bản mới, vui lòng lưu trước",
  "10171844125559146571": "Thiên Hổ Quân, Diệp Vạn Sơn",
  "10171969492541732574": "Khuẩn Tử",
  "10171972066536974673": "Than Vị - Đổ Thạch Than - Cô Vân Đệ Tử",
  "10171978998215899487": "Từng sợi từng sợi, đường kim kỹ lưỡng, hương thơm thoang thoảng.",
  "10171984499559404935": "Dây đỏ",
  "10172002288182910659": "Lý Gia Đống",
  "10172043567485463960": "Thọ Xương Phường - Thái Nhất Cung - Quan Viên",
  "10172046543556094167": "Tấn công Liệt Thạch tăng 10%. Khi nhận sát thương, sẽ gây một lần hiệu ứng giảm thương 10% lên nguồn sát thương trong 12 giây.",
  "10172104955971305866": "Hoa Biên Tiểu Báo - Báo Chí",
  "10172125264375284855": "Phòng Chí Cường",
  "10172256001756705337": "Họa tiết áo khoác",
  "10172260727312401079": "Cáp Lệ",
  "10172288021820922515": "Diệu Diệu Miêu - Quỷ Hỏa",
  "10172299367093468262": "Tăng cường sát thương",
  "10172321514200971140": "Kết giao bạn bè",
  "10172327169868809733": "Hoàn thànhThuật hoặc Xạ Phủ có thể tăng tư biện",
  "10172347405734660341": "Phá Giới Đầu Đà",
  "10172354287361518197": "Lý Gia Đống",
  "10172414241261311781": "Thọ Xương Phường - Lân Đài - Quan Viên",
  "10172427974867894354": "Thử thách Ẩn Lục",
  "10172440109633914767": "Ngọc Mã Hành - Lục Lâm Phỉ NPC",
  "1017248100805497039": "Truyện kể",
  "10172519674363351572": "Hoàng Đồng - Điểm Nhiệm Vụ Bách Công",
  "10172525116084595358": "Năm 755",
  "10172556531779787712": "Mục tiêu không nằm trong khu vực thi đấu",
  "1017259742309131893": "NPC Thiếu Nữ Trắc Thí",
  "10172629966019465060": "Thái Bình Chung Lâu - Điểm Làm Mới Chiến Lợi Phẩm 68",
  "10172651557435653619": "Yến Kê đề cử",
  "10172656485560615630": "Ta làm vậy mà… Rốt cuộc chỗ nào sai vậy?",
  "10172739028797052979": "Vạn Nhân Điện Tổ Bầu Không Khí 6",
  "10172751098448077598": "Bao Tiểu Nhỏ",
  "1017278691887859860": "Ta đã nghĩ kỹ rồi. Lần này, ta nhất định sẽ lọt vào bảng danh sách Yến Lạc Phường!",
  "10172811245380993512": "Đả Thiết Hoa - Thành Nam"
}