{
  "11120461195248415891": "Trương Tuấn Kiệt",
  "11120463728869619897": "Nhiệm vụ ủy thác Dịch Dung",
  "1112048159043185884": "Đã vào tù, phải lao dịch ngày thường, tối tự xét mình. Rửa tay gác kiếm, sớm ngày trở lại đường chính!",
  "11120535438395404717": "Sinh thái Vật chủng",
  "11120537791391381573": "Quần chúng cầm đuốc từ trên trời xuống",
  "11120539859109690184": "Thiết Tú Cầu",
  "11120633452485240907": "Hoạt động 7: Kéo người dùng mới và thúc đẩy hoạt động đa chiều trên nền tảng kênh",
  "11120656881628582836": "Đom đóm",
  "111206616175291661": "Sư phụ, dám hỏi nơi này đã xảy ra chuyện gì, vì sao trong chùa lại tiêu điều như vậy?",
  "11120696977067857424": "Nhậm Khoan",
  "11120713910757529980": "Phòng Chí Cường",
  "1112073949201635374": "Dưới mái hiên treo",
  "11120751312329928088": "Từ khí",
  "11120762638079261867": "Hí Du Giang Hồ",
  "11120765851961840132": "Phòng Chí Cường",
  "11120788932306964520": "Tổ hợp kiến trúc phong cách số 1 Quán tắm trăm ngành",
  "11120799187401541832": "Mấy tháng trước, hắn nói đi Trại Mã Bất Phục chọn ngựa, rồi mất tích cả mấy ngày! Trại ngựa ở ngay bên cạnh, đâu cần lâu như thế, ngươi nói hắn có phải đang lừa người không?",
  "11120827960174266565": "Ngoại ô phía Tây Khai Phong - Bầu không khí dạo chơi",
  "1112089841691247675": "Trần Thần",
  "11120935160216469014": "Kỳ ngộ hoa hải",
  "11120940241395653460": "Thuộc tính cơ bản #{8c5823}Sinh kế#E tăng %s",
  "11120961851789528219": "Quy tắc mục tiêu",
  "1112096827666235250": "Khiên Ti · Lâm Tháp 3-1 - Thủ lĩnh Lưỡi hái Tú Kim Lâu",
  "11121125236211685405": "Truy nã đao chết người… Đây là lệnh truy nã sao?",
  "11121128452626659149": "Thông úa dựa vách đá dựng đứng",
  "11121128460732756934": "Hoan nghênh lần sau đến.",
  "11121143894624327359": "Nhấn giữ khoảng trống trên màn hình/Hai ngón tay chụm lại trên màn hình để vào trạng thái chỉnh sửa, nhấp vào Thêm tiện ích (tạm thời chưa hỗ trợ hệ điều hành HarmonyOS gốc)",
  "11121170090206821143": "Bức tường không khí ngắn",
  "11121247672307432674": "Ngươi đang định làm gì vậy, lão thân nhớ mặt ngươi rồi đấy!",
  "11121262526493112249": "Bảo rương · Khai Phong",
  "11121272390564412103": "Nhiệm vụ phái đi không tồn tại",
  "11121419462169136963": "Quạt chạm",
  "11121481654893919953": "Gỗ phong, có thể dùng làm nguyên liệu.",
  "11121566186070898388": "Câu Lan Ngõa Tứ - Bầu không khí mới",
  "1112156841419354101": "Nhưng kỳ lạ... thường ngày cũng sẽ trở về. Có một người quái dị, hôm đó, có liên quan?",
  "1112158774776949745": "Huỳnh Uyên - Vòng đầu tiên - Gã béo",
  "11121633386976381191": "Đối thoại",
  "11121636272210017480": "Tễ Vũ Lâu - Tiệm thuê ngựa 3 - Đối thoại khách thuê ngựa - Đơn Bạch Thư Từ",
  "11121642372732380707": "Bạch Lang Chủ",
  "11121695326138933263": "Bức tường không khí của BOSS Quỷ Công Tử ngoài dã ngoại",
  "11121702517310418023": "Huynh đệ yên tâm, đã đến Thanh Giao Đường của chúng ta từ Xích Long Đường, thì tuyệt đối không có chuyện phải đói nữa!",
  "11121747066278942380": "Chờ công nhân gia công là tự động nhận được các bộ phận thuyền vẽ",
  "11121753222558768298": "Nhuộm highlight",
  "1112176429357078593": "Hả? Vậy đại thúc vừa rồi tại sao lại...?",
  "11121815397752282416": "【Chính thức】Bảo rương gỗ Tứ phẩm - Khai Phong",
  "11121912692176218400": "Thậm chí còn say rượu một trận.",
  "11121950542230120242": "Gãy xương",
  "11121966239521092835": "Lục Quế Phường",
  "11121973552166863129": "Kiểm tra luyện võ tượng đá",
  "11122047511325346570": "Tang Hồn Lâm - Khu vực chiến trường ăn gà - Thương nhân chiến trường - Ngẫu nhiên 5",
  "11122071707115345281": "Triệu Khuông Dận",
  "11122095722168355292": "Đối thoại",
  "11122200344073200370": "Khu vực cấp 3 Hà Tây - Pháo đài chiến trường",
  "1112225984599454250": "Doanh địa Khai Phong - A8 - Cận chiến Tú Kim Lâu",
  "11122317062509348786": "Cầm cố thành công",
  "11122346719420074470": "Tướng Quân Từ - Điểm làm mới Chiến lợi phẩm",
  "11122352955290714268": "Gà Hà Điền (Gà mái)",
  "11122360450243959266": "Thiên Nhai Khách - Bạch Thảo Chi Dã",
  "11122368882981039753": "Bắt đầu vẽ",
  "11122374969632007425": "Thiếu chủ, bí kíp phải luyện lén, đừng để kẻ trộm học lỏm!",
  "11122398918487956428": "Đừng......",
  "11122416454923839515": "Mộc Tam nương, người dân Xích Long Đường",
  "11122429645032472929": "Phục Mã Trang - Điểm làm mới Chiến lợi phẩm",
  "11122525489577990717": "Yêu thương lớn",
  "11122564433062551358": "tiếng",
  "11122585710957800848": "Hà Mãn Nữ",
  "11122588027432495325": "Thưởng điểm Vật phẩm Bác vật theo danh mục",
  "11122591472886514395": "Bất Tiện Tiên - Thêm mới điểm làm mới Chiến lợi phẩm 176",
  "11122599128041947816": "Đang đi đến chế độ liên kết",
  "11122615389673977011": "Đối thoại",
  "11122710477953105167": "Vào cửa tương tư, biết nỗi khổ tương tư của ta. \nNhớ thương dài lâu, nhớ thương ngắn ngủi, nhớ thương vô tận.",
  "11122719696437139281": "Không rõ ràng......",
  "11122722040810550327": "Biệt quán - BOSS - Bức tường không khí",
  "11122822503439243230": "Tú Kim Vệ",
  "11122866391600195517": "Phá Quân Sát Tướng lối chơi, tăng sát thương #Y+4%#E",
  "11122884413737686877": "Nói chuyện với Đơn Vị A",
  "11122885515049194828": "Lần đầu tiên mở khóa phần thưởng độc quyền",
  "11122927969606116812": "Thôi Đại Ngưu",
  "11122932979149654412": "Hả? Bé con! Trùng hợp quá! Ngươi cũng đến xem kịch à!",
  "11122963970652365171": "Tỷ lệ thấu hiểu trực tiếp|780|#C|150>Tăng#Y{0:.1%}#E.",
  "11123007328048812932": "Trần Gia Tranh",
  "1112306245149788223": "Trần Gia Tranh",
  "11123067651252819744": "Khách tĩnh mô hình chung 5 - Thợ rèn",
  "11123069541027210893": "Chủ tuyến Khai Phong",
  "11123083164634201556": "Tầng thứ Tám - Đợt 1 - Lượt 2 - Mộng Khôi béo 2",
  "11123109961910875324": "【Yên Vân Thập Lục Thanh】{} mời bạn hỗ trợ nhiệm vụ {} Nhấp vào liên kết để mở trực tiếp, hoặc sao chép toàn bộ văn bản để mở Yên Vân Thập Lục Thanh, bạn có thể tham gia lối chơi {}",
  "11123199723066899949": "Phi Hoa · Nhất",
  "11123217485865827586": "Mạch Hương Tập - Công nhân",
  "1112325692246263497": "【Diệp Tử Hí - Trang trí bàn】Bài Diệp Tử (Chỉ mô hình)",
  "11123287281970181930": "Ấn thụ có ghi ba địa danh Mạc Châu, Oánh Châu, Ninh Châu.\n《Cựu Ngũ Đại Sử》 ghi chép: Trận chiến này, quân sư mấy vạn, không mất một mũi tên, các thành trì biên giới đều đầu hàng không kháng cự.\nCuối đời Thế Tông, Trung Nguyên không tốn một binh một tốt, đã bình định vùng đất Quan Nam, giành được ba châu Yên Vân, tổng cộng mười bảy huyện.",
  "11123289651231518272": "Thời gian còn lại lớn hơn {}",
  "11123292276417381901": "Thời tiết đặc biệt",
  "11123299343275468495": "Cách chơi bắt ngựa",
  "11123321988862518093": "Tranh: Khách giang hồ ở bến đò",
  "11123331609718472333": "Nhất Diệp Bình Sinh - Khu phố Đại lộ Nam Môn - Tiền Hà Tích",
  "11123339179225381570": "Kiến Long Quan - Đạo Tố",
  "11123340897708238719": "Trần Khải",
  "11123357698206144286": "Mạch Hương Tập - Bảng nền tuần tra",
  "11123361212872434539": "Trương Đại Tráng",
  "11123404255548066653": "Ngươi xem, tối qua ta có ngoan ngoãn ở nhà không?",
  "11123405016551871867": "Hội Võ 2V2",
  "11123448866605868323": "Tạo ra bốn bức tường gió theo hướng phía trước kéo dài #Y12.6 giây#E, tạo thành một vùng gió hình vuông, cản trở hành động của phe địch.",
  "11123461696570353624": "Tên boss",
  "11123518753166044454": "Chu Vũ Lâm",
  "11123526900924076068": "Câu cá",
  "11123612743152192068": "Lâm Vãn Ngọc",
  "11123629235440443123": "Sát thủ đơn độc",
  "11123641115241603027": "Ngoại ô phía Bắc Khai Phong",
  "11123653422845534848": "Tranh Bá Thoại Thuật",
  "11123665814848451822": "Hồ Kiện Lực",
  "11123693426441727372": "Nhậm Khoan",
  "1112369347833394465": "Đối thoại",
  "11123770896361854246": "Khí lượng",
  "11123807332025097266": "Cơ quan phản xạ gương đồng trong phòng Phật Quang Đỉnh 1 (Lắng nghe điểm huyệt)",
  "11123822952976018429": "Cốt Liễu",
  "11123867943565398945": "Khối đá",
  "11123921588550354984": "Túy Hoa Âm - Bầu không khí cửa tiệm - Tiết Tùng Nham",
  "11123935555790225148": "Quái nhỏ cá sấu",
  "11123937479620435524": "Chu Vũ Lâm",
  "11123958795502451842": "Boss hoang dã - Quỷ Thủ - Khó",
  "11123968602331388457": "Rút thẻ - Xem trước Tuyết Mãn Xuyên",
  "11123985654077787592": "Ôi, thiếu hiệp cũng là khách giang hồ muốn tìm bảo vật ở Ẩn Vụ Lâm sao? Trước khi đi xem quẻ đi, giúp huynh tránh hung gặp lành, hóa giải tai ương!",
  "11123987174109107125": "Thọ Xương Phường - Thủ Cụ Sở - Quan viên",
  "11124033379368728687": "Thành phần để xây dựng, dùng để dựng nhà.",
  "11124108485880881523": "Chết rồi?: %s",
  "11124119796902209060": "【Sự kiện đa người chơi - Huyền Hồ Tế Thế】Loại 2 - Thực thể trống - 5",
  "11124125685564506787": "Đới Phái Kỳ",
  "11124133180915967303": "Trò chuyện phiếm",
  "11124152932629484833": "Đan Nhai - Điểm làm mới Chiến lợi phẩm 113",
  "11124200961239156507": "Thi Hương Ma Dụ",
  "11124228929290119844": "Kiểm tra làm mới quái",
  "11124292896435807961": "Đã nhận",
  "11124303257083281817": "Thương tích nội bộ",
  "11124318691993988120": "Vũ khí {} đã chuyển hóa thành phụ kiện ngoại hình thành công",
  "11124358774168325580": "Dài ngắn",
  "11124395926290840003": "Bảo rương · Khai Phong",
  "11124410363853026062": "Anh Triệu, huynh lại đi khoe khoang về đệ ngoài kia à?",
  "1112441814966604198": "Chu Vũ Lâm",
  "11124479551103821446": "Hỏi trên đó có gì?",
  "11124496820547946328": "Sinh thái Vật chủng",
  "11124501490084948626": "Trần Hiểu Hàn",
  "11124520835332763606": "Hành tây",
  "11124544618438100661": "Khách giang hồ",
  "11124613597804297909": "Quạt gió có lồng",
  "1112465757275544494": "Cái gì?",
  "11124733861759999446": "Lão hiệp truyền kỳ",
  "11124743404926318237": "Ân oán phải đòi, Tạng Phủ cũng phải lấp đầy.",
  "11124783409828616222": "Thái Nhạc Đài - Binh Sĩ Huyền Nguyên Giáo - Tinh Anh Đồng Tiền Kiếm",
  "11124852629709222330": "Phòng Chí Cường",
  "11124891248972649352": "Phi viêm tẩu bích",
  "11124920027458613779": "Trong bể thưởng công pháp gồm 7 phần thưởng, mỗi lần rút thưởng chắc chắn nhận được một trong các phần thưởng, trong vòng 7 lần (bao gồm 7 lần) chắc chắn nhận được tất cả phần thưởng",
  "11124954058726817540": "Hầu Hiểu Đào",
  "11124954819775471803": "Thiên Địa Vạn Lại Hồ Điệp (zz",
  "11124957035176892454": "Ta tặng tiểu hữu một lời khuyên, trong thành này, có kẻ đang tìm cách gây sự với ngươi.",
  "11124987928359515377": "Trứng Phục Sinh Mạc Kim 2",
  "11125000261170406216": "Tro hố",
  "11125065712752525007": "Chuyện kể ẩm thực",
  "11125079218824931258": "Đấu khẩu",
  "1112515309827696426": "Từ biệt",
  "11125161486256881947": "Thầy thuốc #Y{0}#E",
  "1112517377298533842": "【Đang Thi Công】Cấp Độ Thế Giới - Quan Binh Đại Tống - Kỳ Xí Hiệu Giác",
  "11125207126506969690": "Trần Khải",
  "11125220871342551956": "Có tin đồn là hắn đã xuất hiện ở Hoang Thực Lâm phía Nam.",
  "11125291270594602764": "Nhập môn - Lê Viên",
  "11125301114156478718": "Trung Sơn Di Chỉ - NPC Nhiệm Vụ Tiểu Thanh",
  "11125305173981077829": "Sinh Thái Vật Chủng",
  "11125305527558641614": "Chu Vũ Lâm",
  "11125355921073615379": "Vung chém (Đòn đánh thường 3)",
  "11125360569516274820": "Ly Hỏa Địa Tạng",
  "11125368879840800666": "Hả? Ngươi không muốn ta báo quan sao? Ta không quản được ngươi đâu, để quan phủ nói chuyện với ngươi đi!",
  "11125372748275402215": "Thọ Xương Phường - Khu Thương Phố b - Chưởng Quỹ",
  "11125375009160155259": "Túy Hoa Giản",
  "11125495234299447141": "Dùng thử {0} sẽ hết hạn sau {1} phút",
  "11125497921915451105": "Ta vốn cho rằng lời của Hình Sơ Lập nói quá lời, không ngờ lần này hắn lại nói thật.",
  "1112551707216253609": "Đại Mê",
  "11125543055228408859": "Mở chi tiết",
  "11125556452445636522": "NPC Bầu Không Khí Phong Hòa Thôn - Cửa Thôn - Thôn Dân Vác Đống Lúa",
  "11125560232920409922": "“Thiếu hiệp nơi đây, công huân từng vào tranh vẽ, danh tích sau này muôn đời thơm lừng.”",
  "11125632722910900972": "Đại Chùy",
  "11125647432252549046": "Hắc Y Nhân Cung Tiễn - Bắn Người Chơi",
  "11125668281057316956": "Bỏ đi",
  "11125698128158897851": "Lăng Giai Hân",
  "11125725789850529680": "Sinh Thái Vật Chủng",
  "11125733448907103330": "Kết giao bạn bè",
  "11125747020844542072": "Nói đi nói lại ngươi cũng không xem anh em của ta là ai. Hắn vốn là đệ tử Thanh Khê, sau đó lại được tu bổ nhiều năm ở Hối Dân Hòa Tế Cục đối diện, nói là Thánh Thủ đương đại cũng không quá đáng.",
  "11125750163280348631": "Dù · Nhảy",
  "11125757721653776527": "Entity Kết Toán Cơ Quan Phún Thủy",
  "11125779177815106581": "Bác Lãng Sa - Vạn Thắng Trấn - Đại Hán Nghỉ Ngơi 3",
  "11125805939258560378": "Xạ Can",
  "11125821955455441571": "Trương Chấn",
  "11125829301102262328": "Sinh Thái Vật Chủng",
  "11125830378097296848": "Đạo Cụ Võ Học Cấu Hình Riêng, Dùng Để Giới Hạn Số Lần Thâu Sư",
  "11125839006476266137": "Đã chọn chiến lệnh, không thể mua",
  "11125934759734316519": "Điều Sắc",
  "11125939025482825253": "Trương Chấn",
  "1112596096546359088": "Ha ha ha ha ha, được rồi được rồi, nương không cười nữa, không cười nữa!",
  "11125999427075265157": "Âm thanh của Thương điệu, âm thanh thanh hòa, như mùa xuân giao mùa, sinh cơ tương thừa. Có thể ví với việc truyền đạo dạy nghề.",
  "11126001675551018134": "Sao thế? Nhìn bộ dạng đầu bù tóc rối của ngươi, giống như làm mất thứ gì đó?",
  "11126015957911091920": "Lý Nghiên",
  "11126025325217924460": "Cộng Công Đài - Hộp Bánh Răng",
  "11126106746691544572": "Các loại cá có thể câu được",
  "11126119443569247801": "Mũi tên dài xé gió từ phía sau lao tới.\nNgươi quay đầu nhìn lại, vị tướng trẻ tuổi ung dung bước tới, dẫn theo binh lính vây chặt lấy ngươi.",
  "11126151058749659997": "Tiểu Thụ Chi",
  "11126181114913913131": "Ta là do tỷ tỷ Bạch Dung đích thân đưa lên thuyền, ngươi sợ là lẻn vào đi.",
  "1112619148159680689": "Muốn giao chiêu sao?",
  "11126226639342401982": "Trần Khải",
  "11126264189488637801": "Bách Nghiệp - Nhà tắm - Tổ hợp kiến trúc phong cách số 1",
  "11126280764118589681": "Khách quan có phải cũng không ngủ được sao?",
  "11126281490740826510": "Nguyện cùng người đẹp tấu nhạc",
  "11126284266466961963": "Không rõ...",
  "1112631895058330416": "S3 - Phần Thưởng Chiến Lệnh - Trả Phí Cấp 43",
  "111263257661937633": "Hộ Tử Kim Đê - Đỗ Liên",
  "11126328753948822880": "Đậu thuyết",
  "11126328778003972126": "Bướm nhảy hoa bay",
  "1112633894970482625": "Khám phá thế giới lớn",
  "11126355684727297931": "Dân làng Phong Câu",
  "11126433381544685136": "Cỏ Thám Cảnh Cấp 2",
  "11126482220556989021": "Ông nội khách sáo quá, chỉ giúp một chút việc 'không đáng kể' thôi.",
  "11126488231412122467": "Sinh Thái Vật Chủng",
  "11126520806766178570": "Bất hối",
  "11126538959694635481": "…………",
  "11126567466639023850": "Quả là ngoạn mục!",
  "11126588885838962279": "Phần Thưởng Đoạn Vị 3-2",
  "11126628768330395708": "Ngồi Nói Chuyện - Công Cộng Dục Trì",
  "11126632548173251812": "NPC Bầu Không Khí Linh Hạnh Thôn - Dì Tô",
  "11126633290920031517": "Còn nói thị trường không tốt, bảo chúng ta đừng nói ra, kẻo người khác ghen tị.",
  "11126634088240384759": "Phương thức bổ sung",
  "11126634641763127418": "Thiên Phật Thôn - Điểm Làm Mới Chiến Lợi Phẩm",
  "11126647028818590708": "Hoàng Vũ",
  "11126648151587418896": "Phật Quang Đỉnh - Phân đoạn chạy bộ 6",
  "11126655228575195015": "Nhất Diệp Bình Sinh 3 - Bảng Nền",
  "11126701652757095207": "Khụ, còn nửa tháng nữa mới đến ngày nộp lương thực, không nộp được lương thực là tội đáng chém đầu.",
  "11126710098084580096": "Vượt qua thử thách - Tam",
  "11126751721405696170": "Vô Song Thế",
  "11126774606117874676": "Tăng cường tấn công",
  "11126781119128653074": "Đại ca Phùng",
  "11126805450238476721": "Trần Sinh",
  "11126808516031736833": "Kích hoạt cơ quan bên ngoài",
  "11126842391346150574": "Đây là lần đầu tiên ngươi chứng kiến cảnh tượng kỳ diệu như vậy. Trên cây Bồ Đề cao lớn thu hút mọi ánh nhìn, treo đầy các loại thẻ máu. Cứ như thể vạn kiếp tội nghiệp từ các thời đại tụ lại nơi đây vào lúc nửa đêm, và cái cây tội nghiệp Bồ Đề này dường như không chịu nổi gánh nặng, nhưng nó vẫn cố gắng chống đỡ thân mình, mang tội mà tiến lên. Ngươi treo thẻ máu lên cây, sau đó ngồi dưới gốc cây trầm mặc suy tư.",
  "11126893578106395331": "Mẫu Tường Không Khí",
  "11126926734392843646": "Minh Kim",
  "11126939395218727243": "Ta cảm thấy... ngươi không giống người như vậy. Nhưng cha và mẹ sẽ không lừa ta, nên ta phải suy nghĩ kỹ một chút.",
  "11126980467172832814": "S1 - Phần Thưởng Chiến Lệnh - Trả Phí Cấp 53",
  "11126992089540937306": "Không đề cử",
  "11127007391955614469": "Ba mươi năm trước, nàng đã từng sống lâu ở #YHoang Hồn Thôn#E gần đó, trong #YHuỳnh Uyên#E, mang trong mình ước mơ khiến một quốc gia trường thọ và tình cảm thầm kín không lời.",
  "1112703362672730658": "Đấu kiếm",
  "11127088727207805374": "Kim Chinh - Đế Xích Sắt",
  "11127091930834864878": "Đại Ma Thánh Bảo",
  "11127103876665311594": "Ô Nha",
  "11127163701245981071": "Như nấu ăn thích cá… Tôi đã mang cá tới.",
  "11127224735775502533": "Đệ nhất lưu nhân gian",
  "11127241186957132551": "Trung Sơn Di Chỉ - Cơ Quan Nhân 4 - Có Đế",
  "1112730854205074698": "Từ bi khó độ ác đồ, tài cụ tham lam vô tận, nắm lấy đao đồ tể, trợ giúp hắn siêu sinh!",
  "11127318466608614433": "Người già bị thương",
  "1112748139679435940": "Nhưng nhỡ đâu năm nay lại xảy ra chuyện gì ngoài ý muốn thì sao....",
  "11127513798075737510": "Sinh Thái Vật Chủng",
  "11127517250528061947": "Chướng Ngại Vật - Mã Xa 13",
  "11127550647261813170": "Trương Liên Hâm",
  "11127617122408932815": "Ngươi nói là Tứ sư huynh Nguyên Sâm của ngươi sao?",
  "11127625501337845990": "NPC Nam Trưởng Thành Thử Nghiệm",
  "11127628217049041164": "Là ở kho lương xảy ra đánh nhau sao?",
  "11127630681478417771": "Được, không còn chuyện gì nữa chứ? Vậy ta đi trước đây.",
  "11127642443838954612": "Sinh Thái Vật Chủng",
  "11127710687594462147": "Tiêu Sử từ nhỏ đã thông kinh sử sách, Kinh sử Tử Tập không gì không thông, hơn nữa văn chương tinh tú, thơ từ ca phú đều có sở trường. Điều đáng quý hơn là, chàng khiêm tốn có lễ, chưa từng tự phụ tài năng.",
  "11127749074470668345": "Chậm đã chậm đã! Khụ, chuyện này, chuyện này sao lại bái sư rồi, chuyện này để sau hẵng bàn...",
  "11127825397244185375": "Dù là tôm, hay là cá, cho dù không thể trở thành Giao Long, nhưng ta đã xông pha, cũng không hối tiếc.",
  "11127902313671269001": "Kim Ngọc Thủ - Kim Chinh Định Hướng",
  "11127935981789648712": "Tự do",
  "11127971563729368249": "In thêm một nghìn bản",
  "11128007016810381968": "Thành phần xây dựng, dùng để dựng nhà.",
  "11128016224516912357": "Ngươi xem hai đứa ngốc kia kìa, thú vị ghê~",
  "11128043772530790898": "Vào thời điểm Hoa Triều, gió tin nổi lên. Tứ Hòa Hương có thể tham gia cuộc thi tuyển chọn Hoa Tín Phong tại hội này.",
  "1112806902523138761": "Họa Phảng - Tương Phác",
  "11128168280543211212": "Trốn vào đường tắt",
  "11128169349011142677": "Đoạn ba",
  "11128214234504772999": "Anh Anh",
  "11128275399356116652": "Kỳ Ngộ Hạ - Nhiệm Vụ Lật Chuột Hamster",
  "11128331334265607036": "Tiêu diệt tàn dư Xích Long Đường ở Xích Cương",
  "11128339028959830216": "Đạo sĩ Kiến Long Quan",
  "11128347472748145342": "Không trang bị võ học",
  "11128388459946188993": "Giai đoạn tiếp theo: Âm trùng điệp - %s",
  "11128411295143453677": "Đối thoại",
  "11128424645980279778": "Độc Tinh",
  "11128444241741321785": "Chi Lộc (Đực)",
  "11128450506532220333": "Đan Nhai - Điểm Làm Mới Chiến Lợi Phẩm 291",
  "11128524046367906377": "Trần Hiểu Hàn",
  "1112853512149117193": "Ngăn chặn",
  "1112871844431263030": "Với tư thế giết thần, đứng ở vị trí của kẻ giết thần, có thể khiến kẻ giết thần hiện thế.",
  "11128763844652782431": "Thâu Sư - Thiên Tuyền - Đệ Tử 1 - Đối Thoại Bầu Không Khí 2",
  "11128780937410465866": "Thiên Thu ở trong ta, công tội mặc người nói.",
  "11128807134753834294": "Giang Nhất Thủy",
  "11128874636049814048": "Đến giờ về nhà đã gần muộn, duyên phận đã có người trông nom, ngươi quyết định mau chóng quay về.",
  "1112891233958223684": "Du Lập",
  "11128933553859690436": "Chiến Lệnh Tuyển Tập",
  "11128944164147125277": "Phòng Chí Cường",
  "111289462328580642": "Tăng <Huyết khí tối đa|780|#C|13>, hiệu quả tăng theo cấp độ chế độ đơn nhân (Hiện tại: #Y{0:.0f}#E điểm).",
  "11128962896286343110": "Thao tác tặng quà quá thường xuyên, vui lòng thử lại sau",
  "11128965113383779893": "Xin lỗi xin lỗi, không ngờ ngươi phản ứng lớn như vậy.",
  "11128979469669196990": "Trò chuyện với Trần Tiểu Vũ.",
  "11129003444035682805": "Triệu Phổ Trạch - Tranh điều khiển năng lực ngầm mới"
}