{
  "10441476568233545095": "Dải lụa buộc hoa",
  "10441569517704771834": "Đang lấy dữ liệu",
  "10441574056242710418": "Hừ... Bây giờ muốn đi thưởng hoa trong Ngự Uyển, còn phải đi đường núi quanh co. Leo mệt chết đi được!",
  "1044157749419398040": "Trang trí",
  "10441586218866562852": "Âu Gia Hạo",
  "10441595689711591322": "Hướng dẫn lối chơi",
  "10441595928907880339": "Hòa minh 50 lần",
  "10441628997257863358": "Sợi dây này... bị cắt đứt à! Ai đã trộm ngựa của chúng ta?!",
  "10441631387293047137": "Thị dân chúc mừng năm mới.",
  "10441661833022336177": "Vô Diệp Thư - Quyển Một",
  "10441672824515779755": "Ngưng thần",
  "10441674031992260978": "Bách Nghiệp Quan Chiến - Không Mô Hình",
  "10441700053509097930": "Sinh Thái Vật Chủng",
  "10441701956645319566": "Tà váy",
  "10441725183231890112": "Sinh Thái Vật Chủng",
  "10441726976682356196": "Khu Thành Môn - Tiệm Thịt Tươi - Tôn Đại Nương",
  "10441727626683700370": "Vứt bỏ",
  "10441769863350794567": "Nam cấp cao Ngoại Môn Mặc Sơn Đạo",
  "10441774819341698543": "Nhìn bộ dạng ngốc nghếch của ngươi, chỉ là không hiểu gì về thơ từ ca phú, về nhà học Tam Tự Kinh tiếp đi!",
  "10441807678231962760": "Xoay",
  "10441847813875735092": "Boss Ngọa Đạo Nhân - Kích hoạt vào trận - Khu vực quản lý quy trình",
  "10441860190737084297": "Bảo tiền",
  "10441870608490012882": "Đối thoại",
  "1044190830714549825": "Đậu phộng",
  "10441928320889865059": "Thiết Thụ Địa Ngục - Biểu Diễn Tiếp Thị Phan Pháp Định",
  "10441957057885176199": "Trong Hố Tro - Cái Bang 4",
  "10441961406405241746": "Sử dụng bài viết này, có thể mở khóa tư cách trải nghiệm thú cưỡi tương ứng trong 3 ngày. Sau 05:00 ngày 23 tháng 6, có thể tự động phân giải thành 10 Ngọc Trường Minh.",
  "10442019642448183331": "Hoàng Thử Lang",
  "10442062435551860266": "Thuyền phu bí ẩn",
  "10442067754637247831": "Sử dụng vật phẩm này, có thể nhận được ngoại hình tương ứng.",
  "10442069086990460810": "Hoàng Lạc Tí",
  "10442082137652720415": "Tinh Anh Cấp Thế Giới - Tú Kim Lâu - Hắc Y Nhân (Lưỡi Hái) (Tinh Anh)\\nHành Động Tuần Tra Tùy Chỉnh: Có",
  "10442100325299611263": "Dế Mèn",
  "10442131600661701798": "Nguyên liệu không đủ",
  "1044213571764234943": "Địch Bá",
  "10442168946212063957": "Không rõ...",
  "10442176819995971347": "Trò chuyện với Vương Kỳ Trung để hỏi tình hình",
  "10442199263089190071": "Kiểm Tra Tương Bồ - Tuyển Thủ 3 - Ngô Đại Chủy",
  "10442279916841316874": "Truyền rằng sau khi Huệ Tử và Trang Tử luận cá, Huệ Tử đã viết một thuật pháp, thuật pháp này uy lực cực lớn, có thể hủy thiên diệt địa, Huệ Tử gọi là không thể nói ra nên đã cất kỹ. Ngày nay thuật pháp này xuất hiện trong giang hồ, sau một hồi tranh đoạt đẫm máu nó đã rơi vào tay bốn người. Để tránh bí tịch gây họa giang hồ, bốn người đã hẹn nhau tại Lầu Chuông Thái Bình ở Thanh Hà dùng lời nói đối quyết để quyết định quyền sở hữu bí tịch, gọi là Luận Kiến Trên Núi Lời. Tuy nhiên, chuyến đi này dường như đã xảy ra biến cố không thể lường trước.",
  "10442308512143741286": "Đang nhận",
  "10442405490275537883": "Trương Chấn",
  "10442455813199886220": "Mãnh Hỏa Du Quỹ",
  "10442458816676557130": "Sinh Thái Vật Chủng",
  "10442459751122591471": "Nhất Diệp Bình Sinh - Khu Phố Đại Lộ Nam Môn - Nữ Đồng Bệnh Tật",
  "10442493551825718630": "Thành phần mới được thêm vào xây dựng Bách Nghiệp 772",
  "10442527201355807858": "Thọ Xương Phường - Thọ Xương Phường - Quan Viên Tuần Tra",
  "10442567717529265303": "Bệnh lý này đặc biệt chỉ các trường hợp da bị kích thích bởi nguồn nhiệt không gây bỏng lặp đi lặp lại trong thời gian dài mà hình thành.",
  "10442623608056445329": "Hiệp can nghĩa đảm",
  "10442632505191144738": "Dế Mèn - Phía Trên Khu Vực Ba",
  "10442652362555413349": "Cục cục cục, A Hoa, A Hoa, cục cục cục...",
  "104426730756145859": "Dưỡng Tâm",
  "10442677203362765927": "Hoàng Lưu",
  "10442679317661230080": "Đúng vậy! Ta tình cờ nhìn thấy cách ngươi đi nước cờ xếp đàn, tự nhiên toát ra khí thế chinh chiến, không nhịn được thích thú, muốn được đấu một ván để trải nghiệm.",
  "10442681488564721627": "Sử dụng vật này, có thể nhận được ngoại hình tương ứng.",
  "10442694281622521450": "Nguyên liệu sinh kế",
  "10442766839636351378": "Không Cày Cấp",
  "10442791258138782948": "Giờ Sửu —— Chống trộm chống cướp!",
  "10442925071167131473": "Cái này... Cái này...",
  "10442931916331612416": "Thiết Thân Quyết",
  "1044293368601259071": "Trong động rất tối, mắt nhất thời không thể thích ứng, không nhìn thấy gì cả……",
  "10442961951405319988": "……………………",
  "10442995125371961843": "Hừ, đúng là đồ... ngốc ngốc từ đâu chạy tới.",
  "10443015068402336069": "Kích hoạt thù danh",
  "10443015732864995587": "Mời bạn bè, hợp lực chiến thắng",
  "10443067887991664972": "Điều kiện tiên quyết mở khóa cuốn cuối Thanh Hà Võ Lâm Lục - Hiệp khách",
  "10443220270608924588": "Đại Tống Quan Binh Giao Tiểu Thủ Lĩnh Rơi Đồ Cấp Thế Giới 4",
  "10443301444190129300": "Người bị trúng độc ban đầu miệng khô khát, mặt da đỏ bừng, khô không ra mồ hôi; đôi khi có ban đỏ, khó nuốt, giọng khàn; tiếp theo xuất hiện bồn chồn bất an, kinh sợ, mê sảng, ảo thanh, ảo thị và mất điều hòa; nặng hơn sẽ rơi vào hôn mê, co giật, tím tái, cuối cùng suy hô hấp mà chết.",
  "10443321338263441164": "Khi giao túi gấm cho Oánh Oánh, nàng ấy nói đã phó thác tính mạng của mình cho ngươi, túi gấm này rốt cuộc có điều huyền diệu gì...? ",
  "10443341142161524983": "Sinh Thái Vật Chủng",
  "10443376764930542580": "Hả! Cái gì thế!?",
  "10443386968506392407": "Ngươi bước vào trong hồ, khi tiến lên, hoa rơi lơ lửng, tiếng người biến mất, thời gian như đông cứng lại.\nBước chân ngươi tạo ra sóng âm, dẫn đến hai vị cầm ma.\nHọ vung đàn tấn công, ngươi né tránh trên mặt hồ. Trong lúc mơ màng, cầm ma đã đứng trên mặt hồ...",
  "10443419440594591699": "Hà Kỷ Hi",
  "10443429834236304785": "Lý Nghiên",
  "10443437531085659319": "Những thích thú trên đời vốn không có đúng sai, lão phụ nhân cũng sẽ canh giữ người đã khuất, cho đến tận khi bà ta không còn nữa.",
  "10443450312152378219": "Ngày 23 tháng Chạp",
  "10443511159396945153": "Lối chơi liên quan",
  "10443564009806453921": "Tổng điểm: Đang tải...",
  "10443683036653935283": "Bát Tà",
  "10443727040747254994": "Không rõ...",
  "10443747579112132363": "Thôi My",
  "10443755439164060893": "Ha ha ha ha",
  "10443762953414891705": "Khai Phong Thập Nhị Tái Ân Thù Lồ Khung Cấu Hình 1",
  "10443802969258553683": "Đang tải dữ liệu",
  "10443803507195318325": "Bảng chỉ đường thử nghiệm 2",
  "10443811511440989191": "Lần đầu tiên nghe được #Y%s#E, đã hoàn toàn hoàn trả lại Phong Dao Hạ đã tiêu hao khi đổi.",
  "10443833742894940963": "Trộm Học - Điểm Lưu Trữ Giữa Đường Mộ Hiệp Khách Mô Hình",
  "10443858323787996460": "Nam Chúc Trận Chiến BOSS Bối Cảnh",
  "10443861465935569331": "Đó là bông hoa nở dưới chân Phật, quý giá hơn những bông hoa khác đó, chúng ta đều gọi nó là Phật Hoa!",
  "10443875193746846307": "Yến Kê hỏi đáp",
  "10443878700466332869": "Lâm Yêu",
  "10443903381538481868": "Tằm nương... Chẳng lẽ là Tằm nương làm ra Thiên Tằm Hàn Y?",
  "10443970131447574928": "Nếu ta không trả, ngươi cứ tự nhiên bán rượu này, nếu gặp được người biết hàng, rượu này có lẽ đủ để ngươi an hưởng tuổi già.",
  "10444001661384438944": "Khai Phong Phủ - Đại Sảnh - Quan Binh 43",
  "10444046498241507866": "Sát thương gây ra giảm",
  "10444067969566567584": "Hoàng Lạc Tí",
  "1044408761404362932": "… Ôi, cuốn thoại bản của ta đâu rồi.",
  "10444098908543444708": "Trong cảnh giới Hiệp Cảnh #YĐồng Bi Hồng Trần Kiếp#E đánh bại #YAnh em múa sư tử#E 1 lần, và nhận phần thưởng 1 lần",
  "10444123967286103345": "Tiếp tục tiến lên",
  "1044416867897700800": "Trần Gia Tranh",
  "10444199079837644946": "#RCòn lại {diff_minute:d} phút {diff_second:d} giây",
  "10444200896246835453": "Trương Ích Hào",
  "10444214522071360434": "Thái Nhạc Đài - Bát Quái Chuyển Chuyển Lạc Cơ Tọa",
  "10444217936891799669": "Kỹ năng cờ tướng thật tuyệt, ta thua phục khẩu phục, #N$T(25)#E này là của thiếu hiệp!",
  "10444229744217351844": "Lưu Phái Tháp Khiên Ti · Ngọc Tầng 8 - Sài Đao Hầu 3",
  "1044427214683796338": "Lâm Dã",
  "10444320143391935958": "Ca ca Cái, ta đã tìm một cao nhân cầu cứu rồi.",
  "10444356418811696796": "Nhiệt độ cơ thể hơi cao.",
  "10444360075089382678": "Không nhẹ nhàng đâu.",
  "10444406092787980197": "Các gia đình phú quý trong thành.",
  "1044441157816692639": "Cường hóa tỉ lệ chính xác",
  "10444425668838472497": "Mở khóa vật liệu mới",
  "10444428691490720557": "Tìm kiếm Đại Anh Minh",
  "10444449031692969174": "Phật Tâm Sâm",
  "10444466872214248962": "Đang nhận dữ liệu",
  "10444469655054268586": "Đối thoại",
  "1044448464310873815": "Phụ kiện eo",
  "10444486012090728129": "Còn nhớ phải thắng à? Bạn của ngươi sợ hãi rồi.",
  "10444511321757113182": "Chuyện chỉ có Đông Khuyết mới biết ư... Cũng chỉ có mấy chuyện đó thôi. Ngươi muốn hỏi chuyện gì trước?",
  "10444528143827779928": "Chẩm Trung Tán 1",
  "10444538210916248997": "Thanh Tâm Phố - Ruộng Địa Hoàng Đang Thu Hoạch Gấp - Thôn Dân Lăng Hạnh Thôn (Nam Nữ Đều Được) 2",
  "10444547434762693271": "Bách Nghiệp Vân Mộng Kim Minh Trì · Cực",
  "10444555526396727706": "Thần Tiên Độ - Điểm Làm Mới Chiến Lợi Phẩm 14",
  "10444559216972088050": "A Đại",
  "10444608744996697283": "Sinh Thái Vật Chủng",
  "10444609573171683174": "Thấu Cốt Chỉ Pháp",
  "10444630598894384456": "Hoàng · Tả Quang",
  "10444637587806563184": "Bạch Mã Dịch - Ngựa Của Giang Hồ Nhân - Bạch",
  "10444651123074003374": "Thôn Trang Kiến Văn",
  "10444661447244209348": "Thiết Tú Cầu",
  "10444680682483782962": "Xoay",
  "10444724928739908495": "Đang lấy dữ liệu...",
  "10444740641464241656": "Thôn Ăn Thịt Người - Mã Xa",
  "1044474781522902194": "Tiêu tán hết tiền bạc",
  "10444749424401738134": "Trần Hiểu Hàn",
  "10444752545995652409": "Chế tạo môi trường:",
  "10444755375133116395": "Khách Mua Rượu Say 1",
  "10444766352538131652": "Thu nhập tuần này",
  "10444827790527360432": "Lông mày",
  "1044483117487770379": "Nghịch ngợm",
  "10444916132086473525": "Chu Vũ Lâm",
  "10444943823411671355": "Cửu đoạn",
  "104450542753465860": "Đa tạ Thiếu Hiệp tương trợ! Cảm thấy tốt hơn nhiều rồi!",
  "10445062897967076488": "Đã nói là cùng nhau xông pha giang hồ",
  "10445077726376925065": "Cá hồi thu",
  "10445096502453922042": "Vương Trị",
  "10445099314455666319": "Ta đi trước nhé, muốn xem bảo bối thì nhớ đến tìm ta nha~",
  "10445123780543114446": "Một đoạn",
  "10445143317410529490": "Phúc Bồn Tử",
  "10445171909730248554": "Bị vu tội trộm tiền",
  "10445226106514842262": "Không Khí Nghiêm Trọng Sau Tai Ương",
  "10445242667661912804": "Nhân vật",
  "1044526085775280231": "Xem",
  "10445270874709415272": "Thập Lục Hạng",
  "10445345657002226138": "Thần Bí Trú Địa - Đơn Đao",
  "1044539256547230903": "Vô Môn Phái",
  "10445412022567126912": "Minh Không",
  "10445429752730964753": "Hoa Trung Thừa",
  "10445487804549901174": "Kinh Cừ - 2",
  "10445514757654531971": "Lương Tử Hàn",
  "1044552403130806921": "Phần Thưởng Nội Môn",
  "10445543100854539709": "Bạch Mục Túc",
  "10445606841489789329": "Phật Gia Trại - Điểm Tái Sinh Chiến Lợi Phẩm",
  "10445630763603214875": "Dã tiêu",
  "10445641229887344339": "Dập tắt %s đống lửa",
  "10445697175988696902": "Phổ · Ngọc Tơ Chương cấp 51",
  "1044574313885862893": "Khách không bái lạy",
  "10445752904978801396": "[Nhấn giữ] Tích trữ",
  "1044584614600545572": "Sinh Thái Vật Chủng",
  "10445939265326311817": "【Diệp Tử Hí - Bày Trí Bàn】Bài Tẩy (Mô Hình Thuần Túy)",
  "10445942846787033270": "Cúc Hoa 01 (Quy Trình Tân Thủ Bản Thứ Ba - Thôn Trang)",
  "10445953608470487516": "Đang tải",
  "10445982061259533841": "Thọ Xương Phường - Tuần Tra Tiềm Hành - Lý Trạch",
  "10446056078565643042": "Ngươi: Chú Vương có để tâm đến việc thắng chú Diệp không?",
  "10446068323241379000": "Ngươi để túi tiền lại cho Bánh Đậu Hà, giao nhiệm vụ tiếp theo cho nó đi, biết đâu nó lại vô tình làm tốt vai trò bà mối nhân gian. Chúng sinh trong thế gian này, ai nấy đều là người canh giữ mây che trăng, chờ đợi một tia sáng chiếu rọi màn đêm.",
  "10446120973763859098": "Thiên Tuyền - Hiệp Khách C",
  "10446213727310499327": "Khi nhận được Ngưng Thần, gây hiệu ứng khí liệu cho một bệnh chứng ngẫu nhiên.",
  "10446220612767122898": "Tiểu Kịch Trường Nhất Thời Phi Doanh Địa",
  "10446354202237372068": "Từ Tâm Trấn - Điểm Tái Sinh Chiến Lợi Phẩm",
  "10446373884628037748": "Sinh Thái Vật Chủng",
  "10446395377806933240": "Bên bìa rừng núi hoang vắng, có một ông cháu dường như đang bàn luận chuyện gì đó. Ông lão đầy lo lắng quan tâm, nhưng chàng trai trẻ lại dường như không để tâm lắm...(Không thể thực hiện khi nhiệm vụ Tam Thốn Chi Thân đang diễn ra hoặc ở trạng thái co xương)",
  "10446407363074592811": "Bảo Tương Khóa Cơ Quan Khai Phong (Giải Đố Nhỏ)",
  "10446411415412777398": "Độ Yến Quy",
  "10446436041170438153": "Tĩnh Thái - Nữ Hài B",
  "10446440912440189234": "Chiều rộng",
  "10446462820737903608": "Phật Tâm Sâm",
  "10446496186993174528": "Nghe nói đôi cướp trốn báu đã ẩn giấu tại hồ Ba Tụng, đã tranh giành đến chết. Hai người cuối cùng đã chết tại khu rừng rỗng phía bắc và hang động Tổ Củ.",
  "10446535594957412714": "Tiểu Thụ Chi",
  "10446548917405404": "Mông Danh Hằng",
  "10446601060811538295": "Phần Thưởng Điểm Bác Vật Phân Loại",
  "10446613068757215286": "Xin cáo từ",
  "104467180832535248": "Đi đổi",
  "10446722667142781813": "Phật Hoa và Chuột · Thượng",
  "1044673662550712912": "Thứ Sáu hàng tuần 05 giờ, tự động nhận 5 lần thông quan.",
  "10446748788891454293": "Hà Kỷ Hi",
  "10446752591218791994": "Nếu cần nhập vai, tự nhiên phải hòa mình vào vở kịch.",
  "10446755081461245507": "Hàng hóa không thu mua giá cao, bán đi sẽ gây tổn thất",
  "10446760598691936578": "Kỹ năng đã thăng cấp tối đa!",
  "10446841112166389992": "Ta và cha phụ thân con trong câu chuyện giang hồ giống nhau.",
  "10446854166814127831": "Tâm Thủy",
  "10446883446915219815": "Tỷ lệ hội ý",
  "10446976216544274583": "Giảm giá sáu phần trăm toàn bộ",
  "10446984447265636711": "Đáng tiếc đáng tiếc, Tiểu hiệp cờ nghệ không tinh, $#N$T(25)#E này ta không thể cho ngươi được.",
  "10447004956131522226": "Hoàng Lạc Tí",
  "1044703040266008861": "Đi đến phạm vi đánh dấu trên bản đồ tìm thương nhân tương ứng",
  "10447072909837191810": "Trương Chấn",
  "10447118803779698726": "Dạ Hành Tính",
  "10447121282171402108": "Trò chuyện",
  "1044716906273774444": "Tính cách",
  "10447196975971703222": "Gà ngươi thực sự là quá",
  "10447229112355069845": "Được lắm, viết hay lắm!",
  "10447313294315780149": "Khách",
  "10447350846859632843": "??? Người câu cá??? (Sau khi thành công có thể kết giao với người này, nhận quà tặng bạn cũ hàng tuần.)",
  "1044738595186171006": "Thế là có người tu hành, mang lòng đại từ bi, đích thân vào vô gian địa ngục nóng bỏng; thân chịu vô gian nghiệp hỏa, đêm đi nhẫn thổ Sa Bà.",
  "1044744083707998491": "Bảo Tương Tứ Phẩm Bồ Đề Khổ Hải 4",
  "10447462529211660083": "Một... hai... ba... Ngươi đừng làm phiền ta, ta phải nhanh chóng điểm sạch sẽ việc buôn bán hôm nay!",
  "10447468791988638361": "Xin cáo từ",
  "10447486530054223720": "Trúc Lâm Cựu Cư - Điểm Tái Sinh Chiến Lợi Phẩm 528",
  "10447522531919695926": "Phần Thưởng Thu Thập Khu Vực Tam Cấp 3",
  "10447527027866015147": "Duyệt toán kinh vô di sách",
  "10447609539513919742": "Chỉ bạn bè",
  "10447627488304690478": "Thật giả câu cá [True or False Fishing]",
  "10447644729875227979": "Khí Đoàn Khúc Kính Thông U - Bách Công Phường - 1",
  "10447659074926281082": "Thiếu hiệp dùng thử không? Chủ đường Thanh Giao ăn rồi cũng khen ngon đấy!",
  "10447677573054383587": "Lốm đốm",
  "10447732776580124413": "Huyết mạch ngàn tầng, nhân quả vô thường, tự bảo vệ thân trong lửa nghiệp, tạm thời tránh khỏi khổ luân hồi.",
  "10447753147532831179": "Năm đó Hàn nương tử bị trộm một quyển bí tịch, nghe nói có liên quan đến một kẻ tên là Điền gì đó Anh!",
  "10447777364872969844": "Xương cốt đau nhức",
  "10447797100192531479": "Đại Tống Quan Binh Phổ Thông - Mang Binh Khí - Dùng Để Sưu Tra Đại Nhai Nam Môn 3",
  "10447814855451620006": "Triệu Vĩ Nghiệp",
  "1044784356460714132": "Thu thập thảo dược",
  "10447861126456870249": "Xây dựng tự do tại doanh trại\nNgoại hình Bách Nghiệp do ngươi định đoạt",
  "10447884366301080199": "Nấm",
  "10447979265228570232": "Vẫn chưa có %s",
  "10447982270835060253": "Uyên ương",
  "10448010973279105504": "Khu vực ngầm Đỉnh Phật Quang - Toàn bộ khu vực chiến đấu boss cũ mới",
  "10448043225762186233": "Tân Liễu Thanh Y",
  "10448050269552449867": "Người bán cá khô",
  "10448062012896302356": "Thi Thiên Lai",
  "10448070436201507256": "Nếu khách quan thích",
  "10448078982209326232": "Hoàng Lạc Tí",
  "10448107201135652182": "Cách phục hồi",
  "10448115313955336114": "Tín Kiện Gần Như Bị Thiêu Hủy",
  "1044816351683956113": "Thế Giới Đẳng Cấp - Thiên Hổ Quân Sĩ Binh - Đơn Vị Phát Điên (Phác Đao)\\nĐộng Tác Tuần Tra Tùy Chỉnh: Có",
  "10448200362853538692": "Bình Dã Nguyên",
  "10448219024721611245": "Xã giao",
  "10448283337308036669": "Giọng nam thần bí",
  "1044829981366065460": "Túy Quyền — BOSS Dã Ngoại (Giai Đoạn Một)",
  "10448341900527759468": "Trụ trì Đại Tượng Quốc Tự là ai?",
  "10448394532222643747": "Hồi máu",
  "10448438797202044681": "Hà Kỷ Hi",
  "10448468843269155754": "Đối thoại",
  "1044850554439128501": "Bí kíp bị vẽ bậy",
  "10448549515015220028": "Sử dụng vật này, có thể nhận được ngoại hình tương ứng.",
  "10448563225974191729": "Thợ đá",
  "10448577594121380134": "Chẩm Trung Tán*2",
  "1044859167399799342": "Lý Trạch Hạo",
  "10448593263159438389": "Tiếp tục",
  "10448595615826961872": "Trương Tuấn Kiệt",
  "10448596658180671648": "Thể lực",
  "10448602673146866897": "Chưa lĩnh ngộ",
  "10448628068667792827": "Hội Ảnh Ký Tình · Thiển Châm Xuân Tửu",
  "10448661034619448866": "Cư dân Thọ Xương Phường, sau khi tốt nghiệp trung học thì nhập vào nhà họ Diêu.",
  "10448663730206332303": "Hỏi người xem đường",
  "10448721408380912452": "Thược Dược Hoa",
  "10448786586959776932": "Gạch lát nền #Y có phân biệt màu sắc#E, một số sẽ kích hoạt #Y bẫy tên lửa#E\nỞ độ khó cốt truyện, #Y sát thương cơ quan giảm#E",
  "10448790894328882994": "Cá tầm được coi là ngon chẳng kém cá tráp, nhưng vì sống ở môi trường nước khác nhau nên có sự hơn kém. Do đó có câu ngạn ngữ rằng: “Cá chép Lạc, cá tráp Y, quý hơn bò dê.” Ý nói Lạc Hà sâu và rộng, hợp với cá chép, còn sông Y nước nông và trong, hợp với cá tráp.",
  "1044880711415443996": "Đạo Cụ Bầu Không Khí Bì Ảnh 2",
  "10448808454130577996": "Thất Xảo? Hình như vẫn chưa đến ngày mà... Ê, đồ ngươi đánh mất trông như thế nào?",
  "10448890712824820377": "Tỷ tỷ mỹ nhân nói: Cùng một phong cảnh, một người xem, nhiều người thưởng thức, cái nhìn và cảm nhận đều khác nhau. Trên đời quả thực có chuyện diệu kỳ như vậy sao?\nNgười nói tỷ tỷ xinh đẹp đều lừa người, mới là kẻ lừa đảo lớn!",
  "10448907005245061403": "Chuông sớm trống chiều, để triệu bách linh, tăng uy nghi cung quán, đề cao khí tượng sơn lăng, ngày giữa ngày tối không thể thiếu.",
  "10448926945396084683": "Từ xưa anh hùng trổ tài, chém hết mọi bất bình",
  "10448927735558035033": "Đăng ký tiệc thuyền hoa",
  "10448936809652575600": "Túy Hoa Âm - Bầu Không Khí Tầng Một Phàn Lâu - Nam Tân Khách Ngắm Pháo Hoa",
  "10448959507402209133": "Thuyền gỗ",
  "10448979070164423682": "Tự tin",
  "10448999147177617466": "UID người chơi đã được sao chép vào bộ nhớ tạm, có thể dán",
  "10449068828733311438": "Khách nhân đã cho ta cây đào, ta nhất định sẽ báo lại bằng ngọc quỳnh, xin ngài cứ yên tâm để tôi giữ gìn!",
  "10449142518955579045": "Võ Thành Vương Miếu - Kích Môn Thập Nhị Tiên",
  "10449152366754323891": "Tập Hợp Nhàn Du Trên Đường",
  "10449153417843898643": "Đường Tiểu Đường",
  "10449158515993363083": "Tiến độ xây dựng",
  "10449291266464023629": "Ta không có vấn đề gì nữa",
  "10449305890401706988": "Báo quan…… Cái đó là cái gì……? Lợi hại quá! Có phải là đồ ăn được không?",
  "10449335268532392845": "Thăm dò phòng",
  "10449387085314785732": "Đang tải dữ liệu",
  "10449410408466789043": "Một đoạn câu chuyện về Y Đao và thiếu hiệp.",
  "10449446894996808699": "Trần Thần",
  "10449458980597139479": "Văn Thạch",
  "10449467423056384690": "Bảo Tương",
  "10449497121613346367": "Dự định của ngươi",
  "10449521471005088758": "Phí tắm rửa phòng bao khách",
  "1044959421512585727": "Nhận được #G133%#E Khiên chắn (Chịu ảnh hưởng của kháng ngoại tà)",
  "10449599881010004019": "Pháo hoa nở rộ, chúc mọi người đều thực hiện được ước nguyện của mình!",
  "10449628837859796223": "Tôn Hạo Thanh",
  "10449636608842068579": "Không sao, có chủ quán và trấn trưởng ở đây!",
  "10449643733482504282": "Trịnh Nhiên - Chính Thường",
  "10449676783657982049": "Cỏ Điền Bè",
  "10449720036701797529": "Chi tiết",
  "10449751411741296561": "Ngoại hình âm sắc",
  "10449822052254049897": "Vô Bỉ Khách Điếm - Tấm Nền Bối Cảnh"
}