{
  "13177285137760118916": "Hổ Phách - Nguyên Khối 1",
  "13177286895094454703": "Bát phương phong lôi thương",
  "13177314172672617462": "Rương",
  "13177317293463337862": "Bách Liêu Sư Sư, Bách Công Duy Thời, Phủ Vu Ngũ Thần, Thử Tích Kỳ Ngưng.\nTu tạo án lệ Tam Ty Hộ Bộ, nắm giữ công việc trong kinh thành cùng tám xưởng gạch ngói, phường làm bờ kè, các sổ sách kho và việc đối chiếu khớp sổ, cùng việc xây dựng các doanh trại ở các châu, quan xá, cầu cống, tre gỗ, bè mảng.\nNay triều đình vì chuyện đại hạm Ngũ Nha của Kim Minh Trì, lập quan xưởng Tu Tạo Án ở Tây Phường, chiếu lệnh đổi Tây Phường thành Bách Công Phường.\nThời gian tươi đẹp trôi qua, thế thay thời đổi. Nhân sự có thay thế, qua lại thành cổ kim.",
  "13177404336467055042": "Đinh Kỷ Văn",
  "13177409902236740810": "Kích hoạt cơ quan",
  "13177416660926033040": "Đã gửi yêu cầu",
  "13177431195433958528": "Dân chúng chúc mừng năm mới.",
  "13177465138789998834": "Kiêm Tế Thiên Hạ - Giả Lão Tam",
  "13177500199750166652": "Đầu nghiệp chướng",
  "13177595407507460814": "Trần Gia Tranh",
  "13177645192478571707": "Đá Cuội",
  "13177646101893467218": "Khi ở gần tường người địch, vịt lớn, hoặc gần cây phát tài đang được đội của mình vận chuyển, gây sát thương tăng 16%",
  "13177649107064523351": "Cù Anh Hào",
  "13177670097169216886": "Sinh Vật Sinh Thái",
  "13177673961610480398": "Hiệu lệnh - Chẩn đoán",
  "13177686767883444422": "71 cấp Liết Thạch uy",
  "13177695870051597865": "Quái Trại - Tào Bang - Phóng Thương - Xanh Lục",
  "13177784463362139328": "Gia nhập Cửu Lưu Môn, nhận được theo thăng tiến địa vị trong môn phái.",
  "13177798939828055456": "Xạ Phủ (tiếng Pháp)",
  "13177845513917691084": "Đi đến",
  "13177884308044149481": "Thưởng Thiên Địa Vạn Lại",
  "1317790499319696764": "Môn phái - Quy tắc môn phái",
  "13177913423175827179": "Đợi ta tìm ra thư tỏ tình, xem ta không cho ngươi đẹp mặt không!",
  "13177913488929752140": "Phật thôn từng hương hỏa thịnh vượng, nay chỉ còn lại một đống đổ nát bị đốt cháy. Trong đống đổ nát lâu ngày không ai lui tới, vang lên tiếng gió hú và những lời thì thầm lãng đãng...",
  "13177925448858941739": "Trợ chiến thông minh",
  "13177961012927471782": "Cắm cờ giao đấu",
  "13177983700709463397": "Phòng Chí Cường",
  "13178001990796343354": "P1.4 Đồng Thiên Hạp Tường Thẳng Đứng 02",
  "13178016679923209834": "Triêu Sinh Mộ Lạc Hoa - Nụ Hoa Tái Sinh",
  "13178025249821030051": "Có việc thì nói, sao cứ ấp úng thế?",
  "13178080121130011202": "Hạ Giang Đình",
  "1317809494475164724": "Gian Chương - Linh Kiện Khinh Công",
  "13178112476999753084": "Wow! Chạy đi——",
  "1317819853135941174": "Bách Nghiệp tổ chức xây dựng thêm linh kiện 865",
  "13178222954386931556": "Đối thoại",
  "13178260611454638970": "Hoạt huyết giải độc",
  "1317829087527456440": "{}Xem hành trang trong Giác Chướng Lâm",
  "13178295524072292239": "Ôi trời! Dễ giật mình quá!",
  "131783109910235629": "Họa Mi · Ba",
  "13178405660140125836": "Tím đậm",
  "13178421651151577945": "Bàn mạt chược NPC",
  "13178437775329572368": "Sinh Vật Sinh Thái",
  "13178446198886308216": "Tầm nhìn Tâm Pháp",
  "13178521636762121120": "Ngươi là ai?",
  "13178525988068681966": "Ngục tốt",
  "13178568107019552435": "Lý Trạch Hạo",
  "13178570868617990608": "Được... được thôi! Lần sau... lần sau ta sẽ tìm... tìm ngươi!",
  "13178610423744105211": "Khăn lụa thêu hoa mai và suối núi, bên trong có vết nước đã khô. Có lẽ là giọt nước mắt không kìm được của chủ nhân khi ngước nhìn đi từ Tháp Thái Bình năm xưa.",
  "131786646265302858": "Nghe nói ở Thanh Hà có một tiểu thương sẵn lòng dạy nấu ăn miễn phí, thu hút vô số người. Chỉ là, món ngon này không dễ để được truyền dạy...",
  "13178685962111496378": "Thưởng Điểm Danh",
  "1317869284791338112": "Hà Kỷ Hy",
  "13178821332761381882": "Tử Đậu Hoa",
  "13178830125136073534": "Khai Phong - Hồng Câu Cổ Cừ",
  "13178890384653248819": "Anh Em",
  "13178907466579183359": "Mẹ ta gần đây cứ như đang nướng bánh trên giường, còn nói mớ nữa――",
  "13178947986738896241": "Thông tin người chơi",
  "13178954863697309944": "Lối Chơi Tình Báo Tuyến Nhân - Thưởng Quyết Toán Đóng Góp Cấp 3",
  "13178992182031945972": "A Sanh Khuynh Mộ Thành Si",
  "13179019254166323631": "Trùng lặp với khu vực hạn chế, không thể phân chia đất đai",
  "13179026795811443231": "Dương Trụ Vũ",
  "13179034088455722687": "Thiên Công thăng cấp",
  "13179107850148461957": "Chuẩn bị ban đầu",
  "13179149577086914458": "Thanh Hà - Giải Đố Phức Hợp - Thí Luyện Đại Hiệp - Cây",
  "13179154235008697444": "Nam Môn Đại Nhai - Người Bán Gia Cầm 1",
  "13179170407109960418": "Đom Đóm",
  "13179333701534537031": "Nhiệm Vụ Trấn Thủ",
  "13179391244603483779": "Chủ Tuyến",
  "13179573489188150809": "Ngày xưa Kinh Kha thích khách Tần, Thái tử Đan nước Yên tìm kiếm lợi thế dao găm khắp thiên hạ, cuối cùng dùng vàng bạc nặng nề cầu được dao găm của phu nhân đúc kiếm nước Triệu, mới có được giai thoại ngàn cổ \"Đồ cùng dao thấy\".\nSau đó, tung tích dao găm của phu nhân Từ không rõ. Nhưng gần đây có một thợ rèn thần bí tuyên bố mình đã tạo ra bản mô phỏng dao găm của phu nhân Từ, chính là thanh kiếm này.\nNhìn kỹ, dù đây là bản mô phỏng, nhưng chế tác tinh xảo, lưỡi kiếm sắc bén, quả thực có chút ý vị cổ xưa.",
  "1317959160377132808": "Thưởng Hoàn Thành Vuốt Mèo",
  "13179597834360599417": "Sinh Vật Sinh Thái",
  "13179598878376695346": "Thưởng Hảo Cảm Độ Nhị Giai",
  "13179601854906838454": "Tâm pháp: Ngưng Thần Chương",
  "13179643534723132": "Một đêm ngủ ngon, tỉnh dậy thấy người nhẹ nhõm.",
  "13179646861719082380": "Phương án tình huống đa người hai",
  "13179658856463448672": "Đối thoại",
  "13179663132293814016": "Thập Tam Gian Lâu khách điếm",
  "13179707826718778205": "Người có quan hệ thầy trò với Trịnh Ngạc là ai?",
  "13179730215752129623": "Vị Hiệp khách này, ngươi có thể giúp ta chuyển lời đến hắn không?",
  "13179813656984640970": "Hoa Giản",
  "13179847981105735741": "Sinh Vật Sinh Thái",
  "13179855632572814392": "Ai, phải vậy. Cho nên bây giờ vội vã dẫn lừa, đến Thanh Hà kiếm sống đây.",
  "13179892397037574585": "Ở #YNơi lá rụng tụ tập#E, #Ysử dụng Thái Cực#E có thể tụ tập chúng lại và đánh tan chúng.",
  "13179906243516424241": "Trứng hấp mềm mịn kết hợp với trái cây tươi, sau khi ăn sẽ hồi phục từ từ 39000 điểm khí huyết trong vòng 3 giây.",
  "13179948620681044331": "Bệnh Dương Độc, mặt đỏ bừng như gấm vóc, cổ họng đau rát, khạc ra mủ máu. Năm ngày có thể trị, bảy ngày không trị được, Thăng Ma Miết Giáp Thang chủ trị.",
  "13179987717118095407": "Giết hại vô tội ở {0}",
  "1317999796124517575": "Giới hạn năng lực Lò luyện",
  "13180023063537048434": "Điêu Lan Kiếm Ảnh",
  "13180115438638700564": "Lý Trạch Hạo",
  "13180168356018269360": "Kẻ ngốc nào dám điểm huyệt của lão nhân gia?",
  "13180182010118016495": "Trả lại túi vải",
  "13180211704315813663": "Linh kiện xây dựng, dùng để dựng nhà.",
  "13180262594627315265": "Thi Thể Thủ Quân Thái Nhạc Đài 1",
  "13180285293397114336": "Chẳng phải đó là “Miệng quạu” và “Miệng sắt” sao, ở Khai Phong danh bất hư truyền!",
  "131802926188404200": "Râu xanh",
  "13180292892878562736": "Trương Ích Hào",
  "13180337108700645044": "Lợi ích",
  "1318035191353277263": "Uwua, đại hòa thượng, đừng tụng nữa—",
  "1318041810120900423": "Hì hì, nhiều dê quá!",
  "13180420647661212375": "Cổ Tư - Đại Môn - Bách Tính Tuần Tra 7",
  "13180431549162955520": "Không phải chứ, Thiếu Đông Gia ngươi muốn động thủ với ta sao?",
  "13180451237906065968": "Rương Báu Khóa Cơ Quan Khai Phong (Vi Giải Đố)",
  "13180462050483854927": "Đang nhận",
  "13180492854033338405": "Thạch Cửu Lượng",
  "1318049988306341798": "Chẳng phải chỉ là một con mèo thôi sao, có gì to tát đâu?",
  "13180515483845901667": "Viên Tiểu Mạn cầm chiếc rương gỗ lo lắng cho tình cảnh của Vương Sinh, nhưng nàng không hỏi nhiều, chỉ nhờ ngươi chuyển lời rằng mẹ con họ bình an vô sự cho Vương Sinh.",
  "13180532542051388191": "Thư Tín Chi Tuyến Kim Long 2",
  "13180593782974530774": "Thưởng Toàn Phục Thí Luyện",
  "13180633253531618647": "Họa tiết tay áo",
  "13180662345671541966": "A Di Đà Phật, gần đây trên núi Bích Tuyền cường đạo hoành hành……",
  "13180707170019702126": "Cành Cây Nhỏ",
  "13180713321050944279": "Ấu Châu Hàn Khuẩn",
  "13180751173995704206": "Thiên Phật Thôn - Điểm Hồi Sinh Chiến Lợi Phẩm",
  "13180755772489485688": "Hươu Lùn - Chân Núi 2",
  "13180845883304856843": "Trúc Địch",
  "13180884519125893977": "Ối chà, tiên sinh nói hôm nay ta sẽ gặp được người định mệnh!",
  "13180916693291097091": "Làm ơn... các vị... đoàn buôn chúng ta có vài chuyện gấp muốn thương lượng với các vị!",
  "13180942532818116435": "Quyển Châu Liêm",
  "13180995959713428502": "Lâm Văn Kiệt",
  "13181074573647065573": "Tiền quân, Trung quân, Hậu quân",
  "13181078678759368765": "Phòng Chí Cường",
  "13181079283447346009": "Không Khí Tĩnh Lặng Khu Thủ Công Nghiệp",
  "13181120847991433440": "Nếu không tìm thấy thì sao",
  "13181133938635967965": "Phá trúc",
  "13181164100824795431": "Lê Thuận姗姗 đến muộn, có vẻ như có việc muốn nhờ thiếu hiệp, hãy nói chuyện với hắn.",
  "13181194346584369210": "Trong giếng có người, tên là Oa. Không thấy mặt, chỉ nghe tiếng, ẩn mình trong giếng hoang, trốn trong đường nước... Rốt cuộc hắn đang trốn tránh điều gì, liệu có ngày được thấy ánh mặt trời không?",
  "13181264369806263179": "Khai Phong Phủ - Đại Môn - Bộc Nhân 29",
  "13181291471826610064": "Không sao",
  "13181325084487333670": "Chơi phải trong ngày",
  "13181328582971718705": "Rất đáng tiếc, vẫn nên rèn luyện thêm một chút rồi quay lại đi.",
  "1318133145338182290": "Tiếng sáo ngọc từ đâu bay đến, tan vào gió xuân đầy Lạc Thành",
  "1318133171111606886": "Về sự kiện đêm hội pháo hoa",
  "131813494333096396": "Lập khoáng ngân",
  "13181353580316051414": "Khách tại Túy Hoa Âm",
  "13181377631632180912": "Đệ tử chân truyền",
  "13181508572918733589": "Điều chỉnh góc nhìn",
  "13181527819855656600": "Tiểu thợ may",
  "13181555330392040606": "Vị tăng nhân bí ẩn dưới gốc Bồ Đề nguyên thủy, vì thường đi cùng sáu chú mèo nhỏ nên được gọi là “Lục Miêu Thần Tăng”, dường như là một người có câu chuyện.",
  "13181559256700682070": "Một phím xung huyệt",
  "13181563561804737869": "Lông cừu",
  "1318160227303995956": "Khách không muốn tiên",
  "13181632655663786895": "Chim Bồ Câu Thần Bí",
  "13181645305735937951": "Hắn nói chuyện trước đó xóa bỏ hết!",
  "13181648027582570833": "Đã học được võ học này.",
  "13181653936314678884": "Tuần này còn lại 000",
  "13181674601278548938": "Bánh hấp táo tàu",
  "13181684455964187126": "【Mèo_Trắng_Mèo Cưng Ôm Ấp】",
  "13181694482661385846": "Một trong những khâu quan trọng của nghi thức Đạo giáo, ví dụ như “Khai Quang”, “Tài Thần Tuần Du” và “Trừ Quỷ Tật Tà”, đều cần mời nước để tẩy rửa đàn tràng, trong đó nước suối, nước giếng là tốt nhất.",
  "13181695848779232074": "Hoàn thành trò chơi ném mũi tên",
  "13181721737454391757": "Sinh Vật Sinh Thái",
  "13181752869313238133": "Ta tìm thấy một bộ váy cưới dưới đáy hồ, thấy tiền bối là người quen cũ, xin trả lại tiền bối.",
  "13181757748240306641": "Mở Khóa",
  "1318178334342644831": "Bảng Nhãn",
  "13181789849938857244": "Long Quỳ Thảo",
  "13181790851022377261": "Nói ra thì hổ thẹn, ta bị Khuyển Kỳ sư dọa chân nhũn ra rồi, xin thiếu hiệp đi trước một bước.",
  "13181812647805401848": "Thiếu hiệp, cô nương này đáng thương sao?",
  "13181819820563160029": "Vậy thì đến lừa gạt xem sao",
  "13181825522461019004": "Canh giữ năm mới tàn tiệc, không thấy năm mới qua đi. Màn pháo hoa thứ mười đã bay lên, chúc mọi người: Đêm nay tận hưởng, không say không về!",
  "13181849322924553803": "Trần Khải",
  "13181862012223524610": "Thược Dược",
  "13181890621708729716": "Tặng",
  "13181989237774999145": "Bắn Phủ Nhiều Người Chơi",
  "13181999538101578544": "Trong lối chơi Phá Quân Sát Tướng, công kích ngoại công và toàn thuộc tính tăng #Y+11.25%#E; #YCấp 5#E, #YCấp 10#E, #YCấp 15#E sẽ lần lượt mở khóa hiệu ứng đặc biệt",
  "13182018914300857493": "Lăng Giai Hân",
  "13182021961659599834": "Cái chân ngắn đó chạy được bao xa? Đuổi theo ta!",
  "13182022979585119856": "Chúng sinh",
  "13182060998299967819": "Dương độc",
  "13182062326833572919": "Giang hồ nam nữ",
  "13182103592986736574": "Rương Báu",
  "13182144926843004177": "Tăng hiệu quả hồi máu chí mạng do kỹ năng đặc biệt gây ra.",
  "13182189594437615325": "Lục Lâm Sơn Phiệt",
  "13182192491119738246": "Đừng hoảng, thuyền phía dưới giúp một tay, phiền ngươi vớt người lên!",
  "13182269899635775771": "Lương Đống",
  "1318244695407825946": "Ngựa NPC Tiểu Kịch Trường Chỉ Dành Cho Chủ Giác Tương Tác",
  "13182456245904960160": "Thành viên Vô Ưu Bang",
  "13182458602840792026": "Số người tại điểm đã đủ",
  "13182469642651495673": "Đinh Kỷ Văn",
  "1318254015303464200": "Bạch Nhung",
  "13182543893601084746": "Cát Phong",
  "13182547701457531632": "Tổng hồi phục sức bền",
  "1318257121232099099": "Thạch Khối",
  "13182592638587792549": "Thật giả cá đuối",
  "13182634588306582599": "Đang thanh lọc",
  "13182655240201393269": "Gây ra bởi Côn trùng thuật Linh Tê",
  "13182671750439517995": "Quản Tuấn Đào",
  "13182676257615477584": "Quan ải Khẩu Thuật",
  "13182686463562183400": "Tiệm dù à, nói sớm! Phía đông chùa Đại Tướng Quốc có vài sân nhỏ, cái sân ở phía bắc nhất chính là, trong sân treo đầy dù, dễ nhận ra.",
  "13182717395507464187": "Sinh thái Vật chủng",
  "13182739863460141924": "Hương rượu ngào ngạt",
  "13182760436192137836": "Du Lập",
  "13182765173349023557": "Tiểu Thụ Chi",
  "13182777171694044586": "Thạch Khối",
  "13182816473359461175": "Đúng vậy, bởi vì thuốc và tiền khám bệnh ở chỗ chúng ta đều có giá bình dân.",
  "13182823921092186282": "Hoàng Lạc Tư",
  "13182841466823334125": "Dã Trư",
  "13182859637693683824": "Còn... còn uống nữa à? Ngươi không phải bị ngã núi vì uống rượu sao?",
  "13182885300048689574": "【Minh họa Kỳ ngộ】",
  "13182886614323267252": "Vô Tỷ Khách Điếm - Bối Cảnh Bản",
  "13182898067439473434": "Giấy Thuyền Quải Kiện*1、Tâm Pháp Tâm Đắc Tùy Cơ Bảo Tương*5、Tự Chọn Thông Bảo*2000",
  "13182936378728356688": "Nghe trộm",
  "13182961228001388375": "Ngươi nghe nói chưa? Trong thành có chuyện lớn đó! Trong nhà họ Triệu Phổ kia! Có một đại hiệp tới đó! Rất nhiều người đang tìm đó!",
  "1318296325490983949": "Cưỡi rồng dạo trăng",
  "13182986263134659704": "Biểu Mẫu Bản",
  "13183022299502797148": "Không cấu hình",
  "13183046868015038923": "Hoa gian khách",
  "13183120588905546027": "Khi lên cơn cuồng loạn, thần thái và hình thể đều giống gấu, người ngoài nhìn vào cũng như một con gấu thật sự.",
  "13183164550642682552": "Phật đăng trường minh",
  "13183188500990398333": "Hà Thị Lạc - Xích Long Đường Bang Chúng Giáp",
  "13183204950442129974": "Âu Gia Hạo",
  "13183240740894828930": "Dưới đáy biển",
  "13183245084567360680": "Dùng để xây nhà.",
  "13183290848519599174": "Đây là tại sao?",
  "13183375088739489858": "Mở khóa ít nhất {1} khu vực địa lý trong bản đồ",
  "13183396194723799241": "Phú Gia Nữ NPC",
  "13183494433234141": "Bạch Mộc Túc",
  "13183542768579177563": "Đối thoại",
  "13183596089045749575": "Cựu Thôn Di Chỉ Cứ Điểm - Nỏ Cơ Thao Túng Binh 5",
  "1318359884782344675": "Sơ giai",
  "13183606433613586695": "Ôi chao, là thiếu chủ! Xem ta luyện 'Thần Long Thổ Hỏa' này thế nào?",
  "13183688801593380204": "Sử dụng vật phẩm này, có thể nhận được trang phục tương ứng.",
  "13183707900231190131": "Bác Vật Thưởng Lệ",
  "13183722454726102032": "Tăng 8% tỷ lệ chí mạng.",
  "13183723618050137913": "Thiên Địa Vạn Lại Hồ Điệp (cxz",
  "13183748684932484198": "Vẫn chưa",
  "13183753976139265452": "Khảm Nhi Tỉnh - Truyền Tống Giao Hỗ 3 - Mê Cung Khu Vực A Mạt Đoan Tháp Phương Xứ",
  "13183805528236651822": "Đối thoại",
  "13183879736802890785": "Thạch Khối",
  "13183905445377620403": "Thiện ngôn",
  "13183906846980228424": "Hải ly",
  "13184043454655754664": "Vạn Sự Tri - Đối Thủ và Bằng Hữu - Lý Quân",
  "13184069767391761921": "Ngự Uyển Bắc - Công Viên Nữ Đồng Nghi Hoặc",
  "13184084476710692467": "Lật ngược",
  "13184102194283926288": "Sử dụng vật phẩm này, có thể nhận được ngoại trang tương ứng.",
  "13184147975244765709": "Sinh thái Vật chủng",
  "13184214354973267174": "Thú vị! Thú vị! Dưới chân Thiên Tử lại có nơi tiêu dao tự tại như thế này!",
  "1318422513584077371": "Sở Thanh Tuyền bảo ta đến tìm ngươi, tuyệt đối không phải chỉ bừa đâu",
  "13184230949220583894": "Huyết mạch ngàn tầng, nhân quả vô thường, tự bảo vệ thân trong lửa nghiệp, tạm lánh khổ luân hồi.",
  "13184248347022448689": "Học hành sao lại vô dụng được cơ chứ?",
  "13184251725653446726": "……Ngươi quả thật là một người thông minh xuất chúng.",
  "13184288696882725921": "Tai Hậu - Lý Nương",
  "13184303852651240925": "Xuân Tiết Khai Phong Phân Vi NPC - Thành Nữ A",
  "13184322237217797298": "Không Khí Tường",
  "13184323708198283281": "Trương Chấn",
  "13184399893313755782": "Xích Đồng",
  "13184421292950694674": "Quan sát kỹ",
  "13184467155798768318": "Thiết Liên Hạp Trắc Thí (Mặc Sơn Đạo) - 3 Tiết Thiết Liên Bản",
  "13184479243512217535": "Câu Lan Tăng Bổ 1 - Tẩu Động Bối Cảnh Bản",
  "1318449599620180703": "Chu Vũ Lâm",
  "13184513026543756781": "Cúc Cúc",
  "13184526691157017044": "Đạo Tặc - Phân Vi - Thoại Sơn Luận Kiến",
  "13184527230915468539": "Chuyện gì xảy ra ở đây vậy?",
  "13184538230239429143": "Mâu Kính Tông",
  "13184543555122190687": "Các ngươi đều không biết sao! Tin tức nạn đói lớn ở Giang Nam, không phải do Thẩm tiên sinh phụng chiếu xuất tuần mang về sao.",
  "13184559728262931320": "Ôi chao chao, chắc hẳn ngươi sinh vào giờ Hợi nhỉ, nhìn cách ngươi nói chuyện, lúc sinh ra chắc chắn rất đúng giờ!",
  "13184578839840728377": "Tiểu Thụ Chi",
  "131846694730814740": "Trần Gia Tranh",
  "13184743687123905835": "Sinh thái Vật chủng",
  "13184749817157912383": "Hỏi duyên cớ với thiếu niên",
  "13184757174378866728": "Đại Thế Giới - Phật Gia Trại - Tửu Nhục Hòa Thượng - Túy Quyền Tinh Anh - Vô Nhược Điểm",
  "13184762071556784787": "Ta khuyên ngươi nên tự biết điều!",
  "13184778225503199051": "60 Cấp Lam Trang",
  "13184784966203209185": "【Diệp Tử Hí - Trác Đạp】Đáy Bài (Thuần Mô Hình)",
  "13184804750554946933": "Cừu Dục",
  "13184810739140905647": "Sinh thái Vật chủng",
  "13184811470550902942": "Tú Ngọc",
  "13184893963042191816": "Huyết Tích 1 - Đại Than",
  "13184896440413476845": "Khuẩn Tử",
  "13184910820880843832": "Ta đang từ bỏ.",
  "13184919982698320638": "Oa oa...",
  "13184927393708817371": "Mã Lộc - Đầu Mục",
  "13184936372291845548": "Cấp 3",
  "13184937771006320206": "Túy Hoa Âm - Nội Thất Phân Vi Điền Sung - Nam",
  "13184960012164511072": "Hoạt động của người chơi trong tổ chức Bách Nghiệp, số lượng khách ghé thăm sẽ ảnh hưởng đến độ nhiệt của tổ chức.\nTrại Bách Nghiệp có độ nhiệt càng cao, càng dễ hiển thị trên bản đồ lớn, càng dễ được các thiếu hiệp khác nhìn thấy.",
  "13185077150183630632": "Thược Dược",
  "13185087628695502254": "Dương Thốn!!",
  "13185094985318356206": "Xin cáo từ",
  "13185099766842068259": "Diệu Diệu Miêu - Quỷ Hỏa",
  "13185109386777753077": "【Diệp Tử Hí】Kiến Long Quan - Vân Tú Chân Nhân (Tam Nhân) - Lối Vào",
  "1318511352276416529": "Phong Hòa Thôn Công Cụ Thương Điếm - Ngoại Lai Thương Nhân",
  "13185135815423408555": "Trình Chiêu",
  "13185147023172702916": "Thâu Sư - Tam Canh Thiên Đệ Tử 1 - Phân Vi Luyện Võ",
  "13185209378107986851": "Tính năng này tạm thời chưa mở",
  "13185316991459161512": "Ban Vận Công - 11",
  "13185323329270352449": "Trước mắt đột nhiên xuất hiện một người đàn ông cầm chuông, điều khiển các binh sĩ xung quanh, giống như ảo cảnh vừa rồi tiến công về phía ngươi.\nKiếm sắc suýt chút nữa xuyên qua cơ thể ngươi.\nĐột nhiên Đạo Chủ xuất hiện, đỡ lấy nhát kiếm này thay ngươi, kéo sức hút của vô số binh sĩ đuổi giết nàng đi.\nÁp lực của ngươi giảm đi rất nhiều.",
  "13185325511668150751": "Sinh lực hao tổn, tổn thương căn nguyên.",
  "13185329305885694403": "Trên tường phủ đầy sợi nấm.\nNhững sợi nấm này dường như trôi đến từ sâu trong thôn Dã An",
  "13185356296125220756": "Ẩn tật bộc phát",
  "13185394602540584496": "Trăng sáng soi chiếu",
  "13185457859454870800": "Cấp độ đơn người đại diện cho độ khó mà thiếu hiệp phải đối mặt trong chế độ đơn người, khi cấp độ đơn người tăng lên, Thế giới lớn sẽ trở nên hiểm nguy hơn, đồng thời phần thưởng nhận được cũng sẽ khác biệt.",
  "13185484649642514601": "Xích Kim Lữ",
  "13185490197598039099": "Hà Kỷ Hi",
  "13185516341788180671": "Đối thoại",
  "13185516925734098325": "Kính gửi chư vị văn sĩ:\nHiện đang chiêu mộ thơ từ phú đối, chuyện thời sự giang hồ, giai thoại phố phường, đề tài không giới hạn. Tác phẩm hay sẽ được trả nhuận bút. Được mất một sớm, vinh nhục ngàn thu. 《Đông Phong Đệ Nhất Chi》 mời quý vị cùng viết tiếp phong hoa, mong chờ bút lực tuyệt vời của quý vị.\nĐông Phong Lầu Chủ\nĐỗ Cam Đường",
  "13185539377946587282": "Hủ Hủ Loan Đao - Thuần Mô Hình",
  "13185553845750986470": "Tú Ngọc",
  "13185614837977771841": "Đại nhân không có ở đây, ta có phúc rồi!",
  "13185656660124006490": "Lý Tử Thần",
  "13185659987787985939": "Sinh thái Vật chủng",
  "13185689181774210176": "Âu Gia Hạo",
  "13185695653375178381": "Ừm, đúng vậy, cứ viết như thế đi, Thiếu Hiệp hãy viết xuống đi."
}