{
  "12423615950177674315": "Thập Nhị Tiên",
  "12423710513735697274": "……",
  "12423776126803143887": "Dây buộc",
  "12423786242348483966": "Đây là lời hứa... Đây là lời hứa của Tiểu Thập Thất và tất cả mọi người!",
  "12423875302659581088": "Hiện tại có chức năng chưa thiết lập phím, có xác nhận lưu thiết lập hiện tại không?",
  "12423887711331184454": "Thiên Thượng Chiến Trường - Phá Thuyền 1",
  "12423918149610064483": "Xóa ủy thác Bách Nghiệp thành công!",
  "1242393027481626479": "Nếu ngươi đến muộn một nén hương, ta đã đánh ngã hết bọn chúng rồi.",
  "12423967289597559352": "Bạn đã vào trạng thái phá trận, xin hãy quan sát kỹ những điểm bất thường trong môi trường xung quanh.\nĐiều tra hoặc giải mã chỗ bất thường là có thể phá giải trận pháp",
  "12423979278101159744": "Lý Hữu Tân cảm thán \"Kiếp sau mình không cần nhiều tiền, chỉ cần nhiều tình yêu\" rồi đi một cách đáng đánh.",
  "12424008135188483742": "Mở ra có thể nhận được Ngọc Đấu hoặc Bộ trang bị Dịch Tương của bộ phận chỉ định, đề nghị phái #YMinh Kim Hồng#E sử dụng.",
  "12424057612767287717": "Nộp xong",
  "12424105004654771003": "Một lời ngàn cân",
  "12424112068183965638": "TBG - Thang Máy - Trung Tâm - Công Tắc Gọi (Tầng 2)",
  "12424123814682867279": "Làm xong rồi",
  "12424203932002559769": "Trộm học",
  "12424222515444130367": "Mèo · Duyên cam",
  "12424234054893083662": "Đang tải...",
  "12424330512023304120": "Đang tải dữ liệu",
  "12424351992188064210": "Những người này từ bỏ dung mạo, tên họ, quá khứ, trở thành gián nhân, đi về phía Bắc.",
  "12424365002269096852": "Ừm... không phải di ngôn... là...",
  "12424421520027145911": "Minh Kim · Ảnh Hạng 2-3 Thưởng · Vũ Sư Nhân",
  "12424429085400416125": "Là ngươi à. Hì hì, ta cũng không biết chuyện gì, hắn ta liền muốn luận đạo với ta.",
  "12424441281975366251": "Ghi nhớ rồi!",
  "12424479631884032891": "Tinh Ẩn Dã Đạo Sĩ 3 Đạo Sinh",
  "12424573058859119214": "Y đao",
  "12424608202312738010": "Khuyên bạn uống thêm một ly",
  "12424638969634956192": "Không Khí Tường Mẫu - Đạo Chủ",
  "12424660311192207421": "Xuân Thu Biệt Quán 3-3 Hậu Ốc Bảo Tàng Tứ Phẩm",
  "1242468777552397095": "Hoang Thực Lâm - Chiến Lợi Phẩm Điểm Tái Sinh 410",
  "12424722270820930439": "Thiền sư xin dừng bước...",
  "12424879228476471414": "Sinh Thái Vật Chủng",
  "12424913437086348938": "Hộp Công Cụ - Bình Thường",
  "12424922659374559911": "Hừ, ngươi nói xem, dựa vào cái gì mà không trả tiền cơm mà còn muốn vay tiền của ta?",
  "12425003771820917608": "Kể chuyện ngàn đời sau mái hiên, dưới đèn múa trống nhạc vang.",
  "12425019387909706132": "Thiên Tuyền",
  "12425032315897082808": "Cùng một người tặng, cái mới luôn tốt hơn cái cũ.",
  "12425175002912682470": "Nhặt",
  "12425223536257440337": "Chặn hắn lại!",
  "12425282340381020749": "Tường bị gió lùa",
  "12425301663677674274": "Văn Thạch",
  "12425330683275566581": "Trong giai đoạn kinh doanh thử nghiệm, đã tiếp {} khách hàng.",
  "12425397289635921207": "Vũ Y Lâu - Hoàn Sự Tri Tăng Bổ 3",
  "12425473605338129063": "Không muốn trả tiền",
  "12425491318752235610": "Khai Phong Chủ Tuyến",
  "1242554114404354521": "Thất Nhật Nhiệm Vụ",
  "12425625078530513787": "Trọng",
  "12425631245530208510": "Túy Hoa Âm Nam Đệ Tử - Dung Phòng Ngoại 2",
  "12425654072936714032": "Trịnh Nga - Giai đoạn 1 - Né tránh bên phải",
  "12425700049604510225": "Bá Học - Mặc Sơn Đạo Trưởng Lão - Vãn Thượng",
  "12425702871112680087": "Đánh bại 1 tên Vô Tu Đầu Đà được chỉ định",
  "12425726899964161958": "Tống Lỗi",
  "12425728075772550866": "Tiểu Thụ Chi",
  "12425757808710815097": "Minh Kim - Ảnh hai người đánh dấu suy yếu",
  "12425810345233311069": "Phục Mã Trang - Chiến Lợi Phẩm Điểm Tái Sinh",
  "12425844355522191119": "Thủy Ngọc",
  "12425886442666981920": "Nhặt và nộp 40 cái $T(26_540010)$",
  "12425935788900756532": "Tăng sát thương cơ bản của cung tên",
  "12425945416495138319": "Vậy ngươi phải đến Quỷ Thị bên dưới.",
  "12425966728454009129": "Thanh Hà Thôi Thị",
  "12425978541181459869": "Phật Quang Tháp Động Nội Phòng Cọ Không Khí Tường",
  "12425985841424851664": "Đang tải dữ liệu",
  "12425992114815741102": "Trò chuyện",
  "12426029945766425485": "Nhận nhiệm vụ ủy thác",
  "12426047262603364567": "Từ Tâm Sơn Viện - Chiến Lợi Phẩm Điểm Tái Sinh",
  "1242608911262830684": "Phi Chuẩn Bộ 61 Giai",
  "12426152170978275247": "Không sao, trẻ con mà, luôn có phần nghịch ngợm hơn một chút. Lúc $T(3110) không có ở đây, mọi người ở Thần Tiên Độ cũng rất chăm sóc ta.",
  "12426174679495204998": "Lôi Đài 3 Người - AI - Hạng 3",
  "12426192859569714010": "Sao chạy nhanh thế này...",
  "12426207491740891050": "Sinh Thái Vật Chủng",
  "12426212713784686562": "Túy Hoa Âm - Phàn Lâu Tầng Một Bầu Không Khí - Trác Ngọc Lân",
  "12426258768746968949": "Sinh Thái Vật Chủng",
  "12426273050636563545": "Muốn xem thêm quẻ không?",
  "1242629078737376917": "Lương Vĩ Đồng",
  "12426299794751678339": "Thất Thiết Mỹ Tửu - Giám Công Bùi Nhưỡng",
  "12426309125492690178": "Bắt đầu nấu ăn",
  "12426330568833276512": "Nền tảng",
  "12426342804852912548": "Sinh Thái Vật Chủng",
  "12426379504737897804": "Hồ sơ bệnh án nặng",
  "12426449766393267027": "Sông lớn chảy về đông, sóng cuộn tan, bao anh hùng thiên cổ.",
  "12426500689640843423": "Không rõ...",
  "12426518831803105564": "Điền Anh Bộ Nữ - Hứa Nguyện Trì Rút Thẻ Thụ",
  "12426536886037796851": "Người này da mặt vàng như sáp.",
  "12426543725081700503": "Quy trình chuyển đổi giới tính #ffc89a chưa hoàn thành#E, có xác nhận thoát không? Thoát ra sẽ #ffc89a trả lại#E Đan Dịch Hình Âm Dương đã tiêu hao?",
  "12426551372926791350": "Mảnh xương rắn vua",
  "12426580387038282637": "Khai Phong Lục Lâm Doanh Địa Bảo Tàng - A14",
  "12426666538339985270": "Không bệnh tật",
  "12426666652781966307": "Tay Bài Hồ, do 4 bộ Khắc Tử hoặc Càng Bài và một cặp Bài Chủ tạo thành",
  "12426793844098042792": "Truy Binh 11",
  "124267946755853961": "Không nhìn ra, lời của đại hiệp ngài nói cũng có vài phần đạo lý. Mang đi in thành ngữ lục, gói bánh dầu cháo quẩy, chắc chắn sẽ tranh nhau mua đấy!",
  "12426861104663040114": "Đuổi gà mệt quá, ta nghỉ chút thì sao?",
  "12426868178238844318": "Đạo sĩ Kiến Long Quan",
  "12426874040544462423": "Hôm khác hôm khác, ta đã sớm phát hiện không đúng rồi, con tiện nhân kia, mau khai ra, ngươi có phải—?!",
  "12426911977887499253": "Lưu Hải Ca (Hậu Tục Sẽ Chuyển Giao Cho Khai Phong Tổ)",
  "1242694430099145984": "Khụ... khụ... được.",
  "12426949096327603590": "Bảo Tàng · Khai Phong",
  "12426976659435683439": "Trần Gia Tranh",
  "12426980692938410336": "Sinh Thái Vật Chủng",
  "12426982494616826563": "Khi tính toán sát thương chảy máu, xuyên thấu ngoại công và xuyên thấu Minh Kim Có thể dựa trên tấn công ngoại công tối đa để tăng thêm. Tối đa có thể tăng thêm #Y10#E điểm, cần tích lũy tấn công ngoại công tối đa #Y1000#E điểm.",
  "12427003794123323045": "Mở ra có thể nhận được phần thưởng Kiếm Thử cấp độ năm của chế độ đơn người",
  "12427045510094226501": "Người chăn ngựa",
  "12427059545376298395": "Ta tìm khắp khu vực này cả buổi, cuối cùng phát hiện Nam Tinh bị một đàn ngỗng bao vây tổ, xem như là quả trứng của chúng.",
  "12427069590217624761": "$link#Y{}#E^50224^$ tặng cho ta $link#Y{}#E^50366^$",
  "12427089649116047671": "Thâu Sư - Đồ Trung Tồn Đương Điểm Hiệp Chi Trủng Mô Hình",
  "12427117146191001651": "Sử dụng vật phẩm này, có thể nhận được ngoại trang tương ứng.",
  "12427163808432181745": "Chỉ Qua 1V1",
  "12427172461320930917": "Trị Liệu Môn Khách",
  "12427207292489503705": "Vương Trị",
  "12427222107887174613": "Tiểu hài tử",
  "12427228570966690734": "Hoàn thành 10 lần bất kỳ #8c5823 Trấn Thủ · Thử Thách#E cùng Chim Én liên kết",
  "12427268401787179281": "Phòng Chí Cường",
  "12427272983836178270": "Lam Hán",
  "12427285632794556066": "Phụ kiện - Trường Tưởng Ức",
  "12427285781434169127": "Nguyên Sâm",
  "12427310628139138944": "Đối thoại",
  "12427327911244649880": "Trương Lộ",
  "12427331481056251763": "Chủ tiệm tạp hóa",
  "12427380828478947240": "Khai Phong chủ tuyến - Khu vực ngồi xổm lò gốm",
  "12427381134998032979": "Biểu diễn",
  "12427405770480615973": "Hôi Lang - Đầu Mục (Hàm Đoàn Đội Hành Vi Quy Hoạch)",
  "12427409509306117704": "Làm sao... có được? Không phải là vì hoa cỏ ven bờ, mỹ nhân trong lầu sao?",
  "12427456967872507119": "Sinh Thái Vật Chủng",
  "12427460399580127569": "Gây ra do môi trường ẩm ướt hoặc khô ráo",
  "12427479411410988776": "Huyền Hồ NPC - Hôn Mê Hòa Thượng",
  "12427540653337186976": "Dĩ Thái Trảm",
  "12427577898169983659": "Hồng trần quyết",
  "12427600066790934458": "Đậu Đậu, Đậu Đậu, ngươi có sao không?",
  "12427609895858806792": "Tìm đường dừng lại, xin hãy tự tìm vị trí rương bảo vật hoặc thử lại lần nữa",
  "12427638226360292723": "Đối thoại",
  "12427675217436642117": "Phong Dưỡng",
  "12427689395777832987": "Sinh Thiết Khối (Mảnh Vỡ)",
  "12427766053857846660": "Hoa thược dược khác màu",
  "12427767199934279529": "Phần thưởng điểm",
  "12427784366559410408": "Khu Ma Bất Khả Bàn Vận Thạch Tượng",
  "12427808539201285539": "Lại có thể một mình xông đến đây……",
  "12427847485545824267": "Cố Định Phục Sinh Điểm - Bất Phục Mã Trường",
  "12427868486706694971": "Chuyển dần",
  "12427869617808868725": "Gật đầu đồng ý",
  "12427894799974135850": "Trảm Phong · Nhị",
  "12427925864715856782": "Chu Vũ Lâm",
  "12427983308491247488": "Duyên khởi hôm nay, chờ xem nhân quả",
  "12427987642820907785": "Mạc Mạc",
  "12427997762572138135": "Sinh Thái Vật Chủng",
  "12428254008077103519": "Kiến Long Quan - Mô Hình Ngẫu Nhiên - Tẩu Động Bối Cảnh Bản 5 Bình Dân Nam Hài",
  "12428281623237986128": "Cẩn thận một chút!",
  "12428326724724547146": "Đối thoại",
  "12428335829602901363": "Chưa vạch trần trò lừa bịp",
  "12428485471828860001": "Hòa minh",
  "12428496647340090319": "Cơ cốt cường kiện cơ cốt cường kiện cơ cốt cường cơ cốt cường",
  "12428537846452602488": "Dân làng Lĩnh Hạnh Thôn",
  "12428562231076872753": "Câu Lan Điếm Phố Khu 2 - Tĩnh Thái Bối Cảnh Bản",
  "12428582099585049913": "Yến Sào Thảo",
  "12428745020628051029": "Thịt ba chỉ thơm ngon, béo mà không ngấy, nạc mà không khô, vào miệng đậm đà, vừa vặn ăn cơm.",
  "12428778253027135063": "Thiên Tuyền - Trưởng Lão C Nội Các 2",
  "12428778440300818836": "Nữ thị vệ Lâu Vũ Y",
  "12428831845445972454": "Sau khi kích hoạt #R【Thiên Lôi Khai Ngộ · Phong】#E\nSử dụng #YThiên Nộ Đao Pháp#E gây sát thương lớn",
  "12428880211187599435": "Thái Dương",
  "12428880409570908555": "Thiếu hiệp sĩ, đây là học đường, nếu có đưa đón con em, xin vui lòng chờ ở cửa.",
  "12428916383126079672": "Cơ Quan Ốc - P3 - Thiên Tỉnh Xuất Khẩu Biến Hóa Môn Hữu",
  "12428965452692564494": "Khu vực có thể ngồi xổm trong Võ Lâm Lục Câu Lan Oa Tứ",
  "12428967955708896807": "Chọn cơ nghiệp",
  "12428991210530015860": "Thanh Cao Nhận",
  "12429002253955095533": "Đại Hán la hét bị kéo đi, đầu lĩnh quan binh nhìn về phía ngươi.",
  "12429041632798888322": "Thập Lục ngõ",
  "12429111959041036506": "Huyền Thưởng Tưởng Lệ",
  "1242911441227939736": "Thiếu thành phần này",
  "12429129009857502891": "Ôi chao, trên đời này vẫn phải dựa vào quan hệ chống lưng mới được nha...",
  "1242914127774964178": "Chu Vũ Lâm",
  "12429157672774411063": "【Giới Bi - Truyền Tống】",
  "12429224982148112523": "Dấu vết của kẻ phản bội.",
  "1242924136550373913": "Lời chúc mừng năm mới từ Đậu Đậu Ký",
  "12429245378689250022": "Hỏi manh mối từ tiểu ăn mày",
  "12429312163200468032": "Khoảng",
  "12429331607089784378": "Đối thoại",
  "12429337256540571641": "Mạch Hành Chu Biên 9 - Phụ Nhân Khán Hóa - Đơn Bạch",
  "12429367677917081490": "Việt Nhạc Thủy",
  "12429370660948246454": "Lăng Hàn Y Giáp",
  "12429401457285932980": "Đang tải",
  "12429423666276246662": "Đang tìm đồng đội và ghép trận đấu",
  "12429427475543910550": "Ngày 24 tháng Chạp",
  "1242943158380192610": "Quân mệnh không trái",
  "12429452823331808841": "Tam Sinh Mộng Khế độc phát, gây hiệu ứng Choáng và một vụ nổ sát thương",
  "12429472091205886100": "Lục văn phùng",
  "12429489587602640669": "Thông lâu khô treo trên vách đá dựng đứng",
  "12429490711245729808": "Không thể tương tác",
  "124295174437232381": "Ngàn cân treo sợi tóc",
  "12429519202314120852": "Lưu Phái Tháp Liệt Thạch · Uy Đệ 1 Tầng - Thảo Tặc Đơn Đao 2",
  "12429558077645988362": "Tam Cấp Khu Vực Tiến Độ",
  "12429577059772791844": "Mười năm mộng mị",
  "12429601611331359586": "Có lý có cứ!",
  "12429610776297927149": "Chứng bệnh này ngày xưa gọi là Lịch Phong, khiến mũi bị hoại tử và da đổi màu, da thịt bị lở loét, độc phong xâm nhập vào mạch mà không đi.",
  "12429619762031614880": "Dương Đạo Mẫn",
  "12429662210376674007": "Nhận phần thưởng",
  "12429720335983119388": "Phật Gia Trại Cung Tiễn Tiểu Quái Rơi Rụng Khai Phong",
  "12429720875465034455": "Đối thoại",
  "12429731771158671066": "Kể từ khi vào thu, Khai Phong Phủ liên tục xảy ra chuyện lạ. Gần đây, một lượng lớn hồ sơ vụ án kỳ quái bị thất lạc. Phóng viên của chúng tôi sau nhiều ngày nằm vùng, cuối cùng đã phát hiện ra sự thật đằng sau sự việc! Thủ phạm đằng sau màn là một tổ chức kỳ dị tên là Huyền Nguyên Giáo, chúng đang chọn lọc và tiêu hủy hàng loạt hồ sơ, nhưng mục đích rốt cuộc là gì thì vẫn chưa rõ. Xin mời quý vị chờ xem các bản tin tiếp theo.",
  "12429735799716190595": "Cấu trúc cơ học của diều gỗ kiểu mới có chút vấn đề, muốn thảo luận với ngài một chút.",
  "12429743131477320084": "Thiêm Đáo Tưởng Lệ",
  "12429757293403851237": "Thua cuộc tỷ thí",
  "12429798850019870931": "Long Quỳ Thảo",
  "12429907929150548283": "Du Lập",
  "12429929996442748773": "Ngươi không chờ được đến ngày đó, bây giờ cứ lấy ngươi tế nha đầu!",
  "12429935324469510357": "Bản nhạc này vẫn chưa được mở khóa",
  "12429943092777093647": "Dương Bình",
  "12429988898621593192": "Triệu Vĩ Nghiệp",
  "12430020380099062072": "Bách Thảo Dã",
  "12430030118335016098": "Từ Tâm Sơn Viện sau khi được thanh lọc đã khôi phục sự yên bình như xưa, nhưng vẫn có thế lực không ngừng tìm cách xâm nhập.",
  "12430041910532167430": "Xương cốt bị trọng thương.",
  "12430073959071886097": "Đối Thoại",
  "12430114430021345491": "Tạc Dược Thùng Khiêu Chiến 4 - Xạ Tiễn Nhất Tinh",
  "12430128641187641198": "Cảnh giới tăng lên",
  "1243013141263797416": "Âu Gia Hạo",
  "12430134812219642191": "Hoàn thành nhiệm vụ chính Lương Châu «Trăng giấy · Lưu Ly Lạc Dao Đài» ({0}/{1})",
  "12430147604929038781": "Sơn hà như cũ",
  "12430152417982499142": "Trầm hương, đinh hương, đàn hương, ba loại hương liệu này có thể chế thành hương Phù Dung.",
  "1243017660088592926": "Đối thoại",
  "12430176869050338919": "Haha, không phải câu chuyện của ta, là câu chuyện của người đưa thư kia, cũng là câu chuyện của những phu dịch trạm Hà Tây chúng ta!",
  "12430254194238665444": "Sử dụng vật phẩm này, có thể nhận được ngoại hình tương ứng.",
  "12430258799219836463": "Lữ Giai Nam",
  "12430283112957917591": "Nhuộm highlight",
  "12430290375327223749": "Haha, lão hủ tuổi đã cao, giữ vật này cũng vô dụng, thiếu hiệp cứ mang đi đi.",
  "12430317772053219413": "Phòng Số 3 - Tả Khai Môn Diệp Luân",
  "12430368867959295087": "Khởi đầu",
  "12430391773848844754": "Lần trước phụ thân vận hàng hóa đến, đã bị sơn phỉ cướp bóc, may mà có thang茱萸.",
  "12430402459454194581": "【 Tâm Pháp Thu Thập · Một 】 Lĩnh hội hoàn chỉnh Kim Tâm Pháp của phái #YHoa Thượng Nguyệt Lệnh#E",
  "12430409280781097198": "Trường Dạ Hữu Hồng",
  "12430409369976394055": "Danh thiếp 3D Phong Hoa",
  "124304229521754280": "Diễn Võ 3V3",
  "12430444279353903576": "Lớn nhỏ",
  "12430497489423219075": "Sinh Thái Vật Chủng",
  "12430503852319481549": "Bệnh gãy khớp xương ngón tay, chủ yếu do va đập, đè ép gây ra. Vùng bị thương sưng đau, chức năng chi thể bộ phận hoặc hoàn toàn mất đi, thậm chí xuất hiện dị dạng và hoạt động bất thường.",
  "12430505055543448023": "Nhược Thủy Ngạn - Phát Phóng Tư Phương Ca",
  "12430563291578771128": "Phòng ngự trị liệu khí bệnh giảm 30%.",
  "12430590760801753426": "Định Thân",
  "12430605582388357541": "Tinh Thiết",
  "12430615909767659613": "Đi hướng nào cũng không kịp rồi nha!",
  "12430623623288299542": "Phá Toái Lung Tử 1",
  "12430679555656931117": "Cố tiền bối…… Không đúng, sao có hai Cố tiền bối, các vị ai mới là Cố tiền bối thật?",
  "12430704130174079936": "Nhất Diệp Bình Sinh - Nam Môn Đại Nhai Nhai Khu - Bối Cảnh Bản 15",
  "12430773003302448130": "Ngọn lửa",
  "12430773560042039296": "Nam vô A Di Đà Phật, Nam vô Đà Di A Phật, Nam vô Di Đà A Phật...",
  "12430778741279263711": "U u... không hiểu gì cả, đại ca, ngươi có manh mối gì không?",
  "1243083739839746628": "Huệ Xảo nói với ta rằng tên trọc đầu Thiện Diệu khốn kiếp kia trước đây thường lui tới cái nơi đổ nát này, còn để lại mấy cái #Yđuốc#E kỳ quặc, coi như dấu hiệu hắn giấu bảo bối.\nTa đã thử hết rồi, hai cái đuốc #Ytrái, trước#E mà châm lên cũng chẳng có tác dụng gì. Cái thứ bảo bối chó má gì chứ, Huệ Xảo lại đùa mình.\nNơi này rất nguy hiểm, suýt nữa thì rơi xuống. May mà ta thông minh, không mắc lừa hắn. Hừ! Tên Huệ Xảo này thật không phải người.",
  "12430888977187687486": "Lão trại chủ của chúng ta chết rồi, đến lượt con trai lão gánh vác việc lớn.",
  "12430903181477657341": "Lắng nghe gió để xác định vị trí, điều tra địa điểm khả nghi",
  "12430903832849211871": "Bất Phục Mã Trường - Chiến Lợi Phẩm Loát Tân Điểm",
  "12430919401511659840": "Thiếu đông gia.",
  "12430938699990409015": "Lên đạo, thăng cấp vị",
  "12430944897257939940": "Song Nhân Động Tác - Phi Hưu Nhàn Bang - Tam Giai Tưởng Lệ",
  "12430968516639255588": "Điền Sùng Dụng Lộ Nhân 3",
  "12430971705995528116": "Hội thoại",
  "12431002838738918571": "Thành phần xây dựng, dùng để dựng nhà.",
  "12431057003889317128": "Triều Lộ Tử",
  "12431088730936394290": "Ngư Bách Xuyên Phần Vi Cùng Khổ Thanh Niên Nam Vô Danh",
  "12431165983841770214": "Thanh Hà Bảo Tàng Trấn Thủ Cấp 1 Ngũ Âm Ngạch Ngoại Đại Tệ",
  "12431223564722664885": "Miễn nhiễm ô nhiễm 1160053",
  "12431244243050997736": "Giới hạn thời gian",
  "12431252099959950758": "Chỉ Dẫn Phương Hướng",
  "12431290726610176072": "Nếu thực sự phải chọn ra một vài thiếu sót, đó là việc cậu ta quá tập trung vào việc học và võ nghệ, đôi khi bỏ qua một vài tình cảm thế sự. Nhưng đây là điều thường thấy ở người trẻ, chỉ cần thời gian, cậu ta nhất định sẽ thông hiểu thế sự, càng tiến thêm một bước.",
  "12431311648691354085": "Áo lót trong",
  "12431319304052962910": "Miếu Diệu Diệu",
  "12431332012707868030": "Sau khi thanh trừng, Long Hổ Trại đã khôi phục lại sự yên bình như xưa, nhưng vẫn có thế lực không ngừng tìm cách thâm nhập.",
  "12431348856309311300": "Túy Hoa Âm - Thất Nội Phần Vi Điền Sùng - Nam",
  "1243137751698118972": "Thường Bình Thương Trấn Thủ Tân Tăng - Mãnh Hỏa Du Quỹ Thao Tác Trắc Thí (1632240130)",
  "12431399011186625686": "Giải Vô Gian - Ác Bá 1",
  "12431404754579341450": "Lý Trạch Hạo",
  "12431435593107368303": "Trương Ích Hào",
  "12431475447238827768": "Gian Chương NPC Chiến Đấu - Đối Thoại",
  "12431525192600203273": "Thoát khỏi Bách Nghiệp",
  "1243159712893616991": "Sinh Thái Vật Chủng",
  "12431599023661989399": "Triêu Sinh Mộ Lạc Hoa - Tái Sinh Hoa Bao Đơn Thể - Nhất Tiễn Tam Liên Động Quật Định Chế Phóng Đại Bính Tràng",
  "12431640702467239072": "Làm sao bây giờ, nơi có gió mạnh nhất lại đúng là trên mặt nước!",
  "12431657643492159311": "Ai truy tìm ngàn dặm, muốn báo ân oán? Ai lưu lạc thất hồn, lầm tưởng ảo ảnh là thật? Hãy cùng người trong cục ngoảnh lại chuyện cũ, giải mã nguyên ủy quá khứ.",
  "12431663436796681245": "100 Thông Bảo",
  "12431678417497924613": "Tội vu khống",
  "12431744198927542036": "Một cái chuông mèo được xâu bằng dải lụa đỏ, chất liệu quý giá, kiểu dáng tinh xảo.",
  "12431774275269504989": "Xoay",
  "12431783144321358681": "Thành phần kiến trúc",
  "12431803159353058963": "Nhìn những người phía dưới kìa. Có người không biết trên đó có gì, nhưng thấy người khác nhìn, họ cũng nhìn theo.",
  "12431820962294591755": "Nhất Trượng Hồng",
  "12431888166014882359": "Công nhân tiệm đàn tranh",
  "12431975809488776107": "Trương Liên Hâm",
  "12432040857121481942": "Kim Nam Thủ",
  "12432060298497883321": "Thi Thiên Lai",
  "12432075246077562880": "Bách Nghiệp - Nhà tắm - Tổ hợp kiến trúc phong cách số 1",
  "12432095663980693298": "Thực hiện hoặc tham gia bất kỳ#ffc89c tư thế đôi#E nào #E3 lần.",
  "12432112571740523794": "Đã mở khóa Luật Cách mới",
  "12432129490412700242": "Huỳnh Uyên Quan Khải - Không entity - (Huỳnh Quang Thủy Hoa - Nhược)",
  "12432192655852713083": "Trang sức Phật tượng · Chủ tiệm",
  "12432209745530007962": "Thạch Khối",
  "1243224742436904510": "Xạ Ngũ Ác Bả Tử - Trí",
  "12432250646931722529": "Thạch Khối",
  "12432270818448567422": "Tương Phác Quan Chúng - Thiên Tuyền Quan Chúng 1",
  "12432324302783911954": "Mạc Kim Tiễn Đại",
  "12432348324856084395": "Ta Thán Nhai - Mộc Bản Tổ Kiện",
  "12432420890189384622": "Trúc Lâm Tiểu Ốc - Y Đao Tống Hồng Tuyến Đích Mã",
  "12432428428684440806": "Vương Lai Phúc",
  "12432431229758121406": "Thọ Xương Phường - Đông Li Viện - Hồ Thương",
  "12432448494711578571": "Từ Tâm Sơn Viện... Haiz, năm đó ta và A Ngũ bị bắt đi cùng nhau, khi ta may mắn trốn thoát, trong lòng đã có dự đoán, nhưng vẫn luôn ôm một tia hy vọng, hy vọng A Ngũ vẫn còn sống...",
  "12432457064933135597": "Thừa Ân Trấn"
}