{
  "11769766425699239742": "Thành phần kiến trúc, dùng để dựng nhà.",
  "1176977004381235814": "Mã Lộc - Đầu Mục",
  "11769770732139593584": "Đi xem",
  "11769808358862048048": "Tôn Giai Nam",
  "11769830270300284160": "Người Nhàn Đàm",
  "1176983467168071082": "Hừ, không cần ngươi giúp! Hí—",
  "11769839937276680980": "Vật Chủng Sinh Thái",
  "11769849508626428313": "Sử dụng vật này, có thể nhận được ngoại hình tương ứng.",
  "11769895670766515831": "Tiên nhân ta làm sao có thể chạy trốn, chắc chắn là thiếu hiệp nhìn nhầm rồi!",
  "11769927821426801770": "Tây Nam",
  "11769965414169443294": "Bất Phục Mã Trường - Bảo Tương Chiến Lợi Phẩm - Tam Phẩm",
  "11769998752883671731": "Sĩ Binh Bổ Khuyết",
  "11770052953217240342": "Vết đao độc đáo do người Thiên Tuyền gây ra, khó chữa bằng phương pháp thông thường.",
  "11770104949701595155": "Điểm yếu (Yếu): Minh Kim",
  "11770135138185637547": "Đang tải dữ liệu",
  "11770159655006652735": "Tôn Bất Khí từng là vật tế của Uyên, may mắn được Thủy Nguyệt cứu. Thủy Nguyệt du hành trị bệnh, tự biết sẽ qua đời vì lao lực. Để giải quyết nỗi khổ truyền đời của y giả thiên hạ, Tôn Bất Khí muốn khiến người đời đều được trường sinh, không còn bệnh tật.",
  "11770222181695322962": "Bang Công Mạch Hành 2",
  "11770240578112375939": "Chỗ câu cá này…… phải chuyển đến ngư trường của ta.",
  "11770318839934752912": "Nhưng tiểu nữ nhi của hắn...",
  "11770329639418098413": "Vật Chủng Sinh Thái",
  "11770329838625517951": "Tưởng Lệ Toàn Phục Thí Luyện",
  "11770343629184960443": "Đang tải dữ liệu...",
  "11770362883022850277": "Nghê Lão Sơn",
  "11770432883781000747": "Lại có một người tới, đưa về Tướng Quân Từ đi……",
  "11770447861732751632": "Tìm Triệu Thừa Tông đang buồn bực và an ủi.",
  "11770453003698657046": "Ngươi hiểu gì chứ? Độc hoa Mạn Đà La này không phải thứ có thể dễ dàng có được, ngay cả Thương Hội Vị Ương của ta cũng chỉ ngẫu nhiên tìm được một ít...",
  "11770480187434183542": "Chỉ xin Đại Tống đáp ứng hai điều —",
  "11770483252366171728": "Trường Bổng",
  "11770486042808534080": "Trừ tịch · Hai mươi chín tháng Chạp",
  "11770511108777066424": "Phòng Chí Cường",
  "11770511436493370346": "Sao chép",
  "1177053812747241501": "Rơi ra bộ Yến Liễu, Hàn trang bị tím cấp 16 tốt nhất.\n(Không rơi giáp ống chân)",
  "11770539849397990168": "Đạo Cụ Giải Mật Phức Hợp",
  "11770547016312271926": "——Thọ hỉ bảy mươi quan.",
  "11770551672887530796": "Hô... hô...",
  "11770552974683833540": "Trương Tuấn Kiệt",
  "11770638307703506509": "Không biết, cũng không muốn biết, #N Hay là cậu giả dạng người của Long Hổ Bang đi hỏi thử xem#E?",
  "1177069403763391490": "Lối Chơi Tương Phác - Chẳng Sợ Chi",
  "11770722878274294527": "Võ nghệ của Tiêu Sử cũng rất tài giỏi, y học võ từ nhỏ, tinh thông cung mã, giỏi tất cả các loại đao, thương, kiếm, kích. Tại hạ từng tận mắt thấy y trên thao trường, một ngựa đương thiên quân, anh tư phóng khoáng.",
  "11770728773116062290": "Đệ Nhị Hồi - Giúp Triệu Đại Ca Che Giấu Triệu Đại Ca",
  "1177076471983441877": "Tâm pháp",
  "11770808843834910382": "Khách say hoa âm",
  "11770829105168490992": "Bù giờ? Nhưng lúc ta nhập môn, không nghe trưởng lão nhắc tới nha.",
  "11770890737079630416": "Trương Chấn",
  "11770949507075559806": "Nhất Diệp Bình Sinh - Hoàng Chỉ",
  "11770950378528543688": "Bảo Tương",
  "11771013002360834552": "Đang lấy dữ liệu",
  "11771013294078111966": "Âu Gia Hạo",
  "11771067501835837392": "Kim Minh Trì - Mộc Bản Cửa Sổ",
  "11771071229124467313": "Tổ Tạo Không Khí Ngư Bách Xuyên 108",
  "11771097991506650232": "Chuyển màu",
  "11771107142332703349": "Bách Nghiệp chiến tranh tường người đánh cờ - Cấp độ thế giới 8",
  "11771166844498831449": "Thẩm Mặc Hiên",
  "11771174397718079906": "Hàn Thiên Dạ nhiều người - Thuẫn băng - Màn chắn bảo vệ",
  "11771204515117200664": "Thương nhân béo",
  "11771308152258562728": "Lộ trình khám phá",
  "11771312759302896022": "Sư tỷ, tỷ cứ nhìn thêm lát nữa, ta vết thương này sẽ lành ngay!",
  "11771470964307063824": "Điều Mục Bác Vật 17, Tưởng Lệ Mức 7",
  "1177151077846785807": "Khu vực dưới lòng đất Phật Quang Đỉnh - Khu vực La Hán Đường",
  "11771513890753474982": "Sau đó... sau đó thì không nhớ gì nữa hết...",
  "11771568411041791498": "(Người này hành tung lén lút, chẳng lẽ muốn làm chuyện trộm gà bắt chó sao?)",
  "11771581585390336847": "Bảng Mô Bản",
  "11771653567060899189": "Chạy vượt chướng ngại vật có hạn giờ",
  "11771706612350221986": "Ừm... chăm chỉ, thực sự chăm chỉ. Mỗi tối đều 'đặt chân vững chắc' nghiên cứu văn chương.",
  "11771752077486773155": "Rao Bán Bên Đường",
  "11771776381801661691": "Lộn ngoài",
  "11771899168117065208": "Đơn xin thuyền hoa",
  "1177192017738184472": "Độ sáng",
  "11771922410573472262": "Tiểu Thụ Chi",
  "11771938251348019482": "Kỳ Thuật - Quan Sát Điểm Hùng",
  "11771964175131246382": "Cánh cửa lớn mở ra, trong Quỷ Phàn Lâu vô cùng náo nhiệt. Nhưng trong lúc ngươi kinh ngạc, lại thấy một nữ tử bị trói trên đài cao kia.\nPhi tiêu bay ra, nữ tử được cứu, nhưng ngươi cũng bại lộ trước mặt mọi người.\nCác khách nhân nhao nhao tan đi, mà thuộc hạ Vô Ưu Bang vây quanh ngươi. Một trận đại chiến, sắp xảy ra.",
  "11772081295493726692": "Sợ hãi",
  "11772096800939642262": "Tấn công Minh Kim lớn nhất",
  "11772135181061237876": "Thiên Lôi Khai Ngộ - Hồng",
  "11772247383068080340": "Không rõ...",
  "11772292825941129295": "Âu Dương Thư Chu",
  "11772296887177380794": "Thi quyết",
  "11772364799906784121": "Vật Chủng Sinh Thái",
  "11772370019327486846": "Thọ Xương Phường - Sĩ Binh",
  "11772394425300975983": "Tường Không Khí Cứ Điểm Cày Lại Đa Nhân Liên Hoa Thiền Viện",
  "1177245381197888596": "Thường Bình Thương Trú Quân",
  "11772466270666779635": "Vật Chủng Sinh Thái",
  "11772490565369936897": "Thi",
  "11772493442757891934": "Thương",
  "11772506579083291238": "Lão đại! Là lão đại!",
  "11772509987220337597": "Tại chỗ cây tội nghiệt, treo thẻ đã phai màu, dưới cây tội nghiệt, ngộ ra #8c5823 Sát Sinh Huyết Đồ#E.",
  "11772520951144175889": "Đồ chơi bắn súng",
  "11772531319070989217": "Huynh đệ họ Địch, đã lâu không gặp, huynh còn nhớ ta không?",
  "1177261770314641673": "Thái Cực Thoát Thủ",
  "11772632023713574615": "Chỗ mèo thích không phải là nơi ngươi đoán được đâu ~",
  "11772639934645834061": "Giáp ống chân",
  "11772675610821757428": "Lối Chơi Cảnh Sát - Bổ Đầu (Đao + Nỗ) Cấp 3 - Khai Phong Thông Dụng",
  "11772711326973048235": "Tưởng Lệ Thu Thập Khu Vực Tam Cấp 2",
  "11772728144362335926": "Dân làng Phong Hòa thôn",
  "11772809966512991193": "Ta còn đặt tên cho hắn nữa đó - Tự Nhất.",
  "11772856835596728259": "Ta không phải muốn ngươi chữa bệnh cho ta một cách vô ích! Những thứ khác đều được, đều được!",
  "11772890868813705603": "Mọi người cũng không biết!",
  "11772912638265977277": "Heo rừng",
  "11772930505841250304": "Chức năng đóng băng",
  "11772931852922749952": "Lên ngựa",
  "1177295632176671785": "Túy Hoa Âm - Ngữ Âm Bổ Sung Không Khí Ngoại Vi 1 - Nam",
  "11772968560252150859": "Phật Tâm Sâm",
  "1177299790719999028": "Triển Sầu Mi",
  "11773073139047678066": "Phần thưởng hoạt động WeChat Mini Program",
  "11773073665538916908": "Lâm Văn Kiệt",
  "11773086917208904256": "Trương Chấn",
  "11773129908130788856": "Trương Bân Nghĩa",
  "11773136341150253330": "NPC Không Khí - Ngự Uyển Bắc - Nữ Tình Lữ",
  "11773138066075067158": "Vật Chủng Sinh Thái",
  "11773166871513743245": "Nghỉ ngơi ăn uống trên đường đi, nguồn gốc của nó có lẽ từ tiểu thuyết của người Tống, nói rằng bữa ăn trên đường gọi là \"đả hỏa\", sau này \"hỏa\" bị nhầm thành \"tiêm\".",
  "11773250553903712341": "Tống Duyệt Nhân",
  "11773310600749287963": "Túy Hoa Âm - Không Khí Tầng Một Phàn Lâu - Trước Vũ Đài 15",
  "11773339668196715849": "Tăng Sát thương Kháng tính",
  "11773412871937499825": "Thường Bình Thủ Vệ",
  "11773434846585399523": "Phá hủy Triêu Sinh Mộ Lạc Hoa",
  "11773438692588760330": "Tình hình không ổn, xin cáo lui",
  "11773456778428273897": "Triệu Vĩ Nghiệp",
  "1177354611532929775": "Fan Zeng",
  "1177363067039471407": "Thành Tựu: Tiểu Mỹ Hảo - Trường Minh Ngọc *5",
  "11773651644019167903": "NPC Miêu Trí Năng - Đại Thành Công - Bổ Khoái",
  "11773724846486739552": "Xóa bỏ kháng ngoại/nội tà bệnh của lượt hiện tại",
  "11773755797025941723": "Giá hồi đáp",
  "11773756999046553335": "Bảo Tương · Thanh Hà",
  "11773776116436161716": "Thái Bình Chung Lâu - Điểm Làm Mới Chiến Lợi Phẩm 111",
  "11773786123846081921": "Phòng Chí Cường",
  "11773855427687917564": "Nhưng, vì chuyện lớn đó... Cái chết của tiên sinh Hàn Vi, trong lòng ta luôn có chút ý vị không nói rõ được...",
  "11773875857072419813": "Dân lưu tán ở Thanh Hà, bị bắt đến ruộng hoa trồng hoa, luôn mong có một anh hùng cái thế từ trên trời giáng xuống.",
  "11773882641429079918": "Tham gia Hồng Lô Nhã Tập",
  "11773920155815093983": "Phòng Chí Cường",
  "11773932634839720759": "Vật Chủng Sinh Thái",
  "11773949739772354045": "Tự động chuyển đổi mục tiêu khóa",
  "11773964201137945741": "Tiểu Nữ Hài Khóc Lóc",
  "11774019267387031829": "Đương nhiên rồi, hắn còn mời ta ăn cơm nữa đó!",
  "11774052457473004501": "Cách Không Thủ Vật - Bảo Tương (Xà Hộ)",
  "11774144894057689357": "Do ảnh hưởng của tiếng chuông, khí huyết và khả năng gây sát thương của thủ lĩnh bí ẩn đã giảm mạnh!",
  "11774160594245996387": "Sơn Kê Lục Sắc - Lưu Trình Tân Thủ",
  "1177419242505844278": "Mũ trụ, áo giáp ngực, giáp ống chân, giáp cổ tay",
  "11774197795769604198": "Trong《Võ Lâm Lục》ghi chép Tiết Sầu là người kỳ lạ ở chợ, có thể đi trên lửa đạp trên dao, trồng dưa dời giếng, dựng mây tạo mưa, ngồi tạo núi sông, công phu rất cao. Đã đến Câu Lan Oa Tứ, vậy thì đi bái phỏng vị tiền bối này.",
  "11774205679139546921": "Kỳ Ngộ Kế Thừa Giả Mỹ Thực - Cước Ấn",
  "11774206711053246252": "Hang động giải đố",
  "11774221142868538742": "Lục Sí",
  "11774242250950787147": "Hoàng Lạc Tư",
  "11774281826750266050": "…… Giang thúc ơi, là ai?",
  "11774282433646485955": "Trâu",
  "11774305508699305444": "Điều tra thi thể",
  "11774315392205369009": "Thạch Khối",
  "11774342631459543585": "Vật Chủng Sinh Thái",
  "11774346207437853506": "Trần Gia Tranh",
  "11774377499858596877": "Linh Lộc (Cái)",
  "11774384337944813436": "Ừm, tuy hơi đắt, nhưng chuẩn bị đủ nguyên liệu thuốc rồi mới lên đường, yên tâm!",
  "11774392948562990700": "Đệ tử Tam Canh Thiên, chuẩn bị đi Khai Phong thực hiện nhiệm vụ bí ẩn, đang khảo sát địa hình.",
  "11774426776492281442": "Bảo Rương · Thanh Hà",
  "11774436444647856988": "Trở thành khách thuê của Huyền Hồ Môn để trị bệnh",
  "11774442824993823724": "Đối thoại",
  "11774451460215982698": "Nghe lén",
  "11774451496816356977": "Sinh Thái Vật Chủng",
  "11774482557264184220": "Phàn Lâu - Võ Lâm Lục - Bổ Sung Không Khí 2 - Thị Nữ",
  "11774488762968719832": "Kỳ Ngộ Mỹ Thực Kế Thừa Giả - Dấu Chân",
  "11774500249484803189": "Khuyển khác thường",
  "11774519933358716974": "Mở cài đặt môi trường",
  "11774530123986305372": "Sử dụng nhận được công thức thuốc màu xanh lam.",
  "11774566768885684325": "Bắc Minh Di Chỉ Luyện Tập Phá Phòng Quái 2",
  "11774595116172095665": "Đối thoại",
  "11774603976619292740": "Còn được gọi là Đan Bôi, Thiên Hỏa, Hỏa Đan, Lưu Hỏa, là một loại viêm da nhiễm khuẩn cấp tính. Thường do huyết phận có nhiệt, hỏa độc xâm nhập, hoặc da và niêm mạc bị tổn thương, tà độc thừa cơ xâm nhập, hỏa nhiệt tà độc uất kết ở da, kinh lạc tắc nghẽn, khí huyết ứ trệ mà thành.",
  "11774629401596675939": "Nhận được sau khi thu thập 100 vật phẩm đơn lẻ",
  "1177465985038451560": "Không liên quan đến ta!",
  "11774663723729915083": "Đối thoại",
  "11774678189252444068": "Tuyết Mãn Xuyên",
  "11774702713379672114": "Nghe lén",
  "117747317215870618": "【Kỳ Ngộ】《Tên Của Hắn》Nhiệm Vụ NPC Hài Đồng",
  "1177473715328561640": "Người làm công ở Mạch Hương Khách Điếm.",
  "11774804202705592191": "Chiêu mộ tìm bảo",
  "11774847694292219452": "Đang tải...",
  "1177485604812842670": "Đang lấy dữ liệu",
  "11774860726152985537": "Ôi trời!",
  "11774883533829861281": "Thiên Phật Tàn Tích",
  "11774899087400924296": "Tuần hoàn ngủ của người đa nhân - Tuần hoàn",
  "1177490047426010649": "Vô Danh Tướng Quân - Trường Cảnh Vụ",
  "11774903282381111402": "Đây là… một tờ khế đất? Nhìn có vẻ vùng Bình Dã trước kia thuộc về… họ Trịnh ở Khai Phong?",
  "11774950689509503718": "Tiểu Thạch Khối",
  "11775022059386305059": "Khóa trường thọ Tử Mẫu\nTặng trống thần này, cầu con trường thọ. Bóng hươu mờ ảo, tình cảm vĩnh tồn.",
  "11775027019850333107": "Ông lão đổi bao nhiêu",
  "11775037921396975993": "Hắc Tài Thần P3 Tường Khí - Hữu Trắc",
  "11775091375766222629": "Cứu ngươi một lần, đổi lại ngươi mời ta một bình Phong Hòa Xuân, thế nào?",
  "11775105766824379052": "Giam Ngục - Bầu Không Khí - Sách - Thanh Hà",
  "11775143505941506781": "Trần Gia Tranh",
  "11775348499799480870": "Triệu Phổ Trạch Tuần Tra 1",
  "11775378129942960776": "Trương Chấn",
  "11775382562535831793": "Săn bắt",
  "11775402425434583520": "Đang tải",
  "11775413412049234295": "Trò chuyện với Diêu Dược Dược",
  "11775432250509057134": "Rốt cuộc là chuyện gì",
  "11775450705158601048": "Từ biệt",
  "11775452158204037186": "đang duyệt",
  "11775469401262380991": "Có người hình như đang khóc ngỗng, lại hỏi xem có chuyện gì xảy ra, mở ra một kỳ ngộ.",
  "11775471793670634648": "Phòng Chí Cường",
  "11775475557237452725": "Cảnh Uẩn",
  "11775484307395496534": "Long Quỳ Thảo",
  "11775486789897284172": "Xin cáo từ",
  "11775490507603562251": "Áo ngoài",
  "11775502231715989027": "Gây ra do môi trường ẩm ướt hoặc khô ráo",
  "11775509514485461584": "Bảng thông báo mua bán trong thành phố, tặng 1 like cho người chơi khác",
  "11775523379383297726": "Hòa ái khả thân",
  "11775593560897734084": "Hồ Kiện Lực",
  "11775631112842212114": "Nan Độ 2 - Trường Minh Ngọc 8",
  "1177563719848384560": "Thu hồi",
  "11775660205571015071": "Sinh Thái Vật Chủng",
  "11775664202914221814": "Chỉ nói đến câu “có làm nhục văn nhã, thế hệ thanh lưu” mà ngươi vừa nhắc tới.",
  "11775673700820482133": "Gây ra #G250%#E Đả Kích, có #G90%#E xác suất làm đối phương Trầm Mặc #G4#E giây",
  "11775702526949701737": "Bách Nghiệp tổ chức xây dựng tăng thêm linh kiện 480",
  "11775703693860563982": "Tôn Tuấn Khải",
  "11775773036881590189": "Đa tạ, đa tạ, ta nhất định sẽ đi xem thử.",
  "11775794405368528486": "Hiển thị tất cả người chơi trực tuyến",
  "11775818355685380742": "Mặt phẳng vị trí bản vẽ 501",
  "11775829332862799692": "Huỳnh Hỏa Trùng",
  "11775863418857909731": "Chuyện này đều tại ta, đều tại ta a...",
  "11775914876013858908": "Xin cáo từ",
  "11775948189381167524": "Túy Hoa Âm - Bổ Sung Không Khí Ngoại Vi",
  "11775953296037139839": "Ngươi lại gặp đứa trẻ tên Tiểu Bình An kia, nó thấy Cửu Kiếm Tích Tích của ngươi sử dụng, vô cùng mừng rỡ, đưa ra yêu cầu mới: Muốn ngươi tiếp tục đi học Bát Phương Phong Lôi Thương của Cuồng Lan.",
  "11775965313880212617": "Thọ Xương Phường - Trúc Mộc Vụ - Quan Viên",
  "11776004848341396868": "Âu Gia Hạo",
  "11776054912479666308": "Bảo Rương · Khai Phong",
  "1177607538619960619": "Dương Trụ Vũ",
  "11776082017603302173": "Sau khi Dung Dung lấy được ba tấm thẻ gỗ, cô quyết định đi tìm sư phụ để xin 'Bí kíp Đại Hiệp', không biết đi cùng cô ấy có cơ hội nhìn thấy bí kíp không nhỉ?",
  "11776086426774178553": "Có muốn đến #Y「Hà Tây - Mã Mê Đồ」#E, bắt đầu ván cờ Phác Diêu với Bàng Diệu không?",
  "11776122186215140754": "Ba Ca Khuyển",
  "11776134813353740882": "Thái Cực Võ Lâm Lục - Truyền Tống Điểm",
  "1177616658732952770": "Thiếu hiệp, lại gặp nhau rồi! Ta đã nói chúng ta có duyên mà, sao nào, có muốn tỷ thí với ta thêm một trận không? Ta tiến bộ hơn lần trước nhiều đó.",
  "11776168387000108766": "Mỗi lần sử dụng #H Võ học kỹ#E, có thể khiến bản thân nhận được một tầng #H【 Ngọc 】#E, #H【 Ngọc 】#E chồng đủ 8 tầng sẽ kích hoạt Thiên Lôi khiến bản thân nhận được #H【 Thiên Lôi Khai Ngộ · Ngọc 】#E, trong 10 giây tiếp theo #H Miễn Khống Chế và Miễn Thương 50%#E, mỗi giây nhận được nửa bông hoa, và #H Kỹ năng đặc biệt#E sát thương tăng 30%.",
  "11776273813454607166": "Tổ hợp xây dựng trăm nghề mới tăng thêm 316",
  "11776277254182514690": "Dương",
  "11776341128709065283": "Trò chuyện phiếm",
  "11776393758630857950": "Ta không quản, là muốn báo quan, hay là muốn phế đi, ngươi hãy chọn một con đường đi!",
  "11776405251297353233": "«Hương Thủy Hành» là tên gọi tao nhã của nơi nào vào thời Tống?",
  "11776428353520805949": "Đang tải dữ liệu",
  "11776429759897455526": "Đối phương đánh giá ngươi một lượt",
  "11776433919550733523": "Trần Thắng",
  "11776450722757684633": "Bạch Mộc Túc",
  "11776459261692421343": "Ta nghe nói, tiểu công tử kia mới bắt đầu cày sâu học rộng là vì muốn có nhiều chuyện để nói với cô nương họ Thẩm kia đó!",
  "11776461821129026856": "Dã Ngoại BOSS Quỷ Công Tử Tường Khí",
  "11776478267052154968": "Thừa Ân Trấn Bầu Không Khí -",
  "11776507651831185327": "Bác Lãng Sa Quái Vật Doanh Địa 2 - Huyền Nguyên Giáo",
  "11776677698011004547": "Phiên Bản Quy Trình - Hắc Thị Truy Đuổi - Xe Ván - Nông Dân 02 (Bầu Không Khí)",
  "11776686220119479879": "Hai câu thơ cuối, thật khiến người ta suy ngẫm.",
  "11776688662148020953": "Thôi đi",
  "11776742264443692328": "Nấm",
  "11776754315981444167": "Chiêm Tuấn Lương",
  "11776787650044030791": "Phong Hòa Thôn NPC Bầu Không Khí - Ruộng Lúa Cạnh Tửu Tứ - Nông Dân 2 (Có Đối Thoại)",
  "11776791186486885987": "Triệu Vĩ Nghiệp",
  "11776805160532286184": "Chuyển Thủ",
  "11776810267468159181": "Vượt qua chương ba thử luyện phái bất kỳ",
  "1177686386899515578": "#Y{}{}#E xin liên kết",
  "11776893362695883083": "Thiết Liên Hạp Tiếp Thu Trụ - Thiết Hoàn",
  "11776903087968464770": "Tôn Tuấn Khải",
  "11776947062176597267": "Giải Mê Động Quật - Manh Mối Sơ Thủy",
  "11777104673245279294": "Lão phu không thèm chấp nhặt với đám người trộm gà lừa chó các ngươi, muốn lừa lão phu giao ra Thủ Trái? Mơ đi!",
  "11777150809963979906": "Bảo Rương · Thanh Hà",
  "1177716082126980638": "Gây #G50.0%#E sát thương đánh, có #G52.0%#E xác suất tự động tái thi triển, tối đa #G5#E lần.",
  "11777192483860676137": "Thời hạn mười lăm năm đã đến, người cầm kiếm... cũng nên đến rồi. Tiểu quỷ, thay lão phu lên núi đưa thanh kiếm này đi, được không?",
  "11777214028724240709": "Bảo Rương · Thanh Hà",
  "11777226820506385178": "Đại hiệp chưa từng mắc căn bệnh này",
  "1177726125826135822": "《Võ Lâm Lục》Trịnh Trạch - Cung Tiễn Tặc (Nơi Cao)",
  "11777269627914531831": "Không thể thực hiện thao tác chất vấn",
  "11777320265518700146": "Bụng... đau quá...",
  "11777358393313719395": "Tế Điện Thôn Dân - Toàn Bộ",
  "11777544346286359341": "Tiểu Đậu Bao",
  "11777555842579604269": "Sinh Thái Vật Chủng",
  "11777614666901717082": "Chắc Chắn Có Trò Phân Giải",
  "11777643577913323652": "Trên dưới trái phải là 4 biểu tượng phán đoán hướng.\nKhi biểu tượng hình ngựa tiến vào khu vực phán đoán, cần #Y nhấn biểu tượng tương ứng#E\nĐạt tiêu chuẩn mới có thể thuần phục thành công.",
  "1177768136064290893": "Vị thiếu hiệp này, cũng là đi tham gia hội quần anh sao?",
  "11777733791186686520": "Bắc Minh Di Chỉ - Thạch Khối Dịch Chuyển - Bách",
  "11777739440424765388": "Đã duyệt qua",
  "11777755419191219564": "%s sẽ không tự động nhặt lại các vật phẩm cùng loại đã vứt bỏ trong",
  "117777578067068971": "Phải đó, thật khiến người ta mở rộng tầm mắt!",
  "1177781588681910493": "Thanh niên, ngươi mau lại đây, ta sẽ kể câu chuyện này cho ngươi nghe.",
  "11777848675331372773": "Thanh Khâu Thiên Tuế",
  "11777888685920499153": "Khai Phong Dẫn Đạo Nhiệm Vụ - Tiểu Lộc",
  "11777892884345324009": "Sinh Thái Vật Chủng",
  "11777925553069294270": "Ngụy Nhân Phổ",
  "11777927527632161967": "Phòng Chí Cường",
  "1177792915197290501": "Hàn gia thiếu gia, ngài có quay về không.",
  "11777987361505860132": "Chống viêm giảm đau",
  "11778026722152685495": "Ván này thú vị đây, Thiếu Đông Gia xem thử.",
  "11778039461303905713": "//Người chơi tiếp tục tiến lên, vượt qua chướng ngại vật, đến được trên sân.\n\n//Lộ biết các ngươi đến, thái độ đối với Bằng có sự chuyển biến sâu sắc hơn.\nLộ: Trưởng lão Bằng... các ngươi, đã vượt giới hạn.\nLộ: Ta trước đây đã nói, người ngoài không được vào núi, đây là quy tắc do Tổ Sư đặt ra.\nBằng: Lộ Oa Nhi—\nLộ: Không cần nói nữa.\n\nLộ: Đuổi bọn họ ra ngoài.\n",
  "11778115671959568582": "Là hắn nói với ta",
  "11778171841422046258": "Quan Võng - Dự Ước Hoạt Động Liệt Biến - 【Trọng Lữ Thí Thử Yêu Ước】 - Yêu Ước 4 Nhân",
  "11778195850896401999": "Kẻ đi đường rẽ ngang",
  "11778238966238465661": "Lần sau, bữa tiệc này có thể tổ chức trên cá Rồng Ngư đang bò không nhỉ—",
  "11778271316441202911": "Hạ Duệ Dương đấm ngực giậm chân, nói rằng hắn quyết định không làm cún trung thành nữa? Nghe xem hắn đã nói gì đi.",
  "11778284828316443535": "Thông báo không có việc quan trọng",
  "11778290388543375608": "Sử dụng sẽ học được công thức Hầm thịt vịt.",
  "11778296141220411262": "Túy Hoa Tửu Quán",
  "11778321565651318790": "Lính gác cổng",
  "11778370091851431260": "Sinh Thái Vật Chủng",
  "1177838084554146512": "Phủ Khai Phong, Đường Cảnh Trù muốn bắt tên trộm vặt 'Chuột Trộm Vàng', đã biết hắn gọi món 'Liễu Diệp Cửu' mang về của tiệm ông Thẩm, đặc biệt mời hiệp khách giang hồ cải trang thành ông chủ tiệm đi giao hàng, bắt giữ tên trộm.",
  "11778385043654478803": "Giờ chỉ cần để con rắn bảy bước này cắn thiếu hiệp một miếng!",
  "11778396915861880803": "Phương Văn Tú",
  "11778399467539548869": "Triệu Vĩ Nghiệp",
  "11778421262603460160": "Khai Phong vốn dĩ trồng lúa không nhiều, nhưng tình cảnh hiện tại thế này, còn làm sao vận lương từ Hoài Nam được? Giá gạo chẳng phải sẽ tăng lên sao!",
  "11778562114698971959": "Trần Gia Tranh"
}