{
  "11319812697409385366": "Đối thoại với Dương Minh",
  "11319863940767316747": "Vật quan trọng",
  "11319881328974000740": "Trong vòng #Y2#E giây, tất cả sát thương nhận vào giảm #Y20%#E, tối đa cộng dồn #Y3#E tầng.",
  "11319893713760967253": "Đang tải dữ liệu",
  "11319914482123822992": "Phật Lệ Tu",
  "11319917123796696377": "Tịnh thân tu tập",
  "11319928324930062041": "Nhất Diệp Bình Sinh 3 - Thiên Kinh Ngạn Đông Độ - Bảng Bối Cảnh",
  "11319942034799300292": "Triệu Vĩ Nghiệp",
  "11319965572448077830": "Hà Kỷ Hi",
  "11319990089845675668": "Giáp trụ đầu, giáp ngực, giáp ống chân, giáp cổ tay",
  "1132006605678419557": "Mão",
  "11320107956266351720": "Thạch Anh (Toái Phiến)",
  "11320137103800933734": "Phải suy nghĩ cho kỹ nhé, lỡ chuyến đò này thì không còn bến nữa đâu!",
  "11320164935909429388": "Cừu Kim Hàn",
  "11320181683121324153": "Hoa Hải Độc Hoa 7",
  "11320184896189468157": "Trương Chấn",
  "11320230571958983888": "Xuất Sao · Nhị",
  "11320243594857491913": "Ca ca, ca ca à... Cuộc đời này của chúng ta coi như kết thúc rồi sao?",
  "11320247883651089328": "Đưa bánh bao ra",
  "11320270458129899267": "Tinh Thiết",
  "11320302193693040244": "Trần Khải",
  "11320348362000464795": "Vũ Tử",
  "11320453901533377907": "Lăng Giai Hân",
  "1132046720501020126": "Hiển thị khoảng cách",
  "11320471730110768087": "Người thân của nàng",
  "11320476456757130256": "Ẩn sĩ Đào Vọng",
  "11320494891744162707": "Tạ Uyên Ngu",
  "11320506721332543961": "Noãn Thạch",
  "11320556209871135665": "Hoàn thành Thanh Hà Võ Lâm Lục Hiệp Tích #YHoang Từ Ám Ảnh#E ({0}/1)",
  "11320563910679105550": "Tăng <Tấn công Ngoại công|780|#C|15>, hiệu quả tăng theo cấp độ ở chế độ đơn nhân.",
  "11320576378687682287": "Một cuốn sách được lưu truyền rộng rãi cả ở mặt đất và lòng đất ở Khai Phong, trong đó ghi lại quá trình khúc chiết của một nữ tử.",
  "11320579996079349647": "Nông dân",
  "11320606063697862057": "Đánh đàn cái gì vậy...",
  "11320643722429017948": "Bạn uống một ngụm, đột nhiên thấy rượu ấm, say khích",
  "11320664073497166046": "Anh trai! (Quan tâm)",
  "1132068359950070307": "Cấp sư đồ đạt đến cấp 7 \"Tinh Hỏa Thế Truyền\".",
  "11320722029340250327": "Đại Thế Giới - Tú Kim Lâu - Độc Hầu - Hỏa Súng - Vô Nhược Điểm",
  "11320727344053153383": "Phong hoa sương",
  "11320730517334358133": "Phụ Trợ Điểm Vị - Xạ Kích Điểm Đệ Ngũ Ba 2",
  "11320799244319994082": "Vương Trị",
  "11320841321176614847": "Lượt %/%s",
  "11320847253707664966": "Thâu Sư - Đồ Trung Tồn Đương Điểm Hiệp Chi Trủng Mô Hình",
  "1132086512013866605": "Chuyên Dụng cho Tiểu Nữ Hài",
  "1132087260418461514": "Miêu Miêu Miêu - Thử luyện khinh công",
  "11321029163873481014": "Huyền Thưởng Huyền Hồ 5",
  "1132105271024921321": "Huỳnh Hỏa Trùng",
  "11321080871412263254": "Thanh Khê",
  "11321108847384125882": "Đáng thương cho khúc nhạc hay của ta, lại bị ngươi làm hỏng thành ra thế này!",
  "113211212268058723": "Lô thuốc này không tệ, thanh tịnh tao nhã…… Nhưng vẫn không nhiều hoa như chỗ ngươi ở trước kia!",
  "11321122678151122824": "Phong Nguyệt Bảo Giám",
  "11321127373417006751": "Thôi được, ngươi thấy chiếc thuyền ốc bên cạnh ta chứ? Đây là bảo vật tổ tiên chế tạo, có thể giúp ngươi lặn dưới nước.",
  "11321130697937848442": "Ẩn sĩ đang ngắm nhìn xa xăm tại nơi này.",
  "11321135192976928428": "Phòng Chí Cường",
  "11321149150779703476": "Dung Lô - Quân Doanh Biểu Diễn Điểm Vị 4 - Hiệu Giác Binh Khả Thâu Kích Sát - Trạm Cương 1",
  "11321283918660281767": "Điền Dã",
  "11321436799822121370": "Công thức tự tạo",
  "11321468587448562400": "Chuyên mục do chính phủ chỉ định, nội dung đăng tải đều là chuyện lớn trong thiên hạ, nội dung nhất định phải xem khi đi giang hồ!",
  "11321473661271330237": "Sử dụng vật này, có thể nhận được ngoại hình tương ứng.",
  "11321507160440608058": "Thủy Long Thủ",
  "11321517742132892625": "Biệt Quán - boss - Không Khí Tường",
  "11321528535262974363": "Nhất Đương Mao Xí",
  "11321544840715637847": "Mèo con · Trư Du Đồ",
  "11321586291275294374": "Đang lấy dữ liệu",
  "1132161276289672022": "Thúy Điểu",
  "11321668901617666424": "Trần Gia Tranh",
  "11321681584187695986": "Tôn Hạo Thanh",
  "11321703652296334368": "Trời không thu chuyện nuôi dạy",
  "11321742764765647439": "Đối thoại",
  "11321783455708032196": "Hoàn thành đối thoại nghe lén bao tải đã xong",
  "11321783878004691243": "Vứt bỏ",
  "11321887853045889724": "Sắp vào bài học chiến đấu",
  "11321918632729384017": "Bình Dân - Nữ Hài Hà Điền Điền",
  "11321953165723433344": "Trương Tuấn Kiệt",
  "11322013102880076268": "Thiên Hương Dẫn Hồn Cổ - Phàm",
  "11322019229753549787": "Leo bám",
  "11322025881254764892": "Ai truy tìm ngàn dặm, muốn xóa bỏ ân oán?\nAi sa sút thất hồn, nhầm ảo ảnh là thật?\nCùng người trong cuộc xem lại chuyện cũ, giải mã nguyên lai cũ sự.",
  "11322039071911821884": "Cảm ơn người qua đường…… Tam muội đã có câu trả lời trong lòng rồi……",
  "11322064993554021399": "Cảnh Uẩn",
  "11322121284719717884": "Hổ Phách (Toái Phiến)",
  "11322168362778779305": "Xuyên qua tám trăm dặm ghềnh sông, gió đưa thư từ bốn mùa.\nKhu vực Tần Xuyên thuộc Hà Tây sắp được mở ra,\n「Hiệp Tích · Thái Bình Quy Xứ」 mang nội dung khám phá thế giới mới sắp ra mắt không ngày.\nTải trước tài nguyên mở từ 22/8 đến 29/8.",
  "11322205753111568404": "Cha, người... đi thanh thản nhé...",
  "11322220463828933774": "Quan binh Giáp: Hỏng rồi đại ca, hắn đã giải cơ quan của Dung tướng quân...",
  "11322263691283637107": "Chạy mau!!!",
  "11322270501020734378": "Tay nghề không tệ, thưởng!",
  "11322337988021566014": "Vũ khí, Nhẫn, Bội",
  "11322338044814116913": "Trần Khải",
  "11322346652841335501": "Xin cáo từ",
  "11322396407986157821": "Trộm khoáng thạch (bị vu oan)",
  "11322465050960761842": "Không Khí Tường Mô Bản",
  "11322500281566305180": "Nhiệm vụ",
  "11322528125229828601": "Thư mật cũng là bảo vật sao?",
  "11322536271604965621": "Thiêu Từ Lĩnh - Chiến Lợi Phẩm Loát Tân Điểm Tân Tăng 317",
  "11322568335740893610": "Huỳnh Uyên Quan Khải - Không entity - (Huỳnh Quang Thủy Ba Văn)",
  "11322614970846544044": "Mạc Miêu Hoàn Thành Tưởng Lệ",
  "11322620446459184400": "Lý Anh Hào",
  "11322629035364406880": "Phần thưởng hỗ trợ của chiếc thuyền vẽ này đã được nhận, có muốn tiếp tục hỗ trợ xây dựng không?",
  "11322641446110722798": "Sinh Thái Vật Chủng",
  "1132264214648410193": "Thay đổi vị trí",
  "11322712484255199424": "Thu thập 50 lần ở bất kỳ khu vực nào",
  "11322716519213587692": "Tổ hợp ngoại trang ngẫu nhiên Phong Sa Tửu Tứ",
  "11322738697424764031": "Khung bong bóng trò chuyện",
  "11322754853644638894": "Ẩn Nguyệt Sơn",
  "11322764259512174887": "Thật là xúc phạm!",
  "11322904762237404310": "Đang tải dữ liệu",
  "11322941852600035718": "Phần Vi Bạo Tạc - 0.65 Bội (Bình Đài Nhất Thứ Tính)",
  "11322959471711355127": "Số người trong đội không đủ yêu cầu",
  "11323020478101680423": "Thước Tiên Kiều",
  "11323071877237831152": "Sầu não",
  "11323086022843994398": "Tạm thời không có đơn xin mới",
  "11323193667287872580": "Thế Giới Đẳng Cấp - Lục Lâm - Thảo Tặc (Đơn Đao)\\nTuần La Định Chế Động Tác: Hữu",
  "11323214877253037010": "Giang hồ ngàn thu ai bầu bạn, nắm tay cùng nhau về cõi hồng trần.",
  "11323225211500924597": "Linh kiện thân tàu",
  "1132331479751914334": "Khúc Khúc",
  "11323350047346541708": "Phụ nữ về nhà mẹ đẻ",
  "11323394409863473882": "Bách Nghiệp tổ chức xây dựng thêm thành phần mới 614",
  "11323418560847637096": "Di Thư Ban Bác",
  "11323435851173052681": "Một chén rượu hỏi thiên hạ",
  "11323559635648072191": "Sinh Thái Vật Chủng",
  "1132356344193129506": "Cây hẹ lá liễu",
  "1132359223698079554": "Chu Vũ Lâm",
  "1132360473426088992": "Thế giới trong mơ",
  "11323620310571041122": "Kỹ năng của Giang Vô Lãng tuổi trung niên",
  "11323682560126079003": "Trương Tiêu Nặc",
  "11323719563551935766": "Hồ Vân - Chưởng cài",
  "11323726311079960340": "Vạn Vật Giao Hỗ Đoản",
  "1132376022816777274": "Vô Tướng Hoàng khóa chặt một mục tiêu, sau khi tích lũy lực sẽ thực hiện một cú chém lao tới.\n\nCách ứng phó: Người chơi đỡ đòn giữa hắn và mục tiêu có thể khiến chiêu này biến thành một cú chém yếu hơn sau khi Vô Tướng Hoàng lao tới.",
  "1132380140086317594": "Cố định",
  "11323809521317370151": "Giản Đơn Hồ Điệp - Thiện Diệu Châu - 4",
  "11323840816632779682": "Phòng Chí Cường",
  "11323851455321577406": "Dịch Dung Bối Bao Tác Yếu Khai Phong - Bác Lãng Sa",
  "11323863562706955337": "Giải thế - Kiếm",
  "11323874860482238252": "Vung lên chín tầng mây, đón về vạn lượng bạc vang. Có câu rằng, trăm trò diễn xướng hưng thịnh, sao tài lộc tự nhiên kéo đến nha!",
  "11323894635395087947": "Thi đấu câu cá 6",
  "11324010858521756810": "Tào Dự Hinh",
  "11324051551821646323": "Vạn Thắng Trấn Phần Vi Tổ 163",
  "11324082340381848480": "Hộp ngoại trang Huỳnh Uyên",
  "11324093111094429191": "Vương Trí Siêu",
  "11324177064330384843": "Ta là thần đồng đọc xong Tứ Thư Ngũ Kinh khi ba tuổi, thành chương khi năm tuổi!",
  "11324198071090894625": "Trương Liên Hâm",
  "11324224741008535459": "Tăng sát thương khi tích lũy",
  "11324264003843573393": "Hiệp khách",
  "11324320243544150250": "Đời người đắc ý phải tận tình vui đùa, chớ để chén vàng không đối trăng……",
  "11324338275752596619": "Nhận được thông qua việc tiêu hao tâm lực để thông quan các cách chơi 「Trấn Thủ」「Cứ Điểm」「Thí Kiếm」, mỗi khi tiêu hao 20 điểm tâm lực có thể đổi lấy 100 Cựu Nhân Hồn; Giới hạn tổng số Cựu Nhân Hồn có thể nhận trong thời gian hoạt động: 2400 Cựu Nhân Hồn; Quy tắc lưu trữ Cựu Nhân Hồn: Cựu Nhân Hồn chưa đổi trong ngày có thể tích lũy sang ngày hôm sau, nhưng Cựu Nhân Hồn chưa sử dụng sau khi hoạt động kết thúc sẽ tự động hết hạn, xin hãy kịp thời đổi.",
  "11324347675171875543": "Có hai người lính canh đang trò chuyện gần đó, hãy nghe xem họ đang nói gì.",
  "11324400865347358682": "Hồng Trần Vô Nhãn - Chuông Ngân Giải Mê - Bái Nguyệt Hoa",
  "1132443187769813254": "Đang lấy dữ liệu...",
  "11324451813491379704": "Sau khi tập hợp đủ manh mối, qua suy luận, ngươi đã suy đoán thành công người đẹp mà sứ giả Giang Nam quốc ái mộ là Tần Nhược Lan, cùng với tình báo rằng hắn đang ở Vân Hoa Lâu. Sự việc không thể chậm trễ, ngươi hãy mau chóng đến Vân Hoa Lâu.",
  "11324503842242942955": "Thược Dược",
  "11324551542874237339": "Thỏ Xám",
  "1132457114356317737": "Liễu quản gia",
  "11324571473732009946": "Thụy Đạo Nhân",
  "11324606139507589810": "Phi Báo, đến giúp một tay.",
  "11324613909417974657": "Tư thế Tình Cảnh",
  "11324621541784591340": "Thiếu đạo cụ #Y{0}#E, không thể bắt đầu học nghề",
  "11324653187495044295": "Thiếu Đông Gia cát!",
  "1132465389815981127": "Theo dõi",
  "11324749625866924523": "Thả ra tất cả kẻ địch và vật phẩm",
  "11324777162483277282": "Bảo Rương",
  "11324844335501267481": "Mèo cưng nghe lệnh",
  "11324873140391195431": "Hội võ thắng lợi",
  "11324945154676728575": "Ma Tướng Quỷ Hỏa - Phát Tài",
  "11324973897058954692": "Một món đồ cũ liên quan đến #H%s#E.",
  "11325076226623714838": "Giả Bảo Ngọc",
  "11325131578931521976": "Cựu Thôn Mật Đạo Doanh Địa 1 - Đại Tống Quan Binh - Yển Nguyệt Đao Binh (Hắc",
  "11325153006065556712": "Diệp Vạn Sơn",
  "11325198779518794401": "Hiệu ứng quang minh của ngoại trang vũ khí, cấp độ cố định là #a7781fLuyện Kim#E, có thể mở khóa thông qua trùng đúc vũ khí.",
  "1132522095431363076": "Cuốn hai · Chưa biết",
  "11325225112611377614": "Đại Mê",
  "11325232577942354803": "Ngươi đang hỏi, ta từ đâu đến?",
  "11325245609390439053": "Cộng hưởng Lưu phái",
  "11325294705504343037": "Vạn Sự Tri Từ Sinh Vô Lệ - Chung Văn Bình 2",
  "11325397577804451794": "Đạt Nhã Tháp, Ban Tát Triết Nhã, A Oa Bồ Đạt, Niêm Túc Oa. (dayata, banzanzheya, awaboda, niyesuoha.)",
  "1132539981444214594": "Lan Ngũ Nương bày tỏ lòng cảm ơn, bắt đầu suy nghĩ kỹ lưỡng.",
  "11325414477839928415": "Các món ngon khắp nơi",
  "11325431762849083614": "Phiến kiếm · Trọng kích",
  "11325451401381164476": "Thiếu đông gia, tổ tông của ta ơi, sao ngươi lại náo động nữa rồi...",
  "11325495845152595222": "Võ Lâm Lục",
  "11325508312934953551": "Chàng ấy đối với cô nương Nhược Lan quả thật si tình.",
  "11325513831330401252": "Đi, đi đâu?",
  "11325533255289962109": "Chế tạo cấu kiện, dùng để dựng nhà.",
  "11325535145735997425": "$Sánh Nhật Luân Tây Hạ Hàn Quang Bạch, Thượng Đế Vô Ngôn Không Mạch Mạch$E Ba đoạn kỹ năng liên tục, cần phải giải phóng nhanh chóng trong thời gian ngắn. Mỗi đoạn kỹ năng sẽ dính hiệu ứng bột thuốc nổ lên kẻ địch, gây ra hiệu ứng #JDễ Nổ#E.",
  "11325562319938201495": "Trần Thần",
  "11325644935527734018": "Vậy, ngươi cũng muốn đi tranh chọn hoa khôi?",
  "11325663151261962150": "Bộ phận thân tàu",
  "11325666802741226811": "Chung Văn Bình",
  "11325766318816081799": "Đao Trần",
  "11325909793187780039": "Nhất Tâm Tam Tạng - Y Phục Trùng Phục Hoạch Đắc Hoàn Hoàn",
  "1132593343025848705": "Tại sao ngươi lại giết hắn!",
  "11325934773901551907": "Kết thúc nỗi đau của đối phương",
  "1132594167075881082": "Điền Dã",
  "11325943468067419464": "Lý Gia Đống",
  "113259536388660417": "Lính tép riu",
  "11326017121330450015": "Hướng Mộ Liễu",
  "11326045784251546804": "Hà Kỷ Hi",
  "11326057940884896054": "Đang phán đoán thân phận đối phương",
  "11326059345749481546": "Viên Quốc Chấn",
  "11326098673707293343": "Tôn Nguyện",
  "11326129124527199398": "Độc quyền Gói quà đặt trước 《Yên Vân Thập Lục Thanh》",
  "11326135520955758085": "Trần Đạt Thiệu",
  "1132614232481107150": "Quần Anh Hội Thiệp Mời",
  "11326168276777009197": "Đổng Nhất Điểm",
  "11326168856831110447": "Ý ngươi là, ngươi được tên giặc thuê gỗ quân sự trộm kia thuê tới để thương lượng với ta?",
  "1132616973364001147": "Heightmap_x1_y3_cxl_002_địa hạ 【Động Điểm Huyệt】",
  "11326178653535584496": "Trường Sinh Tiên Nhân Truyện - Trung",
  "11326181069941682334": "Nhất Diệp Bình Sinh - Tư Nguy Viên Cựu Chỉ - Bách Tính 4",
  "11326206316885690316": "Ngươi lấy giấy bút ra, tìm góc độ tiện quan sát khuôn mặt",
  "11326257860617053285": "Ngô Tiểu Oánh",
  "1132626048986991832": "Ngân Khoáng Thạch (Mảnh Vỡ)",
  "11326274212862077464": "Tại Vạn Tướng Tập Trung Thượng Tải Tùy Ý Xuyên Đạp 5 Lần",
  "1132633916693758819": "Không rõ...",
  "11326349806376578237": "Hiệp khách, nhìn bên này~ Là Yến Kê đây~\nYến Kê nghe được tin tốt, mau đến chia sẻ với Hiệp khách~\n\nĐẩy đến cho bạn bản tóm tắt lối chơi nổi bật ngày hôm sau (Trượt ảnh để xem thêm thông tin lối chơi)\nMột, <LINK id='link2' color='#8c5823' goto_id='60249' is_underline='true'>Đi đến [Thử thách] Trấn Thủ · Bất Tiên Tiên · Thiên Dạ</LINK>\nHai, <LINK id='link3' color='#8c5823' goto_id='60261' is_underline='true'>Đi đến [Thử thách] Trấn Thủ · Bồ Đề Khổ Hải · Diệp Vạn Sơn</LINK>\nBa, <LINK id='link5' color='#8c5823' goto_id='60252' is_underline='true'>Đi đến [Thử thách] Thủ Lĩnh Dã Ngoại · Y Đao</LINK>\nBốn, <LINK id='link6' color='#8c5823' goto_id='60253' is_underline='true'>Đi đến [Đồng Du] Chỉ Qua · Luận Kiếm</LINK>\n <IMAGE id='im1' image_url='https://h72.fp.ps.netease.com/file/677b91752ac774101002e54aPBoqHebR06' size='2010*9252' color='255;255;255')></IMAGE> \nYến Kê đã tổng hợp thêm nhiều lối chơi thú vị,\nHiệp khách có thể từ từ khám phá trong thế giới Yến Vân nhé~ <LINK id='link1' color='#8c5823' goto_id='60243' is_underline='true'>Ta rất tò mò</LINK>",
  "11326351693198957301": "Đi ngay đây.",
  "11326391171810570502": "Tiền khám bệnh của ai ở Thái Y Viện là một đóa hoa mai?",
  "11326391311437672561": "Xem",
  "11326411756659018503": "Đại hiệp, cho ta chút tiền lẻ, ta có thể giữ được tính mạng, hà cớ gì ngươi không vui vẻ làm vậy!",
  "11326453106663288286": "Ôi trời, yên tĩnh thế này, làm người ta sợ quá...",
  "11326509937707609949": "Cán thẳng",
  "11326516910844325884": "Khổ Hải Binh Sĩ 2",
  "11326525795390880551": "Mạch Hương Tập - Tuần Tra Bối Cảnh Bản",
  "11326528464886048475": "Hôi Khanh Nội - Khất Cái 6 - Sinh Khí",
  "11326610158645009629": "Chỉ cần…… là có thể thu hồi…… đáng không……",
  "11326655243625338600": "Kiếm Người Chơi Cần Đánh 2 - Giai Đoạn Hai - Khó Khăn",
  "11326655360201907613": "Phong Hòa Thôn: Thôn Trang Kiến Văn 4",
  "11326667416909544749": "Ối! Nhẹ tay thôi.",
  "11326681098108844400": "Bạch Dạ Đương Quy",
  "11326688307744865494": "Nhập thế",
  "11326694231986398575": "Phi Thiên Tàn Viên (Bạch Hạp) - Thông Dụng Thạch Đầu Tiểu Phương Khối 1*1",
  "11326726742204020261": "Giảm 60% sát thương nhận được",
  "1132674227206161425": "Tình hình năm nay thực sự tệ. Thuyền buôn và thuyền chở hàng qua lại ít đi, chúng ta cũng không có việc làm.",
  "11326756958013110833": "Truyền ngôn trong giang hồ có ẩn giấu người võ học đại thành, chưa bao giờ câu nệ vào binh khí, phi hoa trích diệp đều có thể làm người bị thương.",
  "11326767181669100689": "Bầu Không Khí - Thảo Đệm Giường",
  "11326799252392133265": "Chó tha thịt",
  "11326815412382624813": "Trà Than Tra Nhất Hồ",
  "11326852893798231443": "Hộ vệ nhà Triệu Phủ",
  "11326880000508953889": "Nhất Đương Mao Xí",
  "11326962847745288562": "Thiên Phật Thôn_Vây Quan Nhân Quần",
  "11327018923571890942": "Kim Điêu",
  "11327080988149906891": "Chương {1} · Đợt {2}",
  "11327133879009919118": "Nhận 1 slot Kỳ Thuật xuất chiến",
  "11327185008242557823": "Mưa tạnh sen",
  "11327229472128578925": "{3}\nTa vào {0} mắc bệnh {1}, sau được danh y {2} trị liệu, cuối cùng đã khỏi bệnh.",
  "11327292765263541506": "Võ Lâm Lục · Cứ điểm",
  "1132734233704624048": "Thủ Công Nghiệp Khu Tĩnh Thái Bầu Không Khí",
  "11327377313269260931": "Tất cả đơn vị trên sân khi bị #H làm cho bay lên, định thân#E, sẽ kích hoạt một đạo thiên lôi sau đó tiếp tục định thân đơn vị đó 1.5 giây, khoảng cách kích hoạt 4 giây.",
  "11327379965201615914": "Mạch Cát Khẳng",
  "11327464239182831158": "Suy đoán",
  "11327485940531495254": "Nông phu kia ở đâu? Đi, chúng ta đi ngay!",
  "11327502272919610007": "Môi trường",
  "11327504180662834073": "Chu Vũ Lâm",
  "11327563290766348725": "Ngươi ăn vào lại bị ngứa khắp người, vậy tại sao bà nội ngươi lại nói ngươi thích ăn quả này nhất?",
  "113276012081360484": "Đừng vội, đừng vội, đệ tam nhất định bị tên yêu tinh kia phái người cản lại rồi. Bây giờ vẫn chưa có tin tức gì về ta đâu.",
  "1132768304602377760": "Áo lót",
  "11327719691432168537": "Cùng lên đi!",
  "11327719921904146350": "Tai Hậu Tửu Hương Tháp Công Địa Công Nhân Ngồi Ăn",
  "11327746093395158216": "Trường Dạ Hữu Hồng",
  "11327779430945936826": "Phàn Lâu quả nhiên khí phách, đi, chúng ta qua xem thử.",
  "11327811052548694167": "Thanh Hà Kỳ Ngộ - Miêu Nghiện Hoạn Giả - Giả Hắc Miêu",
  "11327873611927762684": "Khiêu khích",
  "11327892444215640671": "Vũ Y Lâu - Bầu Không Khí Hôi Mã - Hữu Yên",
  "11327922012469170542": "“Đợi ta đuổi kịp ngươi, nhất định sẽ đánh nát đầu chó của ngươi”",
  "11327940322296901836": "Phụ kiện kiến trúc",
  "11327940786430393800": "Thương Hiệt",
  "11327954171149854180": "Lý Trạch Hạo",
  "11327957554079792361": "（Ngày mùng 10 tháng 4, ta tìm thấy sổ tay rồi! Bên trong quả nhiên có ghi chép về chân tướng của Sát Quỷ. Nhưng chú Nhậm không để ý đến ta.）",
  "11327960776678630049": "Đúng vậy, không phải ngươi yêu cầu gặp Lâu Chủ sao? Cầu kiến Lâu Chủ đương nhiên cần tặng nàng chút đồ 'thú vị', ta đang giúp ngươi mà.",
  "11327979651793844722": "Ngoan, Hà Bá về là có cơm ăn rồi.",
  "11327980961788683053": "Phật Quang Đỉnh Đồng Nhân Quái 4 - Phòng 2",
  "11328024484773780433": "Thạch Thính An - Khoáng Công - Vãn Thượng",
  "11328069406608021440": "Lịch sử tìm kiếm",
  "1132810923760067052": "Lý Gia Đống",
  "11328134355356734421": "「Chu thuyền của Vương Tuấn xuống đất dịch châu, khí kim lăng vương khí tiêu điều thu.」\n\nNăm 962, Bắc Tống sắp nam chinh Kinh Hồ, phương lược quân sự nhất thống Nam Bắc sắp mở màn!\nĐể chiêu mộ quân phí nam chinh, triều đình Bắc Tống mượn danh nghĩa ngắm thủy quân diễn tập, yến đãi sứ thần hai nước Thục, Đường trên Bảo Tân Lâu.\n\nTrong hoa bay phất phơ, tiếng diễn tập quân trận Kim Minh Trì theo gió lọt vào tai, sứ thần Thục, Đường ngồi không yên.\nMột cuộc Uy Hiếp và Đấu Trí xoay quanh tình hình sông Trường Giang, bất ngờ hé lộ bí mật động trời ẩn sâu trong chiến thuyền Ngũ Nha lớn...",
  "11328142869231438492": "Vô Minh",
  "11328188500251265653": "Đến tận hôm nay mới biết, sự thành bại của một người, có lẽ không liên quan đến bản thân, mà chỉ bị cuốn vào thế sự này...",
  "1132834095277671148": "Dùng chuẩn tâm xây dựng {1} nhắm vào #Ybóng mờ màu xanh#E trên mái nhà, {} điền các thành phần tương ứng vào",
  "11328356360084109247": "Đi đến Khiết Đan",
  "11328370112588887655": "Định Thân, trong thời gian đó mất khả năng cảm nhận, khôi phục khi chịu sát thương",
  "11328438474528728885": "Kêu gọi đi theo",
  "11328551754894894486": "Vương Trí Siêu",
  "1132868350438104434": "Dưa hấu hoàn chỉnh",
  "11328749162075540406": "Sinh Thái Vật Chủng",
  "1132875700610457349": "Huỳnh Uyên - Boss Trường Địa - Không Khí Tường",
  "1132877670657710225": "Gia Du Du",
  "11328805353185887627": "Thạch Khối",
  "11328808738164754604": "Cừu Kim Hàn",
  "11328844957031872362": "Hà Bá",
  "11328851596702469887": "Lục Sắc Sơn Kê - 10034",
  "11328879423017659005": "Thiên Nhai Khách - Bạch Thảo Chi Dã - Ưng",
  "11328951427264853036": "Mất mục tiêu",
  "11328959970853352259": "Gọi theo",
  "11328961389030916433": "Nguyên liệu Bể nước",
  "11328968146571946287": "Sinh Thái Vật Chủng",
  "11329075449705065348": "Không Khí Tường - Long Hổ Trại",
  "11329093917060144010": "Túy Hoa Âm - Ngoại Vi Trung Đoạn Kỳ Cầu Điểm Vị Điền Sung 1",
  "11329098871532128769": "Hiệu ứng 【Phù thiếp】",
  "11329123690793609652": "Chọn lại",
  "11329136641436375061": "Dọn dẹp",
  "11329139365563849135": "Đang tải dữ liệu",
  "11329141278024157531": "Thợ săn Chu",
  "11329144129014667301": "Đối mật mã với Khôn Yêu Nhi 2",
  "11329150633100265929": "Lót tay áo"
}