{
  "10988895412208044965": "Phòng Chí Cường",
  "10988926964944795555": "Dưa Hami",
  "10988945105113262702": "Độ cao",
  "10988974512258792055": "Khởi đầu · Tám",
  "10989004277783712894": "Bức Tường Vô Hình",
  "10989027839959724507": "Thái Cực - Thôi Cầu",
  "10989035651258066158": "Thử thách lần nữa",
  "1098917065117628356": "Nhậm Tuấn Lâm",
  "10989250583938516747": "Việc này ngươi đừng lo, chó Liêu không tra ra được đến đầu chúng ta",
  "10989272705870680927": "Phần thưởng treo thưởng đã tích lũy",
  "10989324884205307881": "Hồng Câu Cổ Cừ - Dẫn Thủy Cừ - Công Nhân Đào Sông 2",
  "10989339284243373360": "Phần thưởng Cấp bậc",
  "10989350345730436528": "Chu Vũ Lâm",
  "10989355294855828031": "Ngưng thần",
  "10989381955115370033": "Sinh Thái Vật Chủng",
  "10989391201199502759": "{3}\nTa vào năm {0} mắc bệnh {1}, sau được danh y {2} trị khỏi.",
  "10989456666860330458": "Hai tay tán đồng",
  "10989468227102510073": "Lăng mộ Hiệp khách do tiền bối để lại, sau khi bị thương nặng có thể chọn #Y trị thương#E tại đây",
  "10989475535334675826": "Đã đến đây rồi thì hãy vui vẻ lên.",
  "10989510345273592609": "Bàn Đấu Địa Chủ 9",
  "10989530600459645018": "Mộc Phù Dung",
  "10989614287320845394": "Gợi ý",
  "1098968324859746243": "Tử Tượng Cư - Thiết Tượng Khu - Binh Sĩ 2",
  "10989698889362456595": "Cung tiễn",
  "10989762263807549825": "Thiên Hạ Tranh Minh 5V5",
  "10989793133319628884": "Âm thanh sông Hoàng Hà",
  "1098982358442188811": "Rượu",
  "10989847196899733479": "Khốn Khắc tầng 18",
  "1098984811706034802": "Trang điểm ca vũ, diễn tả giang hồ, trăm việc thế gian, đều nằm trong hí khúc.",
  "1098989581590361613": "Từ Tâm Trấn - Điểm Hồi Sinh Chiến Lợi Phẩm",
  "10989921150012925775": "Biểu Mẫu",
  "1098993493475409375": "Chủ quán hàng hoa quả",
  "10989937235400460699": "Xem Tiểu Thử Cát đang nằm trên đất",
  "10989938496683771462": "Tướng Quân Từ - Bia Văn Phòng Cuối Cùng",
  "1099006333673579729": "Đang giữ đồ",
  "10990073131091000428": "Trần Gia Tranh",
  "10990116627068075535": "Tàng Phong · Nhị",
  "10990142709817301182": "Súc Cốt Công - Thường Trú - Bí Bảo Của Ông Nội",
  "10990298156023163732": "Hà Kỷ Hi",
  "10990324725412233664": "Quy Vân Sĩ",
  "10990328338114131248": "Trần Khải",
  "10990330558131802558": "Bách Công Phường - Tượng Nhân Cư - Khách Nhân",
  "10990363085548696954": "Sinh Thái Vật Chủng",
  "10990410585904311579": "Diệp Tử Hí - Hàm Ninh Phường - Đình Hóng Mát Gần Lân Đài - Vương Thừa Thắng",
  "1099048273779191821": "Tổng cộng gây ra $D. Kéo dài thời gian Khí Kiệt.",
  "10990564333394077951": "Theo lời người dân ở Giác Môn truyền lại, ở hố tro cạnh Giác Môn có một chú chó thần kỳ. Nó thường xuyên đi hát rong kiếm tiền cùng chủ nhân. Dù cuộc sống có khổ cực, nhưng một người một chó vẫn tự vui vẻ. Nhưng mấy ngày nay, chú chó hình như đã biến mất...",
  "10990578038139937012": "Sau khi thanh lọc, Rừng Thịt Thịt rượu trở lại sự yên bình như thường ngày, nhưng vẫn có thế lực không ngừng cố gắng xâm nhập vào đây.",
  "1099060959660056321": "Cố Chính Tịch",
  "10990647508469418108": "Thu thập",
  "10990651774915473036": "Vạn Sự Tri - Trường Hà Nhược Giải - Thông báo sự thật ngày thứ hai",
  "10990658730725264669": "Ngươi tỉnh rồi à? Nhà ngươi ở đâu, thân thể ngươi rất suy nhược, cần phải nghỉ ngơi thật tốt.",
  "10990664044914109515": "Người chơi bị chọn trúng bởi liệt hỏa hãy tránh xa đám đông",
  "10990680027214723841": "Mô Kim Quan Tài Bảo Hạp",
  "10990760113363504476": "Thiếu hiệp hãy đến nóc nhà phía đông Thần Tiên Độ ngồi tĩnh tâm một ngày, quan sát kỹ bóng trăng bóng nước phản chiếu dưới nước, là có thể phát hiện nơi chôn giấu bảo vật rồi.",
  "10990819782155183183": "Trèo cửa sổ",
  "10990888059384484245": "Chu Vũ Lâm",
  "10990890238830830683": "Ta xem ngươi ấy à, là ở trong nhà xí mà ra đây, lời nói cũng thối như vậy!",
  "10990907036846318127": "Đối thoại",
  "10990943464926269596": "Kiên cố cấp 3",
  "10990945716487863102": "Thịt cá · Đẳng cấp một",
  "10991049197794645794": "Sử dụng vật phẩm này, có thể nhận được ngoại hình tương ứng.",
  "10991054618369156033": "Có hương hoa lê, có rượu lê hương, có người trang điểm hoa lê, trên đời này còn nơi nào có cảnh đẹp như ours không?",
  "10991074986699176070": "#YNhiệm vụ: Đến nơi#E",
  "10991084121492844575": "Làng Linh Hạnh chúng ta nổi tiếng về thảo dược, Địa hoàng, Cúc hoa, Hoài sơn, Phục linh đều được trồng rộng rãi. Những loại khác... thì thôi, nhưng mấy loại dược liệu này, Tiểu Hung nhi con phải chú ý chăm sóc nhiều hơn chút.",
  "10991101766567982082": "Áo lót",
  "10991124108313784474": "Nguyện pháo hoa này chứng giám lòng chân thành của ta, ta yêu thích ngươi, nghiêm túc hơn bất cứ lúc nào.",
  "10991171660572088205": "Tam Canh Thiên - Kẻ Xấu",
  "10991178707084712285": "Thời tiết đặc biệt",
  "10991192786623572477": "Cửa",
  "10991201620601786458": "Không biết, Lý bá, bây giờ đang làm gì...",
  "10991226047169737935": "Đang tải",
  "10991278515489776402": "Hoa gian tửu",
  "10991308104451023176": "Ngươi —— ngươi gặp được mẫu thân và tỷ tỷ của ta! Họ có khỏe không? Còn phụ thân ta, ông ấy thế nào?",
  "10991344677117141951": "Võng",
  "10991371730621234368": "Cậu nghĩ xem, bán một con mèo có được bao nhiêu tiền!",
  "10991380174725241772": "Giang Thúc Bí Kíp - Võ Học Thăng Cấp",
  "10991392806376502913": "Tổ Biểu Hiện Tĩnh",
  "10991446581949498228": "Tầng bốn",
  "10991459052736765918": "Trang bị mô phỏng Cấm Quân \"Tu La\", thừa nhận tội nghiệt luân hồi, độ thoát kiếp nạn cực lạc.",
  "10991507550716382042": "Vô Danh Quái Dược Phương Thuốc · Nhị",
  "10991515527070845457": "Đi đến giải trừ",
  "10991528508803601275": "Ngưu Nhị",
  "10991531417524916712": "#Y Né tránh hoàn hảo#E sau khi né tránh đòn tấn công, có #Y50%#E xác suất trả lại #Y100%#E điểm sức bền tiêu hao của lần này.",
  "10991586220416811123": "Viên Dư Tàng",
  "10991620810577968711": "Tình hình cứu viện của bang phái này",
  "10991624878721661945": "Đối thoại",
  "10991632877564848527": "Thông qua các hình thức treo thưởng, đánh bại người chơi khác, gánh lấy tội nghiệp của họ, nhuộm đỏ lệnh bài.",
  "10991649439209620970": "Một thôn dân ở Phong Hòa Thôn, bình thường, cần cù chất phác.",
  "10991673649100735760": "Thọ Xương Phường - Khách Lai Hiên - Chưởng Quỹ",
  "10991789682886806841": "Hàng xóm thích náo nhiệt, bà lão họ Thôi",
  "10991790530140794943": "Quan Tài Phường Đấu Giá - Người Tạo Không Khí",
  "10991828763365858811": "Đổi tên phương án",
  "10991841592294619087": "Hội Võ 2V2",
  "10991863570861773298": "Duyên tình",
  "1099186509214704733": "Mưa lớn",
  "10991872175900146184": "Khai Phong Du Phố Xung Quanh - Bách Tính Nữ - 49",
  "10991875720539312182": "Phòng Chí Cường",
  "10991903451773924843": "Duyên Sinh Duyên Diệt",
  "10991909762019538953": "Phần Thưởng Check-in Danh Thắng",
  "10991918434542716250": "Khách nhân Túy Hoa Âm",
  "10991928821841264991": "Hà Kỷ Hi",
  "109919794954878599": "Nhi Đồng - Tĩnh",
  "10992020127861581240": "Trúc Lâm Cựu Cư - Điểm Hồi Sinh Chiến Lợi Phẩm 490",
  "10992042687153363768": "Cành Cây Nhỏ",
  "10992076824202881486": "Ngân Khoáng Thạch (Nguyên Khối)",
  "10992105093877731046": "Bộ Yên Liễu cấp 71",
  "10992120473944182911": "Mộc Giáp Nhân",
  "10992129780942902830": "Quỷ Thị Tử - Âm Binh Tá Đạo - Âm Binh (Trường Miên Trủng Thao Luyện, Phe Ta)",
  "10992157886562753740": "Bốn đơn hai (kèm một đôi)",
  "10992178353621860192": "Được rồi được rồi, ta biết rồi, tình huynh đệ của bọn họ sâu sắc. Tiếp tục đi, gặp phải phiền phức gì sao?",
  "10992184363967307328": "{2}\nThân có chút bệnh tật, qua chẩn đoán của danh y {0}, ta mắc bệnh {1}.",
  "10992193153511425902": "Tốc độ khung hình hiện tại đã tự động giảm",
  "10992227068735655331": "Đối thoại",
  "10992265083613546010": "Liễu Phố - Bình Dân 49 - Gian Hàng Xem Pháo Hoa 1",
  "10992325006488307184": "Ai, ai nha, cô nương Triệu, sao cô còn đá người thế này! Không sờ thì không sờ mà!",
  "10992367352453474548": "Nhậm Tuấn Lâm",
  "10992385525509867466": "Dân chúng mắc bệnh",
  "10992410531838126409": "Phục Lộc Oa",
  "1099242841097236594": "Hà Thị Lạc - Dự Bị 31",
  "10992430412261961520": "Biểu Mẫu",
  "10992521257314543825": "Giảm sát thương",
  "10992524780765097291": "Còn {total_day:d} ngày {diff_hour:d} giờ nữa người từ ngoài cửa sẽ rời đi",
  "10992554595589012954": "Chưa Khám Phá",
  "1099255966398663770": "Mạc",
  "10992567710739722495": "Tên độc",
  "10992682482916811434": "Phong Trang Thôn - Mô Hình Ngẫu Nhiên Cố Định Bảng Nền 4 Bình Dân Nam",
  "10992715526315771792": "Mở khóa quyền mua ở cửa hàng cảnh giới thêm",
  "10992733943400127339": "Thập Lục Hẻm",
  "10992761004044588767": "Thợ Thủ Công Dùng Để Lấp Đầy 2",
  "10992806045533105451": "Lịch sử giao dịch",
  "10992806597867886122": "Đất trống",
  "10992812920152887709": "Con trai lớn của Yến Lệ Lệ và Mã Đại Tráng, ngoan ngoãn hiểu chuyện, rất quan tâm đến gia đình.",
  "10992926543464323201": "Tiểu khúc nhi",
  "10992936301992467624": "À, xấp giấy đó quan trọng vậy sao? Hay là thế này, $T(2011)， vật này ngươi giữ lấy!",
  "10992938827367915480": "Tê Liệt Tứ Chi",
  "10992943074411475095": "Vạn Vật Tương Tác Ngắn",
  "10992973696142416041": "Người giúp bếp ở Tế Vũ Lâu, không rõ danh tính……",
  "10993030480902952809": "Dịch Trạm - Trưng Bày Ngựa",
  "10993050010580250834": "Tìm kiếm sân trước",
  "10993155603926102873": "Sinh Thái Vật Chủng",
  "10993172331216312564": "Yến Sào Thảo",
  "10993205952542917208": "Chủ Kiến Trúc Khí Tức - Trát Vữa",
  "10993209287635708951": "Đối thoại",
  "10993214476676246558": "Nhất Diệp Bình Sinh - Lai Tô Mông Học - Bối Cảnh Bản 8",
  "1099323589638202284": "Điền Dã",
  "10993257405592415123": "Phức Hợp Giải Mê - Entity rỗng (Hiệu ứng Hươu Đen trên Bia Đá)",
  "10993270074127600990": "Vũ Y Lâu Khí Tức - Vương Phác Thành",
  "10993285449056954833": "Không thể bắn tên khi đang cưỡi thú cưỡi hiện tại",
  "10993298152610746912": "Dạo phố thị chúng",
  "10993337642521383207": "Anh Vũ",
  "10993339318019384127": "S2 - Chiến Lệnh Thưởng - Cấp 13 Trả Phí",
  "10993340904566544251": "Đan Nhai - Điểm Làm Mới Chiến Lợi Phẩm 200",
  "10993357902951874522": "Nhớ rồi, nhớ rồi, ôi cái mặt tôi!",
  "10993358087334874610": "Ôm công chúa",
  "10993365479408987450": "Cường hoạt khí",
  "10993380237317407308": "【Sự Kiện Đa Nhân - Huyền Hồ Tế Thế】Loại 2 - Thư Tín",
  "10993389412005368410": "Hỏi về Thiết Tâm Giáp",
  "10993433874011209998": "Điểm hồi sinh",
  "10993517389059673237": "Hừ, nhìn ngươi chậm chạp như vậy, chắc chắn sẽ thất bại dưới tay lão phu như tên thư sinh kia thôi!",
  "10993526841038160726": "Cành Cây Nhỏ",
  "10993554593199701569": "Trạng thái cơ thể",
  "10993566639228053961": "Thiên Cân Trụy - Trân Bảo Hạp - Từ Tâm Trấn",
  "10993567415626946484": "Bố cục hiện trường đã thay đổi, chỉnh sửa lần này không có hiệu lực, có muốn cập nhật bố cục mới nhất rồi chỉnh sửa không?",
  "10993574811206731932": "Giai Đoạn Hai - Tường Không Khí Chiến Đấu",
  "10993589339644247425": "Phong Khâu Thôn - Tiền Tam Nhi",
  "1099362429302857901": "Sau khi tai họa",
  "10993627751106966832": "Chờ một chút",
  "10993635900422105378": "NPC Khí Tức Phong Hòa Thôn - Ruộng Lúa Cạnh Tửu Tứ - Nông Dân 2",
  "10993636006485408689": "Vi phạm pháp luật",
  "10993741434315351418": "Phân loại",
  "1099382902025855375": "Vương đại nhân xin lỗi, mọi người đều biết ngài là quan thanh liêm, lần này thực sự xin lỗi…",
  "10993839148364533454": "Ngô Tiểu Oánh",
  "10993876206797023232": "Thiên Hùng Binh Sĩ Đả Tọa - Không Chủ Động 03",
  "10993889401038781274": "Đối thoại",
  "10993911106323015442": "Còn được gọi là bệnh phong huyết, bệnh ngứa phong, ngứa hậu môn, ngứa âm, là một bệnh ngoài da gây ngứa bất thường. Đa số do vệ khí hư nhược phong tấn công, da thịt sinh phong sinh nhiệt, thường gặp ở người già và thanh niên, hay phát vào mùa đông, số ít phát vào mùa hè.",
  "10994002958989737663": "Miếng đệm vai",
  "10994050600544718879": "Tấm đá",
  "10994086537421915957": "Mới nhất",
  "10994104900368855795": "Phòng ngự",
  "10994142046561444423": "Độ Thám Hiểm Thanh Hà đạt đến #Y2000#E（{0}/2000）",
  "10994159127615472732": "Khụ khụ, thiếu hiệp, sau khi trải qua thử thách của chúng ta, cuối cùng chúng ta đã nhận định, ngươi chính là người chúng ta tìm kiếm!",
  "10994168117106106979": "Ê! Mày chửi ai đó—!",
  "10994177566327774306": "Tổ hợp khuấy thùng lên men",
  "10994185262644061741": "Nhiệm vụ: Phá địch",
  "10994186718973995760": "Nam nữ ở Túy Hoa Âm, ai đi cũng tùy tâm, tình khó bền lâu, bao nhiêu người đều vì……",
  "10994237680261397342": "...Đây hình như là một ngôi mộ không người?",
  "10994262090920928649": "Còn gọi là Hồ Nhiêu, là do thấp nhiệt độc tà xâm nhập, hoặc nhiễm độc trùng, làm tổn thương khí huyết mà gây ra.",
  "10994268498939240781": "Ấy, ta không biết...",
  "10994268873295288586": "Đánh nhẹ phái sinh",
  "10994274367394904099": "Thánh Ngôn",
  "10994297786119799060": "Hình như phát ra từ trên lầu... ừm, lên lầu xem thử.",
  "10994299763595526030": "Đánh bại Quỷ công tử",
  "10994362797901789149": "Cái này, cái này, chân ta què rồi! May mà Điêu Bát Gia cứu ta, nó dùng mỏ ngậm ta bay lên, đưa đến nơi an toàn.",
  "1099437500866037905": "Cành Cây Nhỏ",
  "10994394240700231162": "Dùng để dựng nhà.",
  "10994417691397901802": "Trương Tuấn Kiệt",
  "10994444043475605355": "Người giang hồ",
  "10994455407858127404": "Xung quanh có chút khô ráo, cơ thể hơi khó chịu.",
  "10994497471341072260": "Tham gia biểu diễn có thể dùng để giảm án",
  "10994505480346851886": "Dùng để xây tháp đá.",
  "10994561980757906934": "Trọng Kích",
  "10994564861192886952": "Chuyển màu",
  "10994605809714017549": "Tu luyện Nội công",
  "10994613529552949290": "Lạp Chúc",
  "1099464548383198728": "Thập Lục Hẻm",
  "10994662854440670944": "Triệu Vĩ Nghiệp",
  "10994737299506492986": "Xà Vương Mật Tàng - Xà Vết Thương Tím",
  "10994807823534915513": "Ư... ư ư...",
  "10994808336516296886": "Mau đến khống chế hắn, thiếu Đông Gia điên rồi!",
  "10994809212171305663": "Báu vật thế gian tìm ở đâu? Hãy đến phòng thứ chín tiệm cầm đồ. Tìm mãi tìm không được, tìm Trương Hắc Khế giải quyết nghi vấn.",
  "1099481467133513200": "Ta có thể dựng một cái lều dưới gốc cây sau vườn cho nàng, nàng giúp ta xem, hoa hồng của ta rốt cuộc khi nào mới nở được!",
  "10994846472709187172": "Tú Kim Lâu - Doanh Địa - Liêm Đao",
  "10994847762864647338": "Trong lời nói phẫn hận của Phật Môn đồ bỏ, trong ý nghĩa sâu xa tặng Phật Quang Ngọc cho Diệp Vạn Sơn, trong sự quan sát có mặt của Tuệ Dược, có thể đoán ra một bí mật: Diệu Thiện không tin Phật.",
  "10994857036432270469": "Hỏa phụ ma",
  "10994877899881707941": "Vị Trí 3 Viện Tứ - Tiểu Binh Hàng Hóa B - Hỏa Bả",
  "10994916617036087881": "Thiết lập tên tự (tự hiệu)",
  "10994938318664539482": "Không biết.",
  "10994939584843771963": "Trương Chấn",
  "1099498557506390583": "Oanh Nhi - Trước Nhiệm Vụ Phụ",
  "10994987949483949596": "Phối hợp tiêu diệt",
  "10995038421527683918": "Mạnh Thủ Tiết",
  "10995045623073519857": "Hồ Điệp Cửa Hang Động",
  "10995045695373847214": "Không trung rơi xuống Yến Ngữ Các, đại sư nói như thế ——",
  "10995059893371523391": "Khách Sương Phòng - Tửu Khách",
  "10995065384870878764": "Không, ta còn có việc",
  "10995075221456072257": "Từ nhỏ, Tấn Lạn Kha đã biết, nam nhân lớn lên phải ra trận lập công, làm quan lớn, có công danh lợi lộc, tiền đồ tươi sáng. Thế gian đều như vậy, bản thân cũng nên làm theo trình tự. Tấn Lạn Kha mãi mãi nhớ, khoảnh khắc quyết định tòng quân, ánh mắt nóng bỏng của cha mẹ khiến sống lưng anh nóng bừng.",
  "10995132413306740423": "【Võ Miếu】Hư Ảnh Văn Quan Cấp Thấp",
  "10995148077927416639": "May mà hắn không có ở đây, nếu gặp tên tiểu tặc kia, thì phiền phức rồi!",
  "1099515954200113270": "Kim Trì Cẩm Tú",
  "10995178085016824334": "Trương Ích Hào",
  "10995210268991137839": "Báo quan sẽ nhận được kết quả gì, kết quả đó tốt hay xấu, có thể đoán trước hay không thể đoán trước, làm sao ngươi biết nên báo hay không nên báo!",
  "10995256829621876942": "Bảo Rương",
  "1099525841558968154": "Chịu trăm bệnh, ai đang thực sự bước trên con đường cường giả?",
  "10995271657738872078": "Tạm thời không vội cuốn sách của ngươi đâu",
  "10995338332172658706": "Nhấn sử dụng kỹ năng Nghe Gió, quan sát cảnh vật",
  "10995357691187802071": "Hồ Xương Dực tính tình tự tại tiêu dao, không thích tranh đấu thế gian, để bảo vệ sự thuần khiết của môn phái, ông đề ra hai đạo \"cầu chân tự tại\" và \"cầu phồn đi giản\", yêu cầu đệ tử Lê Viên phải ẩn cư, không nhiễm bụi trần, đệ tử Lê Viên quả thực vì thế mà tâm tính phần lớn thuần lương, không hiểu sự thế. Truyền rằng Hồ Xương Dực ghét bỏ tục thế như vậy là vì ông mang dòng máu hoàng gia, từng bị cuốn sâu vào tranh đấu, nhưng lời đồn này vẫn chưa được xác minh.",
  "10995364563371137925": "Dế Mèn - Quy Trình Tân Thủ",
  "10995388661425507339": "Thư họa triều Tùy",
  "1099541963599620051": "Thủy thủ Xích Long Đường",
  "10995456746692132379": "Cố gắng thêm một lát nữa, trồng xong cây thông này rồi nghỉ...",
  "10995458430463635356": "Sự kính ngưỡng của ta đối với đại hiệp, giống như són đái ra quần, chảy không ngừng.",
  "10995463042568921871": "Song Đao Phong Yên",
  "10995502564102625756": "Tiếp tục",
  "10995665882455399285": "Rời đi",
  "10995788364657896713": "Xem",
  "10995797409103266041": "Nếu có binh giáp chế thức, đúng là phải bắt lại hỏi tội.",
  "10995805321696920736": "Nhận một phần",
  "10995852625760987433": "Còn giữ khá tốt, có thể lĩnh ngộ ngay sau khi lấy được.",
  "1099585851798214349": "Phạm Cư",
  "10995879523592287211": "Bên ngoài lò luyện - Tổng bản đồ",
  "10995886915688164938": "Túy Đạo Nhân",
  "10995903753723984563": "Hỏi nguyên nhân quyên góp",
  "10995917741969428623": "Rời đi",
  "10995947582879982999": "Vui lòng nhập tên nhóm",
  "10995972744733678847": "Nhiệm Vụ Bảy Ngày",
  "10995991132856293476": "Mặc Địch",
  "10996078632644365289": "Thiện Diệu Châu 3",
  "10996099280799766404": "Lưu Thiên Lý",
  "1099611249935573899": "Đệ tử Túy Hoa Âm",
  "10996129016136531534": "Mời 2 Bằng Hữu Liên Kết - Trường Minh Ngọc*30",
  "10996182227704303823": "Gây ra bởi Cổ Thuật Linh Tê",
  "10996189333656361287": "Câu Lan Bổ Sung 2 - Hành Nhân - Phụ Nữ (Cha) - Tay xách gói đồ, nhàn rỗi dạo chơi",
  "10996193835634555085": "Phong Long Vương - Có Thể Bị Giết",
  "10996315438830379931": "Tiểu Yêu đừng chạy!",
  "10996364634466165668": "Sở tướng",
  "10996396155388933127": "Du Lập",
  "10996483839316793176": "Nói trước đi, lần này không được tính rẻ như vậy đâu nhé.",
  "10996489849535757100": "Tăng sát thương",
  "10996515107082488527": "Quái vật B",
  "10996556245161708754": "Chức năng kiến trúc này, xin mời mong đợi!",
  "10996558828107430119": "Đối thoại",
  "10996581460522382100": "Sinh Thái Vật Chủng",
  "10996581826436292390": "Lý Trạch Hạo",
  "10996613241855881423": "Trần Triết Ưu",
  "10996699711356265150": "Ngồi một mình trong rừng trúc, gảy đàn lại hú vang; người trong rừng sâu không biết, ánh trăng sáng đến soi chiếu.",
  "10996724765918407187": "Không ngờ khi đi ngang qua Rừng Thức Ăn Cho Hươu, đột nhiên có hai gã lực lư trông giống nhau chặn ta lại từ trước ra sau, đòi ta giao nộp lương thực trong tay!",
  "10996752710831866441": "Đợi giảm giá à? Vậy ngài để lát nữa quay lại nhé, giờ này tìm đâu ra cái giá hời.",
  "10996831236095515834": "Gây sát thương khí liệu #G300%#E",
  "10996837796243742600": "Không phải “Hoàn Trụ” mà là “Hoàn Trụ”, Tần Vương đi vòng quanh cột, tránh đòn ám sát của Kình Kha. Huynh họ Hà ngươi thật sự nên chăm chỉ học hành đi.",
  "10996863963468181967": "Chọn độ khó",
  "10996875309580341898": "Khụ khụ... Mùi hương trong phòng này, thật sự khiến người ta #N choáng váng#E.",
  "10996878581103030152": "Bình Phong - Đình Viện Hai",
  "10996942382067171379": "Lữ Giai Nam",
  "10996943515113308987": "Hạ Đao Trại - Lục Lâm - Thảo Tặc Đơn Đao - Tuần Tra 2",
  "10996967376942541445": "Tỷ lệ hội ý",
  "10996995999327791647": "Súc Cốt Công - Thường Trú - Bí Bảo của Gia Gia",
  "10997016875325687931": "Trị Liệu Người Chơi Khác Thành Công 6 Lần",
  "10997032049145577682": "Sinh Thái Vật Chủng",
  "10997034742754596551": "Lưu Phái Tháp Chước Mộc · U Tầng thứ 8 - Hắc Y Nhân Tú Kim Lâu Hỏa Bả 3",
  "10997064971130376387": "Đoạn Một",
  "10997093241289092221": "【Thuật】Thế nào là thật",
  "10997102946352731480": "Thủ lĩnh cấm quân",
  "10997125322218848377": "Chân thành bên trong hình dáng bên ngoài, quân tử cẩn trọng khi ở một mình",
  "10997143313417491262": "Bách Nghiệp Tổ chức xây dựng thêm linh kiện 155",
  "10997148677989591907": "Đan trùng kỹ năng đặc biệt",
  "10997160090875882054": "Bất Tiện Tiên - Điểm Làm Mới Chiến Lợi Phẩm Mới Thêm 54",
  "10997215369521381747": "\"Bát âm\" được phân loại nhạc cụ dựa trên cái gì?",
  "10997245248859608728": "Đã sở hữu ngoại trang này, không thể nhận",
  "10997251108829232605": "Hoa Hải Giải Mê - Chung Hiệu Ứng Đặc Biệt",
  "1099728144320602815": "Chưa trang bị cung tiễn, tạm thời không tham gia được cách chơi này!"
}