{
  "1274155947768126563": "Lý Trạch Hạo",
  "12741609167246514208": "Âu Gia Hạo",
  "12741610593460808133": "Đống đất",
  "12741729941452460886": "Nhậm Khoan",
  "12741734660864135668": "Giải thích lối chơi",
  "12741744350556371736": "Đối thoại",
  "12741764720031361668": "Người chơi không tồn tại",
  "12741783783995930010": "Đại hiệp sao huynh còn chưa về?",
  "12741786892213577811": "Không khí Hồ Hục Tử Kim Đê",
  "12741828074267401817": "Bảng mẫu",
  "12741851462765944805": "Trúc Lâm Cựu Cư - Điểm Tái Sinh Chiến Lợi Phẩm 166",
  "12741858951629671915": "Hoàng Vũ",
  "12741873539352927256": "Phòng Chí Cường",
  "12741891805625263713": "Bảng mẫu",
  "12741908793154782907": "Mô Hình Rỗng Điều Tra Trẻ Thơ Ngất Xỉu",
  "1274192085321160454": "【Chính Thức】Bảo Hạp Gỗ Tam Phẩm",
  "12741955006329208046": "Cách Chơi Nhà Tắm - Giường Mát Xa Tầng Hai - 3",
  "12742009792362034549": "Tiêu diệt nhận phần thưởng lớn",
  "12742030335467656917": "Nhậm Chúng",
  "12742048690861946844": "Đối thoại",
  "12742122592298805190": "Đây là cái trống lắc mà cha đã tự tay làm cho ta!",
  "12742159620870193981": "Một bộ giáp trụ cũ nát, lấy được từ binh lính âm ty.",
  "12742175931577511370": "Dùng thể lực hái thuốc {1} lần",
  "1274220602768238861": "Môn thể thao đấu vật cổ đại, hai người dùng sức và kỹ thuật để tranh tài, có tính chất võ thuật. Thời Xuân Thu gọi là “Giác Địch”, sau thời Nam Bắc Triều đổi thành “Tương Phác”, thời Tống rất thịnh hành, còn phát triển thêm “Nhi đồng tương phác, Kiều tương phác, Nữ tử tứ phác” v.v...",
  "12742240224270098659": "Trò chuyện phiếm",
  "12742260639446214177": "Phạm Tiểu Thất",
  "1274226422684560471": "Sinh Thái Vật Chủng",
  "12742302683385083816": "Thái Cực",
  "12742394186077986205": "Vương Tử Hiên",
  "12742425028875151639": "Giang hồ rộng lớn sao giữ trọn vẹn, nơi nào an lòng nơi đó là nhà.",
  "12742439612363115715": "Âu Gia Hạo",
  "12742466392490592278": "Đang tải",
  "12742477351533073264": "Đối thoại",
  "12742522159748850225": "Dê dê dê",
  "12742534401160639889": "Lưu Phái Tháp Khiên Ti · Ngọc Tầng 9 - Tiểu Thủ Lĩnh Quan Binh Đại Tống Cầm Thương Khiên 1",
  "12742558429317182807": "Vạn Vật Tương Tác Ngắn",
  "12742591178490670635": "Một số ít kiến thức tâm linh được chia làm nhiều mảnh, chỉ khi tổng hợp đủ mới hiểu hết.",
  "12742596011048029793": "Kiếm Mảnh - Hiệu ứng đặc biệt",
  "12742601069328878660": "Chu Vũ Lâm",
  "127426724465389890": "Hậu sinh, ngươi có biết cá có mấy cách câu không?",
  "12742683922251251770": "Đám chó",
  "12742712197546757278": "Thôn chủ lại biết nói tiếng thú, thật là thần kỳ. Nếu mỗi ngày ta đi theo hắn, hắn làm gì ta cũng làm theo, có phải ta cũng sẽ nhanh chóng hiểu được ngựa nói gì không?",
  "12742722864412246188": "Tán gẫu",
  "12742763266664711661": "Mẫu Tường Vô Hình - Đạo Chủ - Ngăn Ngừa Nhảy Lên Mái Nhà",
  "12742766128920325648": "Du Nhận · Nhị",
  "12742767145422845376": "Diệp Tử Hí Khó",
  "12742808410982030928": "Dương Bạch",
  "12742857319765675543": "Phục Mã Trang - Điểm Tái Sinh Chiến Lợi Phẩm",
  "12742864709362757830": "Chỉ Qua 1V1",
  "12742898084970877992": "Biện giả, là để phân minh thị phi, xét lý danh thực. Nếu ngài chỉ chú trọng biện thắng biện thua, thì cuộc biện luận hôm nay với ngài không cần phải nói nữa!",
  "12742900815922367514": "Màu nước",
  "1274294082543975075": "Biến Đổi Thể Sắc",
  "1274299250687180873": "Lạc Phi",
  "12743016118798329575": "Nhấn giữ {}",
  "12743024109775200176": "Này! Ngươi muốn như vậy, cẩn thận...",
  "12743045023029487958": "【Mã Thành Tựu 701036】Phần Thưởng Thành Tựu",
  "12743045222563408334": "Phong Dưỡng",
  "12743117154158318925": "Độ hoạt động",
  "12743123981015563967": "Đạo trưởng!?",
  "12743150374174490302": "Than ôi, năm xưa ngươi đã làm gì mà chen chân vào môn phái Cửu Lưu? Này, cục thịt nhỏ trên cổ dùng để suy nghĩ đấy à.",
  "12743174353655896067": "Thành phần xây dựng, dùng để xây nhà.",
  "12743174581941153055": "Một chiếc quạt.",
  "12743324980237099471": "Mạch Hương Tập - Hồ Đại Vi",
  "12743335483852549170": "Được rồi. Ngồi lâu dễ chóng mặt, ngươi cứ từ từ di chuyển.",
  "12743425868288730087": "Thừa Long Lộng Nguyệt",
  "12743429410200394882": "Chẳng qua là một con mèo thôi mà, có gì ghê gớm đâu?",
  "1274343896203091262": "Quên cái này đi—",
  "12743452523406804234": "Mẫu Tường Vô Hình - Đạo Chủ",
  "12743453794697529422": "Tổng gây ra $D。",
  "12743464430848210265": "Cũng không có gì đặc biệt, chỉ là có một ông già kỳ quặc, cứ khăng khăng dán mấy chữ lên đèn lồng, còn hỏi ta có bút mực không.",
  "12743610288496205785": "Thiếu chủ, ngươi đang chắn đường ta làm nông đó.",
  "12743613987137402291": "Tấn công quần thể, gây tổng cộng $D sát thương lên mục tiêu.",
  "127436761540516989": "Xác suất mắc bệnh cơ xương khớp khi giá trị khí huyết dưới #Y20000#E giảm #Y-16%#E",
  "12743707050834738205": "Khách của Túy Hoa Âm",
  "12743718033326268030": "Lót trong",
  "12743718062722706010": "Đối thoại",
  "12743723090587217176": "……Ngươi lừa ta?",
  "127437775318707830": "Ôi... Ông lão nhà ta trước đây cũng không tin vào mấy thứ này...",
  "12743780258811737454": "Bài Bài",
  "12743865103289134651": "Chu Vũ Lâm",
  "12743889132748738204": "Trong trận này, phòng thủ lời nói của đối phương giảm 4.2%, tối đa cộng dồn 6 tầng.",
  "12743921071713097692": "Số Mười 8",
  "12743936087081475804": "Thiên hạ vô đản",
  "12743973045701691860": "Khay Đèn Trường Minh 1",
  "12743992896202459495": "Theo lời Tiểu Lục, ba năm trước nhóm khách hào từ phương Bắc đã chết hoặc bị thương nặng trong một đêm, những người còn lại cũng mất tích một cách kỳ lạ. Điều kỳ lạ là, đêm xảy ra vụ án, nhân viên phục vụ quán trọ và những người khác đều ngủ say một cách quái dị, ngủ đến sáng mới biết chuyện gì đã xảy ra.",
  "12744023312647381453": "Những tiểu nhân đeo mặt nạ đen ngã xuống đất, một tên trong số đó giơ tay cầu xin tha thứ cho ngươi.\nSau đó họ gỡ mặt nạ ra... sau mặt nạ, lại chính là Tiểu Phúc mà ngươi tìm kiếm suốt đường.\nKhông đúng, là ba Tiểu Phúc.",
  "1274403351346918086": "Thái Bình Chung Lâu - Điểm Tái Sinh Chiến Lợi Phẩm 510",
  "12744037564386823509": "Diễm Hồ",
  "12744048515877740776": "U u, ta trốn trên bè gỗ, nhưng bè gỗ lại trôi đi, ta tưởng không bao giờ về được nữa u u……",
  "12744086045352729965": "Số Mười Hai 6",
  "12744100306037597471": "Gây ra #G45%#E sát thương",
  "12744108921059715069": "Bảo Hạp",
  "12744124871957089982": "Những tiểu nhân mặc đồ đen đeo mặt nạ chuột ngã xuống đất, một tên giơ tay xin tha ngươi.\nSau đó bọn họ cởi mặt nạ... Sau mặt nạ, lại chính là Tiểu Phúc mà ngươi tìm suốt đường.\nKhông phải, là ba Tiểu Phúc.",
  "12744128330823485087": "Mặc dù ta không hiểu gì, nhưng đại hiệp nói rất hay, ta nghe nói cách tán thành tốt nhất là vỗ tay khen ngợi, đại hiệp yên tâm, sức đánh người của ta rất lớn!",
  "12744161106321434637": "Tường Vô Hình Ngắn",
  "12744163465169490176": "Diệp Vạn Sơn",
  "12744203568689391639": "Đối thoại",
  "12744214537287643570": "Nguyệt Tài Trang viên nhập mộng",
  "12744215374819961500": "Cừu Kim Hàn",
  "12744219389198421105": "Vụ ám sát Thẩm Quân Thường Bình",
  "12744227427676460708": "Triệu Vĩ Nghiệp",
  "12744289196961163035": "Chu Vũ Lâm",
  "12744316997690206097": "Lò làm giấy cần rất nhiều nhiên liệu, gần đây giá nhiên liệu tăng cao, #Y Xoắn Lửa Xịn#E tăng giá #Y{prop}#E.",
  "1274432033938600910": "Thổ Bạt Thử",
  "12744328102505294912": "Cắt Để Vĩnh Trị",
  "12744350500322855387": "Nghiêm Phi",
  "12744356295037450711": "Hoạt động",
  "12744363404334494383": "Lý Gia Đống",
  "12744368216248443957": "Hộ viện phủ Triệu Phổ tiết lộ, Thị lang Bộ Binh Triệu Phổ và phu nhân Ngụy Chỉ Tích đã chung sống nhiều năm, tình cảm thâm hậu, gần đây lại đột nhiên rạn nứt, thật kỳ lạ. Sau khi điều tra, sự việc này liên quan đến một tên tiểu đồng trong phủ Triệu. Tên tiểu đồng này tuy thân phận thấp kém, nhưng diện mạo tuấn tú, quả nhiên là sắc đẹp mê người, mong các vị khách xem làm gương.",
  "12744368377871196475": "Chọn vật tế phẩm: Biển hiệu “Chó săn hổ cấp bậc thấp”",
  "12744386209282398802": "Thiên Nhai Khách vân du giang hồ sở lục",
  "12744393918163596360": "{2}\nThân có chút không khỏe, qua chẩn đoán của danh y {0}, bệnh ta mắc phải là {1}.",
  "12744428772992753332": "【Kỳ Thuật - Thông Dụng】Trứng Chim",
  "12744450156212302011": "Trong trận này, phòng thủ ngôn từ của bản thân tăng 3.8%, tối đa chồng 6 tầng.",
  "127444556914235690": "Không Hầu",
  "12744459036952031004": "Độ Khó 2 - 8 Trường Minh Ngọc",
  "12744492361004131416": "Dung Lô Túc Cúc Trường - Lộ Khẩu Giới Nghiêm - Hàng Rào",
  "12744525743581977836": "Sở Hằng",
  "12744655159555222956": "Giảm tiêu hao 5 điểm tinh nguyên.",
  "12744662712685432510": "Thực Thể Trình Biên Tập Phó Bản",
  "12744666020743926398": "Hướng Dẫn Cách Chơi",
  "1274467874403376269": "Mặc Thành Cựu Chỉ - Nam Hồn",
  "12744681762192731008": "Kết nối 5 NPC thông minh",
  "12744688226300472177": "BOSS dã ngoại Khiêu vũ sư người chơi đi quá xa sẽ kết thúc khu vực",
  "12744722733227803458": "Hỏi thăm",
  "12744747491818348743": "Bách Hội",
  "12744795070898176218": "Trương Chấn",
  "12744814984634844882": "Đang tải dữ liệu",
  "1274482960083683137": "Mưa liên tiếp, lũ quét qua cuốn trôi lượng lớn dược liệu, #Y Thập Kỳ Tán#E tăng giá #Y{prop}#E.",
  "12744995394554525950": "Nấm",
  "12744999795167474342": "Phật Gia Trại - Điểm Tái Sinh Chiến Lợi Phẩm",
  "12745005805861324271": "Ngô Tiểu Oánh",
  "12745021144352786968": "Trương Đạo Sĩ",
  "12745035363631478085": "Dư Tu Sĩ",
  "12745042743532733200": "Bách Tính D",
  "12745044355095735638": "Phật Quang Đỉnh",
  "12745048293193515219": "Hừ, cửa tiệm giả trang ở Khai Phong này tổng cộng có hai nhà, một nhà là “Bán Diện Trang” ở chợ ma này, nhà còn lại là “Trang Vô Diễm” ở khu kỹ viện kia.",
  "12745054499653052681": "Bắt khoát",
  "12745057705701224609": "Kệ cầu hàng không còn chỗ trống, có thể hạ bớt một số mặt hàng cầu mua hoặc mở rộng sức chứa của kệ.",
  "12745065860250380547": "Móc đuôi",
  "12745078655505018652": "Trương Chấn",
  "12745134104692272934": "Vậy ta không khách sáo đâu!",
  "12745144540782690276": "Đấu trường Bách Nghiệp",
  "12745157952241344444": "Mờ ảo vô hình",
  "12745214522882600246": "Tăng thêm 100 điểm tấn công hội tâm {ATK_CRI_VALUE} và 100 điểm kháng hội tâm {ATK_CRI_RDC_VALUE}.",
  "1274521540849297300": "Qua điều tra tỉ mỉ không sót chút nào của tại hạ, ta dám chắc chắn—",
  "12745216223443814190": "Triều Sinh Mộ Lạc Hoa - Đơn Thể Nụ Hoa Tái Sinh",
  "12745226721741760079": "Du Nhận · Nhất",
  "1274526435686123384": "Lưu Phái Tháp Liệt Thạch · Quân Tầng 8 - Hắc Y Nhân Tú Kim Lâu Cầm Đuốc 2",
  "12745285088348900297": "Suỵt —— nhỏ tiếng chút!",
  "12745292977418489319": "Đợi đã.",
  "12745315485791172381": "Khụ khụ... Dân làng không thích ra ngoài, ta đi đưa chút lương thực cho các nhà.",
  "12745320079248851252": "Phì, cút đi!",
  "127453656401118858": "Cao thủ Vị Ương Thành ra tay",
  "12745477245689600635": "Hỏa Sang",
  "12745494015310795315": "Trúc Lâm Cựu Cư Bảo Hạp Tứ Phẩm 12",
  "1274553812352831054": "Duyên khởi hôm nay, chờ xem nhân quả",
  "12745577928836119588": "Vô Tướng Hoàng liên tục vung đại nhận về phía trước gây sát thương.\n\nCách ứng phó: Đừng vội vàng tiếp cận, Vô Tướng Hoàng sẽ thực hiện nhiều đòn đánh.",
  "12745601195199334614": "Bây giờ nghĩ lại......",
  "12745632230718000299": "Trương Vũ là cháu của Trương Tố, y sư thụ nghiệp tại Thái Bình thư viện. Lúc nhàn rỗi thường đến đây giúp sửa bài tập, chăm sóc ruộng thuốc với tư cách trợ giáo. Thích dùng thuật trắc nghiệm kiến thức y lý của người khác, để cùng nhau tiến bộ trong học tập.",
  "12745635459059447835": "Thất bại nhiệm vụ lắng nghe sự kiện [client listen owner]",
  "12745636578471409134": "Đại Cứ Điểm Thủ Thông",
  "12745657237716801806": "Trần Khải",
  "12745661065307039536": "Thạch Tượng: Tiêu Chuẩn Bàn Vận",
  "12745678134338942027": "Khí lượng",
  "12745689404983784398": "Dữ liệu đang tải dữ liệu đang tải dữ liệu đang tải dữ liệu đang tải dữ liệu đang tải dữ liệu đang tải dữ liệu đang tải dữ liệu đang tải dữ liệu đang tải dữ liệu đang tải dữ liệu đang tải dữ liệu đang tải dữ liệu đang tải dữ liệu đang tải dữ liệu đang tải",
  "12745713221509404546": "Nhấn vào khu vực trống để đóng",
  "12745733115280109486": "Triệu Vĩ Nghiệp",
  "12745740048675355814": "Ngủ",
  "12745760713603679274": "Mô Hình Ngẫu Nhiên - Nữ Bình Dân - Cố Định",
  "1274580506924693919": "Khai Phong Ngư Thú Điểu Trùng Mật Thất 1 Vật Phẩm Tương Tác Dược Bình",
  "12745841374941105050": "Liễu Phố - Bình Dân 18",
  "12745862073818744482": "Đi đến vị trí được đánh dấu trên bản đồ để điều tra",
  "12745899748525000753": "Kim loại",
  "12745905154857789053": "Ván Cờ Đánh Cược Của Diệp Bất Hưu",
  "12745926895344903657": "Nguyệt Xuất Kinh Xuân",
  "12745946357658640529": "Theo truyền thuyết, các kinh các tàng thư của Đại Tướng Quốc Tự có tám triệu quyển kinh sách, sách vở vô số. Trong đó, có một quyển võ thư bí yếu tên là 《Thái Bình Vũ Mộ》. Cuốn sách này ghi lại võ học thiên hạ, nếu có duyên xem qua sách này, chắc chắn sẽ có ích lớn.",
  "12745983430988575430": "Hả? Cái gì vậy?",
  "1274600671037337982": "Có một người bí ẩn mặc đồ đỏ đang đợi ngươi ở #a66829 quán nướng thịt ven sông phía đông nam Thái Nhất Cung#E.",
  "12746043952709541825": "Hoặc là",
  "12746073636653303980": "Tích Củ Cửu Kiếm · Tăng sát thương võ học",
  "12746090332437826393": "Chàng trai bình thường rất nghe lời cha mẹ, cha mẹ chàng sống gần miếu Lỗ Ban ở Tử Tượng Cư, có thể đưa họ đến đây khuyên bảo chàng trai.",
  "127461661196924627": "Bách Công Phường - Tượng Nhân Cư - Điếm Chủ Tiệm Trống Lớn",
  "12746205555456171594": "Đồ ăn cho lễ trưởng thành này tới rồi, này —— lần này ta không lừa ngươi chứ.",
  "12746212165733177028": "Thời Khắc Du Ngoạn Viên Lâm - Bang Phái Phi Hưu Nhàn - Phần Thưởng Bậc Hai",
  "1274622537849066230": "Suỵt! Ta chỉ có thể nói đến đây thôi.",
  "12746270950017614844": "Xem hướng dẫn",
  "12746353740215251416": "Mời 1 Hảo Hữu Kết Giao - Huy Chương Hạnh Ngộ Quân",
  "12746376814764697731": "Vườn rượu vang cách biệt chốn nhân gian ở phía đông Lương Châu đã hoang tàn, chỉ còn lại một người làm rượu kỳ quái, ngày ngày say sưa tại đây...",
  "12746436630798416727": "Thu phóng màn hình",
  "12746508759224534122": "Tiểu Báo Lá Cải - Xuân Thủy Các - Nữ Án Ma",
  "12746522413915530913": "#L Nghê Thường Loạn#E: Trong 10 giây nhận thêm 20% sát thương khí huyết.",
  "12746538375382741191": "Đánh bại kẻ địch",
  "12746552051795218292": "Ư... xin lỗi nhé, ta vốn muốn giúp ngươi...",
  "12746581764500321369": "Ải Lộc",
  "12746597383701406701": "Hà Kỷ Hi",
  "12746643686444441574": "Thanh Hà",
  "12746713209129136391": "Tường chắn",
  "12746837786738957472": "Dương Độc",
  "12746870331114133742": "Túy Hoa Âm - Phú Nhân Nam 7",
  "1274687605424259085": "Thiếu niên",
  "12746893412012205729": "Ừm, quả không hổ danh là Thập Cảnh Phàn Lâu!",
  "12746909417239909371": "Đánh bại thủ lĩnh Cấm quân",
  "12746955699644179881": "Trấn Thủ Thường Bình Thương - 37 - Lương Thực Chợ Đen - Lương Thực Tào Bang",
  "12746985182256770480": "【Chính Thức】Bảo Tương Gỗ Tứ Phẩm - Tử Tượng Cư",
  "12747002403251914259": "Khai Phong Hoàng Cung - Thành Môn 1",
  "12747076894811408320": "Hà Kỷ Hi",
  "12747100830450951269": "La Đại Cổ",
  "12747144569037115425": "Sử dụng vật này, có thể nhận được ngoại hình tương ứng.",
  "12747162418285871610": "Bọn này là người của Tú Kim Lâu! À, \"hoa khôi của Giang Nam\" \"Người thưởng hoa trong lầu\"... bọn chó săn của nước Đường!",
  "12747172230372879678": "Thược Dược",
  "12747234145600361146": "Nhật ký của cấm quân thủ lĩnh",
  "12747295001300076277": "Sinh Thái Vật Chủng",
  "12747371217078511614": "Chế độ hành động",
  "12747537102715783492": "Thu hoạch được bao nhiêu, phải xem ngộ tính của chính ngươi.",
  "1274754640689032436": "Sử dụng vật này, có thể nhận được ngoại hình tương ứng.",
  "12747568781184722584": "Đánh bại kẻ địch",
  "1274759541108862994": "Triệu Vĩ Nghiệp",
  "12747646588984426425": "Đạo trưởng cứu ta...",
  "12747699635355851869": "Hà Kỷ Hi",
  "12747708766280150708": "Bách Nghiệp tổ chức xây dựng thêm thành phần 793",
  "12747723308186229713": "Quá nhập tâm rồi",
  "127477261463381227": "Phòng ngự",
  "12747731843840456973": "Hoang Thực Lâm - Điểm Làm Mới Chiến Lợi Phẩm 286",
  "12747754439154403099": "Đăng ký chiêu thân",
  "12747774127404223785": "Cổ Tư - Tố Viện - Văn Tân Quán 3",
  "12747811244178134061": "Hạ Diêu",
  "12747854659564669068": "“Bác sĩ” cổ đại ý chỉ:",
  "12747880545514167875": "Trương Chấn",
  "12747966211106349102": "Trần Gia Tranh",
  "12747984523709607092": "Lão hương, giờ cảm thấy thế nào, có chỗ nào không thoải mái không?",
  "12748035662302379827": "Thọ Xương Phường - Phú Nhân",
  "12748060421321840179": "Phần Thưởng Trấn Thủ Bảo Tàng - Cấp Độ Thế Giới 10",
  "12748164890387179240": "Một trong bảy báu vật của Phật giáo được nói đến trong 《Kinh Phật Thuyết A Di Đà》, các Phật tử Ấn Độ và Tây Tạng coi san hô là hóa thân của Như Lai Phật.",
  "12748179770660478649": "An Tư Nương",
  "12748254137711265382": "Điền Dã",
  "12748288468062255005": "（Ca hát）",
  "12748322596410918910": "Tốt, tốt lắm——",
  "12748367057175287137": "Cơ Quan Ốc - Hành Lang P3 Cửa Biến Hóa 4",
  "12748542673187856323": "Thanh Tâm Phố - Lều Trồng Địa Hoàng - Thôn Dân Lăng Hạnh Thôn (Nam) 2",
  "12748648803141336470": "Đang tiến hành",
  "12748660781446436125": "Liễu Phố - Bình Dân Động Thái 22",
  "12748684120406210977": "Nhất Ngạc Hồng",
  "12748725198314653182": "Phong Điên",
  "12748732518389891606": "Không thể nhìn xung quanh nữa, ta phải nhìn cái móc này.",
  "12748739610476116897": "Diệu Diệu Miêu·Khai Phong",
  "12748748160049938084": "Ngươi tự hỏi cha ngươi đang làm gì đi?",
  "127488085391055673": "Hoàng Lạc Tư",
  "12748832205274736825": "Một cây dù.",
  "12748866329710079466": "Chắc chắn nhận được chiêu thức Khiên Tơ · Lâm Định Âm",
  "12748882576649831840": "Sinh Thái Vật Chủng",
  "12748921944473266952": "Trong một ván đơn, tích lũy gỡ thế ít nhất 3 lần tấn công và thông quan",
  "12748966278320156063": "Túi tiền cùng kêu vang",
  "12748970973687078849": "Liễu Phố - Bình Dân 6",
  "12748996037179079713": "Vòng kéo",
  "12749000825416976927": "Thả Đèn Sông, Viết Lời Gửi Gắm",
  "12749045012595542983": "Chọn nguyên liệu tẩy luyện",
  "12749055708086576305": "Trò chuyện",
  "12749070925708818902": "Không Sơn Bất Kiến Nhân",
  "12749102508006410062": "Uể oải",
  "127491206475865032": "Đối phương đang suy tính giao tình với ngươi",
  "12749126154450544343": "Thọ Xương Phường - Sĩ Binh",
  "12749217338958095356": "Áo yếm",
  "12749293097254516510": "Song Nhân Đối Thoại",
  "12749310963935217899": "Chu Vũ Lâm",
  "12749312612609361044": "Đã nói rồi, một cái bánh bao.",
  "12749377784666970534": "Ta uất ức",
  "12749420276697842275": "Đã sao chép mã tác phẩm, có thể vào giao diện Đội ngũ [Nhập] sử dụng",
  "12749433667325531047": "Viên Quốc Chấn",
  "1274948539794120715": "Chỗ này lại thế nào nữa đây...?",
  "12749486315155194913": "#Y{player_name}#E lựa chọn giải tán nhân墙, trực tiếp xuống sân.",
  "1274951935101994161": "Âu Gia Hạo",
  "12749535406847571122": "Quán ăn nhà họ Trương thường xuyên xảy ra chuyện kỳ lạ, rơi xuống nước, gặp trộm, biển hiệu bị giết.",
  "12749565011000978918": "Tiểu Thụ Chi",
  "12749597964718587606": "Khai Phong - Dưới Cầu Phía Bắc - Nữ Khán Giả Bên Cầu 2",
  "12749613324858971610": "Nhất Diệp Bình Sinh - Hiệp Khách Trong Quan Phủ - Tiểu Lại Tuần Kiểm Tư",
  "12749689820323509167": "Ta Thán Nhai - Linh Kiện Ván Gỗ",
  "12749706391069812691": "Gỗ cây phong",
  "12749771609390189102": "Đối thoại",
  "12749778943510712528": "Một người dân, trung thực, luôn làm việc suốt ngày",
  "1274978106291352295": "燕南侠名值2超然入世",
  "12749803828317950713": "Ngươi muốn ta giúp gì?",
  "12749847999438345705": "Triệu Phổ Trạch - Xa Phu Giáp",
  "12749903150365655739": "Hướng Tri Ân",
  "12749948508690302214": "Tây Nam Ất Cước - Xích Truy",
  "12749994757106436984": "Vương Trị",
  "12750011885496477040": "……Đứa bé đó ngày nào cũng đến, cứ nói sư tử đá trước cửa tiệm nhà ta là sống, có thể chơi với nó…… Không biết có bị bệnh không?",
  "12750056059923106445": "Hây, làm gì đó!",
  "12750071063444501909": "Sinh Thái Vật Chủng",
  "12750075478127144471": "Thiên Chi Xuyên",
  "12750105005859114503": "Thiếu hiệp chi bằng mang theo ngọc đái này bên mình, có lẽ có thể trả lại cho chủ nhân, ngọc trở thành đôi.",
  "12750210446166486457": "Xung quanh Từ Tâm Trấn",
  "12750222759473327635": "9 - Tướng Quân Từ",
  "12750231849708558039": "Thanh Hà biệt quán có quy định, khi độ khám phá của cao thủ giang hồ đối với khu vực Thanh Hà của chúng ta đạt tới “Thông tỏ như lòng bàn tay”, có thể nhận vật tín “Mộ Vân Bội”!",
  "12750258643516905055": "Cắt để trị lâu dài",
  "12750289572265583367": "Cấp %s trở xuống",
  "12750291978780306259": "Thang Lục",
  "127503623792250252": "Hoàn thành cửa ải",
  "12750366949483837782": "Phòng Chí Cường",
  "12750375340732007952": "Dương Trịch Trục"
}