{
  "13875910766161133071": "Nhất Diệp Bình Sinh 2 - Thiên Kinh Ngạn Đông Độ - Bảng Bối Cảnh",
  "13875944315127716803": "Dịch chuyển ngang",
  "1387602634149626173": "Xử lý ngươi trước, rồi tính sổ với hòa thượng nghèo kia!",
  "1387604630161701898": "Bảo Tương",
  "13876080828351347628": "Tửu Bác Sĩ",
  "13876103578137366971": "Tăng <lượng máu tối đa|780|#C|13>, hiệu ứng tăng theo cấp độ mô hình đơn nhân (Hiện tại: #Y{0:.0f}#E điểm).",
  "13876133250176789416": "Chu Vũ Lâm",
  "13876168414643411422": "Thanh Tâm Phổ - Địa Hoàng Điền đang thu hoạch gấp - Thôn dân Lăng Hạnh Thôn (Nam nữ đều được) 1",
  "1387618908476013931": "Xuân Thu Biệt Quán - Điểm hồi sinh Chiến Lợi Phẩm 219",
  "13876192750222352357": "Tăng tối đa <Khí Huyết|780|#C|13>, hiệu quả tăng theo cấp độ đơn nhân vật (Hiện tại: #Y{0:.0f}#E điểm).",
  "13876203985612508590": "Trực ban",
  "13876332265351779324": "Vui lòng nhập biệt danh hoặc ID người chơi",
  "13876363128328136707": "Rất tiếc, mặc dù các hạ tài đức vẹn toàn, nhưng vẫn không phải là lựa chọn đầu tiên để {0} bái sư. Đối phương đã hủy bỏ thỏa thuận kết nghĩa với các hạ.",
  "13876388665381030659": "Trung Cửu Lưu",
  "138764761405536784": "Thứ hạng %s hiện tại",
  "13876503513586280567": "Hừ, đừng có gượng ép nữa. Ta chỉ muốn nhét vài thứ hữu ích vào cái đầu toàn cặn thuốc của ngươi thôi.",
  "13876535396051262375": "Thời gian còn lại: %s",
  "1387656638328593559": "Vạn Bân",
  "13876570778117724070": "Huỳnh Uyên Quan Khải - Thực thể trống (Dấu chân hươu)",
  "13876627460976018009": "Thêm Ngũ Tầng Xuân Lôi",
  "13876628462395943504": "Gây ra 70% sát thương, có 60.0% xác suất tăng 10% phòng ngự cãi lý của bản thân",
  "13876647955861787943": "Bộ kích hoạt Hỏa Diễm - Quỷ Hỏa - Sáng liên tục",
  "13876666981586799443": "Long Quỳ Thảo",
  "13876678044985632031": "Sinh Thái Vật Chủng",
  "13876707231320335923": "Thiếu hiệp đừng hoảng! Chỉ là dùng một chút kỹ pháp, lấy đi một ít da lông, không hề làm tổn hại đến tính mạng!",
  "13876804571237048445": "Khách Thương Nhàn Đàm 1",
  "13876848347842740403": "Chặt",
  "13876859159278237957": "Sản phẩm thất bại của Tú Kim Lâu, sau được Quân Mã Đại Lang cứu giúp. Từ đó sống nương tựa vào Đại Lang, đối với nó Đại Lang chính là sinh mệnh.",
  "13876903618957812066": "Dân chúng Thanh Giao Đường",
  "13876920607415706978": "Không ham khách tiên",
  "13876934480261395275": "Hà Kỷ Hi",
  "13876968508370292734": "Một tiếng đều vật im lặng, bốn tọa không lời sao trời sắp thưa. Đây là lời khắc trên đàn cầm. Liệt Ngôn luôn rất kính trọng Cổ Nhạc, nên đã tự tay làm một cây đàn cho Cổ Nhạc. Đáng tiếc, cây đàn này lại không thể được trao đi, chỉ có thể đợi duyên người ở hoang dã.",
  "1387698449517287696": "Nhạc hay thường gặp, tri âm khó tìm. Sao, thiếu hiệp không xem Tiêu Tương là tri âm sao?",
  "13877009554763838350": "Này, nếu có một tình huống khiến {0} muốn hủy hôn ngay tại chỗ, thì đó là việc gì?",
  "13877010082453168220": "Nhưng mà... các ngươi vẫn còn là người trẻ tuổi...",
  "13877099389407177013": "Bản đồ kho báu - Tam",
  "13877103783642381877": "Phúc lợi %s",
  "13877107189126906973": "Xem ra chỉ có thể tìm đường khác để sang bên kia.",
  "1387711477815463171": "{} bị giam vào ngục, ác giả ác báo!",
  "13877136922348302371": "Câu cá đơn giản",
  "13877200793491656309": "Sử Đại Nhân",
  "1387723983121267553": "Đại Thế Giới - Cá sấu - Vô nhược điểm",
  "13877251691743072952": "Trần Gia Tranh",
  "13877280968975888881": "Kỹ năng %s",
  "13877295664918230486": "Khu Lộc Thực Lâm từ trước đến nay là nơi ít người lui tới, gần đây lại có lời đồn một thiếu nữ mặc đồ đỏ lang thang ở đây, trèo cây bắt gà, xuống sông múc cá, hành động như người điên, khiến người ta kinh ngạc. Đằng sau đó rốt cuộc có nguyên nhân gì không ai hay biết...",
  "13877313848625780076": "Trời đất bụi trần ba thước kiếm, năm tháng giang hồ một bài thơ.\nĐối diện nhau, không lùi một phân sắc bén.",
  "13877341894752451961": "Thực phẩm tinh phẩm",
  "13877396683812920096": "Tập đề sách chính bản - Chiếm chỗ",
  "13877429973213683479": "Khẩu hầu, âm hộ bị ăn mòn, mắt đỏ như mắt chim gầm ghè.",
  "13877437107441607239": "Thi Thiên Lai",
  "13877438840381737129": "Nhặt lên",
  "13877520406990266055": "Tương lai đáng mong đợi",
  "13877538291347439111": "Ngươi muốn bước vào giang hồ",
  "13877588350032789142": "Thuyết phục tiểu nhị",
  "13877714522135458080": "Mở khóa vật liệu mới",
  "13877755628906556666": "Tiểu Thập Thất",
  "13877780393513074518": "Trần Gia Tranh",
  "13877783072272144080": "Bay",
  "13877846511366296610": "Chị gái của Dịch Thu Hoài cảm thấy anh ta và người mình yêu không môn đăng hộ đối, hãy giúp anh ta thuyết phục chị gái đi.",
  "13877877157751998379": "Thiển Thưởng Xuân",
  "13877888641947056454": "Vạn Sự Tri Trì Ngư Lâm Mộc",
  "13877921230380528707": "Giết không chết, ngày hôm sau lại xuất hiện?",
  "13877941323195519874": "Phần thưởng cấp bậc không cày cuốc 13",
  "13877970951659223244": "Hì hì, không thành vấn đề! Đại hiệp muốn xem lúc nào thì cứ tìm ta là được. Tờ báo của chúng ta nha, ngày nào cũng có trò mới, đảm bảo ngài xem không chán!",
  "13877984713803938016": "Nàng cũng biết đó, chị em Phục Linh đang bận rộn trông coi Phúc Điền Viện,",
  "138779881687483333": "Tây Qua",
  "13878004904460091621": "Đang lấy dữ liệu",
  "13878008758062159422": "Măng tre",
  "13878036514665457981": "Tiểu Thạch Khối",
  "13878048046850995427": "Khóa hỏng rồi, người cũng không có ở đây, giữ lại cũng chỉ chiếm diện tích.",
  "13878052187914067252": "Hiện tại đồng tiền căn bản là không đủ dùng, triều đình nếu không cho dùng tiền nhà Đường, đổi cho chúng ta thành đồng tiền cũng được, năm nay chỗ nào cũng có thiên tai, chỉ biết thu tiền, là muốn chúng ta đều chết đói sao!",
  "13878068519750668668": "Chà, lại giành được một cái, cảm ơn mọi người đã hào phóng!",
  "13878114673643796228": "Sử dụng vật phẩm này, có thể nhận được ngoại hình tương ứng.",
  "13878136042844214055": "Mục tiêu theo đuổi của môn phái Cô Vân, người chơi cần hoàn thành #ffc89cHiệu lệnh giang hồ#E, tính toán các bài toán để tích lũy danh vọng trong môn phái, nhận được địa vị môn phái cao hơn.",
  "13878149749335528771": "Đinh Kỷ Văn",
  "13878185064915436234": "Trần Khải",
  "13878232054466454685": "Sinh Thái Vật Chủng",
  "13878331959223020524": "Nhảy đi.",
  "13878371282200845406": "Kiến Long Quan - Đạo sĩ 1",
  "13878419207337713863": "Kim Tuyết Tùng",
  "13878422666083851436": "Luyện võ? Ồ, không phải Tống Cửu dẫn ngươi đi tìm \"bí tịch\" chứ, lần này lại là \"bí tịch\" gì vậy?",
  "13878422666366062356": "Sử dụng vật này, có thể nhận được ngoại hình tương ứng.",
  "13878435982359785242": "Độ cao",
  "13878511912460892261": "Sát Thần",
  "13878534288067561311": "Hoàng Tuyền Lý - Lữ Hạ",
  "13878538704139918242": "Đối thoại với Tùng lão",
  "13878542835201314789": "U u... Đại ca à, tiểu Ngũ ca vẫn còn giận em sao ạ?",
  "13878591909296019921": "Ca hát một khúc với trường đao, lá đỏ núi xanh nước chảy xiết.\nHoàng hôn rượu tỉnh người đã xa, đầy trời gió mưa xuống lầu tây.",
  "13878612967199056428": "Gà Hà Điền (Gà mái)",
  "13878632247618672294": "Vật phẩm dễ vỡ",
  "13878634839517359852": "Trát Lạt",
  "13878662910970123512": "Xin cáo từ",
  "13878675549446972194": "Đang tải dữ liệu",
  "13878675903983368272": "Nhất Diệp Bình Sinh - Võ Quán Dạ Quy Nhân - Bảng Bối Cảnh - Khất Cái",
  "13878726360396704178": "Năm Càn Hựu thứ ba",
  "1387873935560479014": "Nỗ Tiễn 9",
  "13878772466581961794": "Sinh Thái Vật Chủng",
  "1387880397421564544": "Khử độc hóa ứ",
  "13878811576745378085": "Những loại thuốc này, Tiểu Huynh nhi ngươi để tâm nhiều hơn một chút.",
  "13878814996964108146": "Đệ tử Túy Hoa Âm",
  "13878829758179781938": "Thành phần xây dựng, dùng để dựng nhà.",
  "1387886811268833887": "Tiểu tử, con có thiên phú như vậy trong việc tặng quà, sau này nhất định sẽ thành công lớn! Ta coi trọng con!",
  "13878868316532389049": "Khí Đoàn Thiên Địa Vạn Lại - Ẩn Nguyệt Sơn - 2",
  "13878880833238321503": "Nhấn phím {1} để vào Nghe gió biện vị, xem xét tình trạng cơ thể mục tiêu",
  "13878933199897570361": "Đang nhận...",
  "13878935854748091405": "Xin chào, để ta xem xem",
  "13879008875748458253": "Hương chủ lệnh",
  "13879032660077716348": "Diệu Diệu Miếu 3 - Vuốt mèo",
  "13879080429406361499": "Thủy thủ Đoàn Thanh Giao Đường",
  "1387910199659803547": "Lưu Thái Bà",
  "13879163711611981010": "Tuần Kiểm Ty điều tra rõ ràng Trương Tam vì ghen tị với việc kinh doanh của chủ quán thịt lợn, cố ý tung tin đồn lợn mắc bệnh dịch, tin đồn tan đi, giá thịt #Ylợn#E tăng #Y{prop}#E.",
  "13879189242461806932": "Người anh em tốt",
  "13879193941779071437": "Dịch Dung",
  "13879212368604102238": "Từ Tâm Sơn Viện - Điểm xuất sinh 11",
  "13879223926878715407": "Nghệ nhân",
  "13879226166821724441": "Độc thú",
  "13879240916778971222": "Bạch Mục Túc",
  "1387924728854276795": "Điều tra",
  "13879269656651122576": "Bách Công Trúc Địa",
  "13879288005979524347": "Bảo Thịnh",
  "13879297424899799426": "Nghe nói cha mẹ ngươi...",
  "1387933316223910030": "Hừ, chỉ bằng ngươi mà cũng muốn phá hỏng chuyện tốt của Huyền Nguyên Giáo sao?!",
  "13879350586061221314": "Trò chuyện phiếm",
  "13879374579219173242": "Ba cây - Khê Kiều Bách Mục Nhiếp Tâm Liên - Đoàn Hồ Điệp Tím",
  "13879461033556785532": "Nhiệm vụ ẩn",
  "13879487500605127273": "Sao lại bị tìm thấy ngay lập tức... Lần trước chơi với Tiểu Tiểu cũng vậy.",
  "13879507671103389484": "Đỉnh Nguyên",
  "13879512940353455706": "Thược Dược Hoa",
  "13879573758393259999": "Âu Gia Hạo",
  "13879575553793459612": "Âu Gia Hạo",
  "13879628368812380283": "Kiến Long Quan - Đạo Tiện",
  "1387966441777654641": "Khăn gấm bí ẩn nhận được ở Túy Lâu, thêu hai chữ “Thường Danh”, dường như liên quan đến chuyện của người thợ dệt lụa mười năm trước.",
  "13879683942177874593": "NPC Tổ chức Đấu giá - Ngụy Triển Mi",
  "13879782806760125459": "Uông Môn Bình",
  "13879820977076263882": "Văn sĩ vu oan",
  "13879884999013399312": "Sinh Thái Vật Chủng",
  "13880080457809867894": "Trò chuyện",
  "13880091101814244090": "Đối thoại",
  "13880145966682836480": "Tay sai Vô Ưu Bang",
  "13880186731148348080": "Thùng thuốc nổ (Cơ quan hồi sinh - Bất khả phá hủy)",
  "13880200838070558644": "Đánh bại #Y Dung Uyên#E trong Hiệp cảnh, mà không bị ảnh hưởng bởi sát thương cháy do Hỏa Kính, Hỏa Hải mà Mộc Uyên giải phóng.",
  "138802224206250422": "Hoa Nguyệt Thiên Chân",
  "13880252285582323181": "Nhiều niềm vui khi chơi hơn đang chờ bạn khám phá",
  "13880296736130317625": "Đã đạt giới hạn tuần này",
  "13880395199494010192": "Nhân vật chính",
  "13880428052620923771": "Lời đề tựa",
  "13880443784905037417": "Tìm thấy cỏ thuốc rồi à?",
  "13880453252007925571": "Phong Trang Thôn - Mô hình ngẫu nhiên bảng bối cảnh cố định 3 Nữ thường dân",
  "1388049294735883840": "Trong mười mấy năm qua nàng đã trải qua những gì? Ai đã phong bế thần trí nàng, khiến nàng ra tay đoạt mạng người ở đây?",
  "13880532033378404276": "Trời ơi, ta đã già rồi, sao còn phải cùng đi thi lại một lần nữa chứ!",
  "13880575617468082172": "Nhảy cọc mai hoa",
  "13880578264337284393": "Vô Tướng Hoàng vung mạnh lưỡi đao khổng lồ, đẩy kẻ địch trong phạm vi rất rộng về phía trước, đồng thời tạo ra khu vực gió gây sát thương cho kẻ địch bên trong, mỗi lần thi triển sẽ làm phạm vi khu vực gió mở rộng.\n\nCách đối phó: Mọi người tránh xa khu vực gió, nhanh chóng kết thúc trận chiến!",
  "13880587046268558312": "……còn phải bao lâu nữa?",
  "13880610342943978074": "Từ trên trời xuống",
  "13880628911899485653": "Sinh Thái Vật Chủng",
  "13880640121630578472": "Đến Phong Khởi Lăng Yên",
  "13880656287618375046": "#DĐã hết hiệu lực#E",
  "13880656834343873245": "Không rõ...",
  "1388071498476755492": "Dấu ấn đâm chém",
  "13880754872069637697": "Hành quan",
  "13880768536389336884": "Chương Một · Chuyện trà quán nghe ngóng",
  "138808001531286253": "Chưa chọn",
  "13880812372992622125": "Đơn người",
  "138808166432364926": "Lương Tử Hàn",
  "13880895176505622048": "Điểm Hồi Sinh Cố Định - Bờ Vô Thường",
  "13880901269701002129": "Xuân Phong Điểu",
  "13880931354278733873": "Ẩn giả",
  "13881000096861883501": "Vì sao phải nói thân thế của ta cho một người xa lạ?",
  "13881004869360999330": "Quy tắc trừ số lần",
  "13881017827595623329": "Xin cáo từ",
  "13881042909733134838": "Bách Nghiệp tổ chức xây dựng thêm thành phần 756",
  "1388106081183780972": "Miêu Miêu Miêu - Vượt Chướng Ngại Vật Giới Hạn Thời Gian - Quỷ Thị Tử - 3",
  "13881070473948341073": "Túy Hoa Âm - Không Khí Lầu Một Phàn Lâu - Nữ Khách Ngắm Pháo Hoa",
  "13881078410118160149": "Bạn bè không trực tuyến, xin hãy trực tuyến rồi mới gửi yêu cầu",
  "13881115569842572666": "Đang tải",
  "13881125906856745616": "Thao tác tuyệt luân, #Y{0}#E chỉ tốn #Y{1} giây#E đã thử thách thành công!",
  "13881128637869434356": "Tương tác bạn bè",
  "13881178038328621944": "Vô Danh Tướng Quân - Sương Mù Cảnh Vật",
  "13881196746659238549": "Sử dụng vật này, có thể nhận được ngoại trang tương ứng.",
  "13881219702788989243": "Cũng không biết lấy tiền từ đâu, thường thấy hắn mua thịt cho chó ăn...",
  "1388125605564822077": "Hôm đó ta đi ngang qua nhà Tây Thi Đậu Phụ, gió thổi bay tới một miếng vải, trên đó khâu hai con gà trọc, ta nghĩ miếng vải này về nhà lau bàn là vừa, bèn nhặt lấy.",
  "13881279549861938012": "Năm trăm văn tiền",
  "13881293058643072372": "Lao Công Thang Máy Cảnh Chuyển Tiếp 1",
  "13881294191574288245": "Hây da, già rồi, leo có một đoạn dốc mà đã thở dốc không ngừng...",
  "13881301729157390490": "Túy Hoa Âm - Điểm Thiên Tuyền Lấp Đầy Đoạn Đầu Vòng Ngoài 3",
  "13881312931663428013": "Miêu Miêu Miêu - Vượt Chướng Ngại Vật Giới Hạn Thời Gian - Câu Lan Ngõa Tứ",
  "13881316355967976601": "Hiện có #Y{}#E, nguyện ý tặng lại, mong bạn tù duyên sớm đến nhận.",
  "13881461436360271926": "Tấn công Khiên Tơ tăng #Y34#E - #Y68#E。\n<Xuyên thấu Khiên Tơ|780|#C|154> có thể tăng thêm dựa trên tấn công Khiên Tơ tối thiểu, hiện tại đã tăng #Y{1:.1f}#E. Để đạt giới hạn tăng thêm cần #Y108#E điểm <Tấn công Khiên Tơ tối thiểu|780|#C|151>(Hiện tại $STEADY_MIN_PRO_ATK_C:.1f$).",
  "13881483670548106517": "Rương Báu Trại Hòa Thượng Phật Gia",
  "13881570703633718026": "Đang kết nối, không thể thoát",
  "13881573811684074854": "Trộm Học - Thanh Hà 05 - Nê Lê Tam Cấu - Điều Khiển Tầng Trên Thang Máy",
  "13881664401251471996": "Ai cướp nhiều nhất? Đừng quên vỏ đơn nhé!",
  "13881738326732639454": "Hoạt Khí Thuật",
  "13881765366337809128": "Sát thương mức một $D$F0.5$E$G20401102$E; Sát thương mức hai $D$F0.7$E$G20401102$E; Sát thương mức ba $D$F0.85$E$G20401102$E; Sát thương mức ba $D$F1.02$E$G20401102$E。",
  "13881775760308053775": "Bệnh tắc kinh mạch tích tụ lâu ngày, kinh đứt mạch tàn, không có Y Thánh tái thế không thể nối được.",
  "13881857941825109190": "Sinh Thái Vật Chủng",
  "13881863153136424258": "Trần Tiếu Lan",
  "1388187912615252267": "Vẽ chân dung cho Tạ Thẩm Quầy",
  "1388194843639065471": "【Chính Thức】Rương Báu Gỗ Tứ Phẩm",
  "13881973144972772844": "Thọ Xương Phường - Khách Lai Hiên - Đầu Bếp",
  "13881981753812876224": "Thử nghiệm - Mạc Đao 1",
  "13882055363594147800": "Tử Vi tinh kiếp... còn trăm năm nữa... Thiên bản Tử Vi Bí Lục mà sư tổ để lại, ta đoán cơ quan nằm ở đây.\nAi ngờ tâm ý sư tổ tuyệt diệu, #Ycơ quan lại nằm trong bánh xe quay của tàng kinh các#E, tuyệt diệu, tuyệt diệu!\nĐệ tử đã bỏ phí nhiều năm, dù thân xác sắp chết, có sá gì! Đạo trời thế nào, kẻ nuốt hận nhiều, nay đã nghe Đạo, chiều chết cũng được!",
  "1388209187377016381": "Canh gác",
  "13882120266112448699": "Hoàn thành gợi ý manh mối đề xuất để lĩnh ngộ tâm pháp",
  "13882177397114056229": "Góc mái nhà tranh",
  "13882183643348060869": "Tiểu Kịch Trường - Giành Mồi Từ Miệng Gấu - Gấu",
  "13882202815141743363": "“Tố cư vĩnh an, đóng thuyền lớn, tên là Ngũ Nha, trên lầu năm tầng, cao hơn trăm尺, hai bên trước sau đặt sáu cây sào dài năm mươi尺, chứa được tám trăm binh sĩ, cờ hiệu dựng trên cao.”",
  "13882208295324476011": "Yết Tử Hí, là một trò chơi cờ bài cổ của Trung Quốc. Do nhà sư Trương Toại thời Đường sáng tạo. Vì lá bài nhỏ như lá cây, nên gọi là Yết Tử Hí. Yết Tử Hí thời Đường lấy thiên văn lịch pháp làm cơ sở, chia bài làm bốn loại, tượng trưng cho bốn mùa, sau này phát triển thành các lối chơi khác nhau. Nhà sử học Anh Lý Nhược Thân còn cho rằng Yết Tử Hí là tổ tiên của bài Bridge phương Tây.",
  "1388226271417788224": "Lý Gia Đống",
  "13882265202152630892": "Chưa chọn mục tiêu cho kẻ thù",
  "13882284388186628944": "Trường Sinh Lộc Tiên Nhân - Cây Trường Sinh Quả",
  "13882296342303789289": "Trần Gia Tranh",
  "13882298050475434452": "Lăng Giai Hân",
  "13882311812952190387": "Chuyện lần này, tuyệt đối chấn động trời đất, khiến quỷ thần khóc than!",
  "13882319757186720282": "Các huynh tỷ đệ muội ơi, lại đây nào!",
  "13882334866740294858": "Phúc Bồn Tử",
  "13882374027240124650": "Thiên Hạ Tranh Minh",
  "1388239643089503261": "Trung niên",
  "13882443218483172398": "Dế",
  "13882445473137543386": "Vạn Sự Tri Dược Truyền Tương Tư kết cục một",
  "13882520713902594910": "Cường hóa tỉ lệ trúng",
  "13882553154606844782": "Chu Vũ Lâm",
  "13882598955735307928": "Dân làng Lĩnh Hạnh Thôn, hướng dẫn người sau đào khoai mài ở ruộng khoai mài.",
  "13882636161910556543": "Kỳ Quái - Ngọc Quế Chi - Thái Nhất Cung Thọ Xương Phường",
  "13882645382713940305": "Nhấn nút thoại để chuyển trạng thái bật mic.",
  "13882649052890370846": "（Bao lì xì giả）",
  "13882650695981471683": "Người Biểu Diễn Múa Rối Bóng - Tết Nguyên Đán",
  "13882686734746651505": "Độc Sơn Ngọc",
  "13882701598593157565": "S1 - Phần Thưởng Lệnh Chiến - Cấp 64 Trả Phí",
  "13882707031278441528": "Phong cách hội thoại kiểm soát",
  "13882771598462595425": "Đáp lại lời của người lạ",
  "13882778470763622641": "Khu Hành Chính - Thượng Triều - Quan Binh Đại Tống Canh Gác",
  "1388277888084967796": "Đối phương đang đánh giá kỳ lực cờ của ngươi",
  "13882788347380371350": "Thiên Long dự trữ",
  "13882794885017790736": "Nhân cấp Hiệp sĩ",
  "13882821398532834973": "Phố Tào Môn",
  "13882832210122389698": "Búp bê nghịch ngợm, không nghe lời, đáng bị treo lên đánh.",
  "13882876431406229993": "【Chính Thức】Rương Báu Gỗ Tứ Phẩm - Khai Phong (Khoảng Cách Truy Tung Ngắn)",
  "13882878392307057077": "Trước kia... người Khiết Đan đối xử với chúng ta như chó lợn, nay được tiên sinh và điện hạ cứu giúp.",
  "13882951786879637893": "Khu vực kiểm tra 1",
  "13883003638632047525": "Tăng sát thương điểm yếu của cung tên",
  "13883025745353175234": "Còn có thể nghĩ thế nào nữa? Hoàng đế nhà Tống kia chẳng qua chỉ muốn giữ chân chúng ta, chờ đến khi bình định Giang Nam...",
  "13883103144993968570": "Tín vật này... ngươi giữ lấy, nhờ ngươi tìm cô ấy giúp ta... Cô ấy nhất định vẫn còn ở... Chỗ đó...",
  "13883118428885523950": "Xu Quay Thưởng",
  "13883134656387727230": "Thử Thách Bắn Dê - Bắn Cung Nhị Tinh",
  "13883142647540016199": "Vô Tướng Hoàng triệu hồi nhiều tùy tùng Tú Kim Lâu vào chiến trường, tùy tùng sẽ thực hiện hai lần pháo kích.\n\nCách ứng phó: Né tránh pháo kích, chú ý lần pháo kích thứ hai sẽ thay đổi hướng.",
  "13883220286014755937": "Trần Thần",
  "13883350177083673744": "Gây ra #G55%#E đả kích.",
  "1388336900387741579": "Lưu Miểu",
  "1388339202328390071": "Phàm là người chiến đấu, dùng chính hợp, dùng kỳ thắng. Chính là gì, kỳ là gì, tùy thuộc vào cách ngươi điều binh khiển tướng.",
  "13883404509930547217": "Sinh Thái Vật Chủng",
  "13883428000898211530": "Khai Phong Phủ - Đại Sảnh - Bách Tính 69",
  "13883438736338716962": "Quán Lửa Trăm Năm... Ta là người Thanh Hà sinh ra từ đất này, sao chưa từng nghe nói đến?",
  "13883458004353696539": "Xin chào!",
  "13883500874818283359": "Sinh Thái Vật Chủng",
  "13883518261395746530": "Ồ, đó là một vật phẩm vô cùng, vô cùng, vô cùng quan trọng đối với ta!",
  "13883532848466410965": "Bụng dưới nặng và hơi cứng, ấn vào thì đau, lại sợ lạnh, da thịt toàn thân nổi vảy giáp, da bụng căng cứng, như sưng lên.",
  "13883547948927209925": "Mở menu chính",
  "13883565658911345177": "Đồng Du - Trò chơi Bài",
  "13883621380719877571": "Đề cử kích hoạt thêm nhiều thiên phú",
  "13883650780894967918": "Tấm Nền Di Động 5",
  "13883660936973248916": "Hươu Lùn",
  "13883667944243947481": "Đồng Ruộng",
  "13883694868937954068": "Bị Vô Tướng Hoàng đánh trúng không quá 5 lần",
  "13883727436647055105": "Tương Tác Nhặt Vật Phẩm - Ném Bom",
  "13883739015954752228": "Phòng Chí Cường",
  "13883744620163859874": "Huynh đệ này…… ta là người giang Nam, tình cờ buôn bán đến đây, sao lại là người quen cũ của ngươi được?",
  "13883747512349898383": "Trà nhà họ Trương ta, tăng giá là có lý do của nó, thiếu hiệp, ngươi thấy có đúng không?",
  "1388376158398518177": "Nấm",
  "13883781673408852279": "Năm tháng dễ già, núi sông vẫn vậy. Phong nguyệt bốn mùa, nước yếu ba nghìn, không đâu không phải nhân gian.",
  "13883791612766367478": "Lý Gia Đống",
  "13883827819423417307": "Quan Binh Hỏi Rõ Nguyên Do",
  "13883834547473751305": "Huyền Nguyên Giáo - Đệ tử - Kỹ năng 2",
  "13883842187200795636": "Bắc Minh Di Tích...",
  "13883848085650737539": "Sau đó, tính khí của Hùng Bá thay đổi lớn, dường như đã yêu Hắc Đại đánh bại mình, quấn lấy Hắc Đại.",
  "1388386338354549830": "Trừng Vũ Chính Thanh",
  "13883873707917051813": "Còn có tin tức gì nữa, cả Khai Phong đều biết cái tên họ Sử kia...",
  "13883881231830750672": "Đăng ký tiệc thuyền rồng",
  "13883952134301412284": "Điên cuồng",
  "13883973952877655022": "Này ngươi",
  "13883989253334494181": "Sinh Thái Vật Chủng",
  "13883991831406154388": "(Giới hạn tuần này: 0000/0000)",
  "1388400770817749348": "Tìm đối thoại thống lĩnh Từ Tâm Sơn Viện",
  "13884073326794439897": "231048 Chiếm Giữ Địa Vị",
  "1388412492402109972": "Trương Chấn",
  "13884182265824602781": "Đi xem ở #Y Dương Liễu Ngạn#E xem sao.",
  "13884199019234836430": "Mảnh nam châm · Chim ưng",
  "13884287436180047324": "$T(2011)$, có thể tái đấu một hiệp với Phong mỗ không, để kiểm chứng công phu bắn cung của ta?",
  "13884329619784300658": "Vạn Vật Tương Tác - Bức Thư Thần Bí",
  "13884364390590379936": "Vô Gian Địa",
  "13884391944356554147": "Độ trễ mạng, giá đặt thấp hơn giá cao nhất hiện tại, vui lòng đặt giá lại",
  "13884422149413104585": "Phá Trúc · Phong",
  "13884450587579981583": "Bước 02: Xuống ngựa vung đao I-tou",
  "13884467519815627465": "Tăng <Tấn công Liệt Thạch tối đa|780|#C|151>, hiệu quả tăng theo cấp độ của chế độ đơn người (Hiện tại: #Y{0:.1f}#E điểm).",
  "13884476798155503596": "Khi còn rong ruổi khắp nơi, ta cũng từng giữ dây cương vài lần, cầm đao vài lần.",
  "13884478811477495193": "Tôn Giai Nam",
  "13884484898624230013": "Táo Chua",
  "13884504800906980892": "Khúc Kinh - Hồ Điệp Lam Sắc - Khai Phong",
  "13884518382500372470": "Kim loại họa tiết thắt lưng",
  "13884525532075839167": "Điều trị nhanh"
}