{
  "13698166559346308947": "Sinh Thái Vật Chủng",
  "13698183166337090848": "Công lực hóng chuyện tăng rồi à",
  "13698197957055127764": "Rừng Sương Mù phía Đông Nam Khai Phong quanh năm bao phủ bởi hơi nước và khí độc, bên trong đầy rẫy những điều khó lường, độc tố lan tràn khắp nơi, Hoa Triều Sinh Mộ Lạc từng gây ra tai họa độc hại và vẫn đang hoành hành.\nNơi này vốn là nơi người thường phải tránh xa, nhưng không hiểu sao, người của Thanh Khê, Vô Tâm Cốc, Tú Kim Lâu sau khi biết tin lại nhao nhao kéo đến đây, và bắt đầu tranh đấu vì những mục đích khác nhau.\nThế rồi dần dần, giang hồ xuất hiện lời đồn. Nói rằng trong Rừng Sương Mù có một Báu vật bí truyền của y gia, có thể khiến người chết sống lại, trường sinh bất lão. Vô số người giang hồ vì vậy mà đi sâu vào rừng, cam chịu hiểm nguy ngàn cân treo sợi tóc, chỉ để tìm kiếm kho báu truyền thuyết. Nhưng kết cục của họ thường là chưa kịp làm nên việc đã chết trước, cuối cùng chỉ trở thành một lời than thở không đáng kể trong truyền thuyết này.",
  "13698208300481046877": "NPC Thử Nghiệm 2",
  "13698212547917493425": "Âm Dương Như Ảnh",
  "1369823974538895133": "Mở đồ chơi",
  "13698250716736694564": "Đuổi theo hắn!",
  "13698291066072197290": "Không thể đổi khi đang chiến đấu",
  "13698292477772337985": "Ngưng thần",
  "1369829503228641163": "Phó thủ kho của phường rượu, phụ trách điều phối sản xuất Ly Nhân Lệ, người được gọi là Mễ Thúc.",
  "13698311070999102220": "Phòng Chí Cường",
  "13698335480753922424": "Đối thoại",
  "13698422759916593038": "Linh kiện thân tàu",
  "13698454093159615725": "Tích lực kỹ tăng sát thương lên tất cả thủ lĩnh.",
  "13698495625068975935": "Tu luyện thêm võ học",
  "13698574592463507125": "（Hãy để ta quan sát một lát đã...）",
  "1369858412840732383": "Thì ra đây chính là Mù Sương Dị Hoa gây ra tranh chấp. Là trả lại cho huynh đệ họ Bạch, đưa cho Thường Bất Hưu bên ngoài, hay là đưa cho chủ nhân Trân Bảo Các, độc chiếm tiền thưởng đây?",
  "13698609340984513474": "Chính trực không a dua",
  "13698633982183603875": "Chu Vũ Lâm",
  "13698704119813710531": "Số thứ tự khe",
  "13698733559427518862": "Đang tải...",
  "13698736002121088149": "Bạch Mã Công Tử - Bạch Mã",
  "13698789964507992623": "Khách Trạm Chu Biên 24 - Lộ Nhân Vây Xem - Đơn Bạch",
  "13698797100252340002": "Bắt lấy hắn",
  "13698850608964939169": "Bách Công - Mộng Hoa Chi Đô",
  "13698901879477157937": "Hỗ Lãng",
  "13698920870552040143": "Đệ tử ngoại môn",
  "13698930781651882518": "Chủ đường Trương tuổi còn nhỏ đã quan tâm đến sách vở về thủy lợi dân sinh, quả là phi thường nhân nha...",
  "13698959257909105775": "Thì sao",
  "13698989837424240068": "Thạch Khối",
  "1369899594018809388": "Tôn Hạo Thanh",
  "13699025110963486848": "Trần Gia Tranh",
  "13699040612625265677": "Ngân Bà Bà biết Quỷ Thị nước sâu, rất dễ bị ướt chân. Liền chế ra mặt nạ quỷ, để người đến được bình an.",
  "1369904443456183488": "Quán cháo",
  "13699047636401144053": "Nhiệm vụ Giác Chướng Lâm",
  "13699110032477865980": "Khai Phong - Thiên Thượng Lai - Bát Mèo Con",
  "1369912291926908199": "Đang lấy dữ liệu",
  "13699221216019326880": "Hộp biển chỉ đường",
  "13699242163395088162": "Kho cúng bái - Nhỏ",
  "13699271240039265298": "Chú Từ ơi chú Từ, mẹ cháu trông thế nào rồi ạ, lông mày của mẹ cháu có bên cao bên thấp không ạ?",
  "13699330664307152151": "Quạt - Né tránh",
  "13699333299952683976": "Nhân nhộng lưu thư",
  "13699382458063469434": "Chu Vũ Lâm",
  "13699413928470059478": "“Sinh tiền ba ngày ba đêm, để giải quyết khó khăn thiếu tiền ở Khai Phong”.",
  "13699430402909793123": "Mở có thể nhận ngẫu nhiên một trang bị bậc 61 của bộ trang bị chỉ định có phẩm chất Lam, Tím hoặc Kim, xác suất phẩm chất Kim cao hơn.",
  "13699440868959043658": "Đèn trời ở Thần Tiên Độ đã gần tắt, người thắp đèn nói rằng, đèn sắp tắt rồi, hãy chạm vào đèn đi.",
  "13699535101844657907": "Thoát Bì",
  "13699585506028029754": "Sử dụng #YVõ học kỹ#E\nCó thể tích lũy #R【Ảnh】#E",
  "1369959421989863891": "Đinh Kỷ Văn",
  "13699599302325605182": "Khiên Ti · Ngọc Tháp 3-2 - Vô Tướng Hoàng",
  "13699622265701503338": "Tôn Hạo Thanh",
  "13699628614576347704": "Phiêu không",
  "13699666305638746347": "Ngựa hí giữa rừng",
  "13699713929364746767": "Bạn sờ sờ ví tiền của mình",
  "13699730933379805151": "Lão hiệp nhìn ngươi một lúc lâu không tìm được đường, có chút bất lực.\nThở dài, lão hiệp ra tay đưa ngươi trở về con đường chính.",
  "1369977325352240998": "Hoang Thực Lâm - Điểm Tái Sinh Chiến Lợi Phẩm 343",
  "1369978492779211097": "Trúc Lâm Cựu Cư - Điểm Tái Sinh Chiến Lợi Phẩm 178",
  "13699847248630824682": "Cuộc thi câu cá 13",
  "13699858769420865305": "Ta không nghe ta không quan tâm ta chỉ muốn ta",
  "13699889973173869403": "Kiệt sức rồi, mai quay lại đi.",
  "13699896771528918043": "Tình Hà Tương Phác",
  "13699902716563102652": "Gọi đi theo",
  "13699909099493539471": "Cảm giác thế nào? Đánh có sảng khoái không?",
  "1369991948842942412": "Tóc",
  "13699931408486489347": "Đặt mảnh Hà Đồ",
  "13700024563093941758": "Hoàng Vũ",
  "13700040472451962192": "Hình như không phải đệ tử Huyền Nguyên Giáo……",
  "13700059140940595556": "5 người đánh bại thủ lĩnh",
  "137000829103044004": "Gửi Hiệp Khách:\nChức năng chuyển đổi giới tính đã được ra mắt ngày hôm nay. Các Hiệp khách đăng ký từ khi mở server đến 5:00:00 ngày 14/04/2025, và đã đăng nhập game trước 5:00:00 ngày 14/04/2025 có thể nhận được một viên “Âm Dương Dịch Hình Đan” để dùng thử, và lần chuyển đổi giới tính đầu tiên trong vòng bảy ngày có thể khôi phục miễn phí. Xin Hiệp khách chú ý nhận~\nCảm ơn Hiệp khách đã thông cảm và ủng hộ 《Yến Vân Thập Lục Thanh》, nếu ngươi có bất kỳ câu hỏi hoặc yêu cầu nào khác, cũng có thể nhấn vào <LINK id='link' color='#4d734d' url='https://s.163.com/7NkgjP' is_underline='true'>Khu Dịch Vụ Khách Hàng Yến Vân</LINK> để nhận trợ giúp, hoặc gọi đến số điện thoại dịch vụ khách hàng chuyên dụng của Yến Vân 95163988. Chúc Hiệp khách tiêu dao giang hồ, vạn sự như ý.",
  "1370019837870076966": "Đang tải",
  "13700205934894224238": "{2}\nThân thể có chút không khỏe, qua chẩn đoán của danh y {0}, bệnh ta mắc phải là {1}.",
  "13700219476068510620": "Chu Vũ Lâm",
  "13700228164347631459": "Sóc Phong",
  "13700371071876671477": "Tử vi khuyết",
  "13700410661484230591": "Oánh Uyên - Truy tìm dấu vết con nai",
  "13700420448214004614": "Hàn Tùy",
  "13700439544240626656": "Tiếng kêu thương thảm oán chim đỗ quyên",
  "13700468479343860480": "Thịt hấp chín mềm trong chén, dùng bánh cuốn hấp để ăn cùng, vị rất ngon.",
  "13700527482963282477": "Dế Mèn",
  "13700561108808616494": "Kỳ Ngộ Mỹ Thực Kế Thừa Giả - Dấu Chân",
  "13700571578263952093": "Chế tạo",
  "13700604258139953742": "Vô Tướng Hoàng",
  "13700622397646039974": "Liên Hoa Thiền Viện Tứ Phẩm Bảo Hạp",
  "13700633718653762760": "Hoàng Vũ",
  "13700647822005938369": "Đúng vậy, năm nào cũng bán…… Chớp mắt đã bán bao nhiêu năm rồi, ta vẫn nhớ dáng vẻ của thiếu đông gia lần đầu tiên đến yến tiệc khai đàn đó.",
  "13700683935598646041": "Thu thập vật liệu, chế tạo thuyền giấy, nhận phần thưởng giới hạn",
  "137007121293862860": "Hoàng Bào Quái",
  "13700750235226338146": "Tiên sinh là nói, sự ra đi của Hàn Vi tiên sinh, có liên quan đến Trần Kiều —",
  "13700759784901381640": "Trừu Thưởng Tệ",
  "13700766197703942005": "Trần Gia Tranh",
  "13700767117683847029": "Sử dụng vật này, có thể nhận được ngoại hình tương ứng.",
  "13700799913656881818": "Thiên Niên Độ Dân Chúng 17",
  "13700817771065599185": "Hoa Gian Khách",
  "13700850068183953590": "Hoa Gian Khách",
  "13700851035707706614": "…………",
  "13700859259738626558": "Đừng làm nữa đừng làm nữa, học theo Xích Long Đường kia đi, mặt dày một chút, nằm cũng là cả đời!",
  "13700918749927258218": "Đến Vân Hoa Lâu nơi sứ giả nước Giang Nam ở",
  "13701046748011436427": "Lâm Dã",
  "13701048255473765003": "Vũ Nhung Thảo Bảo Hạp",
  "13701055101409138093": "Khai Phong - Thừa Ân Trấn - NPC Tuần Tra Nam 2",
  "13701066774059367720": "Thanh âm như thiên thai",
  "13701088882601916567": "Thôi! Đứng lại cho Phật gia đây! Nếu biết điều thì mau giao hết đồ có giá trị trên người ra đây!",
  "13701127968147017719": "Sinh Thái Vật Chủng",
  "13701163072797724432": "Nguyễn Lang Quy",
  "13701186261555318244": "Tiếp xúc với hoa đặc biệt trúng độc",
  "13701196417113649428": "Sinh Thái Vật Chủng",
  "13701214776042973995": "Khó khăn lắm mới dựng được cái sạp này, mà lại không có vốn nhập hàng... Cho nên ta mới nghĩ ra cách đóng thuyền phúc như vậy.",
  "13701238635509604485": "Huyền Hồ Quan Khải",
  "13701261405918486658": "Hoàng Lạc Tí",
  "13701264486795743007": "Đối thoại",
  "1370137061651512543": "Ngươi nói xem, sau khi ta có tiền, có thể nhờ Lạc Thần đổi cho ta một khuôn mặt Thập Nhị Lang được không?",
  "13701399815816805001": "Nhớ ngày xưa, hai người họ chỉ là cô gái nghèo ở Giác Môn, ăn không đủ no.",
  "13701421027429211049": "Mi Sang",
  "13701488211457778474": "Thiên Hương Dẫn Hồn Cổ · Phàm",
  "13701536682044062570": "Cám Vân 【Bỏ Dùng】",
  "13701595496025210061": "Khu vực của Tứ thiếu Kim Kiếm này, quả nhiên khác thường... náo nhiệt đến thế...",
  "13701630119353462936": "Nếu bị cắn, vẫn cần điều trị, độc vật chưa dọn sạch. Bạn có thể chuyển năng lượng nội lực cho người khác, chữa lành vết thương?",
  "13701632740582449861": "Trong tuần này, tích lũy nhận được 100 Đoản Mạc Tiền.",
  "13701748224178845506": "Loại Mục Bác Vật Điểm Số Thưởng",
  "13701763593664651031": "Một hốc thờ bằng đá, vật nhỏ ý nghĩa lớn, lòng thành thì linh ứng.",
  "13701776635152808159": "Phàn Lâu",
  "13701799421355702813": "Biết sớm hơn thì đã đến sớm hơn, trước khi vào rừng cần chuẩn bị thêm thuốc chứ!",
  "13701804778638850676": "Hợp lực thanh tẩy - Cấp 13 - Phổ thông",
  "13701851638800185588": "Chu Vũ Lâm",
  "13701880563880204233": "Triệu Thừa Tông - Đồng Hành Bầu Bạn",
  "13701911921155700330": "Ta là trạng thái chọn",
  "1370192794113063941": "Đại nhân, tha mạng!",
  "1370194619451567266": "Bánh bao đường, bánh bao đậu ~ bánh bao thịt cừu, bánh bao rau ~ có bánh bao nhân lớn bán kèm bánh mì cắt miếng a ~ bánh bao thịt lợn, bánh bao nước ~",
  "13701949401206524769": "Khác",
  "13702001286452466538": "Tam Túc Kim Thiềm, xuất hiện ở đầm lầy nước lạnh, thích tắm ánh trăng, có #Y Âm thanh vui vẻ#E. Dùng #Y Khinh công#E đuổi theo.",
  "13702022810494073346": "Cần thẩm duyệt",
  "13702023302033014659": "Âu Gia Hạo",
  "1370203635230326255": "Đối thoại",
  "13702056779963748373": "Thiên Phật Thôn - Điểm Tái Sinh Chiến Lợi Phẩm",
  "1370211224151190579": "Thế Giới Đẳng Cấp - Lục Lâm - Thảo Tặc (Đơn Đao)\\nĐộng Tác Tuần Tra Tùy Chỉnh: Có",
  "13702241092949558559": "Mái nhà xanh 1",
  "13702300458229129802": "Hừ (cười quái dị)... Chuyện con người không làm được, chẳng phải vẫn còn... \"Hà Bá\" sao?",
  "13702439777435647736": "Điền Dã",
  "13702509217461108402": "Thiên Thượng Lai - Xích Long Đường Đả Thủ",
  "13702526446628888577": "Đạo Nhân Mộng Lừa",
  "13702526581908479220": "Chế tạo tổ kiện, dùng để xây nhà.",
  "13702601205987592541": "Nhiệt độ",
  "13702601328108493902": "Ngọc Môn Quan",
  "13702642086291828769": "Thập Nhị Tiên",
  "13702686270854810152": "Thi Thiên Lai",
  "13702696295418945733": "Ngươi nói lời vô nghĩa, đến mèo chó cũng không muốn nghe nữa!",
  "13702696546789023396": "Khoảng cách",
  "13702717835524774979": "Lâm Dã",
  "13702790217103209813": "Sự kiện đa người",
  "13702839458686987592": "Người qua đường. Ngươi biết săn bắn ư?",
  "1370286291492345329": "Linh kiện xây dựng, dùng để xây nhà.",
  "13702937661901987680": "Vương Hưởng Bì Nhi",
  "13702944562945248817": "Vạn Bân",
  "13702979551926936360": "Dữ Liệu Đang Tải... Dữ Liệu Đang Tải... Dữ Liệu Đang Tải... Dữ Liệu Đang Tải...",
  "13703014791665181506": "Sử dụng vật phẩm này, có thể nhận được Ngoại quan tương ứng.",
  "1370308288206969388": "Khách Lầu Trà - Bộc Nhân Vương Quy Nhi",
  "13703123136948631775": "Không có việc gì, cáo từ",
  "13703151056351016277": "Bất Du",
  "13703246044351460627": "Ôi, đây không phải là quả dưa ta làm rơi sao?",
  "13703253324832710422": "Trấn Thủ - Bất Tiên Tiên",
  "1370326335687654667": "Thế thì đúng thật? Vậy đại hội quần anh tiếp theo, bọn ta nhất định phải đến.",
  "13703274176608047622": "Đang tải...",
  "13703291718601814455": "Ưm... Ngon quá, ưm ưm...",
  "13703324302076311374": "Dung Lô - Thăng Giáng Thùng",
  "1370334925752290811": "Đan Nhai - Điểm Tái Sinh Chiến Lợi Phẩm 250",
  "13703359647724023608": "Thử giao tiếp",
  "13703360526953340665": "Hỷ Thước",
  "13703476126535013372": "Phong Hoa Tuyệt Đại",
  "13703488274695557552": "Ai là \"Hà Bá\"? Ai là Long Vương, ngàn năm, trăm năm trôi qua, vẫn không biết gì cả...",
  "1370351505573624777": "Kết giao bằng hữu",
  "13703515168033273612": "Bác Vật Điều Mục 28, 3 Đẳng Thưởng - Tạp Chứng - Bồi Nguyên Đan Tăng Cường Thể Chất Thuộc Tính",
  "13703536140574947109": "Nói như vậy, quả là có lý... Hàn dì cũng vậy, giấu ở đâu rồi nhỉ?",
  "13703549627259932959": "Áo lót",
  "13703626646751712069": "Sao, sao lại thế! Không nói với ngươi nữa, ta đi đây.",
  "13703644499762298185": "Xuất Uý Chi",
  "13703757180469498520": "Tương Phác Quan Chúng",
  "13703758024154626390": "Thiên Cơ Toán",
  "13703767652788363875": "Thú dữ chạy thoát, bảo vệ thành công!",
  "13703790028473273918": "Hắc Thị Truy Đào - Thiếu Niên Bách Tính Ngẫu Nhiên",
  "13703795921689704586": "Thưởng Đoạn Vị 4-2",
  "13703868670298864705": "Sinh Thái Vật Chủng",
  "13703899647603877782": "Mứt",
  "13703915001898614973": "Yến Vân Biệt Quán: Trùm",
  "13703938164600835983": "Là người trong lòng bàn tay.",
  "13703978541801830763": "Bà lão nhà ta lại bị đau đầu rồi... Ta đến lấy thuốc...",
  "13704009981312878544": "Nông Phu 1",
  "13704032551872544000": "Thiên địa vô lộ",
  "13704034928414409613": "Trời đất ơi, sao hai năm rồi mà không đến đây, nghèo rớt mồng tơi thế này... Ấy, thiếu hiệp là gì nhỉ?",
  "13704070194782168359": "Ngọc Lâu Xuân",
  "13704078105078512023": "Ngươi cứ chờ đó, đền bù cả đời cho nàng ta!",
  "13704164940457782213": "Truyền Tống Hiệu Ứng Đặc Biệt Về Giếng Khẩu",
  "13704295353702468256": "Ngươi thấy rất nhiều Không Tiên chỉ là đi sai hướng, nếu có ai đó có thể chui ra ngoài, chỉ đường từ trên cao thì tốt biết mấy.",
  "13704304463057449258": "Vạn Sự Tri - Đối Thủ và Bằng Hữu",
  "13704314285866526936": "Thanh Oa",
  "1370431451851965865": "Khi bái nhập Thiên Tuyền, ta tưởng từ nay có thể cứu thiên hạ. Đợi đến trận chiến Trung Độ Kiều, mới biết dù là môn phái danh tiếng, vẫn có người không cứu được, có nghĩa cũ không thể đoạn, có hận không thể bình.",
  "13704359066932254504": "Vô Đẩu Tướng Quân đêm sát nhân",
  "13704416577112639390": "Hà Kỷ Hi",
  "1370443829961008248": "Theo chủ phòng",
  "13704441316439783600": "Lĩnh hội kỳ thuật",
  "13704451132886667932": "《Thiên Kim Phương》",
  "13704479045283506828": "Đồng tử nhà thuốc Đỗ Kim Câu",
  "13704484418805941105": "Chấn Ngọc 2",
  "13704526734018910067": "Khinh Công Tổ Kiện - Dây Thừng Đến Sử Đại Nhân - 30-25",
  "13704534739067503769": "Đối thoại",
  "1370453948576050845": "Tại sao không báo quan, nguyên nhân không báo quan là gì? Ngươi nói sớm một chút, nói sớm một chút ta cũng còn có thể sớm cân nhắc cho ngươi!",
  "13704543820947324141": "Hoàng Lạc Tí",
  "13704583287032009037": "Gửi",
  "13704662569661318265": "Đối thoại",
  "1370467580473621929": "Trần Gia Tranh",
  "137046964775167681": "Bệnh được gọi là tinh thần điên loạn. Bệnh Điên do đàm khí uất kết, hoặc tâm tỳ lưỡng hư gây ra; Bệnh Cuồng do dương khí quá thịnh, tâm thần ngoại phóng gây ra. Bệnh Điên lâu ngày, đàm uất hóa hỏa, có thể xuất hiện chứng Cuồng; Bệnh Cuồng kéo dài, chính khí không đủ, cũng có thể xuất hiện chứng Điên. Vì vậy, Điên và Cuồng thường đi đôi với nhau.",
  "13704732279098878386": "Rời khỏi",
  "13704745100770734801": "Tử Tượng Cư - Khu Vực Xây Nhà - Giám Công Binh Sĩ 2",
  "13704821739170457702": "Bách Nghiệp Tổ Chức xây dựng thêm thành phần 643",
  "13704840993526204900": "Tỷ tỷ muốn gặp ai?",
  "1370485429578276014": "Xây dựng tổ chức Bách Nghiệp tăng thêm thành phần 701",
  "13704881422327263438": "Bất Tiện Tiên Ngoại Quan Bảo Hạp",
  "13704896447571965856": "Tượng Phật",
  "13704933657294436854": "Sinh Thái Vật Chủng",
  "13704961909212215403": "Hoang Hồn Thôn Điểm Minh Hôn",
  "13705013183398869202": "Trần Thần",
  "13705017104226249963": "Bảo Hạp · Khai Phong",
  "1370503618708151749": "Phùng đại ca, chuyện về Đao Tử, đa tạ nhắc nhở, xin cáo từ tại đây.",
  "1370505091858446294": "Thất Thanh Giảng Kinh Nhân 27",
  "13705054505255982052": "Câu Lan Tăng Bổ 3 - Hứa Nhất Nhất",
  "13705059798442367788": "Lắc chuông cầu phúc",
  "13705068116570145886": "Táo Đường Du Hí - Trương Nhị Lang",
  "13705122622470953379": "#Y$link{0}^50224^$#E bị bỏ lại giữa chừng trong trao đổi vật phẩm sưu tầm.",
  "13705129562777767167": "Giao Diện Lĩnh Thưởng Khi Tập Hợp Đủ Bộ Trang Bị · 5042",
  "1370514982734032427": "【Tin đồn】",
  "13705197574612906852": "Tập Hợp Lang Thang Trên Đường",
  "13705203076830128090": "Thiêu Từ Lĩnh - Điểm Làm Mới Chiến Lợi Phẩm Mới Thêm 324",
  "13705247638367657961": "Khả năng phòng thủ của công trình, cấu kiện được xây dựng, để chống lại sự phá hoại xâm thực không mang tính vật lý.",
  "13705258229142604835": "Tâm đắc hiện tại có thể đổi lấy #Y4 vé sách trân phẩm#E, vé sách có thể dùng để đổi lấy tâm đắc ngẫu nhiên, có xác nhận thu hồi không?",
  "13705280287897957523": "Hoắc Tiểu Bảo",
  "13705289670431405662": "Võ si. Sau khi thua Giang Vô Lãng, trở về quê tổ giữ mộ. Dựa vào việc đánh bại những kẻ xâm nhập để mài giũa kỹ năng.",
  "13705291928838519388": "Đúng vậy, Nam Chúc công tử còn đích thân đề một bài từ.",
  "13705336739544357774": "Trương Tuấn Kiệt",
  "13705347460296886114": "Trương Tuấn Kiệt",
  "13705371868792992500": "Thiên Hương Dẫn Hồn Cổ",
  "13705405017670870125": "Canh dệt",
  "13705406530472847118": "Phong Trang Thôn - Chiếm Vị 79",
  "13705421028785205868": "Áo đệm mềm mại uy vũ",
  "13705421695501153212": "Cúc Cúc",
  "13705422317876465489": "Tiếng đàn",
  "13705475195276744802": "Thái Nhạc Đài Thi Thể Thủ Quân 4",
  "13705501083827832710": "Nhưng nếu phải rời xa mọi người, Nguyên Sinh ta không muốn làm kẻ đứng đầu này!",
  "13705518007744163789": "Còn lại {} phút {} giây",
  "13705672591335147225": "Ai, thôi đi thôi đi",
  "13705682813165933751": "Ly Nhân Lệ - Thi Thể Mộc Bạch",
  "13705755695252139216": "Vũ khí, Hoàn, Bội",
  "13705759621195369018": "Phật Gia Trại sẽ không... tha cho ngươi...",
  "13705793699147214968": "Thiểm Đằng Chỉ",
  "13705828486812182337": "Trưng Bày Thưởng Cửa Hàng Trường Minh Ngọc CBT2",
  "1370586144242483286": "Yến Bình Sinh",
  "13705862870464510548": "Khai Phong Phủ - Thương Khố - Quan Binh 1",
  "13705864928866691391": "Tạ Uyên Đình",
  "13705892027031743584": "Long Cốt",
  "13705981921600553704": "Cầm Đỏ Tiên Hành, Rơi Cờ Không Hối Tiếc",
  "13705991554706878785": "Trong Hiệp Cảnh đánh bại #Y Huynh đệ Múa Lân#E. Sau khi giao chiến, cướp 3 lần Kim Thanh (ít nhất một lần dùng Nhiếp Tinh đoạt Nguyệt), và đảm bảo bản thân mỗi lần đều ném Kim Thanh trước khi thanh tiến độ Trấp Thanh đầy.",
  "13705999386856806993": "Ôi cha, đau chết ta rồi! Mau thả ta xuống!",
  "1370601339638964197": "Thưởng Tặng Lễ NPC - Gói Quà Phổ Thông Cấp Một - Thô Mao Bì",
  "13706025346658488984": "Bách Nghiệp Tổ Chức xây dựng thêm thành phần 706",
  "13706039000712680060": "Xin lựa chọn đối tượng Trảm Duyên trước",
  "13706054018768580498": "Hoa thủy tiên",
  "13706064281060424123": "Ngồi xuống",
  "13706131627437721171": "Âu Dương Thư Chu",
  "13706150646370143021": "Đối thoại",
  "13706179301917615407": "Phong Oa - Dùng Cho Du Hí",
  "13706184010605651431": "Bách Thắng Trấn bách tính",
  "13706184166380562597": "Chu Vũ Lâm",
  "13706210975211134571": "Điểm Hỗ Trợ - Điểm Xạ Kích Đợt Ba 6",
  "13706234842124937114": "Thời gian hiệu lực của #YThất Hồn Lạc Phách#E và #YHoàn Hồn#E tăng lên #Y18#E giây.",
  "13706262870052711616": "Ghi chú không rõ ràng · Thứ hai",
  "13706267306148257991": "Viên Quốc Chấn",
  "13706327368452691067": "Sơn cao ta là đỉnh",
  "13706381533759425804": "Khuẩn Tử",
  "13706403220559317188": "「Sống như hoa xuân, một đời một vinh。」chính là những câu chuyện được chôn vùi trong di tích đã dẫn dắt ta đi khắp bốn phương.",
  "13706448637474309308": "Phân bố rộng khắp.",
  "13706452289993860310": "Bức Tường Không Khí Trận Chiến Giai Đoạn Hai",
  "13706456872039815098": "Trần Gia Tranh",
  "13706473025275820134": "Sinh Thái Vật Chủng",
  "13706481228475080013": "Cuồng triều không ngừng cuốn về biển cả, một ngọn thương kinh thiên động địa nghịch bát hoang.",
  "1370648680909083890": "Trấn Từ Tâm trước đây tên là Trấn Thạch Công, vì nơi đây có nhiều thợ đá mà có tên này.\nNăm Trinh Quán, Phật pháp truyền sang phía đông, có một vị thầy điêu khắc họ Dương dẫn theo các đệ tử vượt ngàn dặm xa xôi, dừng chân tại Trấn Thạch Công, chuyên tâm nghiên cứu nghệ thuật điêu khắc Phật.\nCác pho tượng Phật do ông ta trình bày đều trang nghiêm nghiêm trang, Trấn Thạch Công do đó danh tiếng lẫy lừng, bèn đổi tên thành Trấn Từ Tâm.",
  "13706543242986132544": "Cô Vân Luyện Võ Mật Khố, có thể học trộm võ học",
  "13706608624539997853": "Thành phần chung",
  "13706700367874370604": "Tiểu Thụ Chi - Huỳnh Uyên",
  "13706745422699251749": "Ta già rồi, còn phải mang theo cái người vô dụng này đi!",
  "13706765838899008872": "Đánh bại thủ lĩnh dã ngoại · Thiên Lộc ({0}/{1})",
  "13706794994812745404": "Giang Hồ Nhân (Thông Dụng)",
  "13706815741238815871": "Hồng Phúc Cẩm Vĩ Tước 2",
  "13706925321902143517": "Bệnh nội tạng có giá trị khí huyết dưới #Y20000#E xác suất mắc bệnh #Y-4%#E",
  "13706991024484372923": "Túy Hoa Âm - Không Khí Tầng Một Phàn Lâu - Liễu Dục Hâm - Hậu Võ Lâm Lục",
  "13707007320309685062": "Thế tình",
  "13707011750693949944": "Bách Nghiệp - Nhà tắm - Tổ hợp kiến trúc phong cách số 1",
  "13707014122714726967": "Hà Thanh Nan Tì",
  "13707052272058598092": "Viền tay áo",
  "137070840797260253": "Nhất Trọng",
  "13707100881900094715": "Thẩm Duy Khanh",
  "13707119748828048399": "Khuẩn Tử",
  "13707173543803722168": "Khối tam giác"
}