{
  "10997354110947224896": "Trả thù... mắc phải loại độc này... còn có thể nhìn thấy ngày trả thù không",
  "10997370361354049853": "Mã Mạn Nhi",
  "10997372657849200427": "Tạm thời chưa có Du Hiệp nào trợ lực",
  "10997375348132055542": "Hai chị em này cúng đèn rất thành tâm, đều nói luân hồi nhân quả, thiện ác có báo, đây là quả báo gì.",
  "10997384592271040133": "Ta đang tham gia #Y Đấu Tài Chủ#E, cùng tham gia nào!",
  "1099740482994929388": "Hỏa độc ban đầu u uất ở da thịt, kích thích vết đỏ, lâu dần khí trệ huyết ứ, kinh lạc bế tắc mà đau khi ra mồ hôi, chính khí hư tổn, màu sắc xỉn khó phai.",
  "10997424061784513323": "Này, dây đỏ, đây chính là khách hào hiệp được giang hồ gọi là Đao Tử Thần!",
  "10997478515613872515": "Bảo rương·Khai Phong",
  "10997546789920621462": "Xem thư mật",
  "10997569855065077503": "Thám hiểm giang hồ hiện tại và phòng không tương thích.",
  "10997612983288353943": "Tấn công mạnh",
  "10997674091551092208": "Gây ra 110% sát thương.",
  "10997687780978616653": "Thần Tiên Độ - Hoa mai trên cọc",
  "10997712547273541655": "Ta rõ ràng đã uống cạn rồi!",
  "10997731091109551027": "Trọng Uy Dị Chí Mộ Hoàng Bào",
  "10997780339080174153": "Tiểu hiệp khách gần đây sống thế nào? Có thời gian không nhỉ——?",
  "10997786478358452633": "Tiểu Thụ Chi",
  "10997796658604859245": "Không thể bán, nhìn là thấy có vấn đề, nhỡ xảy ra chuyện gì thì sao.",
  "10997801391032281119": "Truyền Động Hạp - Thiết Liên Phía Dưới",
  "10997835459668626571": "Bát đĩa",
  "10997859031388429565": "NPC Người Gửi Mặc Định Thư Hệ Thống",
  "10997888679351185781": "Thi Thiên Lai",
  "1099793819294391322": "Các món ngon khắp nơi",
  "10997953593626187050": "Sốt và xuất hiện hàng loạt nốt sẩn đỏ, mụn nước, đóng vảy trên toàn thân.",
  "10997962873800315347": "{3}\nTa vào năm {0} mắc phải bệnh {1}, sau được danh y {2} chữa trị, cuối cùng khỏi bệnh.",
  "10997967104559265948": "Phòng Chí Cường",
  "10997983343097919033": "Hai chị em này, quả thực có chút khí chất của người xưa.",
  "10997987270495533942": "Sư huynh...",
  "10998011021726982430": "Phong Yên Tán",
  "10998016534906982186": "Đậu Đậu, sao ngươi cũng xuống đây?",
  "10998094651156886154": "Đại Nga Cảnh Trí - Thần Tiên Độ",
  "10998099967751273527": "Ảo ảnh nhìn thấy sau khi tẩu hỏa nhập ma, dung mạo tùy thuộc vào người.",
  "10998109513946950390": "Trần Gia Tranh",
  "10998112595603208898": "Kẹo bông gòn",
  "1099813070886927360": "Cậu muốn cầm đao kiếm đối phó ai?",
  "10998173500284915405": "Đi tới lối chơi",
  "10998182885384456217": "Chiến Trường Thiên Thượng Lai - Phá Thuyền 1",
  "10998183377037227915": "Phần Thưởng Giai Đoạn Mục Tiêu Đa Nhân 5",
  "10998218472270207335": "Lý Nghiên",
  "10998231726566685864": "Liên thông",
  "10998260498004233804": "Giải thích nuôi dưỡng",
  "10998273686381168655": "Sao ngươi lại chạy đến đây——",
  "10998286788310982935": "Người Nghe Kể Chuyện Phàn Lâu 4",
  "10998287988911530139": "Trần Gia Tranh",
  "10998356541369392494": "Rương bảo vật giữ của - Trong cửa góc",
  "10998407679598225597": "Đặc biệt đến để dạy dỗ các ngươi!",
  "10998412109445825322": "Một bản Hướng dẫn rèn trang bị.",
  "10998494748238823719": "Chu Vũ Lâm",
  "10998533902534191923": "Lão Thân kia, lại khi dễ thiếu hiệp từ nơi khác đến, nghe nói là dùng cái gì mà kê sinh thủ?",
  "10998554905307458141": "Sự kiện ảnh hưởng lớn đến thần trí đã xảy ra",
  "10998579283727535013": "<Quán rượu>",
  "10998581300872971825": "Đúng vậy! Có duyên ắt sẽ gặp lại! Cô dong hồ giang hồ, biết đâu sau này ta sẽ là người đưa thư cho cô!",
  "10998585906225817571": "Thái Cực Giải Đố - Bạch Hồ Điệp (Giao Diện Lối Vào Trộm Học Tạm Thời Sử Dụng)",
  "10998628105432678254": "Nội tạng",
  "109986359310652649": "Lão phu muốn ngươi mau đi xa một chút, nhìn thấy ngươi là ta thấy phiền lòng!",
  "10998669213584431183": "Dân Tây Phường",
  "10998735284539608070": "Phát lại",
  "10998750290287036453": "Xả Thế - Kiếm",
  "10998798615916163443": "Chu Vũ Lâm",
  "10998806538587421255": "Trần Gia Tranh",
  "10998816941437813606": "Nhân gian tiên",
  "10998819101040592514": "Nhưng mà mệt rồi, hay là chúng ta nghỉ một lát?",
  "10998854290133487591": "Thành tựu sinh kế:{}",
  "10998854422402513279": "Không cấp",
  "1099892360367420763": "Cổ Trủng Mạc Kim",
  "10998960444200773604": "Sinh Thái Vật Chủng",
  "10998967167503117850": "Văn Bác",
  "10999054555624237214": "Nam quốc nguyệt, nhan sắc còn như xưa không?",
  "10999085576282322673": "Bạch Mộc Túc",
  "10999093368584711236": "Trả lại",
  "10999147865605111918": "Từ biệt",
  "10999149270453104832": "Ta không phải người vô lý, chỉ cần xem xét kỹ lưỡng bên trong và bên ngoài cửa hàng này thôi...",
  "10999166798430821892": "Có người bị sét đánh, rơi vào trạng thái hôn mê, cần các Danh Y đến cứu chữa",
  "10999185700688375160": "Đại Thần",
  "10999236289059629593": "Bính",
  "10999252211697902654": "Kiến Văn Thôn Trang",
  "10999281624919280268": "Trần Gia Tranh",
  "10999282483799779725": "Hiệp Thanh Thanh Tễ",
  "10999307077796299960": "Noãn Thạch",
  "10999354957061880078": "Đúng, đúng! Chúng ta sẽ lập một bài vị trường thọ cho người, ngày ngày cầu phúc cho người, nguyện người người tốt được báo đáp tốt, sống lâu trăm tuổi!",
  "10999380933923595457": "NPC Gọi Xe Nam Môn Đại Nhai 2",
  "10999413502158986950": "Đối thoại",
  "10999429541985291287": "Kỹ năng võ học",
  "10999443744874487086": "Điền Dã",
  "10999447720377711782": "Tử Chung",
  "1099946217363065283": "Ủa—— chẳng lẽ là $T(2001)$?",
  "1099946842396626625": "Trộm Học - Tam Canh Thiên - Giáo Tập",
  "10999539265989705419": "Chỉnh xương trị thương",
  "10999564395454699689": "Thanh Sơn chấp bút · Mật Khố",
  "10999569377469432938": "Chú ơi bắt nạt người! Chú luyện lâu như vậy rồi! Chú bắt nạt chúng con!",
  "10999595153427313911": "Cây Dẻ Gai",
  "10999596106523318953": "Xem ra trí lực của ngươi cần được nâng cao nha, đồ ngốc mới không hiểu!",
  "10999627427456348620": "Phật Gia Trại",
  "10999688008205143532": "Trường Minh Ngọc 30, Tâm Pháp Tâm Đắc·Ngẫu Nhiên Tản Bản 5, Phúc Vận Trị 50",
  "10999699800333708580": "Trương Tuấn Kiệt",
  "10999707541129094748": "Phần thưởng Lối chơi",
  "1099971487504558633": "Trong nhiệm vụ chính chương Khai Phong \"Khách mới Khai Phong - Phúc chưởng quỹ\" chọn đưa cho Lão Kim mười phần lợi",
  "10999719122062529397": "Tâm Tâm Tương Ấn",
  "10999736067994330261": "Lưu Minh Sách",
  "10999779119823985633": "Nửa chu vi, bán kính, bước chân tích lũy...",
  "10999837423897567333": "Sử dụng thiếp này, có thể mở khóa quyền dùng thử thú cưỡi tương ứng trong 3 ngày. Sau 05:00 ngày 23 tháng 6, có thể tự tay phân giải thành 10 Long Minh Ngọc.",
  "10999921601817521527": "Trận Chiêu Thị Thiên Hạ này không thể tự động mở!",
  "10999963664048128467": "Tìm âm không cầu quả, tìm đạo không cầu danh. Tạm che tham sân si, Ngũ Âm Khởi Thái Bình.",
  "10999967878906610913": "Cùng A Cửu đến vườn Lê",
  "11000022587901080852": "Vũ Kỹ",
  "1100003159091553264": "Phi Mã Tiền 100",
  "11000080735966768365": "Đoản Mạc tệ không đủ, không thể thực hiện rải tiền",
  "11000081947145627109": "Ta còn làm được những việc khác... Ta có thể đi giúp ở y quán, ta còn biết quét dọn nhà cửa...",
  "11000103539308187250": "Thời gian gần nhau",
  "11000118662127581531": "Hồ Kiện Lực",
  "11000125049554882614": "Đại hiệp cứ làm loạn như vậy, sẽ làm trẻ con sợ hãi đó, cho dù không dọa trẻ con, dọa hoa hoa cỏ cỏ, chó chó mèo mèo, heo heo báo báo gì đó cũng không tốt mà.",
  "11000134579426808214": "Bảo rương·Khai Phong",
  "11000186055732397904": "Trần Hiểu Hàn",
  "11000188063457923688": "Dung Lô - Thăng Giáng Thùng",
  "11000232676895321903": "Kỳ Ngộ Quân Cư Kỳ Sự - Kỳ Ngộ Mai Hạ Hãm Tịnh",
  "11000237323226113443": "Khi nhận thưởng thủ lĩnh cảnh giới Hoàng Chung Trường Minh, có #G20%#E xác suất nhận thêm một Định Âm Thạch",
  "11000303783267906110": "Noãn Thạch",
  "11000313428715708115": "Thanh Hà Gian Chương - Tế Đài",
  "11000335585136411979": "Triệu Vĩ Nghiệp",
  "11000375401666360448": "Tinh Thiết",
  "11000393020590326679": "Tào Dự Hinh",
  "1100040038232218334": "Vọng Hoài Nam Nhai - Thông Cừ Công Sự - Công Tượng 14 (Công Nhân)",
  "11000405519643442687": "——Bảo tàng lịch sử Thiểm Tây tàng: Bình bạc có hình ngựa múa mang chén đựng rượu",
  "1100045151482852942": "Sư phụ năm xưa cũng có ý định như vậy. Sư phụ dẫn dắt một nhóm đệ tử Thanh Khê đi sâu vào rừng, đi đến cách hầm bí mật của Tôn Bất Khởi chỉ còn trăm mét, thì gặp phải sự cản trở của Vô Tâm Cốc và Tú Kim Lâu.",
  "11000468882056331072": "Hỗn loạn",
  "11000479491536202394": "Sau khi né thành công đỡ đòn tấn công của địch, bản thân hồi phục 20 điểm chân khí, thời gian kích hoạt cách nhau 10 giây.",
  "1100053406100273418": "Rớt ra trang bị Thời Vũ, Quế Nguyệt cấp 61 phẩm chất vàng cao nhất.\n(Không rớt giáp ống chân)",
  "1100055860993392985": "Để ta xem tình trạng sức khỏe của ngươi thế nào",
  "11000574520552123730": "Đối thoại nghề nghiệp cứ điểm",
  "11000597622900944891": "Khô Thù Du",
  "11000636183695998376": "Ứ Nê - Đại",
  "11000680393855529436": "Lưu Minh Sách",
  "11000683872406773581": "Tiểu Kịch Trường (Tự Sự) - Bảng Hạ Tầm Duyên",
  "11000688212458496448": "Kim Ngọc Thủ Môn Tỏa",
  "11000728117748039481": "Đông",
  "11000732493270396227": "Vượt ải vô thương độ khó Quỷ Thần Sầu",
  "11000764791894112519": "Cơm mẹ nấu ngon lắm đó, đại hiệp... Sao nào, đến đây đi, đến đây đi!",
  "11000768423031827498": "Nhưng mà...",
  "11000775561601747509": "Độc Hoa Quan Tài Giáo Học",
  "11000794446679804284": "Binh lính phụ trách canh giữ Võ Miếu",
  "11000863379871191095": "Quỷ Kiệu Vãng",
  "11000865848428137749": "Thọ Xương Phường",
  "1100089272932268951": "Quy Vân Tướng",
  "11000899855870167466": "Sao người của Túy Hoa Âm cũng xách cơm đi tìm nồi cơm — kiếm chuyện không đâu.",
  "11000917932956661383": "Ta đã nói rồi, nếu trẻ con nhỏ như vậy mà cũng chơi phiến (chơi bài)...",
  "11000940610459902028": "Văn sĩ",
  "11000947708661028975": "Thanh trúc tứ chiết bình",
  "11001019633437126618": "Kinh nghiệm",
  "11001051597118913465": "Từ trước đến nay, thế giới của Lê Trinh Trinh luôn là một màu đen kịt.\nVì không thể nhìn thấy mọi vật, nàng bị tước đoạt tự do làm người.\nBị xô đẩy, bị nguyền rủa, bị ghét bỏ, bị ác ý, rồi một túi tiền đồng nhỏ, mua đứt sự thuộc về cả đời nàng.\nNàng chưa từng nghĩ đến phản kháng, bởi vì nàng chưa từng nghe nói về phản kháng. Nàng cứ nghĩ tất cả mọi người đều như nàng, như bèo dạt trôi không gốc rễ, thuận dòng nước mà trôi dạt, cuối cùng chết chìm từ từ trong biển số phận không lối thoát.\nCho nên, khi bị bán đến nhà đó làm nô làm tỳ, nàng không nói gì cả. Khi phải gả cho tên điên sắp chết bệnh, nàng cũng không nói gì. Trong đêm tân hôn khi đám người phát điên cầm đao xông đến nàng, nàng cũng không nói gì, chỉ cúi đầu, để lộ chiếc cổ mảnh khảnh yếu ớt như cừu non.\n\nCho đến khi những lưỡi đao kia bị một lưỡi đao khác đánh bật.\nThiếu niên kia nhét thanh kiếm ngắn nhỏ vào tay nàng, nàng mới hiểu ra rằng trên đời này lại có một lựa chọn khác.\nNhững kẻ từng bắt nạt nàng, khi nhìn thấy kiếm của nàng, cũng phải quỳ xuống cầu xin tha thứ, cũng run rẩy như nàng từng vậy.\n\nCó người hỏi Nguyệt Thần sau này, vì sao lại chọn trở thành một kiếm khách. Nàng không nói gì, chỉ nhẹ nhàng sờ thanh kiếm của mình.\nKiếm, chính là chỗ dựa duy nhất để nàng đi lại trong nhân thế này.",
  "110010748181426591": "Trúng Hồ Huyễn Bệnh",
  "11001077943409533403": "Bay, ta bay...",
  "11001150244790376452": "Khai Nguyên Chi Trị",
  "11001184989661481570": "Điểm huyệt định trụ Chu Nhị Cẩu đang đứng trên tường",
  "11001204761998538896": "#RSau khi thông quan tất cả mục tiêu lĩnh hội độ khó thường sẽ mở!#E",
  "11001230888047671473": "Đối thoại",
  "1100127680257116729": "Nếu không ra ngoài săn bắn nữa, hai chúng ta chắc chắn sẽ chết đói mất!",
  "11001290992406716711": "Khoan khoan khoan, thiếu hiệp đừng nói vội!",
  "11001298112071383156": "Biết hết mọi thứ",
  "11001306367932812025": "Ngự Uyển Bắc - Hành Nhân 1",
  "11001307953348647096": "Nội công tu luyện",
  "11001326460592194305": "Hồ Kiện Lực",
  "11001365441256968920": "Đang tải dữ liệu",
  "11001406865159604698": "Thử truy tìm",
  "11001465018235098937": "Hòm báu Vũ Nhung Thảo-Thái Thương Túc 19",
  "11001521321387166408": "Chẳng lẽ ngươi là... Lục... phu nhân?",
  "11001627088646623951": "Nói ít thôi. Phải là nhân vật xuất chúng đến mức nào mới có thể được Hoa Tín Phong đích thân viếng thăm?",
  "11001639549213603716": "Hòm đựng tiền",
  "11001652700094052184": "Đang tải...",
  "1100167156870577059": "Cáo từ.",
  "11001692416218875451": "Ẩn Nguyệt Sơn Đồng Lão",
  "11001849490183922387": "Nấm",
  "11001879057619642177": "Kỳ thuật · %s",
  "11001937885618165356": "Khoan đã ",
  "11001960383189450944": "Đối thoại",
  "11001961551748768883": "5 lần tấn công lời nói tiếp theo, sát thương giảm 44.4%.",
  "11001987217724377446": "Thằng nhóc đó cả ngày không học hành tử tế, chỉ biết đầu cơ trục lợi. Thuốc của ta tuy không linh nghiệm đến vậy, nhưng cũng là thứ giải nhiệt, mát máu giải độc tốt.",
  "1100202025499740785": "{2}\bBản thân có chút không khỏe, qua chẩn đoán của danh y {0}, bệnh ta mắc phải là {1}.",
  "11002022701542273412": "Đào lý nở rộ khác thường",
  "11002034222275036857": "Sử dụng vật phẩm này, có thể nhận được ngoại hình tương ứng.",
  "11002102950414919153": "Dương độc",
  "11002113770245306430": "Ngoại Sự Đường Chủ",
  "11002165684579834150": "Thọ Xương Phường - Hàm Ninh Phường - Tổ Tuần Tra Binh Sĩ 1",
  "11002186046723913082": "Tương Phác - Tạ Đô Đầu Tây Hành Doanh",
  "11002201324798078490": "Dùng để dựng nhà.",
  "11002248722565150612": "Ồ, thì ra ngươi bị rơi xuống à! (Tạm thời chưa có chức năng treo mình trên không)",
  "1100226576524268493": "Khu vực này có thể vào chế độ nhiều người, cùng người chơi khác rong ruổi giang hồ",
  "11002275186201364176": "Đang lấy dữ liệu",
  "11002294073532165277": "Chơi thêm ván nữa",
  "11002341431410161300": "Thỏ Xám",
  "11002414136689227019": "Phía trước nguy hiểm, chúng ta... Cẩn thận mọi thứ.",
  "11002430602580518256": "Đang tải dữ liệu đang tải dữ liệu đang tải dữ liệu",
  "11002449172550270014": "Danh sách phản bội",
  "110024778479231926": "Trong Bách Nghiệp Chiến, tấn công Phá Trúc tăng cường",
  "11002514794362316833": "Phó bản không tồn tại",
  "11002628427423927522": "Khai Phong Phủ - Tiềm Long Điện - Quan Binh 2",
  "11002715682454910263": "Mạch Hương Khách Sạn 7 - Lữ Trạch Húc Đối Thoại - Bạch",
  "11002737083850771545": "Độ khó nhặt vật phẩm trong túi tăng lên",
  "11002756097387062887": "Hải Khổ hoang phế từ lâu đột nhiên vang lên tiếng trống",
  "1100275847816880305": "Ở đây có một số vũ khí, thiếu hiệp có thể mang theo.",
  "11002820300283989646": "Thiêu Từ Lĩnh - Điểm Làm Mới Chiến Lợi Phẩm Mới Thêm 185",
  "11002835457146386854": "Một phần Trầm Khúc, một phần Hoa Lê, một phần Trầm Khúc, một phần Hoa Lê...",
  "11002841875816831818": "Từ thúc căn bản không phải đối thủ của hắn! Các ngươi, các ngươi mau đi giúp Từ thúc đi!",
  "11002844946353377846": "Vạn quản lan tràn!",
  "11002847953695722309": "Cảm ân",
  "11002848446194803274": "Khai Phong Tây Giao - Gia Trưởng",
  "11002873247778815673": "Chu Đôn Di",
  "11002908541498820363": "Nói nhỏ với Triệu đại ca",
  "1100294913920644891": "Khai mạc ngày %d tháng %d",
  "11002993336516301616": "Ngươi đang nói gì vậy? Khẩu lưỡi còn bén hơn cả ta, ta vẫn nên tìm quan phủ giúp ta nói đi!",
  "11003004954275369345": "Quỷ Thị Tử - Tuần Tra Cửa Hàng Phố Chính 15",
  "11003014499347893031": "Hàn Thiên Dạ Tường Không Khí",
  "11003021836454804894": "Mặc Thành Bảng Nền 015",
  "11003027685311487329": "Thoát khỏi nhà tù",
  "11003043255116396395": "Hà Lạc Thị - Phú Tiếp",
  "11003046333660079588": "Cấm đi phía trước",
  "11003088732019659043": "Lý Trạch Hạo",
  "11003150724465159786": "Trần Hiểu Hàn",
  "11003192577962215638": "Chuẩn bị tuyển chọn Pháp Đi đường (Môn phái 4)",
  "11003196065199405938": "Triệu Vĩ Nghiệp",
  "11003213320643742050": "Kiểm soát",
  "11003230086273695786": "Lý Nghiên",
  "11003263619458388003": "Thọ Xương Phường - Phú Nhân",
  "11003295588917228129": "Phật Gia Trại Tinh Anh Rơi Đồ Cấp Thế Giới 5",
  "11003315316212515901": "Ruộng",
  "11003347588347623060": "Diệp Tử Hí",
  "11003359570078953182": "Chúng ta huynh đệ này từ cửa Giác Môn đánh tới hôm nay, chưa bao giờ tin vào mấy chuyện đó!",
  "11003406429013477880": "Thần Tiên Độ - Điểm Làm Mới Chiến Lợi Phẩm 304",
  "11003435266347211476": "Người chơi giơ kiếm trong tay đâm vào đầu rắn. Sau khi con rắn khổng lồ giãy giụa, từ từ tan biến.",
  "11003438518451505357": "Vị tiên sinh say rượu chuẩn bị đi Du Hồn Khố lấy canh chua, \nkết quả đi được vài bước, đã loạng choạng ngã bên đường.\nNgươi muốn đỡ ông ta dậy, nhưng ông ta lại đẩy ngươi ra, còn muốn tự mình đi tiếp,\nrồi \"bịch\" một tiếng, lại lần nữa ngã bên đường.\nÔng ta ngồi trên đất bắt đầu ngẩn người.\nBất đắc dĩ, ngươi đành phải đi lấy cho ông ta.",
  "1100344949922289344": "Tế Điển Thôn Dân - Toàn",
  "1100345315785646718": "Sinh Thái Vật Chủng",
  "11003485315732611425": "Gửi đi",
  "11003488495123708098": "Người hiếm hoi đến quán rượu để tinh tiến y thuật. Thường rình rập những kẻ say rượu, cho họ uống thuốc giải rượu đặc chế, nên bị khách uống rượu đánh giá rất tệ. Nhưng khi người này mời rượu miễn phí, mọi người đều ngầm xếp hàng nhận một bát.",
  "11003516737545292926": "Yến Vân Biệt Quán: Lý Hoán Tường Không Khí",
  "11003664276557051649": "Hồi Tố - Huynh Đệ Múa Lân - Hiệp Danh Nhị Giai - Ảnh Đại Diện",
  "11003738759038164216": "Nấm",
  "1100376572604535650": "Này, thiếu hiệp nói gì vậy, cha con làm gì có thù qua đêm.",
  "11003773834528265854": "Nhấn theo dõi để di chuyển đến khu vực mục tiêu, tìm kiếm bom cần tháo dỡ trong khu vực.",
  "11003827660108063433": "S3 - Phần Thưởng Lệnh Chiến - Trả Phí Cấp 26",
  "11003917795019668061": "Bỏ tay ra! Cảnh cáo ngươi, đừng xen vào chuyện người khác.",
  "11003934824994692213": "Kỹ năng bắn tên của tiểu huynh đệ càng ngày càng tinh tiến.",
  "11003935976675911870": "Pháo Hoa Tân Xuân - Đài Phun Nước - Số 2",
  "11003937995237770353": "Hồ quang thu nguyệt lưỡng tương hòa",
  "1100394804285945745": "Giải thích lối chơi",
  "11003982173136548422": "Thương nhân",
  "11004022518240717225": "Thọ Xương Phường - Phú Nhân",
  "11004064510206108547": "Đang tải dữ liệu",
  "11004148301583611013": "Triệu Phổ Trạch - Ám Tinh - Đặt Trong Tủ Cơ Quan Dùng Để Giải Đố - 2 Lưỡi",
  "110041854601561": "Trên có âm dương khí lưu chuyển.",
  "11004202138117590457": "Thọ Xương Phường - Đông Li Viện - Công Nhân",
  "11004246298559517899": "Điều luật trang bị",
  "11004281520279267163": "Nghe lén",
  "11004307406190731169": "Biển Báo Đường Màu Đỏ Phiên Bản Mới 3",
  "11004413491802955657": "Chưa có",
  "11004471561929060504": "Sơn Ẩm Giang",
  "11004521400300204525": "Bốn mùa",
  "11004528871891573206": "Chủ nhân Cẩm Phương Đình, mọi việc giao cho người khác quản lý, ngày ngày nhàn rỗi câu cá. Thư thái tự đắc, thường câu được cá chép.",
  "11004559802284921344": "Quách Vũ Ngang",
  "11004571075058435384": "Thiên Hành Xích Nhiệt",
  "11004613676611569958": "Chu Nhất Hàng",
  "11004613775483786153": "Trong nhiệm vụ Mê Vụ Trừ Tà, mỗi lần trị bệnh cho người phục hồi Lãng Quân Tinh Khí +18.0%",
  "11004662798926999264": "Giao những manh mối thu thập được cho người bí ẩn#Y (Đồng thanh)#E, có thể nhận được phần thưởng phong phú, củng cố năng lực bản thân.",
  "11004666685837778441": "Tổ chức Bách Nghiệp xây dựng thêm linh kiện 571",
  "11004680388874126207": "Mạch Hành Xung Quanh 17 - Giao Dịch Thợ Phụ - Đơn Bạch",
  "11004717431720851072": "Chung Luật",
  "11004718050464079531": "Tơ trúc nhã vận",
  "110047634087146032": "Bảo Rương · Thanh Hà",
  "11004782233488676036": "Chu Vũ Lâm",
  "11004783773799755723": "Gọi gì nhỉ... Thập Nhị Tiên? Lũ nhóc thỏ con, tốt nhất là đừng để lão tử bắt được nhé!",
  "11004842947606226257": "Cấp Thế Giới - Phật Gia Trại - Hòa Thượng Rượu Thịt (Túy Quyền)\\nĐộng Tác Tuần Tra Tùy Chỉnh: Có",
  "1100487531031217014": "Dân Đông Thành",
  "11004897531591588035": "Đối thoại",
  "11004986733670194573": "Hải Trường Trùng",
  "11004992590010247374": "Người giang hồ mời người khác ăn cơm, trước hết phải ——",
  "1100502957550438114": "Ưm...",
  "1100505313443353018": "Dế",
  "11005073433838308819": "……",
  "11005099582867430429": "Nghe nói sau khi Thái Bình Chung bị phá hỏng, một mảnh vỡ đồng vàng trên thân chuông đã bị một thương nhân đi ngang qua nhặt được, thương nhân này dường như hiện đang thu thập các loại vật phẩm kỳ lạ trong khu vực Thanh Hà",
  "11005123964283951623": "Thanh Hà - Vô Kỳ Bất Ngộ",
  "11005127163599733050": "Con ếch đằng kia nhảy cao quá...! ",
  "11005180405360619859": "Chấn Thiên Lôi",
  "11005188811633429999": "S3 - Phần Thưởng Lệnh Chiến - Trả Phí Cấp 30",
  "11005256434608870674": "Thái tử vung dao hai bên, thịt thái lát bay lên đĩa vàng trắng cao.",
  "11005289438208049892": "Khoa cốt - Thánh Thủ",
  "11005308416852343079": "Giải Vô Gian - Hỏa",
  "11005326313667687916": "Bác vật · Thông tài luyện thức",
  "11005368482420636458": "Nhiệm vụ Giác Chướng Lâm",
  "11005369393701024081": "Người giật dây",
  "11005392872151080034": "Bất Phục Mã Trường",
  "11005400722141547605": "Ta cũng muốn chứ. Nhưng mấy ngày nay ta bận làm công, nhất thời lại quên mất cuốn 《Thần Long Thổ Hỏa Ký》 mà Thổ Hỏa La truyền cho ta cất ở đâu rồi......",
  "11005416622536794589": "Tìm trong biển khổ Bồ Đề",
  "11005423627302872320": "Chủ quán hủ tiếu",
  "11005440821079013224": "Tăng 1 giây thời gian duy trì khu vực",
  "11005565525826903051": "Tôn Hạo Thanh",
  "11005576941808928850": "Chu Vũ Lâm",
  "1100562941307251109": "Tâm pháp",
  "11005644757215413029": "Đối thoại",
  "11005652665289309241": "Lao Công Nam - Lão - Diễn Xuất Xúc Than 8",
  "11005672848360911359": "Khai Phong Kiếp Ngục - Ngục Tốt",
  "11005702386912663353": "Giới hạn trả giá"
}