{
  "10552081333251625272": "Mười ba",
  "10552105725117854508": "Dương Trụ Vũ",
  "10552109040102500395": "Hà Điền Kê (Gà mái)",
  "10552121766028058699": "Nếu ngươi muốn ăn thì có thể tìm tỷ tỷ Phục Linh lấy chút đồ đã làm sẵn. Ăn xong nhớ nói cho ta biết, trước khi ra nồi là cho đường hay cho muối thì ngon hơn, khẩu vị của ta và tỷ tỷ luôn không giống nhau!",
  "10552194418840454714": "Bạc Nhược Văn",
  "10552203818977903761": "Bảo rương",
  "105522066457396058": "Thái Y Thự - Chính Sảnh - Y Sĩ 22",
  "10552209070538508490": "Tìm được người lái đò, mua được “vé thuyền”, là có thể đến Cửu Lưu Môn.",
  "10552262453178688009": "Bạch Hắc",
  "10552266078439083849": "（Đoán nhanh）Đại hiệp sợ nhất điều gì - Sợ nhất cha mẹ ngươi.",
  "10552289773786410834": "Các ngươi...",
  "10552332099257084229": "Nhập Môn Khảo Hạch Thi Đấu (Môn phái 3)",
  "10552347884565588817": "Thiên Võ Kỹ",
  "10552467044720137117": "Một cuốn du ký do Thiên Nhai Khách chấp bút.",
  "10552520086994453683": "Thích Minh",
  "10552581681882770208": "Họa nguyên",
  "10552594078333180908": "Không cần gõ nữa đâu...",
  "10552621945433730293": "Đang tải",
  "10552642737231107418": "Nhiệm vụ",
  "10552652371676304991": "Sinh Thái Vật Chủng",
  "10552768276225968723": "Khi nhận được lá chắn gây sát thương trị liệu lên bệnh chứng",
  "10552872275792325985": "Phá khí",
  "10552907779277085289": "Sự phồn thịnh của Vạn Thắng Trấn ngày nay đều là nhờ Thanh Giao Đường quy phục triều đình nhà Tống. Long Giao Bang tuy có thù với triều đình nhà Tống, nhưng nếu chịu hạ mình, coi chuyện cũ như phân đất, chẳng phải cũng là một bước ngoặt, một sự thay đổi lớn sao?",
  "10552917542707313886": "Khai Phong Võ Quán - Đệ Tử Bầu Không Khí - Luyện Võ",
  "10552940638678096956": "Phá núi dời đất",
  "10552951537088196694": "Phùng Kế Thăng",
  "10553027180537275445": "Rời khỏi chiến trường",
  "10553066251711175842": "Tên gọi của thuật tạp kỹ, tức là kỹ năng đi dây, dân gian gọi là “tẩu sáo”. Đi lại trên sợi dây treo lơ lửng, đồng thời biểu diễn đủ loại động tác, người biểu diễn gọi là Cao Cung Kỹ, có ghi chép từ thời Hán.",
  "10553106989106841086": "Hà Lạc Thị - Tô Ấu An",
  "10553107739318566021": "Bật",
  "10553146069436209954": "Số 3-2",
  "10553181688344675435": "Tự tại Cửu Lưu",
  "10553193634418574311": "Làm phiền rồi",
  "10553207461426371538": "Phong hàn thấp ba khí hỗn hợp thành tý, trong đó phong thấp khí nhiều, hàn khí ít là phong thấp tý. Do huyết khí hư, kiêm thụ phong thấp mà sinh bệnh.",
  "10553221776137335996": "Gợi ý phái",
  "10553236988231532757": "Thi Thiên Lai",
  "10553280614689967269": "Nước độc",
  "10553284315387650421": "Hoa sen rụng mùa thu bay",
  "10553287616672740498": "Đi đến xem",
  "10553388016530764734": "Vô Ưu Động - Quỷ Phàn Lâu - Điểm hồi sinh riêng cho Vô Nhan",
  "1055340128297124194": "Khai Phong Du Phố Chung Quanh - Bách Tính Lão Nhân Nam - 53",
  "1055342910249946878": "Tịnh Trần sư phụ xin dừng bước.",
  "10553456649187390180": "Mặc Thành Thang Máy Thông Dụng",
  "10553480888837181668": "Hà Kỷ Hi",
  "10553531975748860700": "Diệu Diệu Miêu - Quỷ Hỏa",
  "1055353417050338013": "Trong thời gian Sân Hận gây sát thương, mức tăng 'Sát thương theo Tỷ lệ Hội Tâm' |780|#C|155 là #Y5%#E, và có thể tăng thêm dựa trên 'Tấn công ngoại công tối thiểu'. Tối đa có thể tăng thêm #Y15.00%#E, cần tích lũy #Y500#E điểm '<Công kích Ngoại Công Tối Thiểu|780|#C|15>(Hiện $STEADY_MIN_W_ATK:.1f$)'.",
  "10553598464590167486": "Ông sư điên cuồng uống rượu",
  "10553611139121798491": "Lưu Phân",
  "10553631203958314732": "Rượu Hoàng Cam, rượu Hoàng Cam mới ra đây! Ngọt ngào thơm ngon, dư vị vô tận!",
  "10553668892860130492": "Giới Bi",
  "10553672495618725860": "Chiết Giang",
  "10553701762049058337": "Pháo Hoa 7",
  "10553728924152497170": "Mạch Tật",
  "10553740414579047862": "Bào Văn Húc",
  "10553747644215327359": "Đang lấy dữ liệu",
  "10553749278758600271": "Bách Nghiệp Chiến",
  "10553825903245632763": "Hiệp Duyên Động Thiên",
  "10553830015163497411": "Điền Dã",
  "10553852298067490333": "Các món ngon khắp nơi",
  "10553859213503176940": "Hành sự kín đáo trong Phong Sa Tửu Quán, đã thay đổi ngoại hình và tên ngẫu nhiên.",
  "10553939637509122759": "Quên Ưu Thời Gian",
  "10553943270942974036": "Hoàn thành toàn bộ 【Thu thập Võ học】",
  "1055394385378032904": "Chặn đỡ",
  "10554001907936993326": "Chướng Ngại Vật - Mã Xa 15",
  "10554017845159905324": "Đang tải",
  "10554066061122993944": "Dương Tiểu Yêu",
  "10554074562845754929": "Một, hai, ba... Mười hai cỗ quan tài, quan tài mới của Yên Nam sao lại nhiều thêm rồi.",
  "1055410674409997026": "Vô Ưu Động - Thủy Hạ - Dẫn Đạo Không Mô Hình 1",
  "10554114443263189060": "Thằng nhóc này đầu tóc bù xù.",
  "10554119493078051312": "Vương Tiểu Bát",
  "10554120939970172651": "Huyền Hồ · Phát",
  "10554133482367884359": "Bọn họ đã trở về chưa?",
  "10554138871621755651": "Đại thuyền cột buồm",
  "10554148692687715602": "Đã nhận",
  "10554212545227546632": "Hoàng Lạc Tích",
  "10554225753551261117": "Năm Càn Hựu thứ ba, Trịnh Lẫm đi về phía Bắc đến Thanh Hà, từ đó không còn tin tức, nhánh thứ hai của Trịnh thị e rằng đã hoàn toàn suy tàn.",
  "10554228924992622723": "Có 17% xác suất sửa chữa trang bị không tốn phí",
  "10554402227468699914": "Tốt! Thiếu hiệp khen như vậy, chắc chắn có thể khiến hắn lơ là cảnh giác.",
  "10554427040589959825": "Sao lại không được? Hà Bá ở đây, quy tắc bên bờ sông Hoàng Hà vẫn còn đó.",
  "10554465810096777695": "Vậy quê nhà của ngươi ở đâu?",
  "10554499112022202428": "Phụ trợ Phong Lâu thôn",
  "10554502353426681434": "Kim Tuyết Tùng",
  "10554511387989874145": "Làm lại từ đầu",
  "10554601337080600437": "Trần Khải",
  "10554622441153397412": "Ràng buộc sẽ nhận được",
  "1055462988655483208": "Rút chân",
  "10554679224494283924": "Thiên Lai Thượng",
  "10554709192017987136": "Đang tải",
  "1055471056777808992": "Trần Khải",
  "10554713590670550264": "Chỉ Qua 1V1",
  "10554716203998600534": "Sinh Thái Vật Chủng",
  "10554721474421883882": "Tranh giành sư đệ",
  "10554734341954619530": "Lăng Giai Hân",
  "10554788369966233892": "Chuyện cũ",
  "10554811348099090787": "Tiêu Sử người này, tại hạ hiểu khá rõ. Hắn là người chính trực, tài học uyên bác, quả thực là nhân tài trẻ tuổi.",
  "10554812649071671069": "Hà Thị Lạc - Dự Bị 15",
  "10554831030189876905": "Người chơi gặp lại Kim lão",
  "10554850601608007911": "Thi Thiên Lai",
  "10554914063940063803": "Hóa Duyên Chi Kiếp",
  "10554929784634463702": "Hầu Nhi Bên Trái",
  "10554959706889762124": "Khổ Hành Tu 103",
  "10555005157074214039": "Cửa hàng",
  "10555023168298013171": "Sinh Thái Vật Chủng",
  "10555028501094679087": "Trương Chấn",
  "10555084322227579738": "Tiệm thuốc này không phải là tiệm cũ của ông lang kia sao... Cái ông #Y Phó Ôn Thư#E... Lần trước nói ông ấy đã dọn đến #Y Dương Liễu Ngạn#E rồi?",
  "10555097803927194155": "Chùa Pháp Hoa thiền tự tiêu tiền",
  "10555124044871013392": "Trong nhiệm vụ Mê Vụ Trừ Tà, người chơi sẽ đến một ngôi làng đang bị quấy nhiễu, sử dụng năng lực của nghề nghiệp để mang lại lợi ích cho dân làng, đồng thời bản thân cũng nâng cao trình độ của mình.\nTrong làng, người chơi cần hoàn thành một loạt nhiệm vụ, và thực hiện thử thách cuối cùng, mới có thể hoàn thành Mê Vụ Trừ Tà.",
  "10555200195817582285": "Đối thoại",
  "10555219277398913831": "Lay Động",
  "10555248893276840505": "Đang tải dữ liệu",
  "10555270817424125779": "Cơ bản",
  "10555316288232675125": "B13 Tú Kim Hỏa Cung Vô Nhược",
  "10555327238699742945": "Trần Gia Tranh",
  "10555341346981771859": "Trải qua một chặng đường gian khổ, cuối cùng đã trở về căn cứ của tổ chức...",
  "10555368716749116262": "#d8ebdc Danh nhân giang hồ",
  "10555372752400348518": "Hà Tây Huyền Tuyền Dịch, nơi này bây giờ còn không?",
  "10555434026352768992": "Điểm rút lui do sương độc ăn mòn, đã vô hiệu lực",
  "10555451623121573332": "Tầng một",
  "10555453638046622292": "Mở ra ngẫu nhiên nhận được một món từ bộ trang bị Phi Tần hoặc Ưng Dương cấp 41, phẩm chất cao nhất là màu tím, xác suất tím thấp, khuyến nghị sử dụng cho phái #Y Minh Kim · Ảnh#E.",
  "1055545629009685474": "Đoạn phim chuyển cảnh《Sa Đà Võ Sĩ Đăng Trường》; Ngài quay đầu nhìn xung quanh, không cẩn thận làm kinh động vật thể khổng lồ phía sau; Hắn dường như không hoan nghênh vị khách không mời mà đến là ngài —",
  "10555485422121393009": "Một lần uống rượu, bạn và Độc Ẩn Khách kết thành tri kỷ khác tuổi, trước khi chia tay hai người hẹn ước về rượu ngon. Tiểu viện của Độc Ẩn Khách ở trong núi phía đông Bồ Đề Khổ Hải, nếu có rảnh rỗi hãy đến Thiện Diệu Châu tìm chỗ ở của ông ấy.",
  "10555600472311401931": "Đơn vị A",
  "10555612799488177644": "Một nhóm trẻ con ở Phong Hòa Thôn xảy ra tranh chấp, nguyên nhân là gì? Lờ mờ nghe được, dường như còn liên quan đến thích khách truyền kỳ của Thanh Hà - Điền Anh.",
  "10555619063717588626": "Đạt 2000 độ khám phá",
  "10555625118624691418": "Sinh Thái Vật Chủng",
  "10555635481544763838": "Chữ trên lệnh bài có chút không trọn vẹn, chỉ nhận ra được những phần này.",
  "1055567217265114270": "Cô gái ngây thơ trong sáng, thường có những ý tưởng bay bổng xa vời.",
  "10555679266343153773": "Lục Sí Thiền Dực Tề",
  "10555689932201981792": "Tuyển tuyển tuyển, nhưng nói trước nhé, ở đây chúng ta chỉ tuyển người dưới mười tám tuổi, tốt nhất là có kinh nghiệm làm việc mười năm.",
  "10555746850412367694": "Ưng Dương",
  "10555771822752400322": "Chu Vũ Lâm",
  "10555823718738913092": "Hoa hồng",
  "10555831045237446047": "Gã đàn ông to lớn đang tức giận ra tay tấn công các ngươi, ngươi vội vàng đẩy người góa phụ ra, túi tiền lại rơi xuống đất.\nKhông ngờ người góa phụ kia lại trở mặt vô ơn, nhặt túi tiền của ngươi bỏ chạy!\nGã đàn ông to lớn phái người đi đuổi theo người góa phụ, đồng thời hung hãn chặn ngươi lại...",
  "10555839959445285389": "Vua trẻ con ở Quỷ Thị, tính cách táo bạo quả cảm, lên trời xuống đất không sợ hãi, chỉ khi đối mặt với Vạn Tịch tiên sinh mới biết điều hơn.",
  "10555849586439662728": "Đối thoại",
  "10555860940503847191": "Một cây hồ cầm cũ kỹ, là một kiện danh khí chưa được chạm khắc.",
  "10555865186486357338": "Long Quỳ Thảo",
  "10555886806476735906": "Góc độ",
  "10555898330400929897": "5 lần va chạm tiếp theo, sát thương giảm 72%",
  "10555906457836603163": "Dung lượng túi mua hàng chợ +1~20",
  "10555912964510175012": "Âu Dương Thư Chu",
  "10555945285099690523": "Thiếu đương gia, huynh đụng trúng ta rồi.",
  "1055594904021948399": "Đa tạ thiếu hiệp, chúc thiếu hiệp năm mới hồng hồng hỏa hỏa!",
  "10556012602076518131": "Tổ chức - Xây dựng thêm thành phần phần thưởng nâng cấp vị trí an bảo - 19",
  "10556015217794956621": "Kháng cự Minh Kim tăng #G16#E",
  "10556020397294989105": "Giao Diện Phát Thưởng",
  "10556073191136773215": "Vậy để nô tỳ vào dọn dẹp nhé?",
  "10556078431421695736": "Đợt Thứ Ba Cận Chiến 3-5",
  "10556093805140544543": "Máy chủ trả về kết thúc tương tác(rpc_request_active_interact_end_back): err=%s",
  "10556110113442136069": "Tiêu hao nhận thưởng",
  "10556117361118165826": "Khách ở Túy Hoa Âm",
  "10556162182731284227": "Đám chó con này!",
  "10556177512518557694": "Việc ném bình đã có từ lâu. Từ thời Chiến Quốc sơ khai, đến thời Đường Tống huy hoàng. Trò chơi bắt nguồn từ nghi thức bắn tên của sĩ đại phu, dần trở thành thú vui nhâm nhi của khách giang hồ. Khắp nơi dễ thấy người chơi ném bình, họ đã phát dương quang đại trò chơi ném bình này, thậm chí còn cần uống một chút rượu để tăng thêm hứng thú. Giang hồ có câu: 'Chớ chán chén vàng say, chớ dừng tay ném bình'.",
  "105561863138837202": "Ê… là anh em của tôi chọn chim.",
  "10556230083028000012": "Tập Hợp Lang Thang Trên Đường",
  "10556249833197328000": "Do vi phạm quy tắc về giờ giới nghiêm, 7 vị cao nhân kiến đạo đã bị Diêm Ma Thiên trừng phạt, phải vào Giác Chướng Lâm, sát sinh để nhận nghiệp chướng. Lần này, 7 người đã giải thoát cho tổng cộng 93 người, mỗi người đều nhận nghiệp chướng, và số người được giải thoát của mỗi người là khác nhau. Cao nhân kiến đạo nhận được nhiều nghiệp chướng nhất, ít nhất đã giải thoát cho bao nhiêu người?",
  "10556270248159379705": "Đại Chùy Cơ Quan Bộ 05A",
  "10556274884970080429": "Nguyên sinh",
  "105562758793782847": "Phàn Lâu - Võ Lâm Lục - Bầu Không Khí Bổ Sung 7 - Chưởng Quỹ Thư Sinh Nam (Ngẫu nhiên)",
  "10556310229877037980": "Được hồng tuyến gọi tỉnh",
  "10556316782842603626": "Lưu Minh Sách",
  "10556320355881068832": "Long Quỳ Thảo",
  "10556332720239030712": "Lâm Văn Kiệt",
  "10556346505221561755": "Thử Nghiệm Điểm Gắn Kết Hộp Xích Sắt (Mặc Sơn Đạo)",
  "10556351307289020827": "Trò chuyện với Lão Quân",
  "10556360905885288916": "Hoa độc dưới nước",
  "10556375047006766143": "Bách Nghiệp - Nhà tắm - Tổ hợp kiến trúc phong cách số 1",
  "10556381502268845143": "Ghi lại sau khi nói chuyện với Phục Lộc Bảo",
  "10556494741119222503": "Ngươi là người ngoài, sao lại quan tâm chuyện của ta, có thời gian qua quán trà của ta ngồi, ta mời ngươi, kết bạn nhé.",
  "10556500998320602120": "Bảo Rương · Khai Phong",
  "10556511011883175444": " Chiến Lệnh Tiến Giai",
  "10556527140803338193": "Điểm bạch",
  "10556591910231948260": "Bể nước",
  "10556642583200978548": "Ốc ruộng cày già, vẫn luôn chờ khách quan ở đây!",
  "10556657822164555614": "Bia Bắn Xạ Ngũ Ác - Ngạo",
  "10556680090548102599": "Vật Chủng Sinh Thái",
  "10556755105541822165": "[Lối chơi] Cuộc đua Thu hoạch Ngư",
  "10556771261826260115": "Tam Canh Thiên - Trưởng Lão NPC - Dục Trưởng Lão",
  "10556785042225960039": "Tăng cường công kích buộc dây",
  "1055683781024232215": "Vô Ưu Động",
  "10556843125042021888": "Trung Cấp - Chế Tạo",
  "10556851397321321636": "Người Thu Hoa 3",
  "10556875286984444074": "Khí Định Thần Nhàn",
  "10556922163737240296": "Thể chất không tồi, lần đầu đi mây thuyền mà không thấy khó chịu.",
  "10556922444931770182": "Sử dụng vật phẩm này, có thể nhận được ngoại hình tương ứng.",
  "10556956618178432892": "Đinh Đại gia",
  "10556998173102875125": "Đúng vậy, Huỳnh Huỳnh, muội cái này……",
  "10557085937375637047": "Trạng thái cơ thể",
  "10557112866438314983": "Trừ tà an thần",
  "10557144063800948740": "Đường Nhạc",
  "10557171940299408332": "Một món đồ cũ liên quan đến #H%s#E.",
  "10557176856413843264": "Hòa thượng Bính",
  "10557204617642506584": "Khổng Linh Vũ đã tham gia đấu giá phòng quan tài, đấu giá được thanh bảo kiếm thất truyền đã lâu.",
  "10557207979432310355": "Đối thoại",
  "10557225918205850373": "Nương tử ngất đi, tỉnh lại vẫn nằm trong quan tài",
  "105572386564608747": "Ai cũng nói là người thích nhạc hay, nhưng sao lại có người chấp nhất vì một miếng sắt vụn như vậy?",
  "10557239828181219873": "Xem",
  "10557246971017618354": "Kim Loại",
  "10557290988894788175": "Đi nào, nhân chứng, chúng ta cùng nhau, thẳng tiến đến hang ổ của Điêu Bát! Phát động đòn cuối cùng chống lại giả thuyết Điêu Bát bịa đặt! Chúng ta gặp nhau ở Tàng Hiền Cương!",
  "10557313399095422864": "Trừ đi #G2%#E điểm tinh khí hiện tại của bản thân, gây ra #G450%#E sát thương Lý Liệu",
  "10557332099785850341": "Tiểu Thụ Chi",
  "10557343018268910920": "Đạt An Thôn",
  "1055734437043435397": "Mô tả Phần thưởng",
  "10557368649881892203": "Trên váy voan",
  "10557417223795836503": "Phía trên hồ Diễm, ai nói dây đàn đứt hát tuyệt; Dưới cây ngô đồng, luôn có tri âm hồng trần.",
  "10557433569062502314": "Phần thưởng điểm",
  "10557444393656021399": "Học thức chưa đạt tiêu chuẩn, không thể mua mặt hàng này",
  "10557474278468328371": "Xoay ống kính",
  "10557490244114968536": "Thử Nghiệm NPC Thành Nữ",
  "10557506562326195067": "Dung Trạch Hoa",
  "10557532333491968837": "Cừu Oan Nghiệt Hải",
  "10557562817485517275": "Thực hiện tối đa ba lần trọng kích liên tiếp.\nKhi mục tiêu đang ở trạng thái #J Phiêu không#E hoặc bản thân đang có dấu ấn #J Trệ Cốt#E, có thể #J Cảm ứng#E kích hoạt #J Kỹ năng truy kích#E.",
  "10557572178671872788": "Sau khi bị bệnh, có thể chọn #YThỉnh y hỏi bệnh#E, xem cách chữa trị bệnh.",
  "10557646678408612541": "Người ở Khai Phong phủ, nhà ở Thọ Xương Phường, gia sản khá giả.",
  "10557723985537186902": "Đại Thế Giới - Tú Kim Lâu - Độc Hầu - Sài Đao - Yếu E",
  "1055777325411270801": "Túc Thái nương kinh",
  "10557813285775052650": "Lão đại thật lợi hại, nữ hiệp ta không nhìn nhầm ngươi!",
  "10557853381685183560": "Hà Lạc Thị - Nguyệt Nô Nhi",
  "10557957855646612542": "Thái Nhạc Đài - Huyền Nguyên Giáo Câu Liêm (Tiểu Quái Cận Chiến)",
  "10557958725267343507": "Thanh Ngọc",
  "10557968195213009367": "Công nhân đò vừa nói, ban đầu là định vận chuyển chúng đến Hắc Thị à?",
  "10558008376011644514": "Trương Chấn",
  "10558016443317188473": "Ta thấy việc nằm trên mái nhà ngươi quen hơn đấy.",
  "10558046661222900036": "Giang Vô Lãng",
  "10558056580578135873": "Hàng xóm láng giềng tụ tập tại nhà Bác Phan, bàn luận niềm vui gia đình đoàn tụ.",
  "10558058614377903616": "Ui, buồn ngủ quá... Đáng tiếc còn việc phải làm... Vậy thì giải quyết nhanh gọn đi.",
  "10558073821330790975": "Tiêu Tương",
  "10558074824712796329": "Ngư Bách Xuyên - Kiến Văn 1",
  "10558099340349676723": "Suy nhược",
  "10558173143620993822": "Mái Nhà Miêu Miêu Chi Gia 3 (Thử Nghiệm)",
  "10558179256108828753": "Tạo",
  "10558193510505826519": "Bị vu hóa săn bắn động vật",
  "10558196843741397786": "Yến Sào Thảo",
  "10558202311935404783": "Yêu cầu tư cách",
  "10558219248085116750": "Thất Phạt Pha - Điểm Hồi Sinh Chiến Lợi Phẩm 300",
  "10558230024035182912": "Dễ thương tổn",
  "10558261475647889094": "Đối thoại",
  "10558279116475040469": "Hành tẩu giang hồ đường xa, có thể nghỉ ngơi bên cạnh ngựa, thật tốt, thật tốt.",
  "1055838834651855731": "Bồ Đề Khổ Hải - Điểm Hồi Sinh Chiến Lợi Phẩm",
  "10558390217640490307": "Điền Dã",
  "10558455320374965808": "Giảm sát thương",
  "10558472356183510878": "Thiên Phật Thôn - Điểm Hồi Sinh Chiến Lợi Phẩm",
  "10558506923010553888": "Môn phái trưởng lão",
  "1055853274077577453": "Không rõ……",
  "1055853544194577833": "Tiệm biến",
  "10558539701066809657": "Có thể tạo thêm trị liệu dựa trên đòn đánh Khiên Tơ, đồng thời tất cả chiêu thức đều có thể gây sát thương dựa trên tấn công thuộc tính, và sát thương Khiên Tơ tăng thêm.",
  "10558553372740710745": "Lấy của ngươi một thứ, ta sẽ đi cùng ngươi một chuyến. Thế nào?",
  "10558567402690097584": "【Lối chơi】Cuộc thi đánh cá",
  "10558578992765397416": "Từ Tâm Sơn Viện - Điểm Sinh Ra 23",
  "10558629579334587261": "Trần Khải",
  "10558643821285638133": "Động Vật Tấn Công - Thử Nghiệm Ưu Tiên Cấp",
  "10558674734919236528": "Ôi chao! Tốt quá, người đến cứu viện rồi!",
  "10558742675029269274": "Khai Phong Phủ - Đại Viện - Quan Binh 12",
  "10558752212667668601": "Địch Kích Hồi Hoàn Lộ Bảo Rương Phổ Thông - 2",
  "10558772195797991565": "《Hai mươi chiêu hạ gục người thương》…《Từ ngốc nghếch tình yêu đến bậc thầy tình cảm》…",
  "105587997459990835": "Nhất Diệp Bình Sinh - Chương Sáu Hồi Ức Họa Ngoại Âm - Phan Hồi",
  "10558816897843925648": "Tễ Vũ Lâu - Vũ Khí Phố 3 - Giang Hồ Nhân Đối Thoại Tuyển Cấu - Đan Bạch sz",
  "10558849793323606920": "【Chính Thức】Bảo Rương Mộc Chế Tứ Phẩm - Vọng Hoài Nam Nhai (Trừ Cứ Điểm)",
  "10558875950366616722": "Sau thiên tai ngập lụt ở Hà Tây, dịch bệnh độc lan tràn khắp phía Đông thành Khai Phong. Sau khi Tôn Nguyện và những người khác ở Thanh Khê đến, Vô Tâm Cốc và Tú Kim Lâu cũng tham gia vào cuộc tranh đoạt sổ tay của Tôn Bất Khí. Họ lần lượt thiết lập căn cứ tại Ẩn Vụ Lâm, đối đầu với nhau. Gần đây, Tạ Hưu Vũ, người mang linh còi ở Tú Kim, mắc một căn bệnh kỳ lạ, Hiệp Khách có thể dùng thân phận #YThánh Thủ#E vào cửa chính để điều tra đôi chút. #Y(Khuyến nghị tạo nghệ Thám Hoa 1500)#E",
  "10558950987492883774": "Noãn Thạch",
  "1055899397487114993": "Mô Hình Thông Dụng Khách Nhân Tĩnh Thái 22 - Hà Đăng",
  "10558999186757513967": "Độ dự trữ vật tư %s%%",
  "10559012490336705983": "Trang bị thử nghiệm tiêu chuẩn",
  "10559036876266350690": "Phủ nha Khai Phong",
  "10559074255496974033": "Thái Thanh Tiên Cảnh Đạo Đức Thiên Tôn",
  "10559085130373711830": "Lang Phân Vi",
  "10559115832232940074": "Đặc Hiệu Khinh Công Phiêu Đới - 0.5 Bội",
  "10559123169370739196": "Thử thách 【Cấp 51】",
  "10559298464686446759": "Nghê Hà Hoa Ảnh",
  "10559366715846154945": "【Nâng cấp võ học · Hai】#YMinh Xuyên Dược Điển#E và #YThiên Hương Dẫn Hồn Cổ#E đều được nâng cấp lên bậc #Y55#E",
  "10559388361926273710": "Trúng độc",
  "10559427023871984945": "Bạch Mục Túc",
  "10559430035793942890": "Lương Đống",
  "10559430564553774038": "Mỗi lần #GPhạt uống#E, người chơi đều có #Y25% xác suất#E uống trúng rượu độc, khi #Y uống trúng rượu độc sẽ bị tính là ra khỏi cuộc#E và không thể tiếp tục trò chơi. Nếu không uống trúng rượu độc, thì #Y xác suất uống trúng rượu độc lần tiếp theo sẽ tăng thêm 25%#E. \nMỗi người chơi đều có #Ythanh say túy#E, giới hạn thanh say túy là #Y tửu lượng#E của người chơi. Mỗi lần #GPhạt uống#E sẽ căn cứ vào số lá bài trên bàn #Y tăng tiến trình thanh say túy#E. Tửu lượng #G càng cao#E, tiến trình thanh say túy càng #G tăng ít#E.\nKhi thanh say túy đạt #Y100% được tính là say#E, sẽ không thể tiếp tục trò chơi. Sau khi ra khỏi cuộc có thể xem hoặc rời khỏi trò chơi.",
  "10559582010279965676": "#787878Không nhất quán#E",
  "1055959053485942809": "Trúng độc trùng, liên tục mất máu",
  "10559591270155905538": "Đan Nhai - Điểm Hồi Sinh Chiến Lợi Phẩm 85",
  "1055961291341349779": "Trương Tăng Huy",
  "10559671096908815232": "Có kẻ trộm! Ví của ta bị trộm rồi!",
  "10559707206640362428": "Công lực bị hạn chế, tạm thời không thể sử dụng",
  "10559717517853490703": "Con ta, con ta, nương nhớ con quá...",
  "10559719936787684934": "%s đã tử trận hoặc bỏ nhiệm vụ",
  "10559745734335294328": "Biệt Quán - Boss - Tường Không Khí",
  "10559757569186850398": "Thợ hái trúc - Chặn đỡ - Trung",
  "10559794560628691022": "Bách Công Phường - Thiên Kinh Độ - Thanh Giao Đường Ngủ Đêm",
  "10559816826376727382": "Không rõ",
  "1055984270080484726": "Cái gọi là báo ứng",
  "10559845258081567125": "Bọn cướp Long Hổ Trại",
  "10559889350578543027": "Nhìn nữa ta móc mắt ngươi ra!",
  "10559902030481185327": "Trần Gia Tranh",
  "10559931041376773065": "Không thể dùng {}",
  "10559931926738939237": "Quay lại tìm Miêu Miêu",
  "10559936811665229756": "Chỉ tiếc là chị Lăng sinh muộn hơn vài năm, không kịp lúc tiên sinh Giang Dật, tiên sinh Hàn Vi dùng rượu luận giao, lấy khúc luận giao.",
  "10559971811641906383": "Câu Lan Tăng Bổ 2 - Hành Nhân - Thanh Niên Nam Nữ (Nữ)",
  "105599975269031957": "Hai vị đại ca, không phải, giờ này rồi mà một ngụm cũng chưa uống ư?",
  "10560009319269543144": "Trang bị - Điệp Âm",
  "10560015905483016323": "Tăng sát thương",
  "10560031671962942689": "Đệ tử Cửu Lưu Môn",
  "10560047361493380015": "Đang nhận",
  "10560049361887143974": "Trần Gia Tranh"
}