{
  "13325787295244527612": "Tạo ra một vùng lá chắn hình bán cầu bán kính 7 mét dưới chân mình trong 10 giây.",
  "13325807569017432718": "Vũ khí, hoàn, bội",
  "13325815840978320647": "Trong Giác Môn - Bách Niên Giai Lão",
  "13325869977619626360": "Phàn Lâu nội thất - Tối ưu hiệu năng - Tầng 1 tầng 3",
  "13325903922280064441": "Lừa si tình",
  "13325920466154776828": "Nhân vật này đã bị người khác bắt làm con tin, không thể bị bắt giữ nữa",
  "13325950870653042220": "NPC Bầu Không Khí Đấu Trà - Lão Phu Tử",
  "13326014282570788470": "Phần Thưởng Tùy Cơ: Chỉ Huyết Tán",
  "13326029203367944605": "Thanh Hà Thám Sách Thủ Sách",
  "13326033578988924005": "Còn lại {delta_day:d} ngày",
  "13326058958134192896": "Soạn thảo",
  "13326082046122166402": "Thọ Xương Phường - Thọ Xương Phường - Phú Nhân Tuần La",
  "13326086722246838831": "Người Qua Đường Bổ Sung 4",
  "13326104045213639199": "Giang lưu thiên địa ngoại, sơn sắc hữu vô trung. Tôn Nguyện từng xem 《Gia Lăng Giang Tam Bách Lý Phong Quang Đồ》, sau khi xem xong lên cao, nhất thời sảng khoái, vung quạt泼 mặc trong lúc đó, tựa hồ thấy non xanh cùng chấp bút, thế như sơn thủy, chiêu chiêu không thể ngăn cản, có thể sau khi hồi thần, lại không thể thi triển chiêu thức dùng quạt này. Mãi đến mười năm sau, tiếng chuông mây vang lên, Tôn Nguyện nhớ lại cảm giác lúc đó, non xanh chấp bút mới có thể tái hiện giang hồ.  ",
  "13326105284758441831": "Cừ Dục",
  "13326122367152439339": "Thiên Phật Thôn: Liên kết chất liệu mặt đất",
  "13326132530280946758": "Triệu Vĩ Nghiệp",
  "1332613279549473711": "Trương Ích Hào",
  "1332613438642406024": "Mẹ ngươi sao có thể đối xử với ngươi như vậy, lần sau ta gặp mẹ ngươi, sẽ nói chuyện với bà ấy.",
  "13326144934379746169": "Một nhân sĩ giang hồ thần bí...",
  "1332624513938263773": "{3}\nTa vào năm {0} mắc bệnh {1}, sau được danh y {2} chữa khỏi.",
  "13326309097293986833": "Bàn Dương - Tiểu Kịch Trường Xạ Tiễn",
  "13326322149438298656": "Chân tướng rõ ràng, Tống Cửu lòng đầy phức tạp",
  "13326336373720925457": "Bích Tuyền Sơn - Điểm Hồi Sinh Chiến Lợi Phẩm",
  "13326432862733799452": "Thì ra, thì ra bọn họ đã sớm——",
  "13326447268028065373": "Không hâm mộ khách tiên",
  "13326470924993513267": "Thọ Xương Phường - Nha Dịch",
  "13326525738937662629": "Trà Phường Ngõa Tự - Thuyết Thư Ốc - Đệ Tử Cửu Lưu Môn",
  "13326543353635992450": "Cách Chơi Miêu Miêu Miêu - Mạn Đà La Hoa",
  "1332661594100565383": "Mất khống chế",
  "13326629528848848133": "Công tước",
  "13326651754418654731": "Mộng Quỹ mặt mờ",
  "13326667876337177025": "Phòng Chí Cường",
  "13326678867022863034": "Dọn sạch cứ điểm",
  "13326681674683179092": "Phòng Chí Cường",
  "1332669095183772088": "Lưu Phúc",
  "13326780416362333106": "Gió nổi",
  "13326784580737986872": "Thọ Xương Phường - Dẫn Kiến Tư - Võ Quan",
  "13326792604998049730": "Công nhân sửa chữa",
  "13326809249205957416": "Phong Khâu Thôn - Bệnh Nhân Y Quán Thù Du 1",
  "13326867647590602074": "Nhiệm vụ sẽ hoàn thành sau {} bởi #Y{}#E",
  "1332686787523458055": "Nhất Diệp Bình Sinh - Trần Học Ngô",
  "13326901107918927845": "Yến Đại Thiết",
  "13326916603681226890": "Sử đại nhân",
  "13326934320582527948": "【Diệp Tử Hí】Thiên Thượng Lai - Hộ Lục Nương (Ba Người) - Lối Vào",
  "13326937973511021321": "Từ Tâm Trấn Bách Tính 3",
  "13326953860900727999": "Mạt Lị",
  "13326988158724882791": "Ăn chay",
  "13326990313901231042": "Vượt qua thử thách ở độ khó Khó trở lên",
  "1332701482813580594": "Xem",
  "1332702962140725446": "Thọ Xương Phường - Sĩ Binh",
  "13327034759303477303": "Trương Chấn",
  "13327097217786275137": "Quỷ Thị Tử - Tuần La Hữu Trắc 2",
  "1332710475385472362": "Thanh Giao Tiểu Thủ Lĩnh Rơi Rớt Thế Giới Đẳng Cấp 7",
  "13327139792611248543": "Cổ Chưởng - Cầm Biên",
  "13327158143445274176": "Thủy Ngọc",
  "13327244783873755360": "Chọn Bài",
  "13327268173044567287": "Trương Tuấn Kiệt",
  "13327414455288960816": "Thế Giới Đẳng Cấp - Phật Gia Trại - Tửu Nhục Hòa Thượng (Cung)\\nTuần La Định Chế Động Tác: Có",
  "1332743743800577842": "Không được, không thể nghỉ, phải tập trung tinh thần tìm kỹ hơn nữa...",
  "13327447842624698342": "Thiếu hiệp, đã lấy được chìa khóa chưa?",
  "13327463259780836617": "Phá Quân Sát Tướng",
  "13327502575218190700": "Giày ngắn",
  "13327508213271341565": "Thon Dài",
  "13327523502296491337": "Tử Lưu",
  "13327553696686938662": "Đang lấy dữ liệu",
  "13327555684206736688": "Nghe lén",
  "13327640896901243424": "Thì sao! Vì bọn họ, vì quốc gia này ta còn chưa làm đủ sao, cho nên lần này, đến phiên bọn họ vì ta!",
  "13327641598717583330": "Triệu Vĩ Nghiệp",
  "13327667927671919771": "Gửi Du Hiệp:\nPhần thưởng hoạt động WeChat đã được gửi, vui lòng kiểm tra.",
  "13327669521288869984": "Hỏi thăm",
  "13327761068016747534": "Đậu Thuyết",
  "13327767554634832217": "Ta đến nếm thử",
  "13327797122424658994": "Mã Đại",
  "13327811193299104069": "Trắc Thí Thiết Liên Hạp (Mặc Sơn Đạo) - Bản 3 Đoạn Xích Sắt - (Độ Dài 6m)",
  "13327833853755627599": "Xa xa một vùng hoang vu, trưởng làng đang nhìn gì vậy?",
  "13327873104315485418": "Giao dịch với thành viên Bách Nghiệp, tiền Đoạn Mạch tăng (phần trăm)",
  "13327874323852430038": "Đảm bảo uống rồi lại muốn uống, ba bát no bụng này~",
  "13327879355312181257": "Bản đồ...",
  "13327883195435636797": "Cấp độ kiến trúc #YKho#E",
  "13327888593375798493": "Thế thì tốt quá. Tiểu Yêu thích người phương xa, người phương xa sẽ không nhổ nước bọt vào ta và bà nội, cũng sẽ không đuổi chúng ta đi...",
  "13327893638595939274": "Hoán Thạch Phổ - Điểm Hồi Sinh Chiến Lợi Phẩm",
  "13327926730966203477": "Độc Sơn Lam Ngọc",
  "1332793426880160936": "Minh Kim · Hồng Hạng 4-10 Thưởng · Vô Tướng Hoàng",
  "13327937660545291126": "Nguyệt Trung Đế Hương",
  "13327975525564201071": "Tiêu đề báo Tiêu đề báo Tiêu đề báo mười bốn chữ",
  "13327980225423273707": "Thị Tỉnh Khu - Thiên Thượng Lai - Bảng Nền Cố Định Mô Hình Tùy Ý 1 Thư Sinh Nam",
  "13328033336133053873": "Phong Trảm",
  "13328065879383861308": "Lần đầu thắng bài trong Tranh Bá Thần Bài nhận được chip.",
  "13328068308659562982": "Cách Chơi Thị Mãi - Hưu Nhàn Bang - Thưởng Tứ Giai",
  "13328170767171583806": "Phong hàn thấp ba khí hỗn hợp thành tê, trong đó phong thấp khí nhiều, hàn khí ít là phong thấp tê. Do huyết khí hư, kiêm bị phong thấp mà sinh bệnh.",
  "13328179841673364708": "Mô Bản Không Khí Tường",
  "13328186579705848906": "Lâm Văn Kiệt",
  "13328188926558843075": "Quần áo · Mũ",
  "13328203675171737942": "Vĩnh viễn có hiệu lực",
  "13328221691354744625": "Đoàn phụ",
  "13328222557244909466": "Lọ nhỏ tỏa mùi hương lê",
  "1332822792446276859": "Kháng cự lời lẽ nặng nề",
  "13328265619237698578": "Lương Tử Hàn",
  "13328304563737628529": "Lão đại",
  "13328319566407353726": "Ma Tướng Trác (501)",
  "13328324985534762641": "Nhà xí",
  "1332836493502391551": "Ồ, khách đến rồi, xin mời xem tùy ý, hàng của ta đều là hàng thượng phẩm... Ngươi xem xem...",
  "13328385369564572914": "Trò chuyện",
  "13328408320315201943": "S1 - Thưởng Chiến Lệnh - Miễn Phí Cấp 26",
  "13328408403147733154": "Bà lão tinh thần không ổn định nhảy qua cửa sổ rời đi, bên ngoài quá hỗn loạn, mau chóng tìm lại bà lão.",
  "13328417833526948537": "Cô nương, chúng ta chơi một trò chơi được không? Ta đuổi theo nàng, nếu ta đuổi kịp nàng, chúng ta sẽ... hì hì hì!",
  "13328422753167441818": "Hướng dẫn chi tiết",
  "13328437816452933335": "Tổng cộng hoàn thành {value} nhiệm vụ thử thách của bất kỳ phái nào không phải mùa giải ({cur_value}/{value})",
  "13328505511478199004": "Linh kiện thân tàu",
  "13328535716249833093": "Tư Nhân Dục Trì Hơi Nóng - Tiểu",
  "13328538109029423305": "Phật Quang Đỉnh - Điểm Hồi Sinh Chiến Lợi Phẩm",
  "13328576104370551115": "Chiếu Hải - 4",
  "13328623021775621661": "Ra tay nhẹ, đệ tử Long Xà Bang cũng là dân thường, cũng không dễ dàng.",
  "13328733300079760025": "Viên Quốc Chấn",
  "13328767947701675464": "Kim Ngọc Thủ giải đố hang động - Khu vực tổng thể",
  "13328769990489026510": "Sinh Thái Vật Chủng",
  "1332878795919274084": "Triệu Phổ Trạch - Triệu Thừa Tông - Phi Phong",
  "13328794703019158267": "Đang tải...",
  "13328824694372861039": "Tả Trắc",
  "13328830088149082894": "Ở đình thông báo Trường Hưng Tập, tìm kiếm nhóm đáng tin cậy cùng đi săn bảo vật trong rừng sương mù.",
  "13328882276909332883": "Tô Nhị Nương",
  "13328908491361042702": "Ai da, ta biết ngay mà——",
  "13329037649714053262": "Mô Bản Không Khí Tường",
  "13329045370784584093": "Thử nghiệm thử nghiệm xung kích kích kích kích sai sai sai sai sai sai",
  "13329058045277009557": "Trắc Thí Quải Tiếp Điểm Thiết Liên Hạp (Mặc Sơn Đạo)",
  "13329063560781534453": "Danh tiếng lẫy lừng",
  "13329064744599741785": "Hỏi",
  "13329092469889087265": "Cửu đoạn",
  "13329097225241498530": "Trừ tà an thần",
  "1332912432083495459": "Luận điểm phụ",
  "13329134538792433321": "Giang Hồ Nhật Báo - Chuyện lạ Giang Hồ",
  "13329144067365932656": "Trúc Lâm Cựu Cư - Điểm Hồi Sinh Chiến Lợi Phẩm 194",
  "13329243748909612924": "Ngươi đắc tội với ai vậy?",
  "13329269447583932915": "Nội y",
  "13329270101905980231": "Lưu Minh Sách",
  "13329340358950184615": "Ta nghe kể ở Sân khấu nghe cái 'Nói ba phần', nói Quan Vũ gánh đèn đọc 《Xuân Thu》, ừm, ngươi nói xem, vì sao hắn không đọc 《Đông Hạ》!",
  "1332935401605526473": "Trần Gia Tranh",
  "13329405329900484202": "Avatar độc quyền",
  "13329466878093520222": "{2}\nThân có vi chứng, qua chẩn đoán của danh y {0}, bệnh ta mắc phải là {1}.",
  "13329488685800888216": "Thư Tịch 2",
  "13329561621973289800": "【Chính Thức】Bảo Tương Mộc Chế Tam Phẩm - Khai Phong",
  "1332957313129721756": "Đang lấy dữ liệu",
  "13329701055051935080": "Xin cáo từ",
  "13329711237479651": "Làm lão đại không tốt, Nguyên Sinh đừng làm lão đại......",
  "13329728959562619554": "Quả cà",
  "13329728994177275914": "Trương Tam? Sao ngươi không nói ngươi tên Lý Tứ luôn đi! Khai thật ra, tên gì?",
  "13329735871176395018": "Định thân",
  "13329747610825299007": "Nhiệm vụ: Phá địch",
  "13329760806766882136": "Cần giúp đỡ không? [#Mỉm cười]",
  "13329795901579838229": "Trong tuần này, tham gia bất kỳ lối chơi nhàn rỗi đồng hành nào 2 lần. Cùng người chơi #YSáo Non#E hoàn thành có xác suất nhận thêm #Lễ Sáo Non Bách Nghiệp#E",
  "13329827336747779459": "Suy yếu",
  "13329847193743678902": "Giảm 25% sát thương phép thuật bản thân phải chịu.",
  "1332988531686476692": "Ghi nhớ sau khi trò chuyện với Mộc Bạch",
  "13329946396430332836": "Vớt bùn dưới sông để làm phân bón.",
  "13329956901056783190": "Mục tiêu lối chơi: Ấn ký du vân·%s",
  "13330009469897946156": "Đối thoại",
  "13330025425625675356": "Đang tải...",
  "13330031847031692292": "Đang chờ nhận đồ đệ",
  "13330079811632635192": "Đuổi theo quái vật",
  "13330197300352878652": "【Chính Thức】Bảo Tương Mộc Chế Tam Phẩm - Khai Phong",
  "13330213007832330370": "Trần Khải",
  "13330283032252819556": "Không ở Thần Tiên Độ, không thể thiết lập đóng băng tiền.",
  "13330297954804684435": "Tàng Hiền Cương - Điểm Hồi Sinh Chiến Lợi Phẩm 98",
  "13330320616522175756": "Đối thoại",
  "13330364492008259902": "Nam Sơn tiên sinh",
  "13330367430177414036": "Cảnh Uẩn",
  "13330394220687637100": "Hà Đông Bát Tuấn từng đánh lui người Khiết Đan, bảo vệ Thanh Hà, người dân cảm kích, bèn tạo ra các bia khắc Bát Tuấn Đồ ở khắp nơi trong Thanh Hà để tưởng niệm. Hình khắc này khắc về Phong Năng Kỳ, ông từng được một kỳ nhân ở Mặc Sơn Đạo chỉ điểm, học được chút da lông thuật cơ quan thuật. Tuy chỉ là da lông nhưng cũng đủ để lọt vào Bát Tuấn, tương truyền nơi ở của Nguyệt Thần nổi danh giang hồ chính là do ông ta xây dựng.",
  "13330394856841044923": "Hạ Giang Đình",
  "13330450308391615524": "Chủ tiệm đồ sứ nhà họ Lâm",
  "13330502591295067492": "Snow dog",
  "13330613839518574030": "Cửu Lưu Môn - Âm Binh Trấn Thủ",
  "1333063089709821972": "Điền Dã",
  "13330659681659219856": "Vũ Y Lâu - Hắc Mã Khí Chất - Vô Yên",
  "13330738071133348426": "Đấu võ đài thử luyện - Đăng ký",
  "13330741992871350761": "Cưỡi ngựa",
  "13330748424683077540": "Cái gọi là \"quân tử động khẩu bất động thủ\", so với đánh đấm, quân tử thích ăn uống hơn, ăn mập vào mới có uy nghiêm.",
  "13330754602330260023": "Phòng Chí Cường",
  "13330787759960357960": "Hoa Trung Thừa",
  "13330839257172717271": "Trương Chấn",
  "13330866635906790379": "Đối phương đang cân nhắc giao tình với ngươi",
  "13330888624089426301": "Mặc Sơn Đạo, Mặc Sơn Đạo... Haiz, chắc là thủ lĩnh của chúng ta... Nhưng thủ lĩnh hiện giờ chắc không còn là người của Mặc Môn nữa rồi...",
  "13330889295778580187": "Giang Ngọc Kính",
  "13330889340351785216": "Tôn Hạo Thanh",
  "13330899126446263815": "Trương Chấn",
  "13331005557242312704": "Quách Chủ Bộ mới ra cuộn tranh《Tuyết Kỷ Hành Giang Đồ》, sao Sa Tác Vũ này vẫn chưa đến lấy?",
  "1333101968292790498": "Thanh Hà giải đố hang động 005",
  "13331083798832236446": "Đang tải dữ liệu",
  "1333109583923637386": "Đan Lạc Trúc Biện",
  "13331111246074327617": "Dế Mèn",
  "13331142667879740927": "Nhắm Trúng Mục Tiêu",
  "13331149432121886825": "Cụ ông lớn tuổi thế này còn phải trồng ruộng nuôi gia đình sao? Nếu cụ có con cái ở xa, ta sẽ cố gắng đi báo tin...",
  "13331150553013002238": "501 - Khu vực xây dựng giới hạn Từ Tâm Trấn - Dưới lòng đất trên mặt đất",
  "13331159350447889819": "Oa oa oa!",
  "13331168475500658443": "Chim Sẻ (Tạm đổi thành Chim Khách)",
  "13331197126983165999": "Chỗ này... chỗ này... còn chỗ này nữa, tính toán xong là hoàn hảo rồi.",
  "13331198082070847634": "Nhưng thấy mệt rồi, hay là chúng ta nghỉ một lát?",
  "13331256319551905627": "Mẫu Quái Vật Quan Binh Đại Tống - Yển Nguyệt Đao",
  "13331288177784599307": "Di Chỉ Trung Sơn - Sân Thượng Đại Điếm Trung Tâm",
  "13331300857192706703": "Gửi ghi âm",
  "13331304899655934799": "Sinh Thái Vật Chủng",
  "13331325990973102801": "Thụy Đạo Nhân",
  "13331330271175673557": "Bảng Mẫu",
  "13331424949183231417": "Mang chua tao đến cho Kim Ô Chuyển Tuyết",
  "13331436208833793139": "Mới ra đời",
  "13331467094587703847": "Trần Hiểu Hàn",
  "13331496775270911442": "Y Đao là chuyện của hắn",
  "13331525210622332209": "Đuổi đi",
  "13331532237547355530": "Thiên Phật Thôn_Đám Đông Vây Xem",
  "13331557841392207842": "Phòng ngự lời nói ngoan độc",
  "13331585742632707323": "Quách Vũ Ngang",
  "1333163047390543482": "Chúc mừng du hiệp với thành tích xuất sắc đứng thứ #8c5823{0}#E leo lên bảng #8c5823{1} không bị thương#E! Đặc biệt trao danh hiệu, mong tiếp tục cố gắng, dũng cảm leo lên đỉnh cao!",
  "1333163083132084353": "Điều trị bệnh tật, liều trị khí giảm 34%.",
  "13331640352248900881": "Câu đố này không khó, coi như giải trí.",
  "1333167923524240560": "Lộc Chi (Đực)",
  "13331781372643198351": "Tơ trúc nhã vận",
  "13331809497816898801": "Phòng Chí Cường",
  "13331858560493830703": "Thu được khi bán đạo cụ",
  "13331867000118111188": "Luận Kiếm Quán Quân",
  "13331918675891008642": "Sử dụng vật phẩm này, có thể nhận được trang phục tương ứng.",
  "13332050066132219679": "Thương Nhân Ngẫu Nhiên Từ Tâm Sơn Viện",
  "13332060168462430100": "Trong bụng đang cuộn trào dữ dội",
  "13332088194483851763": "Ngay khi Thẩm Nghĩa Luân rơi vào hôn mê, một làn sương lạnh ùa đến từ phía sau.\nNhân vật chính có cảm giác liền nắm chặt chuôi kiếm, xoay người rút kiếm bước về phía trước.\nAnh đã hiểu nguyên nhân trả thù của nhà họ Trịnh, nhưng cũng đã kiên định quyết tâm hóa giải nguy cơ.",
  "13332110629872019652": "Lão Thái Đánh Mạt Chược 1 (Có Thể Cõng)",
  "13332149643776571088": "Phỉ Đồ Lửa Trại Ngoài Cửa 1",
  "13332167295449395855": "Trò chuyện",
  "13332205108606841774": "Hướng dẫn xếp chồng - Đơn người",
  "13332295066308288824": "Thằng nhóc thối, ngươi thật sự đọc được cuốn \"Luận Ngữ\" này sao? Có lòng ham học hỏi, đây là chuyện tốt. Nếu ngươi còn muốn xem, trong tiệm có đầy những cuốn Luận Ngữ mới in, cho ngươi mượn. Lần sau không được làm loạn nữa!",
  "13332307117027079781": "Bạch Mộc Túc",
  "13332317354758856580": "Du Lập",
  "13332336118675925123": "Hang Động Giải Mê - Bánh Răng",
  "13332481932106341221": "NPC Đấu Tửu - Tầm Thương Lam",
  "13332500059129186943": "Thiếu dữ liệu thanh tiến trình, board_distance = %s",
  "13332511014677225706": "Phong ba giang hồ đã yên, Cảm Hương Đường đến đây, cá hun còn lại ít, đừng sợ bằng hữu.",
  "13332514481225150187": "Bảo Rương",
  "13332559216592231475": "Cành Cây Nhỏ",
  "13332571704843823576": "Khu Hành Chính - Thượng Triều - Thủ Lĩnh Quan Binh Đại Tống Canh Gác",
  "1333258527776286135": "Nấm",
  "13332587522530643551": "Lưu Phái Tháp Chước Mộc · U Tầng 1 - Tiểu Thủ Lĩnh Hãn Phỉ Đao Thuẫn",
  "13332644979318218576": "Hà Sơn Như Cố",
  "13332681845595438310": "Phần Thưởng Nghiên Cứu Độ Tam Giai",
  "13332684064749162482": "Khai Phong Phủ - Đại Môn - Bộc Nhân 17",
  "13332684789513272740": "Đối thoại",
  "13332728840274465581": "Hứa Hữu Thanh",
  "13332754258166876527": "Ghi chép",
  "1333283767203715699": "Thạch Cửu Lượng",
  "13332858596971728888": "Lần mua ký gửi nhanh này",
  "13332900149476807510": "Tròn đầy",
  "13332942641397356264": "Kết giao bạn bè",
  "13332952435641745581": "Thập lục ngõ",
  "13332979199580815308": "Thưởng cấp độ {} ",
  "13332989295006796061": "Chuông Lạc Đà",
  "13332989489598190059": "Nhưng ta xưa nay không mua, rượu này, vẫn là mùi vị rượu trộm được mới ngon!",
  "13333021648905758426": "Soạn thảo",
  "13333034322045879016": "Đến tỷ thí đi!",
  "13333040067385619459": "Lý Gia Đống",
  "13333084896760248231": "Sử dụng vật phẩm này, có thể nhận được ngoại trang tương ứng.",
  "13333094299143468106": "Hàn Ô",
  "13333095063047806356": "Tương Bồ Đơn Giản",
  "13333128920054123170": "Phần Thưởng Rút Thăm Trúng Thưởng Tết Nguyên Đán 33",
  "1333314884387989562": "Dư Triều",
  "13333171828327713162": "Bảo Rương Tứ Phẩm Từ Tâm Sơn Viện",
  "13333185954826946594": "Chú Giang, qua năm mới rồi. Nhớ món vịt quay chú làm quá……",
  "13333217773771344691": "Thiên Thượng Lai - Quái Vật Trại Lính 96001",
  "13333259464556897618": "Chén rượu Tương Ngôn, buồn bã nổi lên nỗi sầu chia ly. Vị khách trong phòng bên là người có câu chuyện. Cô ấy rất thích Ly Nhân Lệ.\nNhưng dường như cô ấy cũng là người rất nguy hiểm, chỉ một cái nhíu mày nhếch môi thôi đã khiến người ta khó chống đỡ.\nMay mà Hàn di kịp thời xuất hiện, nếu không thì……",
  "13333279392261639895": "Nhớ kỹ căn nhà chính giữa không được động vào, nếu động vào hậu quả tự chịu!",
  "13333330924562774442": "Âu Gia Hạo",
  "13333340212488518681": "Đường Miễn Phí BP 18",
  "13333374057547480080": "Tiểu, tiểu sư muội... Nàng nói kể chuyện hay thì có thể đổi cá từ chỗ nàng... Chuyện của cả đời có thể đổi lấy cả đời.",
  "1333339175616311423": "Tấn công Phá Trúc tăng",
  "13333415959637746636": "Thương Nhân Bình Dân 1",
  "13333430390746984017": "Đối thoại",
  "13333491674675601272": "Dựa vào ruộng đất để làm giàu.",
  "133335278184388010": "Thiếu nữ Khai Phong tính cách dịu dàng, tạm thời đến Thanh Hà thăm người thân, sau khi câu được cá sẽ phóng sinh.",
  "13333580557251713933": "Từ Giai Kỳ",
  "13333669279175676146": "Khí Chất Tháp Rượu Thơm Trước Tai Ương - Vận Chuyển Vò Rượu 4",
  "13333705504972874198": "Chỉ là... ha, e rằng mọi người đều đã nghe được không ít lời đồn.",
  "13333738120764059457": "Thế nào, các ngươi đều nhìn hiểu chưa?",
  "13333795396149769002": "Màn hình đen: Bạn đã kể cho Tiểu Thặng nghe những gì bạn thấy và nghe được dưới giếng.",
  "13333799838332195738": "Số lượng thêm vào không được bằng không",
  "13333820876627930330": "Hải Ngưu",
  "13333833494812972431": "Tiểu Hoa! Đừng chạy lung tung! Về nhà lại phải tắm rửa bây giờ!",
  "13333860172027999930": "Y Thánh",
  "13333886096515050111": "Hắc Tài Thần",
  "13333896136144668409": "Sinh Thái Vật Chủng",
  "13333914721643118978": "Chung Kết Thanh Hà - Đinh Tị (Con Tin)",
  "13333915463413215175": "Chơi một ván không? Ta có tin tức độc quyền về Bảo vật Rừng Sương!",
  "13333956384041535465": "Còn có thể là gió gì nữa, \"Bảo âu sinh ngàn vàng, quần anh tụ Phàn Lâu\", đương nhiên là hương gió của quần anh hội rồi!",
  "13334084751208714813": "Độc Hoa Bích Tuyền Sơn 7",
  "13334189658583882589": "Đăng xuất",
  "13334191328312301712": "Khí Chất Vũ Y Lâu - Thư Sinh Nam Ngẫu Nhiên",
  "1333419396567630727": "Lính",
  "13334216256686330963": "Trần Gia Tranh",
  "13334251545870042851": "Thu Giữ",
  "13334265810728772767": "Mẫu Tường Vô Hình",
  "13334270749807412649": "《Địa Hạ Lương Thương》 - Hàn Khuẩn Mộng Khôi - Trát Thảo Đao (Tinh Anh)",
  "13334319981762578111": "Tắm máu",
  "13334322386032090754": "Thùng Thuốc Nổ (Nhỏ/Có Thể Vận Chuyển) 82",
  "13334324652641589523": "Giọng nói này…… là Lý Oa?",
  "13334353929463703461": "Danh Xưng \"Hải Vương\""
}