{
  "11736388519296589887": "Ưm, bột thuốc trong lọ này chỉ còn lại một chút xíu, xem ra là đã dùng cho người khác, hoặc là chính hắn đã uống rồi...",
  "11736419773446894070": "Kẻ trộm",
  "11736487688382032970": "Chàng trai trẻ, chàng trai trẻ! Khoan đi, giúp lão già một tay.",
  "11736515241853504356": "Vũ Y Lâu - Điểm xuyết không gian",
  "11736520270379354612": "[Thông bảo đang tải...]",
  "11736578666631451916": "Hắn vừa chạy không lâu, chắc chắn sẽ để lại dấu chân…… dùng Nghe Phong Biện Vị thử xem",
  "11736671981443840068": "Hóa ra tâm pháp mà Tống Cửu mua từ Hồ Tử với giá cao đã bị một khách lạ bí ẩn cướp mất, hai bên đã lập ra quy tắc giang hồ để quyết định quyền sở hữu tâm pháp. Đã hứa giúp hắn đòi lại công bằng, vậy hãy đến địa điểm hẹn chiến thôi.",
  "11736684637392241489": "Tìm kiếm thức ăn",
  "11736716418029803370": "Nhậm Khoan",
  "11736718773647509253": "{total_day:d} ngày {diff_hour:d} giờ",
  "11736768566211650927": "Một bước tới",
  "117367698152831430": "Thợ thủ công Bách Công Sưởng",
  "11736879684414201701": "Quan viên Nội Các - Trung Thư Tỉnh",
  "11736903530355664609": "Chưởng Quỹ Chiêu Tài",
  "11737004030716854532": "Thời gian còn lại: 12 ngày 7 giờ",
  "11737005046479149855": "Về cơn đói",
  "11737007059614614504": "Kim Thiềm Đằng Nhảy",
  "11737040071453194912": "Nhất Diệp Bình Sinh - Tuần tra khu vực bổ sung 6",
  "11737047727797875644": "Tại Thần Tiên Độ, có một khách say rượu ngồi uống một mình ở quán rượu, có vẻ lạc lõng với sự náo nhiệt xung quanh. Ly Nhân Lệ nổi danh thiên hạ, Thần Tiên Độ cũng là nơi tụ tập của khách say rượu khắp thiên hạ. Người khác nâng ly nói chuyện vui vẻ, còn người này thì không nói nhiều. Người ta nói: Gặp tri kỷ uống rượu, ngâm thơ đối với người tri kỷ. Có lẽ hắn đang đợi một người có duyên...?",
  "11737084824092157340": "Từ Tâm Sơn Viện - Điểm xuất hiện chiến lợi phẩm",
  "11737098551156966895": "Khúc Kính Thông U - Câu Lan Oa Tứ - 1",
  "11737115217740619676": "Trần Gia Tranh",
  "11737130569708904174": "Hướng dẫn tân thủ - Tống Lục",
  "11737131794423086967": "Mô hình rỗng - Vòng quay tương tác - Thử nghiệm",
  "11737133894833580894": "Ngựa đen không yên không thể bắt",
  "11737140571444501832": "Môn phái Chấp Pháp Đường",
  "11737194511701467531": "Không có gì... Thật ra, ta vẫn hằng muốn thoát ra khỏi cái giếng này, không còn phải trốn đông trốn tây nữa. Vì điều đó, ta vẫn luôn đợi một người đáng tin cậy.",
  "11737197438566782495": "Ngươi tưởng không báo quan là có thể thoát tội sao? Người làm, trời trông, mèo trông, chó cũng trông! Vì lợi ích của ngươi, ta vẫn nên báo quan thì hơn!",
  "11737209023680720458": "Đá cuội",
  "11737223698051121243": "Thông tin lừa đảo",
  "11737227090094229159": "Huynh đệ ngươi muốn bị đánh à?\nNgươi không muốn nhìn thấy ánh mặt trời ngày mai à!",
  "1173728418417309331": "Ngô Tiểu Oánh",
  "11737316729009229670": "Hỏi đường",
  "11737320426797338287": "Thí luyện lưu phái Liệt Thạch · Uy Lưu",
  "11737366356520471527": "Tin tức A Đệ gửi tới……ừm, tạm thời trả lời Môn Chủ như vậy đã.",
  "11737410981689888958": "Ê—có ai không?",
  "11737440295048080917": "Thôn Phục Mã Trang - Rương báu Tam phẩm 8",
  "11737503728192887798": "Cát Tiểu Thử mất rồi?",
  "11737506956656617555": "Nhiều người",
  "11737509690564703082": "Thật sao?!",
  "11737537063035429965": "Thôi đi",
  "11737584989630487410": "Câu cá - Túy Hoa Âm",
  "11737610090328867220": "Quách Hoành Thu",
  "11737646296552141686": "Hầu Hiểu Đào",
  "11737668482174089260": "Bản vẽ",
  "11737704026967095788": "Sử dụng vật này, có thể nhận được ngoại hình tương ứng.",
  "11737705783975573178": "Phần thưởng điểm Bác vật theo danh mục",
  "11737762194416914679": "S3 - Phần thưởng Chiến lệnh - Trả phí cấp 20",
  "11737769960553681558": "Nhậm Khoan",
  "11737818245106648890": "Rương báu - Khai Phong",
  "11737883061609235043": "1-4 người",
  "11737907226927852903": "Hồ Lam Oánh Quang 0.5",
  "11737974967002679085": "Thiên Thượng Lai - Mô hình ngẫu nhiên - Phông nền cố định 4 nam thường dân",
  "11737983480775271992": "Tiệm bút Triệu Văn Tú",
  "11737998443852904231": "Chẳng lẽ đồng tiền nhà Đường đến Khai Phong không rõ lai lịch là do Cửu Lưu Môn trộm Bảo Bồn rồi sinh ra sao?",
  "11738019840153280418": "Lao động ăn cơm miệng lớn",
  "11738078550722271048": "Vật phẩm #C{0}#E của ngươi đã được bán! Nhận được tài chính #Y{1}#E",
  "11738110435891200555": "Đến Lâm Giang Ấp tìm Vương Lãm",
  "11738121377831100502": "Khu vực phát thuốc - Khách hàng 2 mua thuốc - Toàn bộ Cung Ngọc Trân",
  "11738131556253278100": "Chuyển Đổi",
  "11738146811873605883": "Đang tải dữ liệu đang tải dữ liệu đang tải dữ liệu đang tải dữ liệu đang tải dữ liệu đang tải dữ liệu đang tải dữ liệu đang tải dữ liệu đang tải dữ liệu đang tải dữ liệu đang tải dữ liệu đang tải dữ liệu đang tải dữ liệu đang tải dữ liệu đang tải dữ liệu đang tải dữ liệu đang tải dữ liệu đang tải dữ liệu đang tải dữ liệu đang tải dữ liệu đang tải dữ liệu đang tải dữ liệu đang tải dữ liệu đang tải dữ liệu",
  "11738198238050437709": "Xin nằm xuống",
  "11738207430008693176": "\"Đường đời gặp muôn vàn người, chỉ có nàng là ngọt ngào nhất thiên hạ.\" Thiên Nhai Khách ở Bách Thảo Dã đã viết như vậy.",
  "11738211771987784507": "Tiếp tục khớp",
  "11738292359972980971": "Đạo nhân ngủ nhiều người - Cấp 66",
  "11738326131772533359": "Hướng Dương Pha",
  "11738339257995221249": "Phổ.71 Giai Cấp Phong",
  "11738343393505986862": "Bệnh chứng phát tác, gây sát thương Nội Tà trung bình!",
  "11738362171301114522": "Ái, ai động vào gói đồ của ta! Có phải ngươi không?!",
  "1173837710047976085": "Dế",
  "11738417240068132412": "Là... làm quan lớn bằng cách nào?",
  "11738439468871216023": "Long Hổ Lĩnh - Điểm xuất hiện chiến lợi phẩm 12",
  "11738478060404186566": "Vô Tâm Cốc - Thủ Lĩnh Dự Thiết - Trưng Bày 4",
  "11738480804905985212": "Không rõ lắm...",
  "11738571579657313607": "Kinh Triều Dương tiếp tục cặm cụi viết, tiện thể chào ngươi lần sau lại tìm hắn.",
  "11738571704494940127": "Giải đố phức hợp - Bách Thảo Dã - 2",
  "11738575465623827979": "Lễ Sồ Yến Bách Nghiệp",
  "11738583225144972666": "Thật là một mớ hỗn độn.",
  "11738618558172141957": "Lương Đức Nhai 2",
  "11738678440700168309": "Xin lỗi đã làm phiền",
  "11738686012571754298": "Âm mưu quỷ quyệt",
  "11738724362113292639": "【Sự kiện nhiều người - Huyền Hồ Tế Thế】Loại hình 2 - Thức ăn chay",
  "11738757078066223481": "Đang nhận",
  "11738766432758782952": "Hoàng Lạc Tư",
  "11738780452121013789": "Nghe nói, điều tra #H trấn thủ · bờ Nhược Thủy#E, tìm thấy #H hồ sơ phẫu thuật#E trên giá sách, có thể nhìn thấy bí mật của Lạc Thần.",
  "11738791686646921989": "Mã Lộc - Tùy tùng",
  "11738794406023010992": "Phạm vi hiển thị rương báu khi liên cơ",
  "11738799144915130553": "【Chính thức】Rương báu Kim chế Nhị phẩm - Khai Phong (khoảng cách truy vết ngắn) - Cấm vào Kho Cung Phụng",
  "1173881967393070056": "Liên Hoa Thiền Viện - Tường không khí cứ điểm tái xuất hiện nhiều người",
  "11738828236173073657": "Đông Khuyết Công tử ở lầu ba, đi không?",
  "11738829779775895052": "Đan Nhai - Điểm xuất hiện chiến lợi phẩm 295",
  "11738837896032781911": "Trương Tiêu Nặc",
  "11738901481708527243": "Hoa Trung Thừa",
  "11738957146069861291": "Khai Phong Phủ - Đại viện - Quan binh 59",
  "11738966740342924562": "Do thiên hành tà độc nhân cơ hội xâm phạm tam dương kinh lạc mà gây ra, đầu mặt sưng đỏ đau đớn, cổ họng đau khàn, nên còn được gọi là ôn dịch cóc.",
  "1173897047949048314": "Bình hoa",
  "11739002117588462898": "Oánh Uyên - Tế tự - Tượng đá chắp tay sau lưng",
  "11739016849590538948": "Ghi lại Tháp Hương Vị Bất Tiên Tửu.",
  "11739034878327529529": "Bể khổ Bồ Đề ở Thiện Diệu Châu, đã hoang phế từ lâu mà đột nhiên vang lên tiếng trống? Chi bằng đến xem thử.",
  "11739064528402152048": "Trần Hiểu Hàn",
  "1173908210164605030": "Trần Gia Tranh",
  "11739121393906077740": "Đa nhục chất",
  "1173916714718255071": "Phần thưởng mùa giải tạm thời Bách Nghiệp khi ra mắt",
  "11739235319692331442": "Quần Anh Hội",
  "11739238504393794844": "Từ Tâm Trấn - Điểm xuất hiện chiến lợi phẩm",
  "11739301999917565300": "Chu Vũ Lâm",
  "11739307436273817405": "Cửa hàng liên kết",
  "11739433887269835915": "Một bản hướng dẫn chế tạo công cụ.",
  "11739485768651826749": "Đang tải dữ liệu...",
  "11739523149486956024": "Ê! Ê! Cái Vương lãm này—!",
  "11739530724062499774": "Giang Vô Lãng",
  "1173954203301570450": "Cá chép",
  "11739554655967745694": "Đã bị loại",
  "11739556583847546317": "Vùng thất bại của BOSS dã ngoại Thanh Hà - Nghệ Nhân Bóng Số 2",
  "11739557842403659482": "Đã dùng thuốc cực âm, nhiệt độ cơ thể giảm mạnh!",
  "11739574397529868680": "Đang lấy dữ liệu",
  "11739585804299117270": "Chủng loại sinh thái",
  "11739589536960279733": "Đang lấy dữ liệu",
  "11739645455764524071": "Tự động giải trừ sau khi rời khỏi Tửu quán Phong Sa!",
  "11739661217365265678": "Xuống dưới đường nước dẫn đến trước điện, nghe lén kế hoạch của sứ giả",
  "11739683363432519660": "Giáp đầu, Giáp ngực, Giáp ống chân, Nhẫn",
  "11739714917973376992": "Hí!",
  "11739753880420310017": "Chẳng phải ngươi nói ngươi bị yêu nữ bắt đi hút tinh khí, bảo chúng ta đến cứu ngươi sao?",
  "11739786018703447695": "Chu Vũ Lâm",
  "11739796499237927625": "Triệu Vĩ Nghiệp",
  "11739798547565032321": "Đứng hình",
  "1173980603994315946": "Từ Giai Kỳ",
  "11739813547255096060": "Thanh Sơn chấp bút",
  "11739832060571653968": "Phòng Chí Cường",
  "11739872940068182558": "Khối đá",
  "11739909427867949583": "Kim Minh Trì",
  "11739957968752343058": "Thiên Nhai Khách Vân Du Giang Hồ Sở Lục",
  "11740097522099029870": "Phá Trận Nhạc có nguồn gốc từ khúc hát Phá Trận của Tần Vương thời nhà Đường, ban đầu là quân ca, sau này phát triển thành vũ điệu cung đình nhà Đường, dùng trong yến tiệc, tế lễ các nơi, khí thế hùng hồn, vang trời chuyển đất. \"Thần Công Phá Trận Nhạc\" thời Đường Cao Tông, \"Tiểu Phá Trận Nhạc\" thời Đường Huyền Tông đều là sự biến đổi hình thức của \"Tần Vương Phá Trận Nhạc\" do Đường Thái Tông quy định, đáng tiếc trong nước đã không còn lưu lại, may mắn có nhiều bản cổ phổ được truyền từ Nhật Bản đời Đường, mới cho phép hậu nhân có cái nhìn thoáng qua về âm nhạc đời Đường. Tuy nhiên, việc giải mã cổ phổ rất khó khăn, con đường phục dựng còn nhiều gian nan, nay lấy mười sáu âm để gạch ngói dẫn ngọc, nguyện cùng chư vị cùng nhau phấn đấu!",
  "11740112240312908631": "Bách tính Đông Thành",
  "11740123828696321517": "Xuất hiện người hái trúc bí ẩn bên ngoài trấn Từ Tâm, nghi là bán sơn dược độc hại, nhiều cư dân bị hại!",
  "11740217296427267672": "Chim sáo",
  "11740262980345468721": "Ngươi đến gần đây, chuyện này ta cũng biết, mẹ hắn đã từng kêu la —",
  "1174026850779561988": "Hà Kỷ Hi",
  "11740341561358325802": "Gây sát thương khí liệu #G52%#E Nội Tà, và nhân bản #G1#E lá Y Phương ở chồng bài của ta",
  "11740411326201763469": "Nguyên liệu chế tạo - Tất cả",
  "11740416734976216529": "Vật Vong Ngã 03",
  "11740437659245421455": "Địa lao Lò nung - Điệp Điệp Lạc 4 người - Tủ sách",
  "11740440469184826117": "{2}\nThân có chút không khỏe, qua chẩn đoán của danh y {0}, bệnh ta mắc phải là {1}.",
  "11740446599261057380": "Đại ca, thiên tai đó là tình trạng thế nào?",
  "11740494247783399364": "Thẩm Châu Nhi",
  "11740526157397306618": "Do giao dịch bất thường\nChức năng giao dịch của bạn đã bị đóng băng",
  "11740546903156310426": "Phần thưởng Đoạn vị 4-2",
  "11740549759391571160": "Nói sớm đi chứ",
  "11740570194362215013": "Hôm nay tập hợp chư vị, lấy danh nghĩa ẩn nguyệt luận hiệp, bàn luận chuyện thiên hạ, chuyện của chúng ta.",
  "11740605891075480127": "Xuất khẩu thành chương",
  "11740609086870498278": "Phật Quang Đỉnh Nhị Phẩm Bảo Rương 5",
  "11740643085314179377": "Định thân",
  "11740675163275094346": "...Ngươi nói gì cơ?!",
  "11740677105805714866": "Thuộc tính Kình có thể tăng thêm tỷ lệ hội ý.",
  "11740709357237937776": "Bồi Dưỡng",
  "11740724917298463985": "Ngu Mỹ",
  "11740764507867086521": "Chúc mừng {} đã tài trợ vàng danh đặt tên cho buổi bắn pháo hoa!",
  "11740821535971419518": "Đối thoại",
  "11740832908888313572": "Tỷ lệ mắc bệnh lý thần trí với giá trị bệnh trạng dưới #Y20000#E là #Y-14%#E",
  "11740900212215804251": "Ghi chép sau khi tìm thấy Túi tiền chữ 【Tận】",
  "11740929458548730344": "Hiệp khách đi ngang qua Bồ Đề Khổ Hải, dường như biết rõ một vài chuyện cũ đau lòng đã xảy ra ở Bồ Đề Khổ Hải.",
  "11740930216814554572": "Các ngươi đàn ông",
  "11740951149913771309": "Tào Vũ Hồng",
  "11740964068787364024": "Biết là để làm mồi nhử, lẽ ra ta nên...",
  "11741051601510288463": "Bình Hòa",
  "11741069997141510766": "Khách đến dự Yến Tiệc Khai Đàn, xem ra rất thích rượu.",
  "11741099156843034015": "Trần Gia Tranh",
  "11741140123978230969": "Linh kiện thân tàu",
  "11741153829623983019": "Huỳnh Lệ Hoa",
  "11741197382790761717": "{2}\nThân có vi chứng, được danh y {0} chẩn đoán, bệnh ta mắc phải là {1} китай",
  "11741241638143332254": "Đang tải dữ liệu",
  "11741243085153494488": "（Đang tải dữ liệu）",
  "11741262633943230828": "Tiểu Binh Động Nội Dân Tráng Động",
  "11741265304242378685": "Phúc Sinh Vô Lượng Thiên Tôn, đạo nhân tiện đây đang tụng là «Kinh Bắc Đẩu».",
  "11741283992631176074": "Đáy Tửu Tháp - Vật phẩm rơi từ người chơi: Linh kiện Khinh công Đơn hướng Trọng phản - Vô Phiêu Đới",
  "11741322402360190784": "Đã chọn một phần vật liệu cần thu hồi, sau khi thoát sẽ mất bản ghi, có tiếp tục không",
  "11741366276721286679": "Hổ Phách - Nguyên Khối",
  "11741469596566428811": "Tại đây có thể vào Chế Độ Nhiều Người Chơi, cùng người chơi khác ngao du giang hồ",
  "11741536935345147501": "Người xa lạ",
  "1174155258608391143": "Ngưng thần",
  "11741552958313474839": "Khai Vận thứ tư",
  "11741630601892531052": "Chua ngoa",
  "11741654585202934010": "Thi Thiên Lai",
  "11741664790254071648": "Túy Hoa Âm - Phàn Lâu - Giải Mã Phức Hợp - Hương Lô",
  "11741692923898341063": "Hô a... hô... ai da, không thể ngủ không thể ngủ.",
  "11741703677340037430": "Thử Nghiệm AI Nhiệm Vụ",
  "11741709040180336560": "Bình Phục Thiếp",
  "11741713883151673054": "Phương thuốc này chưa được mở khóa, xin hãy mở khóa phương thuốc trước.",
  "11741783152445491803": "Bảo Rương",
  "11741786120270891693": "Hà Kỷ Hy",
  "11741848527899380938": "Phòng Số 1 - Trụ",
  "11741858209812740979": "Hang động",
  "11741864020705063988": "Miêu Chi Báo Ân - Dấu Chân",
  "11741896751647978713": "Tỷ lệ giảm sát thương",
  "11741901694009622558": "Tìm cách qua bờ bên kia",
  "11741905059304881243": "Kỹ năng bắn cung",
  "11741961595654124176": "Tiên Kiều Trà Phường - Chủ tiệm",
  "11741963290360241263": "Con đường tầm hiệp",
  "11741975406625820931": "Cửu Đoạn",
  "11741993590597467703": "Sinh Thái Vật Chủng",
  "11741999685426634592": "Cần tìm chìa khóa tương ứng",
  "11742054382739465071": "Dì lớn",
  "11742170744801454503": "Ở góc phố Đông Thập tự có một hội sách nổi tiếng, người trong hội sách hoặc tay cầm sách chép tay, hoặc đang viết văn bằng bút mực tài hoa. Nhưng trong hội sách rộng lớn như vậy, lại có một thiếu niên hoàn toàn không hòa hợp với không khí nơi này. Anh ta ngồi một mình ở một chiếc bàn gỗ, cúi đầu nhìn bàn cờ trên bàn, như tảng đá vững chãi trên đỉnh núi, anh ta đang suy nghĩ điều gì vậy?",
  "11742176446376504851": "Thiếu hiệp lại đến rồi! Tin mới nhất, bên dưới cây cột đá lớn phía nam Biệt Quán Yến Vân, có một hang động.",
  "1174219550069312540": "Đệ Nhị Hồi - Tro Tàn 1",
  "11742196609546325944": "Điền Dã",
  "11742197722079589971": "Sát thương nhận phải tiếp theo và tất cả sát thương nhận được trong vòng #Y2#E giây sau khi nhận đòn đều có thể giảm #Y40%#E. Sẽ bị xóa khi rời khỏi trạng thái chiến đấu.",
  "11742242992839367943": "Nhắm mục tiêu, {} mở/hủy khóa",
  "11742310218016400303": "Rốt cuộc những người này là ai? Y Đao mưu đồ điều gì?\nNgay lúc ngươi và Y Đao mất tập trung, sát thủ vốn đã chết bỗng sống lại.\nHóa ra Y Đao cố ý để lại người sống, là để tìm ra kẻ đứng sau.",
  "117423108214231967": "Chỉ pháp",
  "11742310972255155830": "Không phải muốn đi sao? Được thôi! Vừa nãy các ngươi nói gì, quỳ xuống từng người một.",
  "11742312697195556050": "Tam Thốn Chi Thân · Phần Ba",
  "11742359716032637189": "Trương Chấn",
  "117423794771810448": "Thi Hương Ma Dụ",
  "11742385594782016248": "Tắm máu (Ghép đội đơn người)",
  "11742392715912948017": "Đi đến cất giữ",
  "11742406511393630268": "Ghi lại tình cảnh hiện tại",
  "11742422824353286750": "Viên Quốc Chấn",
  "11742425815697570031": "Tổ Tạo Không Khí Vạn Thắng Trấn 183",
  "11742455541370920564": "Mặt đá",
  "11742472779579356293": "Hà Lệ",
  "11742474148803989847": "Lọc",
  "11742509875698451439": "Phòng Chí Cường",
  "11742543186296955326": "Thọ Xương Phường - Tạp Mại Trường - Chưởng Quầy",
  "11742558817309960507": "Cứ điểm",
  "11742567035347255847": "Chủ Tuyến Khai Phong",
  "11742592989870749941": "Anh Hùng Dữ Mỹ - Hùng - Thí Luyện 1",
  "11742690399185703731": "Gần đây rượu này có phải bị pha nước không? Uống không có cảm xúc gì cả.",
  "11742731526523792367": "Người đầu tiên đánh hết bài trên tay và không bị say sẽ thắng trò chơi.\nNếu đánh hết bài bị người chơi khác nghi ngờ và nghi ngờ thành công, sẽ thu lại bài đã đặt trên bàn và tiếp tục trò chơi.\nNếu trong quá trình chơi, tất cả những người chơi khác đều rời khỏi trò chơi, trò chơi sẽ kết thúc.",
  "11742760812456027727": "Dấu vết của người áo đen khó tìm, chỉ tìm thấy Long Văn bí ẩn và một bức thư cũ của Giang thúc. Tốt nhất là đi cùng Hồng Tuyến đến #Y Từ Miếu Tướng Quân#E trước, rồi #Y về nhà#E.",
  "11742794822612535376": "Mỗi năm vào tháng Túy Tiên, Hàn Hương Tầm đều tặng Ly Nhân Lệ cho Giang Vô Lãng.",
  "11742799508817255297": "Túy Hoa Âm - Không Khí Ngoại Vi Hậu Đoạn - Cát Nam Tinh",
  "11742800343733497692": "Tức là \"Mã Vũ\", huấn luyện ngựa thành múa, là nghệ thuật tạp kỹ có lịch sử lâu đời của nước ta.",
  "11742803293855220717": "Tửu Hương Ngọc",
  "11742804346363381068": "Đi đến vị trí chỉ định",
  "11742813438271869824": "Mười hai năm ân oán",
  "11742831010644496378": "Nhuộm highlight",
  "11742849062614523686": "Gần đây cửa tiệm Hồng Tiêu, món nào bán chạy nhất?",
  "1174298166332000618": "Ngụy Tử Mẫu Đơn",
  "11742988332650470736": "Bách Nghiệp Chiến - Dã Quái - Vô Ưu Động - Tỏa Liên Câu Trảo - Lam Phương Hạ Lộ Ngoại Điểm",
  "11743011506457846499": "Ải Lộc",
  "1174304896757701814": "Đầu ra",
  "11743051593030031802": "Sử dụng có thể học được công thức Tâm Âm Ẩm · Ngũ Đẳng.",
  "11743058925143866066": "Võ học hiện tại đã đạt cấp độ cao nhất",
  "11743108488598869243": "Sinh Thái Vật Chủng",
  "11743208974806480339": "Thủy tâm liên",
  "11743276663926546444": "Túy Hoa Âm - Hoa Gian Tập - Kích Hoạt Nhiệm Vụ Khiêu Chiến",
  "11743289159205921761": "Tăng <Cú đánh Liệt Thạch Tối Đa|780|#C|151>, hiệu ứng tăng theo cấp độ chế độ đơn người (hiện tại: #Y{0:.1f}#E điểm).",
  "11743319158523958045": "Bồ Đề Khổ Hải Tinh Anh 3",
  "11743411342736821714": "Vòng tiếp theo sắp bắt đầu",
  "11743433203701180386": "Cung Tiễn Tiễn Đại",
  "11743474574736993679": "Mở hàng ngày từ 12:00 đến 24:00",
  "1174348410228599965": "Bố cục đơn giản",
  "11743486862048235972": "Kiểm tra bàn",
  "11743487738305997964": "Khai Phong - Thiên Thượng Lai - NPC Tạo Không Khí - Lưu Đại Lang",
  "11743490773789825764": "Chủ nhà không ở trong chế độ đơn người",
  "11743494223622067050": "【Diệp Tử Hí Độc Tửu】Nam Ngưu Đầu",
  "11743500578377939735": "Tiểu Thủ Lĩnh Phật Gia Trại Rơi Ra Thế Giới Cấp 4",
  "11743645373308881731": "Nữ thị vệ Vũ Y Lâu",
  "11743662739762371465": "Mở khóa quyền sử dụng kỹ năng cảm xúc Nộ Ý cấp 1",
  "11743687160557257031": "Sinh Thái Vật Chủng",
  "11743697858928074018": "Bao lì xì thành tựu thử luyện",
  "11743704936678196881": "NPC Tạo Không Khí - Ngự Uyển Khu - Cấm Quân Sĩ Binh 9",
  "11743716875441579375": "Nhắc nhở thanh liên mạ",
  "11743728284750343216": "Diệp Vạn Sơn",
  "11743750519312714606": "Chu Nhất Chu",
  "11743778324777347078": "Hoàng Lạc Tư",
  "11743781022184845303": "Tục Minh",
  "1174381179173908457": "Chức năng này tạm thời chưa mở, xin hãy chờ đợi",
  "11743830424966474174": "Phần Thưởng Tặng Lễ NPC - Nhị Cấp Phổ Thông Lễ Bao - Thô Mao Bì",
  "11743889784882874064": "Sĩ Binh Bổ Sung",
  "11743985165846162929": "Thành phần kiến trúc",
  "11744005823357234294": "Ngoại tuyến %d ngày",
  "11744051981172811085": "Tàng khí đãi thời",
  "11744083581523007325": "Thương thế do người môn Cô Vân gây ra rất phức tạp để chữa trị.",
  "11744135136070944011": "Phan Minh Đài",
  "11744144916191952002": "Thiên Địa Vạn Lại Khí Đoàn - Thiện Diệu Châu - 1",
  "11744185922133407388": "Hồ Mộc",
  "11744214604322604560": "Thuốc cấp ba, sử dụng lập tức hồi phục #Y23%#E lượng máu tối đa, và hồi phục thêm #Y16000#E điểm máu.\n\nCó thể cho vào Hộp Thuốc Mang Theo. Khi #Ynghỉ ngơi tại Giới Bia hoặc Hiệp Chi Trùng#E, Hộp Thuốc sẽ #Ytự động hoàn tất bổ sung#E.\n\nHộp Thuốc do #YDao Dược Dược#E nghiên cứu, có thể tìm nàng ta ở #YQuán Y Dược Sống Bất Nhiễm#E để tinh luyện nâng cấp, tăng số lượng thuốc mang theo.",
  "1174424340600081417": "Dưới hố tro",
  "11744260958718971251": "Trò chơi ném bình",
  "11744309905690653019": "Đang chờ đồng đội xác nhận…",
  "11744372873991217038": "Trạm Mã Cung",
  "11744380516214563369": "Kim Minh Trì - Tường Không Khí Đại Thế Giới",
  "11744398741124095985": "Ván này ngươi thắng rồi sao?",
  "11744448725625407703": "Mạc Ngư Vương - Mã Lâu",
  "11744482779044749421": "Nhiệm Vụ Dẫn Dắt Khai Phong - Tiểu Lộc",
  "11744492136575746130": "Trương Chấn",
  "11744511533978356870": "Giả Nhân",
  "11744546436681373804": "Đối thoại",
  "11744559869831147440": "Độc Mạn Đà La · Nhẹ nhàng",
  "1174457401910046540": "Cảm nhận được luồng không khí trong cuộc đua ngựa",
  "11744574287512522464": "Thử Sinh Nhất Diện · Thượng",
  "1174457895165657693": "Ngài xem cái đê kim Húc Tử này...",
  "11744597841611227819": "Túy Hoa Âm - Không Khí Ngoại Vi Hậu Đoạn - Nguyễn Thúy Hạm",
  "11744621816420493434": "Than ôi, nghệ này à, ta thực sự phải truyền lại cho những người đó...",
  "11744626521246084568": "Triệu Vĩ Nghiệp",
  "11744659312498221963": "Đan Nhai - Điểm Làm Mới Chiến Lợi Phẩm 255",
  "11744665120759945977": "Thành phần thân tàu",
  "11744673028700053950": "Tháp Đỉnh"
}