{
  "11822966813585720099": "Chu Vũ Lâm",
  "1182298765099453447": "Khoan đã, ngươi nói ngươi từng thấy thi thể không đầu... Chẳng lẽ là sứ giả Khiết Đan bị chém đầu đó sao?",
  "11823021459879774601": "Khinh công",
  "11823026358245741420": "Sử dụng độc tẩm thoa vũ khí, tấn công gây hiệu ứng phụ",
  "11823032278301728856": "Nguyên liệu Thanh Khê",
  "11823048205639812542": "Bạch Lộ Lan",
  "11823057030690419417": "Kỳ Quặc Bách Mục Nhiếp Tâm Liên 1",
  "11823079662555134153": "Gọi",
  "11823097272789991850": "Ôi trời ơi, không thể khóc nữa được, ta thương tăng đây!",
  "11823129964549815685": "Học nghệ Cuồng Lạn",
  "11823143419386550812": "Ta nghiên cứu ứng dụng sức gió nhiều năm, nay mới thiết kế ra được cơ quan có thể ứng dụng sức gió",
  "11823148490928717873": "Thanh sát 1 tên trưởng đội Huyền Kim",
  "11823207486668975180": "Vương Trí Siêu",
  "11823258667956071985": "Hồng Trần Vô Nhãn tầng dưới",
  "11823358479648274787": "Bao lì xì Bách Nghiệp",
  "11823370231313906112": "Xác nhận",
  "1182339670587356816": "Tiểu Kịch Trường - Tỉ Thí Tại Điềm Thủy Xưởng - Thôn Dân 6",
  "11823465530896001061": "Từ đâu ra $T(2028)$, làm gì vậy?",
  "1182350877589998310": "Phục Lộc Bảo",
  "11823542414493028004": "Đinh Kỷ Văn",
  "11823618993691201426": "Phong hàn",
  "11823632055564641899": "Thiên Hạ Bạch Hiểu Lục",
  "11823657974839986323": "Đang lấy",
  "11823674575549723979": "Tiệm rèn bên sông, trong túi có chứa danh kiếm, thử dùng lời lẽ để xin xem sao!",
  "11823683171001786328": "Hôn sự của ngươi",
  "11823707449162936": "Điền Anh Giai Đoạn Một",
  "11823763417019271588": "Tương Tác Khe Hẹp",
  "11823829361390280730": "Công tử truyền thư",
  "11823848622610764332": "Thay thế",
  "11823891087795198166": "Tam Tỉnh · C Quạt 1",
  "11823919258253420377": "Bỏng",
  "11823921844817035693": "Vạn Cổ Nhất Nhân Điện - Lạc Thư Nhị",
  "11823978177112302246": "Đối thoại",
  "11824017386930778103": "Bạch Mộc Túc",
  "11824057329646393719": "Hoàng Vũ",
  "11824092855832566644": "Hà Bá.",
  "11824108028730814688": "#RTạm thời#E hoàn thành nhiệm vụ Tàn Chương Dạ Hành Đao ({0}/1)",
  "11824165157091043234": "Điền Dã",
  "11824201161164782556": "Trao đổi",
  "11824202812518266304": "Âu Dương Thư",
  "11824280834177151908": "Khảm Nhi Tỉnh - Tiểu Hạn Bạt Hoa",
  "11824291423278399497": "Quái Vật Thử Nghiệm Thiên Tai",
  "11824356781125478568": "Đoạn Phim Cốt Truyện_Thanh Hà_Bảng Đứng Bì Ảnh c",
  "11824357447234777963": "Cấp Độ Thế Giới - Phật Gia Trại - Tửu Nhục Hòa Thượng (Túy Quyền)\\nĐộng Tác Tuần Tra Tùy Chỉnh: Có",
  "11824366724660919949": "Xấu hổ",
  "11824398742288235829": "Xem cơ quan",
  "1182445488281059330": "Cơ Quan Ốc - P3 - Thiên Tỉnh 4X1 - Thụt Vào 03",
  "11824477784230339785": "Aiya! Đi mau đi mau, ta nói cho ngươi biết, những nơi hay ho trong hội vườn hoa kể không hết đâu.",
  "11824490302735759310": "Tình chân năm xưa, và tình chân hiện tại, tự nhiên đều là chân tâm.",
  "11824495525285121178": "Khôi phục ký ức",
  "11824499847985748543": "Giang hồ nhân",
  "11824566982911794524": "Lão trượng cũng biết Miếu Tướng Quân sao?",
  "11824724700140571808": "Khì, nếu đồ của Bách Công Phường, thì tạm được so với đệ tử ngoại môn Mặc Sơn Đạo ta.",
  "11824769830795184521": "Yến Sào Thảo",
  "11824776622651303967": "Hạ Vạn Xuân",
  "11824787744943340102": "Mọi người trên thế gian đều bận nhặt nhạnh bạc vụn trên đất, chỉ có ngươi ngẩng đầu nhìn thấy ánh trăng, bỏ ánh trăng vào hành trang.",
  "11824797894446094680": "Đá Chặn Cửa 1",
  "11824845379533012644": "Mạnh Bà dệt nên y phục từ sợi chấp niệm Hoàng Tuyền ở Vong Xuyên, quý khách khoác lên mình bộ y phục này, chắc chắn sẽ mơ thấy tất cả những gì đã qua ở kiếp trước.",
  "11824846998059403882": "Cố nhân trùng phùng",
  "11824890358352069320": "Tàm nương",
  "11824929950232945104": "Tiến vào 【Bồ Đề Khổ Hải】 và ở lại khu vực này 30 giây",
  "11824937031612439411": "Phần Thưởng Hoàn Thành Vuốt Mèo",
  "11824973227065230996": "Thiếu hiệp, cần xây tường thêm vài lớp mới có thể chống chịu được các đòn tấn công.",
  "11824977084047175942": "Cóc",
  "11824999309703077563": "Giải phóng kỹ năng lỗi.",
  "11824999442278810601": "Thủy đậu",
  "11825005476538811403": "Ta là do tỷ tỷ Bạch Dung đích thân đưa lên thuyền đấy nhé, ngươi e là đi lậu vé vào đây à.",
  "11825069348325429577": "Phong Khâu Thôn Điền Nhị Tiểu",
  "11825084529256692961": "Ẩn độ Trần Thương",
  "11825187113525159568": "Thời gian còn lại lớn hơn {}",
  "11825207976900440578": "Thư",
  "11825249458677673139": "Khách quan xin lỗi, lần sau ngài quay lại nhé!",
  "11825306268221646740": "Rượu nổi tiếng Khai Phong, tắm rửa lau lưng, điều hòa bấm huyệt, chỉ có một nhà. Lau sạch mệt mỏi, không thành vấn đề.",
  "11825316930464165247": "Dự phòng phó bản",
  "11825427439644166347": "Gây đả kích 110.0%, trong trận này, xác suất lời lẽ cay nghiệt của bản thân tăng 2 tầng (58.0%), tối đa chồng 6 tầng.",
  "11825446291747783363": "Tổ chức Bách Nghiệp chế tạo tăng thêm linh kiện 322",
  "11825464695703312367": "Xin cáo từ",
  "11825465263821652343": "Dễ trị liệu",
  "11825517995699010771": "Điểm số:",
  "11825580461996136825": "Tiểu Cốc, lại đây phụ giúp anh hùng một chút, ta phải dạy anh hùng làm ra những mũi tên tuyệt hảo đây!",
  "11825619713375117470": "Giang hồ truyền rằng, Đạo Thánh Quân Bất Kiến muốn trộm Thuyền Phù Cảnh mà Vô Ngân Công Tử đã chế tạo để làm tiệc sinh nhật. Đồng thời, Vô Ngân Công Tử đã lấy lời hứa của công tử làm phần thưởng, mời anh hùng thiên hạ giăng lưới bắt君不见...\nMột trò chơi truy đuổi sắp bắt đầu, nhưng không biết lần đối đầu này ai thắng ai thua.",
  "11825629118734999002": "Bắn",
  "11825629278795226447": "Cổ Tư - Văn Nhân",
  "11825640894699439244": "Phật Quang Đỉnh - Điểm Hồi Sinh Chiến Lợi Phẩm",
  "11825679913587534906": "Động Quật Giải Đố - Quỷ Tân Nương - Điểm Truyền Tống",
  "11825705821147684236": "Meo meo! Meo meo!--Dịch từ lời của vạn thú thông linh--“Dịch bệnh chuột hoành hành nghiêm trọng, chúng ta phải đoàn kết lại tiêu diệt dịch bệnh chuột!”",
  "11825726335838286758": "Bảo Rương Tam Phẩm Sườn Núi Bích Tuyền Sơn",
  "11825867851008888785": "Bảo Rương · Thanh Hà",
  "11825896057081238248": "Có chuyện vui gì?",
  "11825919648472731492": "Tấn công Liệt Thạch nhỏ nhất",
  "11825934885237453400": "Đặt cột mốc đường",
  "11825965061646198721": "Phàn Lâu - Võ Lâm Lục - Thu Thập Manh Mối - Tỳ Bà - Thực Thể",
  "11825969609043103564": "Lén lút, bị phát hiện rồi",
  "11825998567006558539": "Sinh Vật Sinh Thái",
  "1182601539973769508": "Tính toán ba mùa xuân",
  "11826096463308457357": "Không biết, vừa rồi đột nhiên như bị trúng tà, suýt chút nữa đã làm bị thương người khác!",
  "11826135106718657226": "Sau một thời gian, hoặc mắc bệnh lại",
  "11826162406962074925": "Trong thời gian duy trì, nhiều lần tấn công có thể kích hoạt thêm một lần hiệu ứng nổ",
  "1182616878605150316": "Mạch Hương Tập - Khách Nhân",
  "11826188276974158711": "Khi bạn tỉnh dậy khỏi ảo cảnh, đao của Thiên Dạ đã chém về phía bạn.\nTrong khoảnh khắc ngàn cân treo sợi tóc, Y Đao kịp thời xông ra đỡ đòn.\nBạn lại nợ hắn một mạng nữa.",
  "11826189902843834644": "Đe dọa",
  "1182619397393358171": "Đối phương đánh giá bạn một lúc",
  "11826234911724020731": "Một nỗi sầu não",
  "11826253097104034046": "Vũ Nhung Thảo - Tường Dây Leo 12",
  "11826263552367689916": "Khai Phong - Bác Lãng Sa - Vạn Thắng Trấn - Vạn Thế Tri 1 Trao Đổi Ngang Giá - Vương Bình",
  "11826269468156250377": "Hà Kỷ Hi",
  "11826272902176566586": "Vương Trị",
  "11826277200429759683": "Tống Nhất",
  "11826365625729804460": "Sau đó trong núi yên tĩnh trở lại, Tiểu Ma Ha ngồi xổm trong cỏ cho đến sáng, nghe thấy có tiếng vó ngựa chạy xuống từ đỉnh núi, một con ngựa đẹp tuyệt vời, trên đó có một người cưỡi, chính là chú cẩu lớn!",
  "11826375565625210624": "Tuyệt Chướng Lâm - Đổi lá tội lỗi",
  "11826427872136996732": "Bảo Rương · Khai Phong",
  "11826429911322636582": "Hoa Gian Khách",
  "11826433582883622452": "Sinh Vật Sinh Thái",
  "11826514494838726444": "Thu Thập Đủ 180 Vật Phẩm Đơn Lẻ",
  "11826530837154930819": "Không bị trúng đòn tự bạo của giấy nhân",
  "11826557272033394081": "Thọ Xương Phường - Xa Phu",
  "1182658907323247627": "Phần Thưởng Trấn Giữ Kho Báu - Cấp Độ Thế Giới 10",
  "11826660597386511306": "Khai Phong Du Phố Xung Quanh - Bách Tính Lão Nhân Nam - 53",
  "11826664101057585679": "Vụ Lâm Tàn Phương 1 —— Giải Đố Phức Hợp Ẩn Vụ Lâm / Bí Bảo Vụ Lâm",
  "11826685219697971168": "Những bức tượng đá này... thật kỳ lạ khó tả.",
  "1182670543869928083": "Vương Thanh",
  "11826708944658024222": "Hoàng Lạc Tí",
  "11826717870472334704": "Bất Tiện Tiên - Điểm Hồi Sinh Chiến Lợi Phẩm Thêm Mới 325",
  "11826734870082233990": "Nâng cấp hộp thuốc",
  "11826736648680043633": "Sinh Vật Sinh Thái",
  "11826759995755324908": "Thư từ được chiếu cố",
  "11826763145323203241": "Sau trận lụt lớn, bên ngoài tòa tháp khóa chặt đã bạc màu, nhưng vẫn có thể tìm thấy một nửa chìa khóa trong vò rượu thuốc dưới chân tháp. Có lẽ ghép hai nửa chìa khóa này lại sẽ tìm thấy thêm manh mối.",
  "11826777005263403453": "Lý Trạch Hạo",
  "11826934740892136449": "Hoàng Lạc Tí",
  "11826937470322516989": "Sinh Vật Sinh Thái",
  "1182700130682354613": "Tự động đăng ký thất bại",
  "11827021138438273347": "Những người khác à, chỉ có thể ngó nhìn từ bức tường bên cạnh thôi!",
  "11827046284104793871": "Khí Đoàn Thiên Địa Vạn Lại - Thiện Diệu Châu - 4",
  "11827055889769953108": "Cách sử dụng",
  "11827149052363337846": "Đối thoại",
  "11827196334698075374": "Bạch Mã Tân - Kiến Văn 2",
  "11827219428148553307": "Trước Lôi Đài Tướng Quân Từ - Khách Thương Người Qua Đường B - Trong Thời Gian Nhiệm Vụ",
  "11827276113238187507": "Đã mở khóa tất cả bia giới hạn khu vực tương ứng",
  "11827324980767987416": "Sơn Kê Lục Thái",
  "11827335222308993985": "Yên Hoa",
  "11827374365365700104": "Mới - Truy Binh Bắn Cung Bên Trái 3",
  "11827376656503586112": "Mau chữa trị cho ta đi.",
  "11827397432009988150": "Ẩn Nguyệt Sơn",
  "11827412841121192775": "Hoa Trung Thừa",
  "11827444876767812843": "Ở quán rượu này ai cỡ nào cũng gọi ta là thiếu đông gia, nếu ta thua, sau này huynh đến đây uống rượu, tất cả tính trên đầu ta! Sao nào?",
  "11827513312782970163": "Nếu không tin, ngươi cứ đến quán ăn bên cạnh Lai Tô Mông Học mà xem.",
  "11827516779333716139": "Vô Tướng Hoàng giáng đòn đánh vào phạm vi xung quanh thân mình, sau đó lại vung đại đao tấn công kẻ địch.\n\nCách ứng phó: Sau khi ở xa đừng vội vàng tiếp cận.",
  "11827530758102897741": "Lương Tử Hàn",
  "11827539543043097590": "Lương Trình Hoành",
  "11827549420954902744": "Phật Đèn Trường Minh",
  "11827577470150497981": "Thuộc tính Liệt Thạch tăng",
  "11827600671300201959": "Tích Thiện Chi Nhạc · Tam",
  "11827607692581076541": "Kiếm khí phóng khoáng, bắt nguồn từ Kiếm Tông.",
  "11827681756346455435": "Thanh và Hắc",
  "11827823214899672720": "Giới hạn vật liệu hôm nay: 7/8",
  "11827830864012118727": "Tương Tác Phân Mảnh Đạt An Thôn 5",
  "11827839854607829493": "Người Qua Đường Dùng Để Lấp Đầy 4",
  "11827866511788253408": "Hộp Tự Chọn Yên Liễu Bậc 81",
  "11827990581677534108": "Mẫu Tường Vô Hình",
  "11827995050704075249": "Miệng sắt răng đồng há ra, câm như hến ăn khổ liên.",
  "11828020460051820356": "Khụ khụ……Xem ra……Là bị giết rồi thiêu.",
  "11828036857305353801": "Phật Quang Đỉnh - Điểm Tái Sinh Chiến Lợi Phẩm",
  "11828066974510712001": "Cực khó",
  "11828072973666922481": "Tạp dịch tại kho cúng tiến Thiên Ba Phường.",
  "11828149029013324744": "Tâm kẻ ác",
  "11828163402528639385": "Phòng Chí Cường",
  "118281644080346594": "Tín Vật Dùng Khi Vào Cửa",
  "1182817289654235403": "Sinh Thái Vật Chủng",
  "1182817747676035834": "Đại Vũ Chi Nhạc · Tứ",
  "11828178468086774813": "Đạt đến hạn mức cấp độ - Chín",
  "11828200824673195947": "Đông Lăng Qua",
  "1182823508088543554": "Vô Danh Tướng Quân - Sương Mù Cảnh Vật",
  "11828243207479817865": "Lò Luyện - Không Khí Doanh Trại - Binh Sĩ Có Thể Tập Kích Ám Sát - Đứng Gác",
  "11828344251830190573": "Lý Trạch Hạo",
  "11828384712645823727": "Dấu hiệu này đại diện cho nhiệm vụ này có thể được #HHoàn thành cùng các hiệp khách khác ở chế độ liên máy#E",
  "11828408470234898077": "Phong Ba Giá Lương Thực - Tạ Uyên Ngu - Tình Cảnh 1 Đêm",
  "11828429806180234049": "Muốn học ván này, thiếu đông gia phải trước giao mười đồng tiền ngắn tới.",
  "11828469016715927355": "Trương Tuấn Kiệt",
  "11828471141037191102": "{2}\nThân có chút bệnh, qua chẩn đoán của danh y {0}, bệnh ta mắc phải là {1}.",
  "11828532230477827628": "Thợ Thủ Công Bổ Sung 3",
  "11828558717212190518": "Hiệp khách đại nhân xem ra rất lợi hại... Nếu có thể làm bạn với ngài, con trai ta cũng là một đại hiệp vô cùng lợi hại.",
  "11828567160448776397": "Thật sự sẽ có sao? Ngày thiên hạ thái bình, sĩ tử đều vui vẻ…… cái ngày đó?",
  "11828572808821821157": "Võ lâm",
  "11828602919580908962": "Trường Minh Ngọc *50, Bí Kíp Tâm Pháp Kim Cương Của Lưu Phái *5",
  "11828616542565674727": "Xin kính một ly cho người chết nữa—",
  "11828651289452404513": "Đánh bại 1 tên cường đạo Lục Lâm",
  "11828693328480299477": "Trương Chấn",
  "1182872198642813857": "Lưu Bằng đến từ Ba Thục, sức khỏe tốt, làm việc giỏi, là anh cả được trọng vọng trong nhóm thợ thủ công. Nhưng thường hay thất hẹn khi uống rượu.",
  "118287354328451580": "……Túi sách của ngươi vứt đâu rồi, ta đi tìm cho.",
  "11828739899823273713": "Thọ Xương Phường - Thủy Sinh",
  "11828745117227905082": "Lò Luyện - Cảnh Chuyển Cảnh Vận Chuyển Bao Cát",
  "11828751945647915680": "Gia nhập bang phái",
  "11828752949835611654": "Trần Gia Tranh",
  "11828770067337638470": "{2}\nThân thể có chút không khỏe, được danh y {0} chẩn đoán, bệnh ta mắc phải là {1}.",
  "11828784924847578482": "Hỏi thăm",
  "11828786514298638587": "Vô Danh Tướng Quân - Sương Mù Cảnh Vật",
  "11828825401982590836": "Tửu Hương Ngọc",
  "11828827476570023348": "Rượu không đủ, xin thêm một ấm nữa",
  "11828862100232090639": "Đang Tải Dữ Liệu Đang Tải Dữ Liệu Đang Tải Dữ Liệu Đang Tải Dữ Liệu Đang Tải Dữ Liệu Đang Tải Dữ Liệu",
  "1182888097174363700": "Thần trí không minh",
  "11828881675636543132": "Hà Thị Lạc - Dự Phòng 6",
  "11828922140319593178": "Chụp Ảnh Đánh Dấu",
  "11828995162836806437": "Cả nhà Tiểu Hà chạy nạn từ Trừ Châu đến, cha cậu ta chết trên đường vì giặc loạn.\nCánh diều này là món quà cuối cùng cha để lại cho Tiểu Hà.\nNhưng về cái chết của cha, Tiểu Hà dường như không hề hay biết.",
  "11829015332996652478": "Tâm pháp",
  "11829040786228020554": "{3}\nTa vào năm {0} mắc bệnh {1}, sau khi được danh y {2} điều trị, cuối cùng đã khỏi bệnh.",
  "11829071284757138774": "Tăng sát thương lên Vô Tướng Hoàng đang ở trạng thái khí kiệt #G20%#E",
  "11829132247031377218": "Những lời ngươi nói trước đây, nửa thật nửa giả, nghĩ kỹ lại, chắc là ngươi đang dùng ta làm công cụ cho mục đích của ngươi!",
  "11829149136887166419": "Kênh lân cận",
  "11829213664571291731": "Doanh Trại Lò Luyện - Mảnh Vỡ",
  "11829290381509122659": "Lục Nghĩ Tửu *10",
  "11829393294719714070": "Entity Trống Số 2",
  "11829453552703948452": "Thái Nhất Cung - Môn Chủ Tiêu Dao Môn",
  "11829535099964548334": "Cửa Hàng Hoa Điểu - Bảng Nền Tĩnh",
  "11829614303421469783": "#O Phó Bản#E\nCó thể khiêu chiến phó bản các độ khó để nhận phần thưởng\nĐộ khó Tân Tú #O Hàng ngày#E có thể khiêu chiến ba lần\nĐộ khó Hiệp Sĩ #O Hàng ngày#E có thể khiêu chiến một lần\nĐộ khó Tông Sư #O Hàng tuần#E có thể khiêu chiến ba lần\nLần đầu mở khóa độ khó mới, có thể nhận thêm số lần thưởng trong khoảng thời gian nhất định",
  "11829616565217004175": "Hồ sơ giao dịch",
  "11829632857352279099": "Binh lính cấp cao dưới quyền Đô Chỉ Huy Sứ, dẫn dắt và giám sát việc binh lính tập luyện tại đây.",
  "11829686074628152012": "Chu Vũ Lâm",
  "11829691750510459594": "Ngươi xem đèn hoa đăng đằng kia! Đẹp thật!",
  "11829722292045418971": "Phật Gia Trại sau khi được thanh lọc đã trở lại yên bình như trước, nhưng vẫn có thế lực không ngừng cố gắng xâm nhập vào đây.",
  "11829746050611103583": "Đa Nhân Đầu Hồ - Thanh Hà",
  "11829774604794040986": "Trần Gia Tranh",
  "11829786710190914006": "Ta thấy ngươi ngồi đây cả ngày rồi, cũng chẳng làm việc gì cả.",
  "11829802152274339284": "Sao ngươi toàn thân ướt sũng thế, không câu cá mà chuyển sang bắt cá dưới sông rồi à?",
  "11829837119909906687": "Tháp Lưu Phái Minh Kim · Ảnh Tầng 8 - Cung Thủ Hắc Y Nhân 2 Lầu Tú Kim",
  "11829844627831218961": "Hồ Kiện Lực",
  "11829870040773823692": "Thiên Tuyền Chi Tuyến - Quan Sát Tương Tác Trống Trước Chưởng Môn",
  "1182987644066087489": "Hì hì hì…",
  "11829890248172752065": "Dĩ Phiến Chỉ Trá - McDonald's (Phải)",
  "11829900402169193457": "P1.2 Đoạn Đường Đồng Thiên Hạp A01",
  "11829911975242883090": "Diệp Vạn Sơn",
  "11829936677199756279": "Long Môn Khách Sạn - Phong Sa Tửu Tứ - Điều Tra Võ Tòng Nguyên",
  "11829943765214191105": "Ngươi bắt không được ta đâu, bắt không được, lè lưỡi nào!",
  "1182995094913969700": "Tăng sát thương khi xử quyết",
  "11829954298236858659": "Còn gọi là Đan Bào, Thiên Hỏa, Hỏa Đan, Lưu Hỏa, là một loại viêm da cấp tính truyền nhiễm. Phần lớn do huyết phận có nhiệt, hỏa độc xâm nhập, hoặc da niêm mạc bị tổn thương, tà độc thừa cơ xâm nhập, hỏa nhiệt tà độc uất ở da thịt, kinh lạc tắc nghẽn, khí huyết ứ trệ mà thành.",
  "11829961766823333602": "Phệ Lộc",
  "11829969976168924226": "Đúng vậy, dưới trời này, ngoài Nam Chúc ra, còn ai có được phong cốt tài tình này nữa?",
  "11829989311925873558": "Bách Nghiệp - Nhà tắm - Tổ hợp kiến trúc phong cách số 1",
  "11829996603064676059": "Lưu Vật · Phần Ba",
  "11830016873333140009": "Kêu gọi đi theo",
  "11830036023709574022": "Nghe nói ngươi rất giỏi tìm đồ vật bị mất?",
  "11830074484086640321": "【Tương Tác】Mảnh Vỡ Hoàng Chung",
  "11830138261963178970": "Túy Hoa Âm - Không Khí Tầng Ba Phàn Lâu - Hàng Đợi Ở Cửa Cầu Thang 7",
  "1183018891815195530": "Thọ Xương Phường - Phú Nhân",
  "1183021536219876267": "Ác mộng - Hình chim",
  "11830258232578835652": "Đã gặp người của Thảo Bang.",
  "11830273274017435654": "Đoạn Thạch Chi Cấu",
  "11830307995219655204": "Đừng để bọn chúng chạy thoát!",
  "11830318131385871444": "Túy Hoa Âm - Không Khí Khu Vực Ngoại Vi Sau - Thiệu Văn Hạc",
  "11830329655717354954": "Thiếu hiệp! Nhìn khí chất toàn thân ngươi, nhất định là người từng trải rộng khắp nơi!",
  "11830332024581171037": "Trương Liên Hâm",
  "11830334168907745157": "Kê Quan Hoa",
  "11830358567059496472": "Pháo Hoa Tân Xuân - Đài Phun Nước - Số 3",
  "11830404201328117574": "Kỹ năng đặc biệt",
  "1183046340233679085": "Lão Trương",
  "11830517495347149985": "Tử Tượng Cư - Khu Vực Xây Nhà - Thợ Thủ Công Đang Làm Việc 2",
  "11830536963675762391": "Hoa Trung Thừa",
  "11830569167295675302": "Vệ binh Hà Thanh Quân quyết định cho ngươi vào.",
  "11830612138008785974": "Đóng cửa",
  "11830658434939060846": "Hiện tại:",
  "11830659491555088219": "Công nhân lâu lâu Cẩm Quan",
  "11830668496047934768": "Đạt được thông qua hoạt động đặc biệt.",
  "11830671997766719461": "Sinh Thái Vật Chủng",
  "11830706543075498681": "Thích Nhất",
  "11830742084934648747": "Thân Cương Sắt Thép",
  "11830752217203681798": "Ô dù bổ sung thuộc tính tạm thời cấp 30",
  "11830757585397368952": "Một Dược Ngàn Vàng",
  "1183080427524816313": "Tử Đậu Hoa",
  "11830808045092167687": "Sự kiện ảnh hưởng nghiêm trọng đến thần trí",
  "11830847425291687467": "Vậy là Tôn thúc đã có được bí kíp, sao không phun ra một Rồng Lửa cho ta mở mang tầm mắt?",
  "11830887005618749890": "Dân tai",
  "11830917359806146896": "Thạch Phi Bạch",
  "11831010069827096530": "Khu Hành Chính - Thị Nữ",
  "11831032228558849348": "Đối phương đánh giá ngươi một phen",
  "11831059027727778797": "Ngũ Nhân Giác Chướng Lâm",
  "11831113577442332418": "Trần Khải",
  "11831193488744230302": "Chu Vũ Lâm",
  "11831204004763666839": "Người bán mặt nạ",
  "11831252772990401226": "Phì, sợ gì chứ? Đại đương gia không phải đã nói rồi sao, tên Diệu Thiền đó cũng là hòa thượng giả, chúng ta hòa thượng giả gặp hòa thượng giả, thắng thua còn chưa biết đâu!",
  "11831252874571183975": "Rau",
  "11831298293274291713": "Nói chuyện phiếm",
  "11831360291458045255": "Chế Độ Tân Thủ",
  "11831379822376657749": "Từ biệt",
  "11831383664565180017": "Triệu Á",
  "11831391291808034365": "Chu Vũ Lâm",
  "11831422209977336493": "Bệnh nhân",
  "11831424051815518501": "Có người đang điểm danh",
  "1183149203299411904": "Âm Binh Tá Đạo - Mũ Trụ",
  "11831513439837772549": "Đối thoại",
  "11831524043817603635": "Quái Nhỏ Cung Tiễn Thanh Giao Rơi Đồ Cấp Thế Giới 8",
  "11831591899323505735": "Hồng trần vô nhãn",
  "1183161045830347278": "Ngươi làm gì ở đây?",
  "11831667391981304042": "Tích Thiện Chi Lạc · Tứ",
  "1183168814237613360": "Phần Thưởng Thử Nghiệm Điểm Danh Tháng 5",
  "11831738158266884457": "Thời gian còn lại lớn hơn {}",
  "11831751158906983907": "Phúc giả",
  "11831753574203978938": "Hoàng Dịch",
  "11831805449448784049": "Dùng sai thành ngữ, chiêu này!",
  "11831820823539150564": "Giáo huấn",
  "11831859186306748410": "Thời Lâu - Trộm Học - Thời Lâu Chủ Sự - Tang Du Vãn",
  "11831918074947733007": "Cẩn thận chút!"
}