{
  "14249521981479144791": "",
  "14249523824796905715": "-1|Ngươi đánh ngã người múa ngựa,; nhưng hắn lại sống dậy một cách kỳ diệu,; dường như không thể đánh bại。;|Khi ta suýt chết,; một phi tiêu hình lá liễu bay ra từ góc,; người múa ngựa bị trúng tiêu rồi ngã xuống. |Ngươi quay đầu nhìn lại,; người ra tay giúp ngươi chính là Hàn Hương Tầm.; Lúc này bên ngoài miếu đổ vang lên tiếng hét thảm,; là Y Đao đã xông vào.|Hàn Hương Tầm cùng ngươi ra ngoài,; Y Đao vừa giải quyết xong mấy tên lính cuối cùng,; ngã xuống trong tình trạng bị thương nặng.",
  "14249572640272199379": "Không làm phiền binh lính, đi qua chỗ này",
  "1424958714348665822": "",
  "14249598108243081204": "Nghĩa Cốt",
  "14249616412034304683": "",
  "1424968030220134065": "",
  "14249707965448775388": "",
  "14249718049828103857": "",
  "14249721582735970071": "",
  "14249727358336754519": "",
  "14249739121037206128": "Sau khi giải phóng Dịch Võ Kỹ, có thể nhận ngay một trong các hiệu ứng sau (Tỷ lệ xuất chiêu tăng #Y8%#E; Tỷ lệ xuất ý tăng #Y4%#E; Sát thương Ngoại Công tăng #Y8%#E; Sát thương thuộc tính toàn diện tăng #Y8%#E), duy trì #Y10#E giây. Hiệu ứng này mỗi #Y30#E giây chỉ có thể có tác dụng một lần.",
  "14249768875219272817": "",
  "14249821424900482263": "Giải thích trò chơi",
  "14249835700724725001": "",
  "14249840794810626547": "",
  "14249858277114503309": "Một người dân làng, chất phác, thường sống quanh Bất Yếm Tiên, sớm hôm vất vả.",
  "14249956363203468611": "Tấn công gõ trống nhỏ nhất",
  "14249967159107076961": "",
  "14249973433867746889": "1 Quan tiền ngắn = 10 quân cờ",
  "14250004047724461953": "",
  "14250009918714983057": "",
  "1425002490363356271": "Cao sơn lưu thủy ngộ tri âm, khúc nhạc này hôm nay tặng cho tiểu hữu!",
  "14250105922905861164": "Cá tuyết",
  "14250132909423682962": "Tin ta đi, món đồ này mà ngươi mua, nhất định sẽ kiếm được nhiều tiền……",
  "14250189569470289712": "",
  "14250364766222350537": "",
  "14250503577636506754": "Nếu Độc Ẩm Khách còn sống, ngươi chắc chắn sẽ nói câu chuyện quá tầm thường không xứng với rượu. Nhưng đây vốn là cuộc đời.",
  "14250509468194268021": "Thổ Phồn tôn trọng Tăng lữ, Pháp Vương là quý nhất. Trang phục bằng gấm vóc, khoác áo lông thú, trang trí bằng hoa Phật kim luân.",
  "14250560913583783193": "",
  "14250565848043962428": "Tướng sĩ vật lộn.",
  "14250604511273250766": "",
  "14250637409624348504": "Trò chơi Yến Oa - Thái Thương Túc 13",
  "14250672878532162159": "Ha ha! Công phu của Công tử hảo hạng! Vừa hay nội lực hùng hậu sau hai mươi năm phiêu bạt giang hồ của ta có thể đánh xa trúng gần!",
  "14250688541264317187": "Đang tải",
  "14250720306960200629": "Trong nhiệm vụ Trừ tà trong sương mù, mỗi lần chữa trị bệnh nhân sẽ hồi phục Tinh khí lang trung +24.0%",
  "14250760179200586449": "Khu vực làm mới của giáo viên",
  "14250773156268049460": "Khám phá người mới - Túi đồ",
  "14250777368856472939": "Tất bẩn của Tống Cửu",
  "14250808340901647507": "",
  "14250886833651365233": "Ngươi có muốn so tài câu cá không? Ngươi có thể trở thành người thất bại thứ 99.",
  "1425093712299461715": "Ta à, muốn vẽ mấy thứ mới. Nhưng lại không có màu vẽ mới gì cả. Những màu vẽ tuyệt thế thời Tiền Đường được nhắc đến trong sách, đã không tìm thấy từ lâu rồi...",
  "14251007669479834288": "",
  "14251081119204218306": "Tăng <Tấn Công Ngoại Công Nhỏ Nhất|780|#C|15>, hiệu lực tăng theo cấp độ chế độ đơn người (Hiện tại: #Y{0:.1f}#E điểm).",
  "14251087124624594599": "Đa tạ đại nhân! Có vật liệu xây dựng này, ta có thể sửa lại nhà rồi.",
  "14251147429603202387": "Nhập môn phái Túy Hoa Âm, mua tại cửa hàng môn phái",
  "14251181659022470201": "Để {} của {} công nhận bài viết của bạn",
  "14251205782213557524": "Người khuân vác",
  "1425123208373361628": "Bộ ngoại trang",
  "14251250468470063644": "",
  "1425125618112265435": "",
  "14251320060745574814": "Trên núi Phù Hí, có một đạo sĩ du phương say ngã bên đường……",
  "14251388325304204570": "Sự kiện thế giới",
  "14251392619163529778": "",
  "14251442194630105670": "Muốn ra hoa kết quả e là còn cần chút thời gian, qua một ngày nữa hãy xem lại nhé.",
  "1425144229933097244": "Giang Vô Lãng mới",
  "14251478394741081776": "{3}\nTa vào {0} mắc bệnh {1}, sau đó được danh y {2} chữa trị, cuối cùng thì khỏi bệnh.",
  "14251478678847610042": "Tự Tại Cửu Lưu",
  "14251551331245197251": "",
  "14251579988504263449": "Điêu Lan Kiếm Ảnh",
  "14251597241328914082": "Ngươi tới gần quá rồi",
  "14251630092981215490": "Kiệt",
  "14251660137931186427": "Thành phần kiến trúc",
  "1425176065852720097": "Thiếu hiệp muốn mua sắm chút đồ sao? Trước khi vào rừng Ẩn Vụ tìm bảo vật, phải chuẩn bị đầy đủ vật dụng đã!",
  "1425188537826022990": "Sử dụng vật phẩm này, có thể nhận được ngoại hình tương ứng.",
  "1425189466210565069": "Chỗ mèo thích không phải là nơi ngươi có thể đoán được đâu ~",
  "14251961666224199222": "Đi chuyển đến thư tín",
  "14251966055260008253": "",
  "14251966275906061228": "",
  "1425203633504019046": "Nhấn vào {}",
  "14252043239426515303": "Ta thấy ngươi chán sống rồi à!",
  "14252064085585539012": "Mao Dực",
  "14252070991181170978": "Dân chúng Đông Thành",
  "14252160582152567285": "",
  "14252183209305700252": "",
  "14252225486582078164": "",
  "14252257018527110427": "Suỵt...",
  "14252310258304865732": "Đấu Bài Khó 1",
  "14252349708138585156": "Ngũ",
  "14252364044520441896": "Bụi hoa",
  "14252369882466435929": "",
  "14252398976436170994": "",
  "14252409680449938965": "Nữ tỳ",
  "14252440549700294084": "",
  "14252445555563096244": "Lá cây?",
  "14252455095683358791": "Gửi Du Hiệp:\nThập Lục Hẻm phát hiện Du Hiệp có sự cố mất trang bị khi thao tác tại Võ Khố. Đối với vấn đề này, Thập Lục Hẻm đã khẩn cấp sửa chữa, nay xin hoàn trả trang bị đã mất. Đối với những bất tiện mà ngài phải chịu trong thời gian xảy ra sự cố, Thập Lục Hẻm vô cùng xin lỗi, đặc biệt chuẩn bị phần thưởng #4d734dBồi thường#E để tỏ lòng thành, mong ngài đừng chê. \nCảm ơn Du Hiệp đã thông cảm và ủng hộ 《Yên Vân Thập Lục Thanh》, nếu ngài có bất kỳ thắc mắc hoặc yêu cầu nào khác, có thể nhấn Thêm <LINK id='link' color='#4d734d' url='https://h5.ds.163.com/v1/665b3e7c13fb830052aa3c54/' is_underline='true'>WeChat doanh nghiệp của Yên Tiểu Vân</LINK> để nhận trợ giúp, hoặc gọi đến số điện thoại chăm sóc khách hàng chuyên dụng của Yên Vân 95163988.",
  "14252461085655141799": "Thế lực chiếm đóng: Phật Gia Trại (có thể làm suy yếu)",
  "14252485316298696667": "Hoàn thành Bách Hiểu - Cưỡi ngựa có thể mở khóa",
  "14252526094450076534": "",
  "14252538134264846203": "Thời tiết đặc biệt",
  "14252579025753434911": "",
  "14252594165451859748": "",
  "14252594829846886406": "Nhất trọng cảnh",
  "14252663347814799970": "Kiến giải của Huynh賀 lần này, quả nhiên là đại trí nhược ngu.",
  "1425270331337405935": "Tiêu viêm giảm đau",
  "14252731489421655544": "Đúng vậy, nhiều người ở Trừng Ân Trấn chúng ta đều biết chút võ công!",
  "14252731541918517309": "-1|Ngươi không dám tin tưởng Y Đao, nên sinh ra một kế. | Khi Y Đao đang phục kích bên ngoài cửa; Ngươi lấy đậu tương lên men mang cho Hồng Tuyến, ; Ném xuống chân Y Đao. | Vũ Mã rất thích mùi rượu, liền tìm đến; Lính canh phát hiện dị động, liền đi ra ngoài; Y Đao bị lộ, rơi vào vòng vây; |\nNhư vậy, ; Trận Tam Tài vốn đã chặt chẽ liền xuất hiện sơ hở, ; Mở ra cơ hội để ngươi lẻn vào.",
  "14252753210903042058": "",
  "1425277813217787124": "",
  "14252782579096847370": "Bát Đoạn",
  "14252819290592669669": "Truy tìm dấu vết vật hiến tế (Sử dụng Nghe Gió Phân Vị)",
  "14252826837818724502": "Văn Xướng, Hạng Bằng Viễn",
  "14252845356861975770": "Triệu Á",
  "14252853945531575212": "",
  "14252859833040979105": "Thu phí tắm rửa của khách",
  "14252943672132924414": "Đi đến cứ điểm tiếp theo",
  "14252962484377211954": "Sau khi tạm biệt Hồng Tuyến và Đậu Đậu, ngươi quyết định đến căn nhà bí mật dưới đáy Tháp Rượu Thơm thu dọn hành lý, sau đó đến vách núi hội ngộ với Y Đao.",
  "14253006516376568974": "",
  "14253131869063470917": "",
  "1425313986309434699": "Người qua đường",
  "14253165985068708429": "Đấu Tài Chủ, trò chơi ba người dùng bài, Tài Chủ và dân chúng thông qua chiến lược ra bài và phối hợp so tài, bên nào ra hết bài trước thì bên đó thắng.",
  "14253196902166270923": "",
  "14253228142750552580": "Từ chức",
  "14253231720942671851": "Tứ trọng cảnh",
  "14253237723206082825": "Không biết tiểu đệ thế nào rồi... canh chừng đám quái vật đó, lại không thể chủ động ra tay làm thương chúng...",
  "14253251757040604138": "",
  "14253284837552476127": "",
  "14253312787442247781": "",
  "14253324122655058190": "",
  "14253325650276620025": "Khi phát tác, sốt rét luân phiên gọi là “Chính rét”; nhưng rét mà không sốt gọi là “Tần rét”; sốt mà không rét gọi là “Độn rét”; sốt nhiều rét ít gọi là “Ôn rét”; phát ở Lĩnh Nam không rõ sốt rét gọi là “Chướng rét”; rét lâu không khỏi, dưới sườn có khối u gọi là “Mẫu rét”.",
  "14253340221107835956": "Truy tung",
  "14253378908136979432": "",
  "14253430205882401797": "Đối thoại",
  "14253465440190147486": "Hình như không đúng, vẫn nên suy nghĩ thêm...",
  "14253509658021706311": "Lưu nãi nãi",
  "14253525055195500145": "Nhiệm vụ bang phái",
  "14253526486222112042": "",
  "14253551064774665209": "Sài Vinh",
  "14253582903656058598": "",
  "14253589637009765931": "",
  "14253655973440017982": "Hồng Trần Trảm",
  "14253692442221152708": "Phan Đại Hải",
  "14253775752825801366": "",
  "14253796150889584423": "",
  "14253805548143665908": "Công tử ta hôm nay đến Phồn Lâu hẹn gặp, đặc biệt mang theo chiếc ô hoa mà nương tử tặng.",
  "14253838691627294739": "Tước Hồi Dạ",
  "14253980285068963092": "Đơn thể",
  "14254000074425018149": "",
  "14254016301543782842": "Đứa con thứ bảy mươi sáu của Miêu Miêu Miêu.\nSản phẩm của một đêm phong lưu giữa Miêu Miêu Miêu và mèo cái trong làng khi đi ngang qua trấn Từ Tâm.\nCho thấy việc triệt sản quan trọng đến mức nào.",
  "14254056525094274700": "Kiểm tra phản ứng cơ bản không cảnh giác",
  "14254081237412367094": "Đông",
  "14254120787421021772": "",
  "14254125636164617316": "Đừng đi, chuyện này chắc chắn liên quan đến Hàn nương tử. Ngươi nghĩ xem, sư phụ ta là một thầy thuốc ở quán, thỉnh thoảng lại không tìm thấy đâu. Nói là ở tầng hai nhà thuốc, nhưng không cho chúng ta vào, nghe cũng không có tiếng động nào cả.",
  "14254179307827360633": "Tìm thấy kho lương dưới kho thóc Thường Bình Thương.",
  "14254201428686644903": "Gọi theo dõi",
  "14254214535794602120": "",
  "14254245007353403787": "Từ biệt",
  "14254299816858512322": "Cúng dường",
  "14254311377544632996": "Những kẻ mặc đồ đen mang mặt nạ chuột ngã xuống đất, một kẻ giơ tay cầu xin tha thứ.\nSau đó, họ tháo mặt nạ... đằng sau mặt nạ, lại chính là Tiểu Phúc mà ngươi tìm kiếm bấy lâu.\nKhông đúng, là ba Tiểu Phúc.",
  "14254331093317934793": "Hoàn thành Hiệp Tích · Tĩnh Dạ Tư ({0}/{1})",
  "14254375537558969680": "Trừ tà an thần",
  "14254379786332931125": "Cái gì! Lúa mì ở Bình Dã Nguyên ——",
  "14254409718567275216": "",
  "14254414002942030155": "Đối thoại",
  "14254489244102032862": "Là ngươi. Trạch mỗ đương nhiên nhớ kỹ, đã lâu không gặp, thiếu hiệp vẫn ổn chứ?",
  "14254531211006046455": "Đang lấy dữ liệu",
  "14254547544707172922": "Đây là chút lòng thành của xóm giềng, lần trước Gia Gia bảo ta mang về cho ngươi.",
  "14254651022277856132": "Khách nhân Túy Hoa Âm",
  "14254658285152698185": "",
  "14254687670704738763": "",
  "14254703829283409057": "",
  "14254715269769105662": "",
  "14254738072643628325": "",
  "14254753762477422804": "",
  "14254760285370743432": "Bách tính chúc mừng năm mới.",
  "1425476854161907174": "",
  "14254887356195672107": "",
  "14254916815096661738": "Sự kiện ảnh hưởng lớn đến thần trí được kích hoạt",
  "14254928273707990557": "",
  "14254956654542935722": "Được rồi, cãi nhau ảnh hưởng hòa khí, hơn nữa, có lời gì thì lên công đường nói chứ.",
  "14254994491787760862": "Cuồng Phong Loạn Vũ",
  "14255044575280145160": "Sử dụng vật phẩm này, có thể nhận được ngoại hình tương ứng.",
  "14255055536676667283": "",
  "14255083541011274873": "Không sai, ngươi xem, những thi thể này đều không ai nhận, ta thấy, chính là sợ bị kẻ thù tìm đến, nên mới vứt ở đây!",
  "14255087440068373888": "Giải Thế - Quạt",
  "14255175911539537953": "Kiểu tóc rất đặc biệt, mang vẻ đẹp vượt thời đại.",
  "14255212369490636691": "",
  "14255228212279058432": "Ôi chao, thiếu đông gia, mấy ngày nay cậu phải cẩn thận một chút đấy!",
  "14255237178737555141": "Đánh bại đợt địch thứ 3/3, bảo vệ đống lửa",
  "1425524543530890548": "Hiệu ứng Phá Thạch",
  "14255326532719646995": "Sự kiện ảnh hưởng nghiêm trọng đến thần trí",
  "14255342741128204619": "",
  "14255362559189325677": "",
  "14255371605215137959": "Mau dừng tay!",
  "14255428596177990867": "Khu vực chiến đấu múa sư tử boss dã ngoại",
  "14255441515192295249": "Hỉ Bảo",
  "14255482120170580762": "Tỏ tình, gửi lời chúc phúc, biểu diễn tiết mục đều có thể nhận được Lợi Sự Phong, còn gì nữa không?",
  "14255497143497107043": "Bách trân giang hồ",
  "14255566903295641387": "Tấn công phá trúc tối thiểu",
  "14255600752689662022": "Ngứa khô",
  "14255608904439847825": "Nạp tiền",
  "14255624919868770422": "Gọi tên",
  "14255663588465379924": "",
  "14255665317158692507": "",
  "14255671349090797446": "Đối thoại",
  "14255682292803619456": "Sử dụng vật này, có thể nhận được ngoại hình tương ứng.",
  "14255682710829961438": "Tổng cộng gây ra $D。",
  "14255701215054725612": "",
  "14255712125952795621": "",
  "14255722217170784242": "Cái này, cái này... có lúc gà không nhúc nhích, phải giữ mạng. Trạng thái không tốt, trạng thái không tốt...",
  "14255764478069117983": "Gần đây, khu vực đỉnh Phật Quang gần Thiện Diệu Châu của Thanh Hà không được yên ổn.\nKhông chỉ những lữ khách qua đường đều mất tích, mà ngay cả các nhà sư đi tìm hiểu cũng phần lớn không trở về. Vị sa di may mắn sống sót còn thần trí hôn mê, miệng cứ lẩm bẩm những lời sấm như #Y“Tam canh định tội”#E, #Y“Hành giả độ nhân”#E mà người khác khó hiểu, không biết đã nhìn thấy cảnh tượng kinh khủng gì trên núi.",
  "14255819898179372236": "Có gì huyền bí chứ! Chỉ là ở chung với chúng lâu ngày, ít nhiều cũng biết được suy nghĩ của chúng.",
  "14255821226227683366": "Dân làng Thần Tiên Độ",
  "14256002763096010583": "",
  "14256009451046277261": "Tầng thính bóng ma",
  "14256057735367466681": "",
  "1425609012547243863": "",
  "14256229903196772688": "Ngươi còn muốn biết, tại sao ta không xem duyên姻 cho phu nhân nhà họ Dung không?",
  "14256235150130295728": "Doanh Khuyết Chuyển Thuật · Tam Trọng",
  "14256280622603000891": "",
  "1425634672484292756": "Câu cá",
  "14256360034427432970": "Đăng thông báo tìm Môn khách",
  "14256369432817098145": "Đối thoại",
  "14256370226731408229": "",
  "14256374449202888915": "Tuế Hàn Tuyết",
  "14256413848564518635": "Thật là không yên bình, kẻ gây rối cũng chẳng thấy bóng dáng.",
  "14256456950382483852": "",
  "14256459536755156816": "Đánh bại thủ lĩnh 1 người",
  "14256505810024298263": "Tiền Uông Tử",
  "14256509024682971928": "Trang điểm nửa mặt",
  "14256528171038613582": "Ê, phải đi ra đây bằng cách nào?",
  "14256558931758669583": "",
  "14256590553473340458": "Chữ",
  "14256641864298770157": "",
  "14256664064197312435": "Hỏi \"Xe ngựa của tiệm xe ngựa\"",
  "14256669394693197979": "Bữa cơm ngươi mời ta ăn này, ta sẽ \"không quên\" ngươi đâu.",
  "14256672930137381771": "Tăng {PRO_ATK_D} điểm tấn công Chặt Gỗ.",
  "14256753080811767842": "Trong thời gian điều trị bệnh này, thuộc tính vật lý trị liệu sẽ tăng 22.7% vào đầu mỗi đợt điều trị.",
  "14256785737265367391": "Chuyện lạ ở góa phụ",
  "14256794637397770094": "",
  "14256829807064110841": "",
  "14256835284414832030": "Đột Phi Mãnh Tiến Tán... Đây là cái gì?",
  "1425683702750319735": "Thị nữ.",
  "14256852427576888127": "",
  "14256871945708373609": "Khổ Hạnh Tu 147",
  "14256899394115400851": "Yên Thác",
  "142569199402950700": "Hừ hừ~",
  "14256971922417651425": "Thôn dân Phong Hòa Thôn",
  "14256978984040615732": "",
  "14257012138134418928": "",
  "14257020955380565860": "Giả Nhân",
  "14257111490944806699": "",
  "14257118473551931377": "Lửa đêm bùng lên, tiếng người ồn ào, mau đi xem tình hình chỗ cháy.",
  "14257142650185679113": "Ta cũng không biết nấu ăn",
  "14257146787558711599": "Da",
  "14257157182101421965": "Thi Thí chủ vui lòng khám phá Thanh Hà tới mức #YUy danh lừng lẫy#E, khi đó #YDuyên trần#E hội đủ, hoặc có thể hỏi rõ ngọn ngành.",
  "14257204216861047806": "",
  "1425721170472887672": "Vẽ trời vẽ đất, vẽ thần vẽ hình! Khách quan muốn vẽ gì nào?",
  "14257228514860330142": "Sử dụng",
  "14257234879862132742": "Ngươi và nàng — không phải là hai người các ngươi, ngươi sốt ruột cái gì?",
  "14257244323053638044": "",
  "14257337144015616120": "Cho bà nội năm mươi văn",
  "14257344598061767916": "",
  "14257356820121676536": "",
  "14257437501866742005": "Anh hùng gặp nhau! Vừa hay ta tự sáng tạo ra Bát Thức Võ Học Dưới Nước, có thể một đấu tám dưới nước!",
  "14257441144289024519": "Vũ khí, Hoàn, Bội",
  "14257447124033165613": "Hàng còn lại ở phía Bắc thành, hiếm thấy đấy ——",
  "14257468315700278373": "Mục tiêu đang ở chế độ liên thông, có muốn bí mật xâm nhập không?",
  "14257480514082180739": "",
  "14257487820158549645": "Lá xanh",
  "14257507768391545004": "",
  "14257534088832519035": "Mồ hôi nhẹ lấm tấm trên lụa trắng mỏng, sáng mai Đoan Ngọ tắm lan hoa.\nDây màu nhẹ quấn quanh cánh tay ngọc đỏ, bùa nhỏ lệch treo trên búi tóc mây xanh.",
  "14257541737437040175": "Kinh mạch",
  "14257564731670268088": "Chặn đỡ",
  "14257566226438816725": "Ngu xuẩn vô cùng......",
  "14257601688758060642": "Trao ngọc bội cho cô gái",
  "14257611651667073461": "",
  "14257694862226121853": "",
  "1425775615924105711": "Nửa viên Phật Quang Ngọc rơi ra từ trên người Diệp Vạn Sơn.\nKhi ngươi nhặt nó lên, dường như thấy Tháp Tội Nghiệp phía sau đổ sụp.\nNgươi cũng thoát khỏi ảo cảnh.",
  "1425778434260605981": "“Đại châu tiểu châu rơi xuống đĩa ngọc”! Đó là từ bài “Tỳ Bà Hành” của Bạch Lạc Thiên, người thư sinh khen đàn Tỳ Bà của ngươi rất hay, ai nha...",
  "14257796376987974867": "",
  "14257828069224172388": "",
  "14257842762519758721": "Đại hiệp nói cái gì vậy, chúng ta có nghe hiểu đâu!",
  "14257915058440702064": "Độc vật không rõ",
  "14257926255979197270": "Man Tử Lưu",
  "14257970670221678483": "",
  "14257974107299865658": "Huynh Tôn vẫn chưa về sao?",
  "14257975863179470755": "",
  "14258106943223738176": "Hành viện",
  "14258113514134996085": "",
  "14258135423842920194": "Đang tải dữ liệu",
  "1425816889625647656": "",
  "14258172739590194162": "",
  "14258236734920767985": "Trúc Ngọa",
  "14258259503424123815": "Phá Trận Nhạc",
  "14258295805185357255": "Trừ tà an thần",
  "14258445791538606439": "Gọi người quản sự ra đây! Dám bán hàng giả!",
  "14258488702824467089": "",
  "14258499936378515582": "Hoàng Tuyền Tầm Vật",
  "14258515537568048384": "",
  "14258594365238481980": "Bảng xếp hạng bang phái",
  "14258640887600593533": "Nhắm mục tiêu, {} mở/tắt khóa",
  "14258688814937591865": "Đang tải...",
  "14258709033253894109": "Nồi sắt.",
  "14258710592396024843": "Mỗi lần sử dụng #H Võ học kỹ #E, có thể khiến bản thân nhận được một tầng #H【Ngọc】#E, #H【Ngọc】#E tích lũy đến tầng 8 có thể kích hoạt Thiên Lôi khiến bản thân nhận được #H【Thiên Lôi Khai Ngộ · Ngọc】#E, trong 10 giây tiếp theo #H Bá thể và miễn thương 50% #E, mỗi giây nhận được nửa đóa phù dung, hơn nữa #H Kỹ năng đặc biệt #E sát thương tăng 30%.",
  "14258737666045738465": "Mão trụ, giáp ngực, giáp ống chân, giáp cổ tay",
  "14258806143302784553": "Nói về hai người này, họ nổi tiếng là kẻ thù truyền kiếp đó, cứ gặp nhau là đánh nhau, như thể có thù hận sâu sắc vậy.",
  "14258819468959046518": "Vào quán kiếm, vào mộ xem tâm.",
  "14258819788178337651": "Vô Danh Quái Dược · Nhị",
  "14258845255935100602": "Thực hiện xong ảnh chụp, có thể về Bán Diện Trang hóa trang."
}