{
  "1029504876538046373": "Mọi người đều đi học, chẳng phải thế đạo sẽ yên bình sao. Ngươi thấy sao?",
  "10295049198743211456": "Quỳnh Lâm Uyển",
  "10295051704051885918": "Này này— món ăn này... món ăn này để lâu quá, hình như đã hỏng rồi...",
  "10295072309082727803": "Nhậm Khoan",
  "10295109537780594710": "Thực Thể Sấm Sét",
  "10295177202822429389": "Được thôi, ngươi cứ nhìn đi!",
  "10295218595823971347": "Đổng Đan Thanh",
  "10295252147770360211": "Lê Viên",
  "10295298481342253214": "Bốn đoạn",
  "10295300824420451133": "Vô Ưu Động - Bia Mộ Cảnh Đạo Chủ - 5",
  "10295303599525897412": "Đạo giáo",
  "10295332659364573940": "Rượu và thức ăn",
  "1029536561129202138": "Gần cổng nam thành Khai Phong, gần khách điếm#a66829Vô Bỉ Khách Điếm#E gần đây tụ tập không ít người giang hồ, hình như đang bàn tán về một thứ gì đó#a66829Bảo vật bí mật#E...",
  "10295367434748859012": "Thủ vệ",
  "10295372895867327489": "Y thuật mà các lương y dùng thừa hưởng từ hội hành nghề y, nhưng vì chiến loạn, nội dung thừa hưởng này đã thất lạc phần lớn, chỉ có thể dựa vào các lương y đời này truyền đời sờ mó, tái tạo lại.",
  "10295376450144591826": "Cách nhận",
  "10295397586917955568": "Hà Thiên Nam",
  "10295452260229989996": "Thừa Long Nghịch Nguyệt",
  "1029547235931179251": "Túy Hoa Âm Pháo Hoa Dẫn Lối - Mặc Hiên",
  "10295500335418049151": "Hắn đã ăn tô mì ngon nhất thiên hạ.",
  "1029550393710581089": "Lưu Minh Sách",
  "10295543967276450474": "Đầu ra",
  "10295551573434930986": "Lã Bố",
  "102955698403412914": "Lý Trạch Hạo",
  "10295579017806929556": "Du Nhận · Nhất",
  "10295637693066569852": "Ảnh gia đình mờ ảo",
  "10295646158177120365": "Huỳnh Uyên Quan Ải - Thực Thể Rỗng",
  "10295669980455343314": "Vô Ưu Động - Chủ thể - Thời tiết, Hạn mức năng lượng, Thanh đạn",
  "10295693997200290506": "Hoa Gian Khách",
  "10295750603803473700": "Phòng Chí Cường",
  "10295818089956766628": "Sinh Thái Vật Chủng",
  "10295859826235315044": "Bách Nghiệp tổ chức xây dựng thêm tổ hợp kiến trúc 331",
  "10295896403819266232": "Quản Tuấn Đào",
  "10295948268327198265": "Trần Gia Tranh",
  "10295958069277163230": "Đang tải dữ liệu",
  "10295962085955942500": "Cái gì! Đây là rương báu Trường Lạc!! Phỉ nhổ, đúng là xúi quẩy.",
  "10295968567551867090": "Khí huyết dưới 60%, tấn công tăng 10%; Khí huyết dưới 30%, tấn công tăng 20%.",
  "10296069592865246301": "A Ngưu... Thiếu hiệp, đi thôi, chúng ta đi tìm A Ngưu, ta muốn đưa A Ngưu về nhà!",
  "10296085646832872522": "Da, kẻ điên nào tới đây vậy?",
  "10296143030359424990": "Sao thế? Lại tái phát bệnh rồi, ngươi mang đơn thuốc này cho y, đây là đơn thuốc cha ta trước đây từng kê cho hắn.",
  "10296145850107761525": "Hầu Hiểu Đào",
  "10296148653115559841": "Đa Nhân Tiểu Thập Thất Độ Khó Một",
  "10296171019898140648": "Đại sư huynh",
  "10296180576344633782": "Hoa Trung Thừa",
  "10296184543931783780": "Đang lấy dữ liệu",
  "10296192034679791324": "Xà Vương Bảo Hạp",
  "10296202436074379876": "Tào Dự Hinh",
  "10296218296986915107": "Hà Kỷ Hi",
  "10296224684441507447": "Vũ Khố",
  "10296267928871602992": "Đây không phải là gì, không có chuyện gì… ngoại trừ sức khỏe tâm linh.",
  "10296312855974609707": "Không cày cửa hàng",
  "10296313459499887381": "Chiếm Vị",
  "10296344299503912386": "BP Tuyến Trả Phí 2",
  "10296382880571527343": "Là thuộc hạ của vị #W“Đạo Chủ”#E tài giỏi kia! Nghe nói trả giá rất cao! Nhưng người này khó tìm, không có chút tin tức, cũng không gặp được ông ta.",
  "10296386985713632751": "Đom Đóm",
  "10296393713392015050": "Tặng quà",
  "10296463625306218366": "Sinh Thái Vật Chủng",
  "1029647076992242542": "Một ván nữa là ta có thể lật lại, đến lúc đó ta sẽ trả cả vốn lẫn lời cho ngươi!",
  "10296543776939518939": "NPC Thiếu Nữ Thử Nghiệm",
  "10296569680539589151": "Khử cổ hóa độc",
  "10296599323526662562": "Lưu Minh Sách",
  "10296636023338490585": "Vị trí",
  "10296665645007486398": "Trò chuyện",
  "10296694434284613900": "Diễn Võ 3V3",
  "1029671803384957299": "Âu Dương Thư Chu",
  "10296736589293610989": "Kỹ năng định âm ngừng chiến",
  "10296762888984481597": "Chướng Ngại Vật Cố Định - Thạch Nhân 51",
  "102968397349932059": "Ủy thác Bánh bao cá sen",
  "10296847707018240786": "Vạn Sự Tri",
  "10296882336415665274": "Lý Trạch Hạo",
  "10296924446922771134": "Khai Phong Chủ Tuyến",
  "10296930377610066345": "Thu hồi trang bị sau đây#YTrang bị cấp cao hơn trang bị trong kho vũ khí#E, có muốn đến kho vũ khí thay thế không?",
  "10296993905966470571": "Nhất Diệp Bình Sinh 3 - Tấm Nền",
  "10296995955810118146": "Ngươi là người địa phương à? Vậy ngươi có kẻ nào muốn giết không?",
  "10296996214620056890": "Ta vẫn luôn muốn ra giang hồ xem thử",
  "10296997781724142473": "Quần áo của Bàn Tay Quỷ",
  "10297006671077429438": "Phòng ngự pháp thuật cơ khí",
  "10297007416052232079": "Dương Trịch Trục",
  "10297036682117655447": "Ta à, không thể thiếu ngươi được.",
  "10297041206843330228": "Bình Dã Nguyên - Dạo Chơi Thư Thái",
  "10297044735556594954": "Âu Gia Hạo",
  "10297053621971803936": "Thắt lưng",
  "10297092422385853722": "Võ Lâm Lục · Hiệp Tích",
  "10297104237431097831": "Quách Vũ Ngang",
  "10297110858746983953": "Sương mù",
  "10297134064496985978": "Quạt say ca",
  "10297139618626431704": "Phong Hòa Thôn - Điểm Làm Mới Chiến Lợi Phẩm 73",
  "10297173081740684287": "Như vậy là tốt rồi, không phải bản tiên ham tài, mà là bản tiên đã lập lời nguyện lớn là đúc lại kim thân cho các vị Bồ Tát ở Thung lũng Thiên Phật này...",
  "10297178094910346160": "Dữ liệu đang tải...",
  "10297190424353165083": "Tửu Nhục Sơn Lâm Tinh Anh 2",
  "10297211935096906066": "Vạn Cổ Nhất Nhân Điện - Trứng Huyết Nhện Minh Họa 2",
  "10297225957345496345": "Ngọc Môn Quan Cứ Điểm Tinh Anh Người Chim",
  "10297230040701338802": "Tiêu Sơ Hàn",
  "10297238280741306606": "Tiếng lóng giang hồ",
  "10297270627397583715": "Độ Khó 2 - 8 Trường Minh Ngọc",
  "10297287884145781246": "Chờ cuộc thi chính thức bắt đầu",
  "1029732922313005931": "Cứ Điểm Đại Đống Lửa",
  "1029735911002505972": "Thuê nhà",
  "10297437957563342964": "Rời khỏi chiến đấu",
  "10297453843001741262": "Tra cứu phím tắt",
  "10297458967099750255": "Tào Hàm Tùng",
  "1029754516077733864": "Đang lấy dữ liệu...",
  "10297558608252677851": "Tỳ Bà",
  "10297561565483739189": "Trò Chơi Súc Cốt Công - Linh Kiện Khổng Minh Đăng",
  "10297569450696071111": "Thăm miếu Tướng quân",
  "1029760310216970061": "Khách Hàng Quán Nướng",
  "10297668181910368101": "Trong miếu tướng quân đổ nát thực ra có một không gian bí ẩn! Đây rốt cuộc là nơi nào? Những dây leo này dùng lửa tên có thể đốt cháy được...",
  "10297697559213397682": "S3 - Phần Thưởng Chiến Lệnh - Miễn Phí Cấp 20",
  "10297732669460678039": "Vô hiệu hóa kiểm tra độ sâu khi vẽ khung xương và dung hợp tư thế",
  "10297744347741075174": "Tỷ lệ kháng chính xác tăng #G6%#E",
  "10297803034566864569": "Tiếu Vân... Chú Tiếu Vân? Chú ấy... chú ấy không phải đã vân du rồi sao?",
  "10297807110608688304": "Trương Chấn",
  "10297825182050869865": "Bồ Đề Khổ Hải - Kinh Văn",
  "10297849236501234306": "Biện giả, sẽ phân rõ phải trái, xem xét lý lẽ danh thực. Nếu ngài chỉ lo biện thắng thua, thì cuộc luận biện hôm nay với ngài, không cần bàn nữa!",
  "10297877487632257842": "Tín đồ Xích Long Đường",
  "10297892140440667284": "Sinh hoạt",
  "10297899691568850857": "<Thiên Nộ Đao Pháp> liên tục đánh trúng cùng một đơn vị (khoảng cách không quá 2 giây) sẽ gây thêm (0/1/2/3) điểm Chân Khí thương tổn, liên tục đánh trúng từ 3 lần trở lên sẽ giảm thêm 2 giây thời gian hồi chiêu của <Võ học kỹ: Si Đãng>, thời gian kích hoạt là 5 giây.",
  "10297988696389558946": "Thời tiết đặc biệt",
  "10298011001510738519": "【Giới Bia - Truyền Tống】",
  "10298059993532538408": "Bán trực tiếp",
  "10298080288709701374": "Sinh Thái Vật Chủng",
  "10298080918433325447": "Cây liễu",
  "10298094963356923257": "A! Đại hiệp keo kiệt quá, người ta cứu ngươi lại mời ngươi ăn cơm, ngươi ngay cả một chén rượu cũng không nỡ mở.",
  "10298140853309354396": "Vô ngửi",
  "10298148499387016": "Đối thoại",
  "10298160504985889945": "Bế quan mười năm và lang thang tứ hải, nếu phải chọn, {0} sẽ chọn con đường nào?",
  "10298182056854451371": "Quan ải Thập Nhị Tải Ân Thù - Khu vực hợp pháp",
  "10298212441889384797": "Dù các hạ cứ đứng đây mãi, Yến mỗ cũng sẽ không thay đổi ý định. Phải biết điều tiết công việc và nghỉ ngơi chứ.",
  "10298214827686680288": "Truyền rằng Thanh Hà có một tòa Tháp Chuông Thái Bình, quả chuông vàng ở đó có thể tấu lên khúc nhạc do Tề Thanh tác, chỉ là quả chuông vàng đã vỡ, cần phải sửa chữa.",
  "10298231418366368192": "Tửu Hương Ngọc",
  "10298236703933119988": "NPC Nữ Trưởng Thành Thử Nghiệm",
  "10298237494565993002": "{3}\nTa vào ngày {0} mắc bệnh {1}, sau đó được danh y {2} chữa trị, cuối cùng đã khỏi bệnh.",
  "10298288583100260809": "Là... một tấm bản đồ và hai câu thơ tàn.",
  "10298290865440359952": "Tinh Thiết",
  "10298317042485850309": "Nhắc nhở môn quy",
  "10298329321477578398": "Chọn sinh kế Yến Sư",
  "10298341462125279485": "Giải đố phức hợp - Thiện Diệu Châu - 2-3 con bướm",
  "10298363697055552878": "{3}\nTa vào năm {0} mắc bệnh {1}, sau được danh y {2} điều trị, cuối cùng đã khỏi bệnh.",
  "10298376256428372309": "Anh Vũ",
  "10298382294445090471": "Mở khóa nguyên liệu mới",
  "10298428709631946727": "Trong thời gian hiệu ứng #YTrường Phong#E kéo dài, tiêu hao thể lực của chạy nhanh và chiêu thức tích lũy lại giảm thêm #Y10%#E (Tổng cộng giảm #Y30%#E)。",
  "10298435928959738632": "Giải đố thành công",
  "10298446247370172288": "Đệ tử Cửu Lưu Môn",
  "10298479939763850503": "Ngư Long Mạn Diên - Đấu Vật Vây Xem 5",
  "10298602907468615759": "Hồ Tử Kim Đê - Lão Trịnh Đầu",
  "10298722350295985631": "Cốc —— cốc —— cốc ——\nLại bắt đầu rồi, những người phiền phức này.\nĐoán móng tay, ở đây đã động công hai năm rồi. Hai năm, những người này vậy mà vẫn chưa xây xong nhà, thật làm mèo lo lắng.\nHả? Người đi ngang qua nói gì? Bẩn? \nNói bậy! Bẩn? Ai bẩn? Nói thế nào chứ?! Nó không bẩn, nó chỉ là... trông hơi đen một chút.",
  "10298743265910360523": "Hạng thứ xxx",
  "10298771588441835634": "Bác Lãng Sa Doanh Địa Quái Vật 11 - Xích Long Đường",
  "10298773165453680094": "Thiếu hiệp không biết công tử Phi Sương sao? Người này xuất thân từ vườn đào lý, chưa đến hai mươi tuổi đã nổi danh giang hồ nhờ một tay đàn tỳ bà, một khúc “Sương Ngâm” là diệu tuyệt nhất.",
  "10298808826868023271": "Hắn nói là \"Mộng Khôi, cứu ta\" hay là... \"Mộng Khôi cứu ta\"?",
  "10298815354839377167": "Hả?",
  "1029884092224255955": "Tiệm sách Vinh Lục Lang",
  "10298873293718693915": "Đối thoại",
  "10298875809305435311": "Đang tải dữ liệu",
  "10298880076393694879": "Chế tạo",
  "10298889927246180399": "Đối thoại",
  "10298894038160805350": "Đối thoại",
  "10298898331103595454": "Khai Phong Du Nhai Xung Quanh - Bách Tính Nữ - 146",
  "10298904305366698036": "Sương mù",
  "10298967859888862433": "Từ Tâm Sơn Viện Tứ Phẩm Bảo Hạp",
  "10299014178654203813": "Lâm Văn Kiệt",
  "10299024820979217000": "Trương Tuấn Kiệt",
  "10299063335923905985": "Lắc tay",
  "10299100193260039415": "Hóa Oán Bảng - Mẫu Quyền Pháp - 4",
  "10299121371336604875": "Xuất phát từ 'Vật Bất Tri Số' trong 'Tôn Tử Toán Kinh', sử dụng Định lý số dư để tính toán.",
  "10299136508507752205": "Mặc gia",
  "10299158397554064083": "Nấm Tử",
  "10299173085304170941": "Nhóm phím điều khiển - L1/R1",
  "10299188474619625658": "——Tàng phẩm của Cố Cung Bảo Vật Viện, “Thanh Minh Thượng Hà Đồ”",
  "10299200971148158385": "Quậy quá, ngươi xem người ta kìa! Ta không quản ngươi nữa! Ngươi cứ ngồi đây mà khóc đi, lát nữa sẽ bị ngỗng hoang tha đi đấy!",
  "10299202004343786448": "Âu Gia Hạo",
  "10299238000014980571": "Thương nhân Tây Vực mang chim thú quý hiếm đến Khai Phong, nói rằng từng nghe câu chuyện hào sảng \"mua nghé chuộc châu\" của thương nhân Trung Nguyên. Tuy nhiên, Trường Minh Châu là vật quá quý giá, hắn muốn noi theo phong thái cổ nhân, nên đã phát thiệp mời mọi người cưỡi thử nghé miễn phí - miễn phí Trường Minh Châu.",
  "10299285425550839080": "BOSS Dã Ngoại Quỷ Công Tử Bức Tường Vô Hình",
  "10299316441669720838": "Được rồi, tiếp theo ta cần làm gì?",
  "10299317071461185179": "Đom Đóm",
  "10299332272161087758": "Tự dưng gây sự với ta làm gì?",
  "10299431451508223399": "Thành viên Bách Nghiệp nhận được phần thưởng bang hội { }",
  "10299434316643244135": "Lý Gia Đống",
  "10299441881909287147": "Thắng {} lần trong Đấu Tranh Hóa Giải",
  "10299481355789244203": "Dân Tục Hạng 2",
  "10299582082672807193": "Xin lỗi xin lỗi, làm phiền thiếu hiệp đi thêm một chuyến nữa.",
  "10299585563865005468": "Hàn Lạnh cấp 4",
  "1029963619015233178": "Nhìn khe cửa",
  "10299660422545797801": "Không hiểu sao, câu \"cứ yên tâm\" của hiệp khách lại khiến người ta cảm thấy yên tâm một cách kỳ lạ...",
  "10299667197490284355": "Con Trai Địa Chủ - Lý Đại Đầu",
  "10299679935286428609": "Ơ, thiếu hiệp, thiếu hiệp đợi đã!! Ngươi... là &N thiếu hiệp phải không.",
  "10299681913922589177": "Thất Phạt Pha - Điểm Hồi Sinh Chiến Lợi Phẩm 164",
  "10299682905658313466": "Tiểu Linh",
  "10299688408405883503": "Phụ bản tổ đội 10 người",
  "10299689557352091918": "Khu Khách Điếm - Đệ Tử Cửu Lưu Môn 4",
  "10299689723832892088": "Tiểu Thập Thất là ai?",
  "10299708511458730495": "Uất Lâm Khuyển",
  "10299732436674006729": "Rượu",
  "10299774681035004089": "Lạc Thần Sư Diên",
  "10299782304784171964": "Cây du",
  "10299789474648494778": "Sinh Thái Vật Chủng",
  "1029979673577988219": "Thất bại",
  "10299801518126248357": "Liêm",
  "10299848577353455683": "Chu Hỷ",
  "10299865076711493973": "Hoàng Vũ",
  "10299889342540875198": "Trần Gia Tranh",
  "10299892704588607054": "Tử Tượng Cư - Cư Sở Thợ Thủ Công - Thợ Thủ Công 14",
  "10299918594372934576": "Quán Cư Kỳ Sự Kỳ Ngộ - Kỳ Ngộ Bày Trí Mỹ Thực 1",
  "10299919284883114120": "Leo Tháp Cơ Bản - Tầng 2 - 1 Sao",
  "10299924828134780195": "Phúc Bồn Tử",
  "10299930253734598391": "Gia pháp hầu hạ!",
  "10300009848998396882": "Đối thoại",
  "10300010632112295038": "Dưới Đan Nhai, đáy Nguyệt Hồ, Đông Tây đã chuẩn bị, chờ đợi tiên sinh.\nLê Trinh Trinh",
  "103000220164005772": "Bảo Rương",
  "1030002248093693491": "Thưởng Thu Thập Khu Vực Cấp Ba 3",
  "10300034418157469124": "Thuộc tính tâm pháp",
  "10300066282295988864": "Hỏi thêm về Thường Bình Thương",
  "10300098866373093327": "Phương án trang phục 4",
  "10300114600248644197": "Chứng kiến da thịt dày dặn, hoặc cơ nhục đau nhức, lâu ngày không khỏi, cũng có thể khiến tay chân không hoạt động được.",
  "10300131764564607986": "Lắng nghe gió để phân biệt vị trí",
  "10300138176503609265": "Thọ Xương Phường - Phú Nhân",
  "10300195855331901968": "Trần Gia Tranh",
  "10300205325911178366": "Ngành nghề 【{0}】 kích hoạt thành công",
  "10300243528038997268": "Hôm nay trong mơ ta muốn thấy!",
  "10300256146264892312": "Quan điểm lịch sử của nhà tư tưởng nào nói rằng “Không bắt chước cái cũ, không theo cái mới”?",
  "10300286686454886506": "Kính Đàm Mô Hình Rỗng Cơ Quan Thần Khám",
  "10300297285550301133": "Mở biểu cảm",
  "10300325085120417117": "Bên Sông Rót Rượu - Hũ Bạch Tửu",
  "10300470358207472171": "Sau khi mở sẽ nhận được Nhật ký sinh tồn*5, Phương thuốc dân gian*2.",
  "1030047600240039710": "Nghe nói cá nấu dê có vị ngon, cá dê tươi mà! Chị có thích không?",
  "1030051090813249609": "Bộ sưu tập",
  "10300599351280252792": "Tranh luận lời nói: Người chơi có thể sử dụng thẻ lời nói #YSinh kế văn sĩ#E để thuyết phục đối phương nhanh chóng.",
  "10300632482034238160": "Bệnh chứng phát tác, phòng thủ bệnh chứng tăng mạnh",
  "10300636188146250059": "Dẫn Dắt · Phụ Thân Nóng Lòng",
  "1030063936801270972": "Oa oa...",
  "1030068660275312688": "Trương Chấn",
  "10300714321622500743": "Hà Kỷ Hi",
  "10300714775694951984": "Thưởng Đoạn Vị 4-1",
  "10300730156504061552": "Địa 1-4",
  "1030076899347835520": "Chương Chính",
  "10300786797096008911": "Thiên Thượng Lai - Xích Long Đường Thành Nam",
  "10300797652435232218": "Quỷ Thị Tử - Mịch Cốt Trân - Khách Nhân 2",
  "1030080404580635571": "Nhất Diệp Bình Sinh - Khu Phố Đại Lộ Nam Môn - Khách Nhân Tiệm Bánh Ngọt 3",
  "1030081395428581829": "Dạ Lộ Phi Quang - Vô Tương Tác",
  "10300823089913276407": "Là thương nhân đến thu mua Địa Hoàng phải không? Ngài đừng đi vội, giúp tôi chọn trước đã.",
  "10300846375325987595": "Tào Dự Hinh",
  "10300878964039426051": "Vận Chuyển Tượng Đá - Mèo",
  "10300879510671472061": "Quần Tinh Hội Mộng",
  "10300890614632426458": "Hiện tại không ở trong cảnh đấu một mất một còn, không thể đăng ký",
  "10300890740445200550": "Hoàn thành kết cục Âm - Minh ở Khai Phong",
  "10300893156466469210": "Ngư Long Mạn Diên - Tấm Nền Quầy Pháo Hoa 1",
  "10300898281884756187": "Hà Kỷ Hi",
  "10300923457882293039": "Chó của ngươi đâu?",
  "10300986908573056344": "Thuộc tính cao cấp",
  "10301060918516756271": "Chấp huấn liên liên",
  "10301119132521478667": "Trần Gia Tranh",
  "10301121133906174431": "Khi gây sát thương lên kẻ địch ở trạng thái Khí Kiệt, có xác suất khiến bản thân nhận được một tầng #YPhân Giải#E. Mỗi tầng #YPhân Giải#E tăng #Y5#E điểm Xuyên Thấu Ngoại Công của bản thân, cộng thêm #Y5%#E Sát thương bạo kích, tối đa #Y3#E tầng, duy trì 5 giây.",
  "10301142452139656729": "Ngự Uyển Nam - Xạ Điện Vây Xem 25",
  "1030114638902028324": "Phòng Chí Cường",
  "10301153890688339202": "Cổ Tư - Đại Môn - Bách Tính Tuần Tra 16",
  "10301154235808283891": "Thanh Sơn chấp bút",
  "1030117469843404628": "Nam Mô A Di Đà Phật.",
  "1030120174150048752": "Thọ Xương Phường - Cung Phụng Tư - Nha Dịch",
  "10301233282285056649": "Vật này không cát tường, có lẽ liên quan đến một người nào đó thường xuyên xuất hiện ở đây?",
  "10301243476324434581": "Hoa Hải Độc Hoa 9",
  "10301274327333733516": "Có tiền riêng ở phía trước.",
  "10301287741686501776": "Yến Sào Thảo",
  "10301308669597372119": "Đứng - Giám Sát Khu Vực Xưởng",
  "10301362940664402020": "Dựng lều tạm",
  "10301365705957778564": "Nhậm chức quan ngoại quốc",
  "10301461257603164584": "Trương Chấn",
  "10301466625087121705": "Lão Triệu gặp khó",
  "10301489077744256048": "Doãn Yểu nương",
  "10301501367381773988": "Xem trước cảnh",
  "10301502215710566018": "Tiếp tục trò chơi",
  "10301523195464917207": "Hà Thị Lạc - Khán Giả 1",
  "10301541089610494554": "Thọ Xương Phường",
  "10301589083004003210": "Đuổi đánh chém địch",
  "10301609668686318050": "Hà Thanh Quân",
  "10301615645600918714": "Mời gọi",
  "1030165031810043480": "Giang Hồ Nam - Ngẫu Nhiên",
  "10301660314181515775": "Đang tải dữ liệu",
  "10301702379366242080": "Trong rừng có rất nhiều nai con, nếu có thể bắt được một con, chúng ta có thể nấu một ít thức ăn rồi!",
  "10301714223129499878": "Số lượng đã đạt mức tối thiểu",
  "1030177348698209728": "【Thí Phong】 Mùa giải Thí Kiếm và phụ bản Hiệp Cảnh sẽ tính vào bảng xếp hạng tất cả các phụ bản (không tính Kim Minh Trì Sơn/Vân Mộng liên quan)",
  "10301773608056438567": "<Thở phào> Được rồi, muộn rồi, ta cũng nên về thôi.",
  "10301805688888925116": "{2}\nThân thể có chút không khỏe, qua chẩn đoán của danh y {0}, bệnh ta mắc phải là {1}.",
  "10301824551978626642": "Điểm Hỗ Trợ - Điểm Bắn Sóng Thứ Tư 1",
  "10301830789136295909": "Trần Gia Tranh",
  "10301855798001043466": "Đối phương đánh giá ngươi một phen",
  "10301877095898671614": "Không sao, khụ khụ... A Mãng đã thuộc lòng rồi, đã xuất sư.",
  "10301880891109291064": "Ha ha ha ha ha, trường sinh bất tử, chín cái chết một lần sống!",
  "10301961936985254463": "Sinh Thái Vật Chủng",
  "10301977618801303664": "Sinh Thái Vật Chủng",
  "10301980426601896532": "#ea5858Nhiệm vụ: Sống sót#E",
  "10301982073269587367": "Bức Tường Vô Hình Chiến Đấu Giai Đoạn Hai",
  "10302020980683170484": "Sử dụng thuốc",
  "10302027462841135370": "Món canh này, tuy được sắc theo phương thuốc, nhưng dường như không thần kỳ như truyền thuyết kể, không thể xoa dịu bệnh tình của sư huynh chút nào, mà lại giống như đá chìm biển mất...",
  "10302040744434072261": "Hướng Kính Cách",
  "10302045566630004280": "Chi bằng nhân dịp quần anh hội tụ hôm nay, lấy ngày sinh tài lộc mà phân phát ra thiên hạ.",
  "10302067947573158729": "Thương Hộ A - Thương Hộ Cải Bắp",
  "10302089599255708130": "Trương Chấn",
  "10302101800785550285": "Số đơn hàng hôm nay đã đạt giới hạn",
  "10302113354723941383": "Lên thuyền",
  "10302136807375315642": "Đối tửu đương ca"
}