{
  "11909488795180836570": "Vị trí thứ mười sáu",
  "11909529112130564278": "Tự tin đầy mình",
  "11909548550322903282": "Giáo tập Thanh Khê",
  "11909596451955275690": "Anh cả sao không đi lính nữa?",
  "11909599242887740849": "Giáp trụ",
  "1190965003489432137": "Ngươi sao vậy?",
  "11909687978004744609": "Túy Hoa Âm - Tứ Phẩm Bảo Hạp",
  "11909688111984349473": "Thất Phạt Pha - Điểm Hồi Sinh Chiến Lợi Phẩm 154",
  "11909695849545526328": "Người ăn xin trong Quan Môn, không rõ tên.",
  "119097094092926453": "Lâm Giang Ấp",
  "11909724501228095387": "Chọn phương thức đổi thưởng",
  "11909733828235661405": "Khách đến đầy chén rượu thanh tao, cảm hứng ngâm thơ tài tử.",
  "11909773267508053121": "Trần Liên Nương",
  "11909790811032488949": "Tăng tấn công ngoại công",
  "11909798130313644892": "Mặc Thành Cựu Chỉ - Linh Hồn Nữ",
  "1190983499544936958": "Đang tải dữ liệu",
  "11909855529952942901": "Đang tải",
  "11909856406529190486": "Sử dụng Du Long Khóa",
  "11909900557842704314": "Khi giá trị sức bền dưới #Y60%#E tối đa, sát thương hội ý gây ra có thể tăng thêm dựa trên tỷ lệ hội ý, tối đa tăng #Y18%#E, cần tích lũy #Y30%#E<tỷ lệ hội ý|780|#C|23>(Hiện tại $STEADY_BASH_PROB:.1%$).",
  "11909906295179311279": "Nộp thiệp bái kiến cho người nhà họ Hướng",
  "11909923994267527787": "Trần Hiểu Hàn",
  "1190993892359151590": "Trương Tuấn Kiệt",
  "11909948970820123533": "Nữ tỳ hầu yến",
  "11910058055211249034": "Cho nên những lời bọn họ nói, thà tin là có còn hơn là không tin!",
  "11910062380177844906": "Sau khi ngươi bị người mặc đồ đen đánh ngã, không biết bao lâu sau, trong cơn đau đớn, ngươi được người khác gọi dậy.",
  "11910074817069995683": "Cho nên, mười lăm năm trước, ta mang thi thể tiểu muội đến trước Phật.",
  "1191009496243877419": "Không biết tại sao, đột nhiên toàn thân vô lực, đứng không vững... Ôi...",
  "11910159553042053991": "Đến 【Lai Sinh Ngạn】, dừng lại 30 giây",
  "11910255222365705898": "Thiên phú võ học",
  "11910276883173106807": "Lăng Giai Hân",
  "11910280022790659758": "Sử dụng có thể nhận được danh hiệu Hiệp danh 【Quan Thoại Cấp Hai Giáp Đẳng】",
  "11910280854347717423": "Màu đỏ hoa lựu thượng hạng! Nơi khác không nhuộm được đâu!",
  "11910282878105467007": "Diệp Tử Hí - NPC say xỉn",
  "11910413724042942073": "Hoàng Lạc Tí",
  "11910427446424160592": "Tọa Ngôn - Công Cộng Dục Trì",
  "11910430066096571210": "Thọ Xương Phường - Phú Nhân",
  "11910465372034813806": "Thanh Hà Kỳ Ngộ - Miêu Nghiện Hoạn Giả - Thương Lang",
  "11910473186005711378": "Vượng Tài",
  "11910482642193673403": "Sử dụng rồi mở khóa ảnh đại diện tương ứng.",
  "11910588422798102592": "Thúy Bảo Trai · Chủ tiệm",
  "11910608122178722683": "Trần Hiểu Hàn",
  "11910624898563615691": "Mô tả trang phục thứ hai điền vào đây",
  "11910632399343656369": "Chuyển sang chế độ xây nhà",
  "11910645583639367319": "Tâm Hồ Phi Vũ Bố Điều 3",
  "1191065399503930799": "Cảm ơn Thiên Tuyền thiếu hiệp!",
  "11910663400291395710": "%s%.2f km",
  "11910684161424077976": "Lò hương đầu tiên",
  "11910699918207372306": "Tải thêm nhân vật",
  "11910753702503127346": "Quỷ Phàn Lâu - Quan Chiến - Tả Trắc 3",
  "11910829665142882333": "Thiên Tuyền - Hộp Đựng Phong Minh Đao Phổ",
  "11910871034813617858": "Quảng Trường - Trạm Cương",
  "11910880965383153855": "Lời mời quá thường xuyên, xin hãy thử lại sau",
  "11910898484014328528": "【Mèo_Thuần Hắc_Hoàng Nhãn Tinh_Miêu Tỳ Khí Xấu】",
  "11910996315013888937": "Thu dì thích sự yên tĩnh. Đã có ong thuốc, phía trước nhất định là nhà thuốc của Thu dì rồi!",
  "11911008145224903477": "Tưởng niệm Trần Nhất Phong, Giang Trần, Lưu Vĩ ba người, đệ tử đời đầu của môn phái Cửu Lưu, tử trận dưới đao của người Khiết Đan.",
  "11911010736679547688": "Đại Thế Giới - Lục Lâm - Hãn Phỉ - Quyền Cước Công Phu - Vô Nhược Điểm",
  "11911033194771178334": "Sĩ Binh Dùng Để Điền Đầy",
  "11911037821453038411": "Cộng thêm chiến loạn nhiều năm, sách vở thất lạc…… Ta đã dùng mấy năm, thành tựu chỉ có bấy nhiêu.",
  "11911049758626723166": "Lý Nghiên",
  "1191105216377539045": "Tổng cộng gây sát thương $D lên kẻ địch phía trước, mỗi đoạn sát thương bằng 25% tổng sát thương.  ",
  "11911054073995729839": "【Chính Thức】Mộc Chế Tứ Phẩm Bảo Hạp - Thanh Hà",
  "11911067038492324062": "Vạn Thắng Trấn Tổ Bầu Không Khí 99",
  "11911076099844335507": "Trả nợ",
  "11911089975157064161": "Thiết Bích Cốc - Mộc Điêu",
  "11911094367373604455": "Thẩm Nghĩa Luân",
  "11911096928652481724": "Biển hoa",
  "11911107752091683285": "Vũ Y Lâu Bầu Không Khí - Ngữ Âm 5 - Xa Mã Thị Bang Công 1",
  "11911110639663447486": "Âm thanh phương tiện 1",
  "11911130726199327737": "Ngọc Lâu Xuân",
  "11911176015042923932": "Đêm Thanh Hà càng ngày càng lạnh... Có thể tìm cho ta một chiếc áo khoác giữ ấm không? Nếu được, tốt nhất là màu đỏ, ta thích màu đỏ... làm ta nhớ đến những ngày tháng trước đây.",
  "11911258510276763814": "Trần Thập Tam",
  "11911345073946724079": "Lộ Nhân Ất",
  "11911352440839872286": "Sinh Thái Vật Chủng",
  "11911426981549138547": "Không thể đặt cược ở giai đoạn hiện tại",
  "11911453924408725497": "Tương thân tương danh",
  "11911455323561427965": "Tả Sứ",
  "11911495060840623048": "Chẳng lẽ…?",
  "11911500654117098969": "Cáp Lệ",
  "11911516497129168224": "Nhất định bảo vệ chúng ta hơn các vị thần Thiên Trúc ở Đại Tướng Quốc Tự!",
  "11911549636835747229": "Văn Tân Quán Văn Nguyên",
  "11911557696711084110": "Này, người khách phương xa, ngươi nói thời buổi này có kỳ lạ không.",
  "11911637994404266320": "Đèn đã sáng, ta cũng yên lòng rồi.",
  "11911640266888444917": "Đang tải dữ liệu",
  "11911681293513824350": "Gửi Hiệp khách:\nPhần thưởng điểm danh hàng ngày trên ứng dụng mini WeChat đã được phát, xin hãy kiểm tra.",
  "1191168161266747233": "Thọ Xương Phường - Bình Dân",
  "11911689832900605043": "Đại Tướng Quốc Tự",
  "11911722664350253319": "Muốn \"tránh gió che mưa\", phải bỏ ra \"vàng bạc thật\". Ăn rượu ở quán ta, dù thiếu một xu bạc, ta cũng xé nát da ngươi!",
  "11911731594458424297": "Thương nhân",
  "11911746858969128256": "Đang nhận",
  "11911831493656941095": "Phong Trang Thôn - Chiếm Vị 18",
  "11911848195579244422": "Khách của Túy Hoa Âm",
  "11911879361494707259": "Tác phẩm",
  "11911892320474874219": "Tướng Quân Từ - Điểm Hồi Sinh Chiến Lợi Phẩm",
  "11911973912931343878": "Tấn công đá vỡ nhỏ nhất",
  "11911991385801645233": "A Di Đà Phật... Hòa thượng phải đi tìm nhân quả cho tiểu đồ đệ rồi.",
  "11912090031479368815": "【Trấn Thủ】Xuân Thu Biệt Quán _ Nhiệm vụ Đấu Trà",
  "11912095311834188218": "Phá Toái Giải Mê Dụng - Thanh Tướng Quân - Cúc Cúc",
  "11912240943970474729": "Hà Kỷ Hi",
  "11912289488370205493": "Sắp rời khỏi chiến đấu Hiệp Cảnh",
  "11912338351415021270": "Thí Luyện Toàn Phục Thưởng",
  "11912340618145727319": "Phi Thiên Tàn Viên (Hộp Trắng) - Thạch Đầu Tiểu Phương Khối Thông Dụng 1*1",
  "11912419379934495165": "Viên Quốc Chấn",
  "11912570025348451026": "Tôn Tiểu Lập",
  "11912582978154844885": "Viên Quốc Chấn",
  "11912596477646148349": "Khởi hành",
  "11912634454034714984": "Trọng thương",
  "11912635797505526558": "Chưa vạch trần chuyện lừa dối",
  "11912641460175102602": "Đại thần",
  "11912657134882958557": "Thủy Diện Chỉ Trương",
  "11912683054973203337": "Đóng",
  "11912691632207965502": "Giá cả nhiều mặt hàng lớn ở Khai Phong biến hóa khó lường, nếu có thể mua thấp bán cao, có thể kiếm được một khoản lớn.\nCó thể thường xuyên trao đổi với các hiệp khách khắp nơi để tìm hiểu giá thị trường, hàng hóa mua được với giá thấp có thể #Ybán với giá cao cho người chơi khác ở chế độ liên thông#E.",
  "11912731493843792363": "Trong 4 phút, đánh bại 1 Hiệp khách địch được chỉ định",
  "11912804368089215687": "Hiệp khách uống say rồi, lượng sức mà làm.",
  "11912895883537709919": "Nhấn chuột phải",
  "1191294300108579535": "Mèo con - Lá gỗ đen",
  "11912996066771414346": "Đơn nhân Nam Chúc công tử",
  "11913001708862442341": "Dưới sự nỗ lực chung của các vị và các danh sĩ thiên hạ, {1} cuối cùng đã được xây dựng.\nĐây là công lao ngàn thu, Khai Phong Doãn đã đặc phái thư mừng xin nhận.",
  "11913003285854522456": "Sử dụng vật phẩm này, có thể nhận được ngoại hình tương ứng.",
  "11913068844899578554": "Nếu ngươi bắt được ta, công lao tìm được Hoa Gian Khách sẽ về tay người khác rồi.",
  "11913088665496487222": "Mô Bản Biểu",
  "1191313318721215289": "Thiết Liên Hạp Phát Xạ Trụ - Thiết Hoàn",
  "11913147162620304741": "Vị trí an ninh",
  "11913257679162030803": "Có thể nhận được trang bị thông qua lối chơi tiêu hao thể lực",
  "11913274433027984676": "【Vạn Vật Giao Hỗ】Yến Trì Đích Cân Ban",
  "11913309201997436318": "Đối thoại",
  "11913313904209762849": "Thọ Xương Phường - Tiềm Hành Cố Định - Nghi Loan Tư",
  "11913377255967613466": "Đỗ Kiều Tiên - Chiến Đấu Trạng Thái - Vũ Khí Thiết Hoán",
  "11913399459294922348": "Người Máy Cấp 80 a-aiavtar Thí Nghiệm",
  "1191343126343264321": "Bị khống chế bởi thuốc bí truyền của Vô Ưu Bang, hành vi điên cuồng, tấn công kèm theo chảy máu, và trong một thời gian nhất định nếu không bị thương thì chân khí sẽ dần hồi phục.",
  "11913435872556323378": "Phật Gia Trại - Điểm Hồi Sinh Chiến Lợi Phẩm",
  "11913476436163658922": "Bình rượu bị đập vỡ",
  "11913540028117121920": "Đi tới",
  "11913550791420298050": "Hoàn thành cốt truyện được chỉ định sau khi nhận và thực hiện cốt truyện, không thể hoàn thành sau khi đăng xuất khỏi máy khách.\nSử dụng cốt truyện trên thời gian thực hoặc vào khu vực để thực hiện cốt truyện",
  "11913619690709787613": "Sinh Thái Vật Chủng",
  "11913648435004810506": "Trương Chấn",
  "11913659019482545012": "Quả thực gặp chuyện phiền lòng",
  "11913705388930003792": "Tìm nguồn âm thanh",
  "11913723119778734184": "Chương một",
  "11913729481487019149": "Hiện tại không thể đi đến khu vực khác",
  "1191377915025568285": "Tôi… tôi dùng lá mà bạn đem về, theo, theo bản nhạc của mẹ.",
  "11913789529564142746": "Kỳ Ngộ Hạ - Cát Tiểu Thử Dược Bao",
  "11913816417932969964": "Tăng tự vùng quê",
  "11913819940659477306": "Công Tôn Đại gia",
  "11913820714868364056": "Nam tử xa lạ",
  "11913862037128073796": "Triệu đại ca, công phu của Đông Khuyết công tử lợi hại như vậy, chẳng lẽ huynh định lẻn vào dưới mắt hắn sao!",
  "11913918950110972704": "Ngươi đứng đực ra đó làm gì, mau tới đây.",
  "11913968629013838527": "Khách nhân tên là Thiên Dạ ăn nói kỳ quái, may mà Hàn Hương Tầm kịp thời ra mặt ứng phó. Hàn Hương Tầm bảo ngươi đến lò gốm xem tại sao đồ đựng rượu vẫn chưa được gửi đến, ngươi mừng rỡ rời khỏi khách điếm, vui vẻ đồng ý. Nhưng lò gốm bình thường ít người lui tới, hôm nay dường như cũng có vài phần hơi thở của người giang hồ...",
  "11913993551434927327": "Sét đánh chữa thương",
  "1191400078884234570": "Năm",
  "11914052442153744149": "Các ngươi... trả lại cho ta.",
  "11914062533083375323": "{0} chuyển động tác tu luyện thành {1}",
  "11914084162414478211": "Đệ tử Túy Hoa Âm",
  "11914090529510643418": "Chờ vượt mức giới hạn",
  "11914106925346624066": "Nội Công Tu Luyện",
  "11914210694186939416": "Mạc Đao Võ Học · Chưa trang bị",
  "11914218329439859988": "A43 Tú Kim Lâu Hỏa Bả",
  "1191423182712698433": "Dân làng Phong Hòa thôn",
  "119142405756069986": "Túy Hoa Âm - Thị Nữ 1",
  "11914277167650878609": "Xem",
  "11914290710210984212": "Tỷ lệ kháng cự của {} tăng vọt! (Đầy tầng)",
  "1191429719905996957": "Chư thuộc hạ",
  "11914328221191624010": "Bất Phục Mã Trường - Điểm Hồi Sinh Chiến Lợi Phẩm",
  "11914328974619864338": "Hoàng Lạc Tí",
  "11914365071800140727": "Trần Khải",
  "11914397672297210491": "Tìm thấy Nam Chúc công tử",
  "11914411080551891175": "Tích nhiệt",
  "11914477432876353191": "Lão nhân từ xa đến chỉ để cúng bái các anh hùng liệt sĩ đang an nghỉ tại đây. Nhưng khi đi qua sườn đồi phía Bắc thì bị ngã, gói đồ lăn xuống mất rồi.",
  "11914491900076543872": "Viên Quốc Chấn",
  "11914526428211529508": "Sử dụng vật phẩm này, có thể nhận được ngoại hình tương ứng.",
  "11914534396111887867": "Nhận được 500 điểm thăm dò",
  "11914564038490906566": "Chu Vũ Lâm",
  "11914581470374232867": "Khách Quý 4",
  "11914585085484660018": "Cừu Kim Hàn",
  "11914601261846155439": "Chất lượng tùy chỉnh",
  "11914636980937272069": "Sinh Vật Sinh Thái",
  "11914677571339015668": ">>>>>>>>>>>>>>>>>>>>>>>>>>>>>>> Truyền tống kết thúc",
  "11914720842333819338": "Cảnh trí",
  "11914722829373445877": "Tưởng Hồng Hâm",
  "1191473261965973850": "Xương thịt",
  "11914748379722415197": "Vài chiếc quạt có tuổi nhưng khá tinh xảo. Trên mặt quạt vẽ phong cảnh núi sông xanh biếc, nhìn kỹ thì dường như là phong cảnh Thanh Khê Trú Địa ở Giang Nam.",
  "11914755390523021890": "Thỏ Xám",
  "11914801432063784833": "Lấy đức báo oán, làm sao báo đức? Ngươi đừng có nằm mơ hão huyền, hôm nay ta tất phải báo lên công đường, để quan lão gia quyết đoán!",
  "11914838363135639116": "Thật hay giả?",
  "1191492372420943828": "Góc nhìn tự do",
  "11915017188779572493": "Hết hạn sau %s",
  "11915021904378816476": "Tiểu Lộc",
  "11915041466266780369": "Chu Vũ Lâm",
  "11915042128758383395": "Họa ảnh ký tình · Xuân khai tài môn",
  "11915098049757370722": "Hà Kỷ Hi",
  "11915110087196071018": "Đánh nhẹ",
  "11915199998503815994": "Ngưng thần",
  "11915234797721231401": "Trương Chấn",
  "11915267725653453188": "Du Lập",
  "11915338569654218274": "Nhưng mà lão nhân gia, mắt ngài không nhìn thấy, cũng biết ta bắn trúng bao nhiêu bia?",
  "11915386618054978056": "Ngươi muốn gọi thêm mấy người nữa cùng bắn về hướng phủ ư?",
  "11915393705713733756": "Ngươi báo quan thì báo quan, nhưng người bị ngươi tìm lại chẳng liên quan gì đến cô nương này cả?!",
  "1191540075946180400": "Hà Sơn Như Cố",
  "11915440304398344140": "Sử dụng #YThính Thanh Biện Vị#E để theo dõi dấu chân",
  "11915491862254639305": "Côn Lôn thiết rèn, thợ giỏi rèn ra. Sắc như sương tuyết, khảm vòng vàng tinh xảo. Không tiếng không hình, xiềng xích giết người không dấu vết.",
  "11915509287696027372": "Tụ Ngọc",
  "11915584521026205448": "Yến Sào Thảo",
  "11915588477194131171": "Vì đạo không vì lợi, vì hiệp không vì danh. Dưới mưa tơi tả với nón lá, năm âm mở thái bình.",
  "11915592505948245064": "Linh Chi",
  "11915601322295668423": "Lão thân sao lại cảm thấy thân thể nhẹ nhàng đi nhiều vậy?",
  "11915618406308618521": "【Lao Ngục - NPC】Thường - Ánh Xạ Chế Tạo",
  "11915679794306347928": "Vô Ưu Động",
  "1191573765926783438": "Tà váy bên hông",
  "11915747913432162036": "Diệt Hỏa",
  "11915788956623151101": "Thanh Oa",
  "11915834031060057371": "Đúng vậy! Cho nên những người qua đường đó cũng không may mắn, vừa đến Khai Phong đã bị lừa, tự dưng tốn không ít bạc!",
  "11915848017548584836": "Phật Tâm Sâm",
  "11915848145692371803": "Boss Trấn Từ Tâm",
  "11915851316508624939": "Dế Mèn",
  "11915859103114532410": "Sự ngưỡng mộ của ta đối với đại hiệp, giống như sự sợ hãi đến mức són ra cả nước tiểu, chảy đi như thác lũ.",
  "11915865102393557012": "Sử dụng bất kỳ võ học súng nào",
  "11915869024403182906": "BOSS Dã Ngoại Thanh Hà - Y Đao (Bản Cảnh Quan)",
  "11915924390752763872": "Súc Cốt Công - Băng Băng Cổ Hà Hoa",
  "11915953572248254836": "Sinh Vật Sinh Thái",
  "11916031114830381450": "Đây là cửa Tây, đến đại lao, không có việc gì đừng đi lung tung.",
  "11916095770204248369": "Bảng Mẫu",
  "11916122032266845799": "Chế độ sinh hoạt",
  "11916218927092285779": "Sát Thủ Cung Tiễn Địch Tập",
  "11916243347631220492": "Nhất Diệp Bình Sinh - Cựu Chỉ Tư Nguy Viên - Bảng Bối Cảnh 7",
  "11916243494133174056": "Thạch Cửu Lượng",
  "11916252200201585671": "Cần 10 mảnh giấy vụn để lĩnh hội hoàn toàn tâm pháp.\n#HKỹ năng bị động: #E【Vô Danh Kiếm Pháp】Kỹ năng tích lực【Vô Dĩ Vi Gia】nay sẽ phóng ra thêm nhiều kiếm khí.",
  "11916320703949745715": "Giáp đầu, giáp ngực, giáp ống chân, giáp cổ tay",
  "11916324971222559479": "Khoan đã. Người lái đò này tự xưng \"Gà gáy sinh, người định chết\". Giờ các ngươi không gặp được hắn đâu.",
  "11916342056791912815": "Úc Thịnh",
  "11916434070956733015": "Món ăn đặc sắc của Tiệm Thịt Thịt Mặn Mặn, hương thơm và tiếng rao có thể truyền xa mấy dặm.",
  "11916442552286373698": "Tiệm Thêu Kim",
  "11916453263156262910": "Yên Ảnh Tương Tùy",
  "11916469509295959874": "Hà Kỷ Hi",
  "11916470230529992028": "Nguyên liệu xây dựng, dùng để dựng nhà.",
  "11916517584149173360": "Trường Minh Ngọc*50",
  "11916581993419692959": "Ân Tự Lệnh",
  "11916605579867912194": "Con đường tầm hiệp",
  "119166995545647287": "Dương Trụ Vũ",
  "11916761418903078767": "Đối thoại",
  "11916770486314591519": "Lương Tử Hàn",
  "11916800756802358402": "An cư lạc nghiệp",
  "11916838443055698019": "Miêu Thính Kinh 3",
  "11916913104629646118": "Tăng tỷ lệ kháng hội tâm #G3%#E",
  "11916933349221899201": "Hướng Kính Cách",
  "11916944333974374677": "Chỗ này ở xa quá không nhìn rõ!",
  "1191696591918163848": "[Giác Trưng Vũ] Thương [Giác Vũ Thương] Giác Cung Thương Thương [Trưng Thương Thương] Giác Thương Thương Thương [Vũ Trưng Vũ] Giác Thương Giác [Thương Giác Trưng] Vũ Trưng [Giác Thương Giác] Cung Vũ Cung [Vũ Cung Thương] Giác Giác Vũ [Vũ Trưng Giác] Thương Cung Vũ [Trưng Giác Thương] Vũ [Trưng Vũ Cung] Giác Giác [Thương Cung Thương] Giác Vũ Trưng Giác [Trưng Trưng Vũ] Trưng [Giác Thương Cung] Vũ Thương Giác [Thương Vũ Cung] Vũ [Trưng Cung Thương] Giác Thương [Giác Vũ Cung]",
  "11916966992755689618": "Nhận được thành tựu mở khóa",
  "11916967221144696111": "Chuột chũi",
  "11916969784427741680": "Tình cảnh · Bầu không khí",
  "11916993241472682052": "Đang lấy vui lòng chờ",
  "11917005048953239032": "MSD Thiên Công Địa Quật 005 - P2 Bình Đài Di Động",
  "11917017783662983822": "Khai Phong - Tiểu Kịch Trường - Kẻ Phàm Ăn, Hồn Phàm Ăn - Tráng Hán 1",
  "11917068542076098498": "Tử Chung",
  "11917097214863999086": "Oa oa oa... Mẹ... còn ba ngày nữa là đến tuần thất...",
  "11917118838346441457": "Đạo du",
  "11917159541415910217": "Chu Vũ Lâm",
  "11917168645913587643": "Quan binh nhà Tống",
  "11917175732950154824": "Vạn Sự Tri Phong Ba Lương Giá - Đậu Mậu",
  "11917213658318440749": "Kỳ Ngộ Người Truy Quang - Đan Nhi (Thoại Thuật)",
  "11917232334772107514": "Quan thoại cấp một loại B",
  "11917293497245706600": "Ta đã biết, huynh sẽ đến đón ta, sẽ đến gặp ta!",
  "1191730089075607427": "Hoa Trung Thừa",
  "11917310732098231088": "【Thuật nói】Đạo tặc lương tâm",
  "11917334277855019689": "Hắc Y Nhân Trung Lập Sơn Viện Từ Tâm (Tuần Tra)",
  "11917371767108377420": "Thuốc tiên lại không đủ rồi...",
  "11917419633268564280": "Hì hì, ta cũng không ức hiếp kẻ yếu, nhường ngươi một chiêu thì có sao!",
  "1191751777711496639": "Trương Chấn",
  "11917528171934740087": "Lâm Tân Độ - Hướng Phó",
  "11917538902031143984": "Sinh Vật Sinh Thái",
  "11917546925740894395": "Không phải vì ngươi làm ngon nhất, mà là vì ngươi chân thành nhất. Mà trái tim Tạ lão bản vì một chuyện cũ đã không còn chân thành.",
  "11917547467873280128": "Xây dựng cấu kiện, dùng để dựng nhà.",
  "11917613342625391714": "Tiểu phú an cư",
  "11917843428607787152": "Cung Tiễn Thủ Ngoài Cửa Phòng - Quân Doanh Dung Lô",
  "11917852148902854995": "Tên côn đồ",
  "11917934654219361314": "Ô dù hỏng",
  "11917947820448972300": "Dân Tục Cấp 6",
  "11917952781147088780": "Đánh cược. Nếu làm rơi, tôi thắng, anh đền tiền cho chủ quán. Nếu không rơi, anh thắng, tôi đền tiền cho chủ quán.",
  "11917959934637019675": "Sinh Vật Sinh Thái",
  "11918115443389801393": "Sinh Vật Sinh Thái",
  "11918116948900888055": "Thủy đậu còn được gọi là thủy hoa, người ta cho rằng bệnh là do ngoại cảm phong nhiệt thời tà, bên trong ẩn chứa thấp trọc, biểu hiện ra ngoài da.",
  "11918121732697297475": "Đối thoại",
  "11918161636502497160": "Tiểu đậu tử ở Thái Thương đã lấy hết tiền mừng tuổi, đặc biệt mời một thiếu hiệp cải trang thành mình, cùng với \"đối thủ\" Lê Ngưu Nhi \"một đấu sinh tử\".",
  "11918238773737948356": "Thiết Tú Cầu",
  "11918254300893258939": "Khách A",
  "11918304492908769541": "Tường Không Khí Biên Giới Bình Đài 3",
  "11918322422916969989": "Dung Lô - Cần Cẩu Tĩnh diel2",
  "11918329804228133861": "Cường công",
  "11918332190505948255": "$N, chỉ là một nhân vật vô danh thôi.",
  "11918345528477042317": "Thần Tiên Độ - Điểm Hồi Sinh Chiến Lợi Phẩm 169",
  "11918377822498692080": "Phạm pháp",
  "11918409154958112313": "Vũ Nhung Thảo - Tường Dây Leo 7",
  "11918435202416662199": "Lưu Gia Thu",
  "11918438955030190066": "Pháp gia",
  "11918445996002390471": "Phần Thưởng Đăng Nhập Ba Ngày (Ngày Thứ Hai)",
  "11918454118477821438": "Tìm ra cách vào kho vũ khí hạt nhân",
  "11918465100880034231": "Cuồng Lãng - Thiên Cơ Hạp - PVP - Khống chế - Liên chiêu 1 - Ném ra",
  "11918484491537572900": "Nhấp để nhảy, nhảy lên không trung",
  "11918559270417279906": "Tại sao ngươi lại dẫn dụ ta giết Long Vương?",
  "11918594851587857165": "Lẽ ra ta nên tha cho hắn một mạng, nhưng giờ chỉ có thể trách hắn số mệnh không tốt.",
  "11918609878812820298": "Mông Danh Hằng",
  "11918630778321277712": "Khi tu luyện tại phúc địa tu luyện trong chế độ nhiều người chơi, sẽ liên tục nhận được điểm phúc khí."
}