{
  "10405934330726960848": "Hà Thanh Quân",
  "10405941386356299082": "Thọ Xương Phường - Cung Phụng Tư - Nha Dịch",
  "10405999179435656599": "Trung Sơn Di Chỉ - Cơ Quan Nhân 5",
  "10406003175779128742": "Ai, tối nay cả nhà lại phải thắt lưng buộc bụng rồi.",
  "10406004588537765800": "Bản Quy Trình - Truy Đuổi Chợ Đen - Xe Ván Nhảy - Thiết Tượng",
  "10406007258118765294": "Thí chủ từ Pháp Hoa Thiền Viện tới sao? Ồ, giờ gọi là Từ Tâm Sơn Viện rồi nhỉ.",
  "10406007869536064811": "Hoàng Lạc Tích",
  "10406071189098506435": "Nhân từ",
  "10406100015391022285": "Tổng cộng gây ra $D$。",
  "10406211626881986943": "Thập Lục Hẻm",
  "10406214001760445443": "Tương Tác Trống 1",
  "10406242423819693869": "Gọi ta đợi đến ngày khác",
  "10406254210913997096": "Một mạng một giá, muốn cái đắt! Có tiền!",
  "10406271368332759813": "Thu hồi",
  "10406323176625874763": "Thiên Ma Huyễn Hoa Đường - Võ Lâm Lục Bộc Bố",
  "10406377722736637014": "Thưởng Đoạn Vị 3-1",
  "10406447995722323377": "Lần này nói gì cũng không thể để hắn đi, giữ lại trước đã!",
  "10406461459794349010": "【Chính Thức】Bảo Tương Mộc Chế Tam Phẩm - Khai Phong (Cự Ly Truy Tung Ngắn)",
  "10406475044666638862": "Lư hương đồng ba chân",
  "10406476076178666123": "Thạch Khối",
  "10406526388664203110": "Nghê Lão Sơn",
  "1040655180088464288": "Không đố kỵ tiên khách",
  "10406578009703964913": "Tú Kim Lâu - Hắc Y Nhân (Cung Tiễn)",
  "10406588700435599144": "Trạm dịch đang mở cửa, hoan nghênh các vị khách quý đến đặt hàng",
  "10406624258796071305": "Thọ Xương Phường - Cùng Nhân",
  "10406699388501968215": "Sau khi trở về Bất Tiên Tiên, tìm Hàn Hương tầm để cảnh báo cho nàng.",
  "10406711494931218666": "Sinh Thái Vật Chủng",
  "10406716251950794424": "Cơ bản",
  "10406718812723599651": "Phòng Chí Cường",
  "10406748645097622198": "Tham khảo tiến độ",
  "1040676325316378242": "Tương Tác Hát Tửu Lần Hai",
  "10406793320017415512": "Miêu Miêu Miêu liếm liếm, tặng vài cái chuông cho thiếu hiệp.",
  "10406798618425192673": "Hồ Trung Ý",
  "10406820729445329123": "Xà Tuần Tra Mật Tàng Xà Vương (Bản Thụ Lâm)",
  "10406832134320568569": "Cái cột quá to và nặng, Kinh Kha ôm lấy cột thì sẽ không thể đâm Tần Vương được sao? Đây chính là mẹo Tần Vương tự cứu đó.",
  "10406864293451543456": "Lão nhị trại Long Hổ",
  "10406868836220952903": "Tiêu hao tưởng thưởng",
  "1040688103486511149": "Cầm quân đỏ đi trước, quân cờ đã thả không hối tiếc\nHòa cờ tính là thua, gieo quân tính là nửa cuộc",
  "10406915276060705170": "Trương Chấn",
  "10406956539372849265": "Ta quả thực đã cùng Lăng cô nương ngâm tấu một khúc trong Hội Anh Hùng lần trước.",
  "10406970928156361457": "Phòng Chí Cường",
  "10406980335655677": "Trần Hiểu Hàn",
  "10407011349347665577": "Tiêu hao #YPhác Thế#E có thể thi triển chiêu thức, nhấn sử dụng #YUyển Chước#E",
  "10407012362563088532": "Có thể đổi Tuyệt Mệnh Thương Tâm Pháp.",
  "10407016890290104546": "Diễn Võ 3V3",
  "10407028481617211861": "Thôn Dân Thừa Ân Trấn - Nhàn Quán",
  "10407031545948903416": "Ôi... lòng người nha, thật khó thanh tịnh biết bao.",
  "10407120806255848534": "Đang tải dữ liệu",
  "10407146900788451429": "Xin cáo từ",
  "10407172160564380178": "Tề Ngọc Long rất thích mua sắm, hãy trò chuyện với nàng ta về lý do này, xem có thể khuyên can thế nào.",
  "10407193759789668579": "……",
  "10407310429211965881": "Tiếp theo nên làm gì?",
  "10407330098225542538": "Văn Tân Quán (Chiếm Khanh)",
  "104073319885015926": "Ngô Tiểu Oánh",
  "10407345920121193749": "Lưu Minh Sách",
  "10407359607685355062": "Hoàng Lạc Tích",
  "10407375603912358289": "Điền Dã",
  "10407494620492306511": "Mộng trung bất yên tiên",
  "10407506903328311935": "Trục ảnh truy phong",
  "10407521287194927713": "Hiệp khách muốn bái sư trong đội đã xuất sư, kinh nghiệm phong phú, không cần bái sư lần nữa",
  "10407602812740355562": "Hư vị Dĩ Đãi",
  "10407615654013140919": "Khụ khụ khụ…… ngươi đã cho ta uống thuốc kia sao?! Khụ khụ……",
  "10407636999161292701": "Đã lâu không đàn rồi.",
  "1040763747114564816": "\n\nMột cuốn sách cũ, một góc cuối sách viết hai chữ Trịnh Lẫm.",
  "10407645668743733732": "Hồi phục mỗi giây",
  "1040772283924134141": "Nhất Diệp Bình Sinh - Khu Phố Nam Môn Đại Nhai - Y Quán Học Đồ 2",
  "1040772945006416105": "Sinh Thái Vật Chủng",
  "10407731818511918999": "Dân làng",
  "10407772724129337672": "Đang lấy dữ liệu",
  "10407825816690254277": "Diệp Bất Kinh",
  "10407848389588338460": "Giang hồ khách",
  "10407870274989079709": "Đương quy",
  "10407910087140369354": "Cát Tiểu Thử",
  "10407919995459632833": "Một loại bệnh chứng do tình chí uất kết, khí cơ bị đọng lại, chia làm thực chứng và hư chứng. Thực chứng chia làm khí uất hóa hỏa, đàm khí uất kết ba loại; hư chứng chia làm thương thần kéo dài và âm hư hỏa vượng hai loại.",
  "1040794078176066127": "Lại là tên trộm nữ kia... Thôi, đa tạ Thiếu hiệp nghĩa hiệp tương trợ nhiều lần.",
  "10407972872446692195": "\"Đặt vật phẩm dưới cái đồ đựng, để nó chiếu xạ bí mật, nên gọi là Xạ Phúc.\" Cái gọi là \"Xạ Phúc\" chính là dùng đồ đựng như âu, ú để che một vật gì đó, để người ta đoán xem bên trong là vật gì.",
  "10407978382752062931": "Đừng khóc đừng khóc... Hay là ta đưa ngươi về nhé.",
  "1040798768236130953": "Ba năm trước, trên đại địa Trung Nguyên bỗng xuất hiện một đàn mèo dị chủng mặc đồ lụa trời, truyền rằng chúng xuất thân từ Trường Lạc Đảo Vị Ương Thành, là linh miêu dò bảo do nhà giàu võ lâm Ôn gia nuôi dưỡng, tuy không biết vì sao mèo lại lưu lạc giang hồ, nhưng phàm chỗ nào có chúng xuất hiện tất có bảo tàng, giang hồ gọi là “Miêu Miêu Miêu”.\nHoàn thành thử thách của Miêu Miêu Miêu, nhận được sự công nhận của mèo, có được Miêu Miêu Linh Đang, có thể đổi lấy vật cúng bái trân quý ở Miêu Miêu Miếu truyền thuyết.",
  "10408012278493335820": "Hoa không phải hoa, sương không phải sương. Nửa đêm đến, trời sáng đi.",
  "10408046615241904171": "Phàm thành sở kiến đạo, như ảo cực hư ảo. Tạm hóa trạng thái \"Thắng Phủ\", một lời nói hết chuyện ngàn cổ, hai tay vung vẩy vạn quân.\nKéo kẻ địch gần đó lại và gây sát thương.",
  "10408057855214900683": "Đầm lầy",
  "10408192237144602433": "Đúng rồi đúng rồi, cái này hát cái gì vậy?",
  "10408214469429491708": "Bảo Tương · Thanh Hà",
  "10408221096422721506": "Điều tra tiếng động lạ",
  "10408235293662650883": "Ngân Khoáng Thạch (Toái Phiến)",
  "1040829915228184135": "Trong hồ nước phát ra ánh sáng mờ ảo, rốt cuộc chôn giấu thứ gì?",
  "10408301537419254620": "Chính xác là cái cây kia... cái cây đó khác biệt... sao lại không tìm thấy chứ...",
  "10408301786113993059": "Sinh Thái Vật Chủng",
  "10408323747266548084": "Hoán Khê Sa",
  "10408342018089616061": "Nhất Diệp Bình Sinh - Khu Phố Nam Môn Đại Nhai - Hòa Tường",
  "10408384181079215776": "Có một tên giặc Khiết Đan tên là “Niêm Côn”…… thích nhất là phụ nữ đã có chồng……",
  "10408435031466631589": "Rượu không quá ba",
  "104084537090466824": "ins_entity Lưu Thủy Hào",
  "10408463744838963393": "Sách tiêu đề mờ",
  "10408472539987714245": "Môn Tỏa Kim Ngọc Thủ",
  "10408541091516832374": "Mật Tàng Đổ Thánh - Vật Tương Tác Đại Thế Giới 3",
  "10408557823769955643": "Toàn là món ngon, chẳng lẽ rơi ở đây.",
  "10408592664013435350": "{2}\nThân mang vi chứng, được danh y {0} chẩn đoán, ta mắc bệnh {1}.",
  "10408690941756619789": "Công thức - Cung Hồng Trần · Xuyên Dương",
  "10408693787989862950": "Chiếc rương phủ đầy bụi",
  "10408699299882071540": "Đây là vua của các loài hoa, xuất từ nhà Tể tướng Ngụy là Ngụy Nhân Phổ, cánh đỏ ngàn lớp, vô cùng quý giá.",
  "10408706358877114114": "Chu Kỳ Kỳ suốt ngày ở góc phố nhìn người ta trộm đồ",
  "10408767099350395156": "A Ngư...",
  "10408767276175664666": "Trò chuyện phiếm",
  "1040880587465137160": "Cảm ơn",
  "10408810421323644834": "Hảo hán tha mạng, ta thật sự không biết gì cả!",
  "10408811477358916865": "NPC Bang Chúng Tào Bang - Quan Chúng Cầm Hỏa Bả 2",
  "10408902870692517295": "Sinh Thái Vật Chủng",
  "10408941627772529613": "Vũ khí, Hoàn, Bội",
  "10408958074899552803": "Đánh bại kẻ địch được chỉ định",
  "10408960894064928416": "“Một mạng một giá, một bát cháo một chỗ ở; ngày đêm không đổi, mãi không đổi tục”. Kể từ khi Phục Linh và đệ tử Thanh Khê kia lập ước hẹn, trong nhà Phúc Điền ở Lĩnh Hạnh thôn luôn phảng phất hương thơm của Kim Ngọc Canh. Nàng đã gặp gỡ rất nhiều người, cũng đã cứu giúp rất nhiều người trong ngôi nhà nhỏ này. Nàng biết có lẽ mình đã trả hết ân tình cho vị đạo sĩ Thanh Khê kia, nhưng nàng vẫn muốn tiếp tục ủng hộ ngôi viện nhỏ này mãi mãi.",
  "10409029493536606672": "Sinh Thái Vật Chủng",
  "10409053449278104237": "Mua",
  "10409157713904479365": "Đối thoại",
  "10409209563358757308": "Lượng hồi phục khí huyết do <Kỹ năng cảm nhận võ học: Bạch Vân Vô Tận> sau khi thi triển giảm 30%, nhưng sẽ hồi phục 10 điểm chân khí cho đơn vị đồng minh trong phạm vi.",
  "10409228557254589087": "Thi Thiên Lai",
  "10409233261110111547": "Thi Thể Lão Bộc Phổ Thông 1 - Tương Tác",
  "10409313220097276197": "Chu Vũ Lâm",
  "10409371126180246826": "Tiểu Thụ Chi",
  "10409462548668978330": "%s đã tử trận hoặc từ bỏ nhiệm vụ",
  "10409527188036033258": "Túy Hoa Âm là lầu hát ca vũ lớn nhất và xa hoa nhất Khai Phong, hội Anh Tài tổ chức định kỳ càng thu hút toàn thiên hạ mỹ nhân, phô bày sự xa hoa lộng lẫy, hiếm thấy ở trần gian.",
  "10409612332807026173": "Ổ địch",
  "10409632100405680230": "Chủ quán trọ",
  "10409653067243837573": "Hỏa Bồn - Đái Đặc Hiệu",
  "10409713864391267703": "Góp ý phản hồi",
  "10409724757479085644": "Lâm Văn Kiệt",
  "10409764046362177922": "Trạch Triệu Phổ - Ngụy Chỉ Tịch",
  "10409778627341778602": "Hoàng Lạc Tích",
  "10409790730842756198": "Ngươi đã giúp Tiểu Khiếm Tử dọn dẹp nhà cửa",
  "10409792557862149008": "Giao dịch với thành viên Bách Nghiệp, thu thuế #Y-4.5%#E",
  "10409925550940442617": "{2}\nThân thể có chút không khỏe, qua danh y {0} chẩn đoán, bệnh ta mắc là {1}.",
  "10409975629401709152": "Phá Khí",
  "10410025452944470765": "Chế độ đơn đạt tới <Cấp năm - Mộng Tự>",
  "10410060694049059483": "Giảng Kinh Nhân Thất Thanh",
  "10410067321049027738": "Cấp bậc tối đa của bảo thạch là cấp %s",
  "10410081150733478579": "Trong nhà ta có một tiểu đệ, lúc nhỏ rất thích đùa giỡn với ta... Lúc đó, chúng ta phối hợp cũng vô cùng tốt.",
  "10410081500880094723": "Thanh Phong Lâu - Tiểu Nhị 2",
  "10410101035286808699": "Túy Hoa Âm - Lấp Đầy Không Khí Ngoại Vi",
  "10410135448789555732": "Huỳnh Uyên - Bức Tường Không Khí Tròn Chân Chính Của Trận Chiến BOSS",
  "10410150779609374033": "Lúc này mới biết hối hận! Lúc trước hà tất phải viết thư cho ta!",
  "10410180334502040809": "Bồ Đề Khổ Hải - Điểm Loát Tân Chiến Lợi Phẩm",
  "10410192589168394570": "Mở",
  "10410205587895574601": "Từ Tâm Sơn Viện - Điểm Loát Tân Chiến Lợi Phẩm",
  "10410263978416726003": "Có muốn đến #Y{0}#E không?",
  "10410272185186948292": "Sau khi tải ảnh lên và chọn phương thức AI tạo, nhấp vào #YBắt đầu tạo#E để xếp hàng tạo mô hình\nSau khi mô hình tạo xong, chọn và nhấp vào #YTạo#E để tạo mô hình vào cảnh.",
  "10410310672333588976": "Bàn tính",
  "1041038205836931668": "Một trang khách làng Phong Hòa, bình thường chất phác, cần cù thật thà.",
  "10410400247267096167": "Du khách đi ngang qua Bách Thảo Dã, vốn muốn đi thuyền đến Thần Tiên Độ tham gia yến tiệc khai đàn, lại đi nhầm bến đò.",
  "1041040923312942970": "Lương Tử Hàn",
  "10410426686605067006": "《Cảm ơn nhiều》 là khúc ca Chiết Tiếu phổ cho ân nhân. Ánh đèn lụi tàn ngoái nhìn, đẹp hơn phong cảnh nhân gian.",
  "10410517389414935744": "Phi Hoa · Tam",
  "10410604007678688367": "Thành tựu sinh kế",
  "10410619234878289884": "Tham gia Bách Nghiệp Chiến",
  "10410631473293900849": "Đang tải dữ liệu",
  "10410705324971730905": "Ngọc lộ vì quê hương",
  "10410761301469377594": "Nhặt tờ giấy",
  "10410843290419471880": "Đệ tử hiếu thuận",
  "10410879325220859897": "Dung Lô - Quy Trình Chủ Tuyến - Ngựa Bố Cảnh",
  "10410880014678080320": "Dù làm ở đâu cũng mệt như nhau, ở thành Khai Phong ít nhất còn nhiều thứ ngon vật lạ...",
  "10410944141592273386": "Giang Y",
  "1041095370195367852": "Người đánh cá",
  "10411058712141694509": "Vạn Cổ Nhất Nhân Điện - Chỉ Dẫn Thủy Luân Tầng Một",
  "10411068192469740693": "Hầu Hiểu Đào",
  "10411104618512766980": "Sắp xếp túi thất bại",
  "10411114729089795827": "Bổn",
  "10411122610916992123": "Nghiệt tửu công nhân 1",
  "10411136003603135299": "Hoàng đồng - Nguyên khối",
  "10411214079511875558": "Hoàn thành Tơ Lụa Nhã Vận",
  "10411221867057725183": "Sinh thái vật chủng",
  "10411257938283007745": "Địa bản Phá toái",
  "10411312262965414548": "Trần Gia Tranh",
  "10411313025759486482": "Ông ấy ở bến tàu không xa, có lẽ chưa rời đi. Tiểu thí chủ có thể đến đó hỏi thăm, cứ báo danh của phổ thông là được. Vậy, hòa thượng xin cáo từ, Nam mô A Di Đà Phật...",
  "10411354147369076999": "Hầu nhi Tả trắc",
  "10411359744454928473": "Đối thoại",
  "10411372531985100033": "Lễ",
  "10411425064332297394": "Thư sinh",
  "10411431801400554566": "Sinh thái vật chủng",
  "10411466146444083896": "Ta nghĩ thêm chút nữa",
  "10411474784916240302": "Âu Gia Hạo",
  "10411521718389550722": "Cừu Dục",
  "10411521897189655111": "Diệu Diệu Miêu - Quỷ Hỏa - Động quật Phi Diêm Tẩu Bích Giai đoạn 1",
  "10411537637303340195": "Tai hậu Mộ địa Tát chỉ tiền - Toàn bộ",
  "10411566408720935820": "Âu Gia Hạo",
  "10411599498838846603": "Anh vũ - Tỷ thí Mục tiêu - 1",
  "10411668769936407446": "Hà Kỷ Hi",
  "10411699545680076927": "Cá vàng lớn",
  "10411783804956484176": "Cực khó",
  "10411791481697246055": "Xuân Hoa",
  "10411801765320800381": "Đối phương đã rời khỏi tửu lầu, không thể tiến hành đấu rượu",
  "10411813358376317762": "Kích bại 1 danh Hòa thượng Nguyệt Nha Sạn phụ cận",
  "10411839517161803848": "Mật vệ tú kim lâu, theo Mạnh Ngạc đi về phía Bắc xâm nhập Thanh Hà, điều tra tung tích Giang Yến Hành.",
  "10411845711674415904": "Bạch truật",
  "10411850966452917073": "Trò chuyện",
  "10411886522220592240": "Ngọc Môn Quan",
  "10411953385869314843": "Đại bá, mọi người đang làm gì vậy ạ?",
  "10412023068521419269": "Vạn Diệp Thiên Hoa Một Tay Cắt",
  "10412098186179667090": "Tưởng lệ Liên cơ Hiệp đồng",
  "10412130221485481925": "Âu Gia Hạo",
  "10412210133403626245": "Trục Tà Trấn Thần",
  "10412245015801743136": "Tiền Phố 5 - Giang Hồ Nhân 1 - Giao Đàm",
  "10412265870673544406": "Hoàng Lạc Tí",
  "10412281686214049984": "Lẩu lẩu",
  "10412308486709877714": "Điền dã",
  "1041233661741561459": "Lâm Chi Nguy",
  "10412356965023555418": "Cá heo",
  "10412380314481949942": "Ái dục hung hiểm, hận hải khó lấp",
  "10412380788262742923": "Vô Danh Kiếm Pháp",
  "10412422048102093756": "Bích thủy cổ ảnh, yêu hoa bí thuật; lòng người hiểm ác, giang hồ áp sát.",
  "10412427460904752006": "Cắn",
  "10412445646311122412": "Giảm sát thương #Y+13.5%#E",
  "10412451196185250532": "Ba cửa môn phái đều trở thành Mộng Khôi",
  "1041255698760612854": "Phật Quang Đỉnh - Lạc Thạch Phấn Trần Không entity",
  "10412561361497063542": "Hồi phục mỗi giây",
  "10412562491700642391": "Tát lộ tử",
  "10412612738696418903": "Thớt",
  "10412625787797709202": "Hài Đồng Nguy Cơ - Phân Nhi Mẫu Thân",
  "1041265065047578919": "Trượng Kiếm · Tam",
  "10412688732494212098": "Dung Khí Điềm Vị",
  "10412737190103977843": "Không rõ...",
  "10412796534232722301": "Đệ Nhị Hồi - Phân Vi - Cửa Bao Sương Nữ Túy Hoa Âm",
  "10412844328789676269": "Đường Lê Chiêu",
  "10412915128440946951": "Chi Tuyến - Giải Vô Gian",
  "10412921401502428051": "Tâm pháp",
  "10412924893300451334": "Kỹ năng truyền tống có thể giúp khắc chế kẻ địch, thử kết hợp chúng thường mang lại hiệu quả kỳ diệu. Trang bị trong giao diện Kỳ Thuật, thông qua vuốt sang #Y Bảng Kỳ Thuật#E là có thể sử dụng chúng.",
  "10412926397875321287": "Khiêu Chiến Tạc Dược Dũng 5 - Xạ Tiễn Nhị Tinh",
  "10412936471113720421": "Độc đã nhận, Tần chưa hề hay biết. \"Giao dịch không thành, lấy mạng đền mạng.\" Ta sẽ giữ lời hứa, đừng thúc giục. Ba canh giờ, Lê.",
  "10412937238863917569": "#JThoái dĩ hữu phương·Anh#E",
  "10412962264424432539": "Quy Vân Sĩ",
  "10413003543755402803": "Giang hồ khách",
  "10413004157461567877": "Quân Doanh Dung Lô - Ngoại Trung Môn - Môn Vệ",
  "10413013994640484090": "Toàn Đắc Thắng",
  "10413092212889085997": "Mô Bản Không Khí Tường - Quỷ Phàn Lâu",
  "10413170959199459901": "Không vội, đứa trẻ này rõ ràng là đệ tử thí tập, còn chưa đến lượt Phi Long.",
  "10413198460630554013": "Bách khoa Yến Kê",
  "10413225754062833406": "Trưởng lão",
  "10413237515795402799": "Đây là môn công phu gì mà có thể khiến cái đầu cứng như sắt thế này! Không vấn đề gì, ta đi kiếm quặng sắt ngay đây!",
  "10413269582130411828": "Buff thử nghiệm",
  "1041331188314595977": "Trương Tuấn Kiệt",
  "10413322647711262737": "Đối phương đánh giá bạn một phen",
  "10413323553143309330": "Trần Hiểu Hàn",
  "10413410582666907876": "Là quân thổ phỉ sao? Cẩn thận! Mọi người cẩn thận!",
  "10413416112783828011": "Vâng! Thiếu hiệp!",
  "10413447642506465986": "Hấp vật",
  "10413477575811096571": "Long Hồ Trại - Bảo Rương Thượng Tỏa",
  "1041350377226596606": "#ZCác chiêu thức nguy hiểm của kẻ địch sẽ được đánh dấu#E #Yvòng tròn màu vàng#E #Zhiệu ứng đặc biệt#E",
  "10413511175727975037": "Đây là lần đầu tiên thiếu gia dẫn người đi xem pháo hoa...",
  "10413517378407723880": "Yến Tử Yến",
  "10413552509294647785": "Ván cờ của Vạn Chấp An",
  "10413609302703163468": "Rơi từ trên trời xuống",
  "10413625701655909908": "Tử chung",
  "10413650971840694978": "Nhị thập ngũ",
  "10413730701903612945": "Quái Vật Trắc Thí Thiên Tai",
  "10413752732870799697": "Rong Uyên Căn Cứ Tử Vong Ngoại",
  "10413776331388205777": "Đợi Đại Long quay về, Tiểu Thập Thất sẽ tắm rửa sạch sẽ, sẽ không còn bẩn thế này nữa đâu...",
  "10413860649894930685": "Từ biệt",
  "10414018374370717033": "Cáo Thị Bản (Thanh Hà)",
  "10414020861299487027": "Thái Thương Túc - Thường Bình Thương - Trấn Thủ L2 - Thường Bình Thủ Bị Quân - Biểu Diễn - Đối Thoại Thủ Môn",
  "10414033503082384843": "Này, ngươi nói xem, con búp bê này, chơi bài Lá có đánh tốt không? Sao ta không tin được nhỉ...",
  "10414059838087109459": "Trong thời gian Đại Tống chuẩn bị chiến tranh, nếu thu tiền của nhà Đường rồi đổi thành đồng tiền đưa cho bách tính, sẽ dẫn đến quân phí Nam chinh không đủ. Vì vậy phe Triệu Quang Nghĩa trong triều chủ trương chính sách thu mà không trả lại, nhanh chóng thống nhất rồi mới cứu dân, và gọi đây là “Đại nghĩa”.",
  "10414093489199835478": "Kiếm ngắn",
  "10414131324608001806": "Hà Kỷ Hi",
  "10414132905563590618": "Tiệm đan tre · Chủ tiệm",
  "10414157536404699397": "$T(2001)Thật xấu!",
  "10414188944855480692": "Thú vui",
  "10414190198775774508": "Bách nghiệp tổ chức xây dựng thêm thành phần 704",
  "10414195367449867063": "Nhất Diệp Bình Sinh - Tây Phường Thương Phố Khu - Bối Cảnh Bản - Khất Cái",
  "10414202653930823023": "Biểu hiện là cơn co giật đột ngột, tự động chấm dứt, lặp đi lặp lại các rối loạn vận động, cảm giác, tinh thần và ý thức. Khi phát bệnh, ngã xuống đất khạc đờm dãi, không có cảm giác, mắt trợn trừng, gân cốt căng cứng, tiếng kêu như dê kêu, sau một lúc thì mới tỉnh.",
  "10414252947278028957": "Duyên sinh duyên diệt",
  "1041425354387831844": "Nước độc của Huỳnh Uyên rất nguy hiểm, hãy cẩn thận tránh xa.",
  "10414271757751062828": "Tạc Dược Dũng (Tiểu/Khả Bàn Vận) 26",
  "10414353839071483540": "Thi Thiên Lai",
  "10414376333765514553": "Cúc cúc",
  "10414383444139560135": "Đối thoại",
  "10414400120048933351": "——Tống 《 Thánh Tế Tổng Lục · Quyển 143 · Thương Tắc Môn · Thương Tắc Thống Luận 》",
  "10414440427227494804": "Lưu Kỳ Hàm",
  "10414527686033190272": "Trương Tuấn Kiệt",
  "10414586593431193459": "Trụ Tiếp Thu Thiết Liên Hạp",
  "10414590579349584936": "Quân khí giám - Nhỏ",
  "10414625687673042891": "Nhất nhân tâm",
  "10414639702761477661": "Giáp",
  "10414643722629519121": "Phá Không Trảm",
  "10414657769618759520": "Người đó hương thơm xộc vào, ngôn từ thanh tao.",
  "10414713242772078253": "Ai truy tìm ngàn dặm, muốn thanh toán ân oán?\nAi sa sút mất hồn, nhầm lẫn ảo ảnh thành sự thật?\nHãy cùng người trong cuộc xem lại chuyện cũ, giải mã nguyên nhân các việc đã qua.",
  "10414720846939702040": "(Giản) Thiên Phật Thôn: Đội Liệt 2-3",
  "10414785066873927014": "Màn pháo hoa thứ sáu, là tấm lòng của thiếu hiệp #N{}#E, nguyện cảnh tượng này còn mãi, để chúc mừng mọi người: #N{}#E",
  "10414794254488946": "Nội công tu luyện",
  "10414803928816429510": "Phú tiên sinh",
  "10414829897060652948": "Kim Ngọc Thủ Môn - Chỉ Huy Thất",
  "10414846695261774734": "Chu Vũ Lâm",
  "10414850568627527824": "Thi Bắt Cá 8",
  "10414937593301822217": "Khai Phong - Bình Dã Nguyên",
  "10414972772523447570": "[Ảnh]",
  "10415020014935779325": "Khai Phong Chủ Tuyến",
  "10415094766720147709": "Ôi, đã về rồi à. Ra ngoài rồi à? Đổi ý định thả ta ra trước à?",
  "10415121445324093545": "Giày",
  "10415135352368415812": "Sinh thái vật chủng",
  "10415172280193862944": "Tướng quân Diệp chắc chắn sắp tới rồi, lát nữa sẽ an toàn...",
  "10415194587423626481": "Hàn thiết",
  "10415216666929358617": "Thực dụng",
  "10415226873731269508": "Súc Cốt Công - Phân Vi - Lão Nhân Vi Quan"
}