{
  "13247572001372290889": "Đại hiệp thật lợi hại!",
  "13247580084362522248": "Khi tự mình vận chuyển cây phát tài của địch, tốc độ di chuyển và giá trị tối đa Huyết khí tăng 8%.",
  "13247580660221764739": "Trần Khải",
  "13247584677852977488": "Trần Gia Tranh",
  "13247597190568412491": "Giác Môn Lý - Tuần Tra 23",
  "1324762555093961872": "Đối phương đánh giá ngươi một phen",
  "13247655612825645131": "Khiêu Chiến Quan Ải Đơn Nhân",
  "13247680667251570515": "Phát thưởng thành viên siêu cấp NetEase",
  "13247684656622055868": "Thăm dò",
  "13247710303654279282": "Thế Giới Đẳng Cấp - Tú Kim Lâu - Độc Sư (Linh Đang Pháp Kiếm) (Tinh Anh) (Liên kết sử dụng với Hầu Tử, cần cấu hình trong bảng BOSS Gameplay)\nĐộng tác tuần tra tùy chỉnh: Có",
  "13247711540545535757": "Mai Hoa 6",
  "13247742948520581454": "%s Quyền Trách",
  "1324776099098956271": "Chà, cái này cũng mở ra được!",
  "13247769983880027627": "Ôi, nhiều ngôi sao nhỏ quá...!",
  "13247770961336767254": "Hoạt động",
  "13247776845858068431": "Đột Phá 2-3 - Lục Lâm Thảo Tặc (Cung Tiễn)",
  "13247797105169482659": "Đã ở trong cảnh hiện tại",
  "13247798818523992178": "Cầu treo đứt, người chơi dùng khinh công nhảy đến điểm tựa gần đó",
  "13247814292333655847": "Dung Lô Nội - Thạch Đầu Treo Trên Thùng 2-9",
  "13247878232993496670": "Phòng Chí Cường",
  "13247914156826073934": "Loại nào sau đây là nghề nghiệp giang hồ trong game?",
  "13247929796744923328": "Hà Kỷ Hi",
  "13247944609549051904": "Tình báo miễn phí",
  "13247953503573226758": "Đang lấy dữ liệu...",
  "13247953751462753852": "Đang tải...",
  "13247959355290797502": "Kỳ nữ trong truyền thuyết của Khảm Nhĩ Tử, Dương Tiểu Hồ, có người nói từng thấy nàng ở Bạch Đầu Thành, có người nói từng thấy nàng ở bên ngoài Khảm Nhĩ Tử, càng có người nói nàng từng lẫn lộn trong đám sa tặc, thật giả khó phân.",
  "13247987597138779489": "Bốn chi lạnh buốt, ho khan tiêu chảy, co duỗi bất lợi, lại còn ở chung với hoa sớm nở tối tàn...",
  "13248044401724886768": "Khai Phong Du Nhai Chu Biên - Bách Tính Nữ - 184",
  "1324807793407503395": "Bất tận cuồng lãng xuôi biển lớn, một thương kinh lôi nghịch tám hoang.",
  "13248146620183137617": "Vô Ưu Động - Ô Quy",
  "13248182386921542348": "Khê Khiếu · Khai Phong",
  "13248190662516770723": "Kiến Văn - Bất Tử Thụ",
  "13248191052536570365": "Lương Tử Hàn",
  "13248235258148146301": "Phú Hộ Bất Tiện Tiên",
  "13248255122220659342": "Tình cảnh",
  "13248261651449147644": "Ngươi không thấy ngươi đang cản đường ta sao?",
  "13248266356286316341": "Tú Kim Lâu - Tuyệt Âm Bộ Độc Sư (96021)",
  "1324827062984370866": "Thân gửi Du Hiệp:\nChúc mừng ngài đã nhận được phần thưởng sau trong hoạt động \"Nghênh Tân Yến - Thừa Xuân Quy\" trên WeChat Mini Program, xin mời kiểm tra.",
  "13248350678816315582": "Phòng Chí Cường",
  "13248385602481897175": "Khiết Đan Quý Tộc 1 (Điểm Vị Nghe Trộm 2)",
  "13248398050587303855": "Thế Giới Đẳng Cấp Thất Chiến Đấu Trang Bị Bao - Khai Phong",
  "13248420279384523996": "Ta còn thấy tập ca hát đệ muội giấu dưới gối, nói rằng Lương Chúc cuối cùng hóa thành một đôi bướm, ừm, cháu nói xem, tại sao bọn họ không hóa thành bướm đêm?",
  "13248430606045408363": "Bạn không phải người chơi của Bang phái Huyền Hồ! Không thể tham gia Trục Tà Trong Sương của Bang phái này!",
  "13248475953847091443": "Đệ tử",
  "1324850053558780059": "Trạng thái cơ thể",
  "13248510634315280583": "Mỡ đỏ chảy chậm, tích trữ Hỏa Ngũ Hành thu được bằng Găng tay Đồng Minh, có thể khiến vật được đính kèm bốc cháy. «Người gần lửa, lòng mang khát vọng»",
  "13248535919586360862": "Không có không có! Tiểu Ngũ ca không có bắt nạt ta... Thanh tỷ tỷ có thể làm chứng...",
  "13248572505726493666": "Khi sử dụng kỹ năng phản đòn thành công gây sát thương lên mục tiêu, bản thân sẽ nhận được 1.5 giây hiệu ứng Cường Tráng và hồi phục 30 điểm Sức bền.",
  "1324859376892683594": "Thái Y Thự - Đại Viện - Y Sinh",
  "13248602456005445237": "Mẫu Bản Không Khí Tường",
  "13248618018483454405": "Lưu Trình Bản - Quan Binh - Tam Thu",
  "13248620700249845643": "Giảm 1% phòng ngự ngoại công.",
  "13248665814149669809": "Hộp Đựng Ngư",
  "1324871588626261761": "Sắt cứng và nặng, cơ quan bắn liên tục, thiết bị tự động nạp đạn... Chẳng lẽ là thứ ta đã gặp trước đây——?",
  "13248725092986390413": "Phổ · 61 Giai Liệt Thạch Uy",
  "13248725296553124336": "Hoàng Hà",
  "1324873154069120641": "Trương Chấn",
  "13248738805934828317": "Phật Quang Đỉnh - Khu vực chạy parkour chi tiết 6",
  "13248749599768181192": "Mẫu Bản Không Khí Tường",
  "13248775656480035785": "Trong hồ tâm",
  "13248804778879407758": "Long Quỳ Thảo",
  "13248879923063239213": "Mua pháo hoa",
  "13248891951653197472": "Lựa chọn 1",
  "13248896196646425089": "Quả là chẳng hiểu gì cả!",
  "13248916531786564580": "Thiên Thượng Lai - Tùy Ý Mô Hình Cố Định Bối Cảnh Bản 1 Thư Sinh Nam",
  "13248945321381959551": "Sửa đổi thử thách",
  "13248962720971919243": "Chu Vũ Lâm",
  "13249014492240685227": "Thọ Xương Phường - Cùng Nhân",
  "13249020959625557633": "Mỗi lần gây sát thương, có #Y10%#E xác suất kèm theo một tầng hiệu ứng Huyết Khóc, duy trì #Y5#E giây, mỗi giây gây một lần sát thương, tối đa chồng #Y5#E tầng. Khi số tầng Huyết Khóc trên mục tiêu đạt đến 5 tầng sẽ lập tức xóa bỏ và gây một lần sát thương chích thương. Nhận lại liên tục có thể làm mới thời gian.",
  "13249051516513374835": "Tình cảnh - Bầu không khí",
  "1324910282069710077": "Thành viên Xích Long Đường",
  "13249185494893738685": "Đang tải dữ liệu...",
  "13249189306189035837": "An Tác Ký",
  "13249206723533572608": "Nhưng mà, vợ ta thường không đi quá xa, cho nên mồi lửa đại khái cũng chỉ ở trong ngọn núi này.",
  "13249212646518091282": "Phong Khâu Thôn Tửu Lâu Khách Nhân 2",
  "13249213693777462154": "Địch Kích Cung Tiễn Sát Thủ - Nhiệm Vụ Phản Kích",
  "13249214171164963010": "Sử dụng có thể nhận được danh hiệu Hiệp Danh 【Đứng trên tầng chín mươi chín】",
  "13249217666028602175": "Khai Phong Chủ Tuyến",
  "13249232294502251549": "Giáp ngực: Thuộc tính Tím 3",
  "13249268954009139592": "《ins_entity biểu》《ins_collection biểu》，《wulinlu_wanfa_type》 biểu đầu = 9",
  "13249274029728665041": "Ôi chao, bảo bối của ta, đừng sợ, đừng sợ!",
  "13249297770532499564": "Xây dựng thành phần, dùng để dựng nhà.",
  "13249339667581838763": "Sinh Thái Vật Chủng",
  "13249359862675156407": "S3 - Chiến Lệnh Tưởng Lệ - Miễn Phí Cấp 42",
  "13249380076116542367": "Dân chúng chúc Tết",
  "1324939448100718083": "Thọ Xương Phường - Giang Hồ Nhân Cao Lăng Vân",
  "13249408813427148336": "Tiểu Nha",
  "13249415302499464799": "Tư thế: Cầu xin (1 ngày)",
  "13249478331623111777": "Thành phần loại {0} ít nhất phải giữ lại {1} cái",
  "13249487487347783705": "Lưỡng Cư Loại",
  "13249507555440029142": "Dù không gặp được chị, cũng không thể gây thêm phiền phức cho chị!",
  "13249591528034507530": "Noãn Thạch",
  "13249592451596617752": "Phi Trần Dẫn",
  "13249670959978203344": "Cái vại của ta…… Thiếu đông gia, ngươi làm hỏng cái vại của ta, ta lại phải bị chú Chu mắng nữa rồi……",
  "13249697707043065106": "Tài khoản này đã nhận thưởng, xin đừng thao tác lặp lại",
  "13249763466067918789": "Đàm phán",
  "13249763806979476231": "Trình Hiểu Mẫn - Bình Dã Nguyên - Ta Vẫn Còn Có Thể Làm",
  "13249784506810487369": "Hành Thương Hoại Nhân - Khó Khăn",
  "13249791046545798800": "Tấn công Minh Kim tối đa",
  "13249865944975226882": "Thứ hạng",
  "13249891796495634760": "Thử thách đột phá · Ngũ",
  "13249901414524146938": "À...... xin lỗi, vừa nãy đang nghĩ chút việc. Vừa rồi ngươi nói ai cơ? Một công tử áo trắng sao?",
  "1324991396501448176": "Có thể nghĩ đến lợi dụng gian nhân danh sách dụ ta xuất thủ, xem ra người này rất hiểu ta.",
  "13249922037379312540": "Kháng Cự (Yếu): Đánh trống lui quân",
  "13249931152598547532": "Mông Đại Tặng Tống Chi Lễ Vật - Gia Sinh Nhai Chí Thuộc Tính - Nhã Trí",
  "13249958510056195717": "Quần lót",
  "13249975653530189337": "Đối thoại",
  "13249996825301782545": "...Thuốc... Nương tử...",
  "13250039441152128732": "Giáp ống chân",
  "13250049066803725980": "Phật Quang Đỉnh - Phân khu chạy địa hình 3",
  "13250050440630161296": "Hoa gian khách",
  "13250064453374346279": "Khai Phong Tam Tứ - Mãi Hóa Bách Tính 2",
  "1325014493291432410": "Nhất Diệp Bình Sinh - Tra Khán Thạch Bi",
  "13250154701142776992": "Không Khí Tường Đoản",
  "1325016270024773240": "Chiến Lợi Phẩm Loát Tân Điểm - Hộ Giáp",
  "13250185925574772010": "Ngoại Môn Đồ",
  "13250217884646013858": "Trường Hà Thương Pháp",
  "13250227949814980232": "Văn Thạch",
  "13250234905315360000": "Dương Tín",
  "13250245178754278966": "P1.4 Đồng Thiên Hạp Thùy Trực Tường Bích 01",
  "13250247497904187461": "Túy Hoa Âm - Tăng sát thương kỹ năng tích tụ",
  "13250262050417128715": "Nhặt",
  "13250276599333941613": "Cừu Kim Hàn",
  "13250291122072690573": "Trò chuyện riêng đã đạt giới hạn",
  "13250293665216664642": "Lương Tử Hàn",
  "13250364654124631576": "Đến Túy Hoa Âm, tham gia gửi gắm đèn trời",
  "13250369772660887313": "Bến Tàu Chưa Cập Bến",
  "13250388646493890025": "Yên Sư · Quỷ Búa",
  "13250394686785994959": "Phạm vi hiển thị kỳ lạ khi kết nối mạng",
  "1325040705484296879": "Than ôi, ngày nào cũng làm cái này cái kia, cuối cùng cũng là làm áo cưới cho người khác!",
  "13250419452082508024": "Tiêu diệt hoa độc Mạn Đà La trong Thiền viện",
  "13250437403697174553": "Lưu Minh Sách",
  "13250477311982207256": "Thượng Thanh Vân",
  "13250479130604965246": "Thành Tựu Biên Hào 902017",
  "13250508805771546510": "Trương Tuấn Kiệt",
  "13250539060749890422": "Chuyện thế gian vô thường, không tụ cũng là thiện. Ta đi trước, ngươi tự tiện.",
  "13250600044532652369": "Vũ Y Lâu Phần Vi - Phú Gia Tiểu Thư 1",
  "13250648093574557850": "Loại Mục Bác Vật Điểm Số Tưởng Lệ",
  "13250685522776911614": "Tạc Dược Thùng Khiêu Chiến 1 - Xạ Tiễn Tam Tinh",
  "13250755613078578658": "Điền Dã",
  "13250809686143483291": "Bách Công Phường - Bắc Tác Phường - Thạch Đăng Phường Bang Công Quầy Đài",
  "13250816172082591233": "An Bảo Đài Tử",
  "13250823662337478985": "Mặc dù Y Đao đã giúp ngươi rất nhiều, nhưng ngươi lo lắng y đối xử bất lợi với Hàn di.\nVì vậy, nhân lúc y không chú ý, đã ném đậu lên men ra cửa để lộ tung tích của y.\nĐao ca, xin lỗi nhé.",
  "13250825547285905830": "Đại Chu Vũ Nhung Thảo - Hạn Thời 8s (Tạm Vô)",
  "132508374344917995": "Yêu nhau, giúp đỡ lẫn nhau, người giúp người, người ắt giúp lại người.\nTự lợi lợi tha, đời có thiện.",
  "13250843158360612903": "Lữ Giai Nam",
  "13250854582393530724": "Thông tin bang hội",
  "13250932020567683560": "【Diệp Tử Hí】Đại Lộ Nam Môn - Chu Đại Nương (ba người) - Lối vào",
  "13250944713998591141": "Thiên Tuyền Đệ Tử 3",
  "1325100995219764459": "Mặc trang bị",
  "13251057672281742894": "Biệt Quán - Boss - Tường Vô Hình",
  "1325106896368260631": "Vật thể tương tác tải trước client, liên hệ Tổng Chương",
  "13251134434284324023": "Thuốc lá",
  "13251138240132536871": "Dạng Côn",
  "13251178018422749609": "Thì ra, thì ra là Tiểu Ly, không trách được... Vậy thì sách lược 'Phát Tài Bốn Kế' này cũng có tác dụng rồi!",
  "13251261874552462049": "Thiêu Từ Lĩnh Tam Phẩm Bảo Hạp 4",
  "13251300300816584403": "Hừ, làm quan đến mức như bổn quan này, đúng là hiếm có!",
  "13251300684953187179": "Gọi theo dõi",
  "13251314388536497543": "Ai nói chuyện của ngươi xong rồi, theo ta đi.",
  "13251354980509425233": "Thời gian còn lại lớn hơn {}",
  "13251391036683329492": "Giúp ta? Hừ, không ai giúp, cũng không cần. Ta một mình, không vợ không con, không người thân bạn bè.",
  "13251434596566981482": "Hôm nay không nhắc nhở nữa",
  "13251503020926554694": "Bày trí %s",
  "13251530046530222039": "Lương Đống",
  "13251610413547136461": "Thẩm Khoát",
  "13251642996061117494": "Tửu Hương Ngọc",
  "1325168294251783599": "Gọi đi theo",
  "13251690335929672359": "Túy Hoa Âm Văn bản khách hàng 231390",
  "13251738073847228538": "Đánh bài phải tưng bừng náo nhiệt thì năm mới mới đỏ tươi nha!",
  "13251741881494868927": "Ta đang khen ngươi đó!",
  "13251747540402505436": "Biểu Mẫu",
  "13251799615621449965": "Hồi phục mỗi giây phạm vi",
  "13251800631501483766": "Bắt giữ",
  "13251817389861066134": "Cứ nói nhà chúng ta, ngày xưa quê ta bị nạn đói, Ngọc Phương đã phải chịu biết bao khổ cực để chăm sóc ta và hai đứa nhỏ nhà ta.",
  "13251879387145550967": "Hoang Thực Lâm - Điểm Làm Mới Chiến Lợi Phẩm 337",
  "1325192600939707328": "Sự kiện ảnh hưởng lớn đến thần trí",
  "13251969744023683731": "Người dị tộc. Để chứng minh bản thân không kém cỏi hơn người khác, anh ta chuyên tâm vào việc giao đấu võ nghệ. Từng thất bại dưới tay một người, công nhận lý tưởng của người đó, đi theo bên cạnh người đó. Thay người đó đánh bại ngàn đối thủ, được người đó ban cho cái tên “Vô Tướng Hoàng”, ý là không khuyết không tướng, là bậc hoàng của võ giả.",
  "13251983871210338552": "Âu Gia Hạo",
  "13251987222315430737": "Sinh mệnh trị",
  "13252039148846924373": "Toàn thể Thập Lục Hẻm kính bút",
  "13252064591616692469": "Lâm Cầu Thực",
  "13252155635333226558": "Một hướng dẫn chế tạo trang bị.",
  "13252188883063128434": "Giải Đố Phức Hợp - Hộp Kiểm Tra Chụp Ảnh Demo",
  "1325220999683103593": "Chiến Đấu",
  "1325229154460215023": "Bích Tuyền Sơn - Điểm Làm Mới Chiến Lợi Phẩm",
  "13252301254416270882": "Huyền Biến Thạch",
  "13252305726412992118": "Dân làng B",
  "13252327401682234773": "Hoa Điểu Điếm Phố - Bảng Nền Tĩnh",
  "13252400061226311228": "Chu Vũ Lâm",
  "13252420588965154804": "Âu Gia Hạo",
  "13252437458344688167": "Tấn công Minh Kim tối đa",
  "13252491073930920155": "Sinh Thái Vật Chủng",
  "13252493786869524712": "Cấp bậc Họa Mi {} có thể nhận nhiệm vụ này",
  "13252555299623563761": "Giúp mở khóa tầng hai",
  "13252570811693526388": "Khẩu Hòa Liêu",
  "13252576815269998040": "Lối chơi giải đố nhỏ - Chuyện không bằng phẳng",
  "13252587972771388286": "Khai Đàn Yến - Khách Hàng Bất Tiện Tiên 3",
  "13252594738118987070": "Trên núi Ẩn Nguyệt có một ông già câu cá, nghe nói có vài tuyệt kỹ gia truyền, chi bằng đến xem thử.",
  "13252618547269604557": "Hoàn thành chuỗi nhiệm vụ có thể nhận phần thưởng",
  "1325263115513418331": "Bình Ly Nhân Lệ này, do bà chủ quán Không Muốn Tiên tự tay chưng cất, năm nay chỉ có một bình. Ta giữ lại bình rượu danh tiếng này, mượn ngươi một chút tiền nhỏ.",
  "13252652141374021170": "Sau khi mở khóa thiên phú võ học tương ứng, có thể gây thêm sát thương dựa trên #YTất cả tấn công thuộc tính#E.\nMỗi môn võ học còn có thể #Ytăng thêm hiệu quả sát thương của một loại tấn công thuộc tính#E.\n\nTấn công minh kim: #Y{0:.0f}#E - #Y{1:.0f}#E\nTấn công liệt thạch: #Y{2:.0f}#E - #Y{3:.0f}#E\nTấn công tơ kéo: #Y{4:.0f}#E - #Y{5:.0f}#E\nTấn công phá trúc: #Y{6:.0f}#E - #Y{7:.0f}#E",
  "13252666574710423507": "Phòng Chí Cường",
  "13252667710067168087": "MSD Thiên Công Quật 07 - Đài Xoay Khắc Rỗng",
  "13252699880168001974": "Sinh Thái Vật Chủng",
  "13252716553827814749": "Trương Tiêu Nặc",
  "13252721097478546630": "Đêm khuya lầu son, đèn hương còn nửa cuộn. Nằm nhìn trăng tà treo trên khung cửa sổ, đừng khuyên ta, về nhà sớm.",
  "1325284637866057353": "Phòng Chí Cường",
  "13252855916902139492": "Bái Nguyệt Hoa - Vô Tương Tác",
  "13252880705273765254": "Có thể vào “Cài đặt - Máy ảnh” để điều chỉnh góc nhìn đến khoảng cách thoải mái",
  "13252892793703441097": "Làm vật liệu điều chỉnh, từ lần điều chỉnh tiếp theo chắc chắn sẽ là phẩm chất {} trở lên",
  "13252897976738595231": "Phần Thưởng Đoạn Vị 1-2",
  "13252900867131370747": "Phong Hòa Thôn - Điểm Làm Mới Chiến Lợi Phẩm 197",
  "13252924608143124422": "Giới tính nhân vật",
  "13252978384690289737": "Hoàng Vũ",
  "13253010619190577463": "Nước mắt trâu mắt bò",
  "1325302774219822184": "Khai thông kinh lạc, thúc đẩy tuần hoàn! Thiên nhiên hài hòa, dưỡng sinh khỏe mạnh!",
  "13253043327476826105": "Thập Lục Hẻm",
  "13253277858478792066": "Tỳ, thận hư tổn, tấu lý sơ hở, tà khí phong xâm nhập, dẫn đến phế mất tuyên giáng, tân dịch ngưng trệ.",
  "13253278403339719472": "Mở tất cả",
  "13253323872139787556": "Chu Vũ Lâm",
  "13253354748408114942": "Hàn Hương Tầm những năm qua vì ai",
  "13253369631083002738": "Kim Minh Trì - Tấm Gỗ Cửa Sổ",
  "13253397929596163501": "Đối thoại",
  "13253436189711894697": "Khách quan đi thong thả, muốn ăn ốc thì ghé chỗ Lão Phong này nhé!",
  "13253523423224940568": "Khai Sơn Giả",
  "13253536983283487203": "Việc tốt khó có được",
  "13253564589823292859": "Súc Cốt Công - Nam Nhân Tắm Bồn 3",
  "13253655275555122415": "Kéo phao để điều khiển tầm nhìn",
  "13253691053770441365": "Mạch Hương Tập - Quan Nhân Giáp",
  "13253697130090427217": "Hoa Nguyệt Thiên Chân",
  "13253716420167090265": "Huyền Kiếm Chi Tuyến - Sài Tông Huấn (Bản Thường)",
  "13253734939437925785": "Sự kiện Trưng bày vật phẩm",
  "13253788938645116744": "Người Qua Đường Dùng Để Lấp Đầy 1",
  "13253834743887749643": "Truy Phong Kích",
  "13253839315985608262": "Chứng kiến miệng hầu, bộ phận sinh dục bị ăn mòn, mắt đỏ như mắt chim cu, nốt ban đỏ kết thành cục ở bắp chân, v.v.",
  "13253859170092859173": "Thái Cực Võ Lâm Lục - Tượng Chu Tước",
  "13253897984813914874": "Tiểu Kịch Trường - Bắn Cung 2 - Hươu Sườn Dốc",
  "13253898312302318965": "Lý Trạch Hạo",
  "1325390117204798118": "Cành Cây Nhỏ",
  "1325395781244676975": "Quản Tuấn Đào",
  "13253968383879552079": "Biểu Mẫu",
  "13253988542331925026": "Anh Vũ - Mục Tiêu Tỷ Thí - 1",
  "132540106811444333": "Không rõ...",
  "13254110362056244196": "Trị liệu cho người chơi khác thành công 2 lần",
  "13254133414256889689": "Khu vực đánh bài của chó",
  "13254136177449445729": "Lưu Cổ",
  "13254174518969052260": "Hà Kỷ Hi",
  "13254179515424819341": "Sử dụng vật phẩm này, có thể nhận được ngoại trang tương ứng.",
  "13254181387441593498": "Thi Thể Con Mồi Của Chu Khánh Và Dư Đức",
  "13254195423526130212": "Chiếu Vi Dạ",
  "13254201165786942630": "Hoa hông",
  "13254205821872207236": "Vô Tướng Hoàng Đa người - Rơi ra bùa giải độc",
  "13254218572359705462": "Tổ hợp ngoại hình ngẫu nhiên Tiệm Rượu Phong Sa",
  "13254228935527618308": "Hà Kỷ Hi",
  "13254234571597774233": "Võ học <Vô Danh Thương Pháp|781|#C|10202> sử dụng sẽ nhận được hiệu ứng #YTrường phong#E, hiệu quả #Ygiảm tiêu hao thể lực#E tăng lên #Y20%#E, tối đa duy trì #Y7#E giây.",
  "13254238725177939533": "Khai Phong Chủ Tuyến",
  "13254239960902720015": "Mã Triển Sùng",
  "132542930053220485": "Tăng cường cầu gỗ tầng trên Huỳnh Uyên",
  "13254293933605279159": "Giai đoạn nhận phần thưởng tuần này",
  "13254306380660840172": "Bảng Thông Báo Tổ Chức Bách Nghiệp",
  "13254319883414275152": "Võ Miếu - Binh Lính Hỗ Trợ Tình Huống Hai 1",
  "13254330233090875604": "Kinh doanh đặc biệt",
  "13254340512434902936": "Nhậm Khoan",
  "13254349938123506820": "Dẫn Lối Mùi Hương Ngọc Mã Hành",
  "13254371753463821891": "Môi trường",
  "13254394934651305471": "Ta thật sự không đến để bắt ngươi đâu...",
  "1325440193464603302": "……！！！",
  "1325443120516100092": "Phó",
  "13254467989777046787": "Đồ chơi trẻ em",
  "13254536718346181128": "Khô Thù Du",
  "13254578023810547840": "Chuyện này ngươi không biết đâu, trên cao ngày nào cũng thúc giục bắt người, phía dưới thực sự không còn cách nào, không chừng sẽ túm ngay ngươi đi, đánh đập ép nhận tội...",
  "132545829711028639": "Trang bị giống nhau",
  "13254586948637077942": "Diệu Diệu Miêu - Quỷ Hỏa",
  "13254620354958448991": "Chu Mộ Trì",
  "13254632051501523864": "Hy vọng tìm lại cái búa chì bị mất (Sau khi thành công có thể kết giao người này, nhận quà tặng cố nhân hàng tuần.)",
  "13254640696907928040": "Sao thế được? Ta ngưỡng mộ nhất là những nghĩa hiệp giang hồ, chén trà này, ta uống cạn trước.",
  "13254655358251258716": "Khụ... ha, ha ha, lần sau nhất định, lần sau nhất định...",
  "13254711870364407679": "Khách Hàng Tĩnh Mẫu Chung 14 - Phong Bất Ngộ",
  "13254733950624899403": "Đối thoại",
  "13254740519809615663": "Phần Thưởng Giai Đoạn Hai Độ Thiện Cảm",
  "13254752391569579985": "Đạt Được Phong Minh Đao Phổ",
  "13254783076637824940": "Khi sử dụng 'Nhiếp Tinh Đoạt Nguyệt' trộm đồ vật, sẽ được tăng một tỷ lệ nhất định dựa trên xác suất ban đầu.",
  "13254785610028377153": "Sinh Thái Vật Chủng",
  "13254823186165740726": "Mẫu Tường Vô Hình",
  "13254843000433789412": "Bách Nghiệp - Nhà tắm - Bản vẽ kiến trúc phong cách 1",
  "13254868361813369573": "Kiếm Chế Đại Kiếm 04",
  "13254877639323748254": "Giang Hồ Nhân 2 - Hôn Mê",
  "13254882225829420395": "Bảng xếp hạng cơ sở vật chất khu vực",
  "13254910960354501329": "Nhiệm Vụ Mở Cửa Kèm Học Lén - 3",
  "13254947369771612843": "Điều tra",
  "13254967737657686473": "Đang dịch chuyển...",
  "13255037751872201613": "Ngươi quả thực vô sỉ!",
  "1325506505447436539": "Ngày nào đó sẽ lại ghé thăm!",
  "13255088518439738712": "Đóng góp trăm nghề, đổi đạo cụ lấy tiền tệ kiến tạo (tỷ lệ phần trăm)",
  "13255128687501125578": "Thoại bản",
  "13255203132341282850": "{3}\nTa vào năm {0} mắc chứng bệnh {1}, sau được danh y {2} chữa trị, cuối cùng đã khỏi bệnh.",
  "13255259952530749774": "Hắc Thị Truy Đuổi - Mã Phu 4012",
  "13255306046942647564": "Thử Luyện",
  "132553967701223072": "Mai Táng Tương Tử Địa",
  "13255411940852999661": "Phi diêm tẩu bích"
}