{
  "13098398981017013151": "释放气竭处决技时，造成伤害增加15%，还会使自身真气回满。",
  "13098412870871303490": "Đối thoại",
  "13098415290695764336": "Thập lục ngõ",
  "1309844349267872236": "Không thể sử dụng chức năng tìm đường khi đang đồng hành",
  "13098467522106145207": "Ôi chao! Dễ giật mình vậy sao!",
  "13098603410334252983": "Sư tỷ Thanh Khê",
  "13098626362041820062": "Vật này là Lý Thủ Tiết nhờ ta chuyển giao... Hắn đã tìm được chiếc diều hẹn ước rồi, xin ngươi đến điểm hẹn gặp.",
  "1309864866674464044": "Võ Thành Vương Miếu - Địa Diện Thích Bản - Triều Tả",
  "13098650178273758782": "Cái gì, người của Thiên Tuyền tìm đến rồi sao? ——",
  "1309865542907336883": "Lần sau chúng ta cùng đi chợ Quỷ nhé?",
  "13098678208107109761": "Khẩu tài",
  "13098684007401178008": "Đãi Định",
  "13098684507420456519": "Âu Gia Hạo",
  "13098729708201556612": "Tháp Lưu Phái - Liệt Thạch Uy",
  "13098739881750631589": "Sắc bén",
  "13098752084065096844": "Lừa tiên nhân mộng du",
  "13098757843740260095": "Sinh Thái Vật Chủng",
  "1309876336204026885": "Từ biệt",
  "1309878263287058690": "Truyền thuyết kể rằng ở Thanh Hà có một tòa chuông Thái Bình, quả chuông lớn ở đó có thể tấu lên bản nhạc do Tề Thanh tác, nhưng quả chuông lớn đã vỡ, cần được tu sửa.",
  "13098785567622613527": "Phật Hoa và Khí Vị Chỉ Dẫn Của Chuột",
  "13098791106614423350": "Thiết bị thử nghiệm người tiêu chuẩn",
  "13098850351908847309": "Cô Vân Chưởng Môn",
  "13098856990678369649": "Tăng <Tấn công Phá Trúc tối thiểu|780|#C|151>, hiệu quả tăng theo cấp độ chế độ đơn (Hiện tại: #Y{0:.1f}#E điểm).",
  "13098890754586889366": "Bọn kẻ lười nhác kết bè kết phái gây rối, nay dũng cảm đứng ra, trảm gian trừ bạo, đây là hành động nghĩa hiệp!",
  "13098902382270281023": "Miêu Miêu Miêu - Chặt Tre 2",
  "13098917237941896280": "Đừng ngơ ngác đứng đó. Đi xem trong chậu cỏ có đồng tiền không.",
  "13098950128332103885": "Trương Tuấn Kiệt",
  "1309895387546182057": "Nam Tử",
  "13098986112167669242": "《Mạnh Tử》",
  "13098997450104546185": "Đối thoại",
  "13099042283586526032": "Thành viên Top 200 bảng xếp hạng Hiệp Áo Hội",
  "13099066933447478235": "Ta đã đến ba lần, lần nào cũng ăn nói nhẹ nhàng, coi như là vô cùng cung kính, nhưng hắn lại--!",
  "13099093869268227709": "Trang sức",
  "13099124057135112272": "Trắc Thí NPC Thành Nữ",
  "13099156283650538564": "Độc thú",
  "13099211030079059706": "Xạ Phúc - Thái Y Thự",
  "13099212229644884193": "Cậu bé ở Tướng Quân Từ",
  "13099254153109205956": "Ờ, ý ta là, huynh Hạ nói đúng! Người ở Oa Xá không có văn hóa, nói sai rồi!",
  "1309933166731682780": "Nhu Kình",
  "13099348502978316426": "Thiên Phật Thôn - Điểm Hồi Sinh Chiến Lợi Phẩm",
  "13099368210257762770": "Trần Khải",
  "13099370736750926782": "Tử Tượng Cư - Công Tượng Cư Sở - Công Tượng 17",
  "13099379489440129159": "Tăng <Khí Huyết Tối Đa | 780 | #C|13>, hiệu quả tăng theo cấp độ đơn người (Hiện tại: #Y{0:.0f}#E điểm).",
  "13099428129405068124": "Khách mời Túy Hoa Âm",
  "13099443652459281698": "Không... Ta vẫn uống được... Ta, ta say chưa...",
  "13099456866537791202": "Đơn đài",
  "13099553884275297749": "Tất cả đều bắt đầu từ khi hắn làm hoàng đế!",
  "13099586450204168125": "Huống chi là dưới hoa mẫu đơn mà chết, làm ma cũng phong lưu.",
  "13099722628523831836": "Hội Võ 3V3",
  "13099747154012227560": "Đối thoại",
  "13099752300377267157": "Kỹ pháp thương pháp nổi tiếng của Thời Cửu Ca, đại khai đại hợp, chính khí lẫm nhiên. Ngọn thương thẳng hướng về phía trước, ra tay như gió sấm đồng hành, lực cực lớn. Bộ thương pháp này học dễ nhưng luyện thành khó, khi đại thành thì kinh ngạc không thể phân biệt, có thể làm chấn động thiên hạ.",
  "13099853241349638355": "Ta nói thật đấy, bọn ta chỉ thích thứ này! Hà Bá là sư phụ của Hải Vô Lượng! Nói về tay nghề làm mì cay, Hà Bá xưng đệ nhất, tuyệt đối không ai dám xưng đệ nhị, ngay cả bang chủ Chu đã tiên thăng cũng không chê được một lời.",
  "13099952845725673334": "Đang tải...",
  "13100036734289349169": "Túi tiền",
  "13100056520405741181": "Kích hoạt Kỳ ngộ - Khó có được việc tốt",
  "13100071410720058856": "Cơ quan lửa đã được mở",
  "13100115284108208653": "Khai Phong Phủ - Thương Khố - Quan Binh 3",
  "13100166657603634463": "Nhất Diệp Bình Sinh - Tây Phường Thương Phố Khu - Bối Cảnh Bản - Khất Cái",
  "131002359790894739": "Võ Miếu - Chuyển đổi thời tiết thang máy",
  "13100248889235882054": "Sinh Thái Vật Chủng",
  "13100249927544244463": "Đối thoại",
  "1310028456489095398": "Gọi món",
  "13100305128469418934": "Thiên Thượng Lai Thất Khổ · Tự Thực Kỳ Khổ",
  "13100319391620528787": "Thăm bệnh nhân đăng nhiệm vụ ủy thác và chữa trị bệnh cho đối phương.",
  "13100328798375305710": "Ký Danh Ứng Dụng Nhỏ WeChat - Sơ Kỳ - 30 - Tự Chọn Thông Bảo *10000",
  "13100333719360391005": "Tinh Vệ",
  "13100352648101692414": "Khách Túy Hoa Âm",
  "13100369020222076947": "Nhưng hắn biết, tiểu hòa thượng căn bản không hiểu trị bệnh cứu người.",
  "13100419685742732575": "Thí Kiếm Hiệp Cảnh Toàn Nhập Bảng Tưởng Lệ",
  "13100421904378732799": "Tiếp tục đi sâu, thăm dò tình báo",
  "13100437642554317876": "Mạn Đà La còn gọi là Túy Tâm Hoa, Phật Hoa, Tình Hoa, toàn cây có độc, nhưng danh y thánh thủ cũng có thể dùng để trị bệnh. Hoa của nó có tác dụng giảm đau rất tốt, có thể làm tê liệt các giác quan, hấp thụ quá liều sẽ bị ngộ độc, có nguy cơ hôn mê mất mạng. Dường như có thế lực giang hồ đang trồng với số lượng lớn, không rõ mục đích là gì.",
  "13100457363225957021": "Hậu Nhai 2 - Vô Ưu Bang 3 - Đối Thoại",
  "13100472867037540263": "Đối thoại",
  "1310057723027743712": "Long Quỳ Thảo",
  "13100584298712361823": "Nhất Diệp Bình Sinh - Dạ Quy Nhân Võ Quán - Bối Cảnh Bản - Khất Cái",
  "13100585314158418004": "Ngự Uyển Bắc - Sơn Đạo Thụ Hạ Nhàn Đàm 1",
  "13100607859755202426": "Lý Trạch Hạo",
  "13100621847359868880": "Theo lời đại ca Triệu, người đưa đò đang ở trong Giác Môn Lý, nhưng muốn gặp người đưa đò, cần phải tuân theo nhiều quy tắc.\nQuy tắc đầu tiên là phải tìm được một đứa ăn xin mặt đỏ.",
  "13100641087721589039": "Sở Nhu",
  "13100678157346904880": "Vương Thiết Chùy ven đường bán búa tặng chuyện, nghe nói đều là trải nghiệm cá nhân của hắn. Câu chuyện máu chó của hắn luôn dừng ở lúc gay cấn, hấp dẫn ngươi mua thêm một cây búa của hắn.",
  "13100680568941951966": "Ta đến nếm thử",
  "13100692389940228975": "Giang hồ nhân đứng gần đỉnh thác nước, quan sát tình hình dưới núi, bao quát toàn cảnh.",
  "13100695364205262071": "Vạn Vật Giao Hỗ Tưởng Lệ",
  "13100723543375930624": "Bất Tiện Tiên Thạch Thuyền Tuần La 2",
  "1310072615614152481": "Vạn Sự Tri - Giai Ngẫu Thành Đơn - Đoạn Phương Phương",
  "13100729027005999769": "Mở",
  "1310078133791753265": "Củi dùng để đốt lửa, có củi khô, củi phân,...",
  "13100925039290175511": "Tâm ma",
  "13100936538614279891": "Kim Cương Phục Ma · Tứ trọng",
  "13100967941432391329": "Tống Lỗi",
  "13100968929905910844": "Đang lấy dữ liệu",
  "13100977959303922950": "*Hình",
  "13100979302489168713": "Hà Kỷ Hi",
  "13100989133378378742": "Móc áo",
  "1310099868088795792": "Dung Trạch Hoa",
  "13101004645861768898": "Chưa nhận được võ học cơ bản của môn phái này, không thể học trộm võ học tiến giai. Xin hãy học trộm một võ học khác của môn phái này trước.",
  "13101017573617879313": "Ngư Noãn",
  "13101044706915992008": "Tổng hồi phục khí huyết",
  "1310109233308616881": "Trần Hiểu Hàn",
  "1310109389313429275": "Tầng một",
  "13101129180724001230": "Bếp đá Ất",
  "13101145531710798779": "Ngụy Triển Mi",
  "13101154526853587317": "Đạt 35 cấp",
  "13101211254045918837": "Độc Sơn Lam Ngọc",
  "13101255838225655027": "Chu Vũ Lâm",
  "13101301323732474123": "Người canh giữ Xuân Thu Biệt Quán, luôn chờ đợi người nhà trở về dưới Ẩn Long Uyên.",
  "13101319538222582540": "Cao Cường Cường",
  "13101497870300190946": "Liên Cơ Khiêu Chiến",
  "13101509483758645985": "Nhậm Sơn Trọng",
  "13101511206805054626": "Ngô Tiểu Oánh",
  "13101544409149677603": "Rất nhiều cảnh đẹp, ta đã giúp sư huynh ngắm nhìn hết, cũng coi như không phụ lời hẹn ước ngày đó.",
  "13101574271790899777": "Mày mơ đi!",
  "13101615737659848692": "Miêu Miêu Miêu - Nhiễm Liệu - Lam",
  "13101634599556837677": "Tâm từ thủ nhuyễn, làm sao chứng đạo!",
  "1310164355473344182": "Vương Trị",
  "1310165356370790918": "Ái da, đáng thương quá.",
  "13101671618957636633": "Cầm tiền công đi, đại ca sau này tốt nhất nên tránh xa hai vị chưởng quỹ này, đừng để bị lừa nữa.",
  "13101675830853180149": "Cây ngô đồng cao trên mái hiên đọng sương đêm, vén rèm đôi chim khách giật mình bay đi.\nMảnh lụa thêu trên màn bình phong vương vấn tình cảm, nhớ về con đường Giang Nam.",
  "13101723618752170319": "Đạo trưởng, lần trước ngài cũng nói vậy, kết quả là mặt bị đen như nô lệ Côn Luân!",
  "1310174126083184095": "Sinh Thái Vật Chủng",
  "13101769585980875323": "Không rõ tên...",
  "13101778032442875221": "Dưới mái hiên treo",
  "13101786095998295716": "Liễu Nhị",
  "1310186239675708567": "Mẫu Bản Biểu",
  "13101889722364163248": "Trắc Thí NPC Thành Nam",
  "13101895633477011199": "Xích Long Đường Bang chúng",
  "13101903192063045501": "—— Đông Hán - Trương Trọng Cảnh 《Thương Hàn Tạp Bệnh Luận - Biện Bách Hợp Hồ Quyến Âm Dương Độc Bệnh Mạch Chứng Tịnh Trị》",
  "13101911208406338319": "Cáo từ",
  "1310203590924321177": "Thiếu niên, hãy suy nghĩ kỹ hậu quả rồi trả lời ta.",
  "13102090250328922907": "Thọ Xương Phường - Đông Li Viện - Công Nhân",
  "13102139357874203253": "Thúy Vũ Cố",
  "13102154151663123990": "Tạo thành phần, dùng để xây dựng nhà.",
  "13102193837926232780": "Ký Danh Ứng Dụng Nhỏ WeChat - Sơ Kỳ - 31 - Tự Chọn Thông Bảo *10000",
  "1310220355799131985": "$T(28)$, cái chùy cát $6$ đốt của ngươi luyện được mấy đốt rồi?",
  "13102212722246831766": "Tạm thời không có đơn đăng ký",
  "13102307864975427748": "Khoáng vật chất lượng tốt, hàm lượng đồng rất cao, có thể dùng để chế tạo.",
  "13102368256554701612": "Thế Giới Đẳng Cấp 10 Chiến Đấu Trang Bị Bao Ngũ Âm Ngạch Ngoại Điệu Lạc",
  "13102385378978583139": "Giá trị làm mù",
  "13102410619619198500": "Không biết trên đời có vật gì có sức chịu đựng của trâu, tốc độ của ngựa không? Tốt nhất là còn tốn ít lương thảo.",
  "13102418628679749608": "Tấn công Phá Thạch",
  "13102461842783812315": "Lại đây, thử xem đi, cho đạo sĩ ta nửa nén nhang, ta sẽ cho ngươi một câu trả lời. Xem xem môn phái nào #ffc89cphù hợp nhất#E với ngươi?",
  "13102560509106278772": "Thành phần kiến trúc",
  "1310260557832365691": "Đạo Chủ - Nhị Giai Đoạn - Thương",
  "13102611433942297220": "Thế Giới Đẳng Cấp - Lục Lâm - Thảo Tặc (Đơn Đao)\\nTuần La Định Chế Động Tác: Có",
  "13102613122224583849": "Lộc Tiên Nhân Cúng Dường 3 (Quả trong bát xuất hiện)",
  "13102656769064377182": "Miễn nhiễm sát thương trong 3 giây, và hồi phục 20% khí huyết.",
  "13102667015261855360": "Đông Lăng Qua",
  "13102669038281370766": "Phong Hòa Thôn - Điểm Hồi Sinh Chiến Lợi Phẩm 126",
  "13102694537615606836": "Đang lấy dữ liệu",
  "13102702483032247785": "Tiểu Kịch Trường - Xạ Tạc Dược Dũng NPC",
  "13102704705755807109": "Không ai cản được",
  "1310274185916575669": "Hà Kỷ Hi",
  "13102750523917805479": "Trương Chấn",
  "13102759623406849744": "Phần thưởng trấn thủ nhiều người",
  "13102765392128483349": "Phần thưởng nhiệm vụ",
  "13102770462962093012": "「Qua sông hoa bay」",
  "13102771164798926751": "Mục tiêu có hành vi trộm cắp, đặc此 treo thưởng bắt giữ.",
  "13102795632619169336": "Hướng Kính Cách",
  "13102805540488316839": "Đối thoại",
  "13102816609324270247": "Thiếu đông gia, chính là vị này, giá tiền tuy không bằng Đạo Chủ, nhưng cũng rất công bằng.",
  "1310283112488375880": "Tâm pháp",
  "13102857903951975786": "Vạn Sự Tri Lục Tật Ai Minh - Nhất Phong Gia Thư",
  "1310289993643062725": "S1-Thưởng Kinh Nghiệm Nhiệm Vụ Ngày Lệnh Chiến 2",
  "13102910584879548815": "Nhận được 1 đơn thuốc cấp cứu, sử dụng sẽ tăng hiệu quả #ffc89cTrị liệu khí công#E hiện tại lên #ffc89c200%#E",
  "13102910599044870440": "Biện Kinh Du Phố Ngoại Vi - Bách Tính Nữ - 236",
  "13102931443982440785": "Ngọc Lâu Xuân",
  "13102943895124925244": "Xa Phu Ất",
  "13102946314682680960": "Lời đã nói ra, ta ắt làm được. Ta chấp thuận ba điều kiện của ngươi.",
  "13102965998318515616": "Bên Ngoài Lò Luyện - Kho Hàng - Tường Vô Hình",
  "13103091721308747637": "Trĩ Tử Đồng Hí - Yến Minh Nhi",
  "13103102238547949487": "Điểm chiến lợi phẩm",
  "13103133190417052413": "Đối thoại",
  "13103158679208232247": "Bộ Phận Khinh Công - Dây Thừng Đến Sử Đại Nhân - 30-25",
  "13103211626808923039": "Phân bố rộng khắp.",
  "1310321506687630705": "Có chuyện gì sao, người trẻ tuổi?",
  "13103266058348534565": "Khai Phong Phủ - Đại Viện - Quan Binh 20",
  "1310327324093323661": "Gây sát thương khí trị liệu nội *G20#E, sao chép *G1#E lá Y phương này trong chồng bài rút.",
  "13103302695420735946": "Âm thanh truyền đến từ phía đối diện giá sách, chắc chắn có cơ quan ẩn giấu ở đây, hãy tìm kiếm xung quanh xem sao.",
  "13103323178550930349": "[Ghi] Trường Thương Đại Khinh Công - Lão Ông Câu Cá",
  "1310339087857799299": "Pháo Hoa",
  "13103394991472981793": "Mười hai năm ân oán",
  "13103405249203523698": "Đã chọn thành công bộ bài này",
  "13103444973354610179": "Treo lơ lửng",
  "13103553557329035428": "Giao nội dung ghi chép cho tai mắt",
  "13103579192275430203": "Trương Thạc",
  "13103602424414660952": "Thông qua #8c5823 Xin ăn#E, nhận được tiền bố thí của người khác",
  "13103650783234576063": "Phúc Bồn Tử",
  "13103677641140173481": "Pháo Hoa Tân Xuân - Đài Phun Nước - Số 1",
  "13103679775309237121": "Gây ra 260% sát thương, có 95% xác suất khiến đối phương {com_huashu_slience_icon_96} câm lặng 4 giây",
  "13103704235313423676": "Nói gì chứ, còn vận lương! Nếu không phải ta chạy nhanh, đã sớm chết đói ở phía Nam rồi!",
  "13103761859495707337": "Dùng chìa khóa mở lư hương",
  "13103776992301299927": "Đạo chủ nhiều người - Tiểu Thọ",
  "13103788280533721334": "Hương hỏa đã đến, lễ vật chúng ta dâng cho thần tiên cũng đã đến.",
  "1310381933606471441": "Cửu Lưu Môn, khi nào mới có thể giúp chúng ta vậy?",
  "13103822359973242986": "Điền Dã",
  "13103835207905412009": "Tâm Hồ Sách Tử (Tỉnh Dậy 1)",
  "13103862549427572816": "Noãn Thạch",
  "13103865166849208334": "Sử dụng vật này, có thể nhận được ngoại trang tương ứng.",
  "131038679952394511": "Gia nhân nhà họ Mễ, trí thông minh đáng lo ngại, vô học vô thức, tửu lượng tạm được, đấu đĩa cũng tạm được, nhưng càn quấy ngông cuồng, e rằng chỉ có <Mễ Kế Phong|30095|#Y> mới khiến hắn biết điều!",
  "13103964012876775446": "Thọ Xương Phường - Cửa Hàng A Tửu Lầu - Khách Nhân",
  "13104031133741519117": "Thôn dân tai lãng",
  "131040409340480143": "A! Đây là hoa hay là côn trùng, ta không dám lại gần!",
  "13104043233594001447": "Ngụy Tử",
  "131040449141673248": "Một loại bệnh chứng gây ra do tình chí không thoải mái, khí cơ uất kết, có chia thành thực chứng và hư chứng. Thực chứng có ba loại là can khí uất kết, khí uất hóa hỏa, đàm khí uất kết; hư chứng chia làm hai loại là uất lâu thương thần và âm hư hỏa vượng.",
  "13104268131474904130": "Lương Tử Hàn",
  "13104276102509592287": "Đã đạt đến đỉnh điểm của phiên bản",
  "13104307714242310500": "Trảm Phong · Tam",
  "13104396914742389328": "Thời cơ có vẻ hơi lệch lạc một chút, hy vọng vị huynh đệ này đừng trách ta...",
  "1310440468412339758": "Không đủ điểm hành động",
  "13104411874153592986": "Trên con đường nhân sinh này, rốt cuộc cái gì mới gọi là anh hùng? Lão phu ta chưa từng thấy, có lẽ khách quan ngài, chính là anh hùng lớn nhất mà ta từng thấy...",
  "13104417155648574754": "Lý Trạch Hạo",
  "13104466827109523614": "Du Hí Tiêu Khiển - Bang Hội Thư Giãn - Thưởng Giai Đoạn Một",
  "13104494241054135050": "Đông Chi Hoa",
  "13104523340137943961": "Bồ Đề Khổ Hải - Điểm Sinh Thành 10",
  "13104523433018070408": "Bành Nhiễm",
  "13104532631129368960": "Quay lại",
  "13104604139396497425": "Nấm",
  "13104642333147347454": "Bộ ngoại hình",
  "13104652892825814985": "Nhất Diệp Bình Sinh - Thiên Kinh Độ Bờ Đông - Tấm Nền 8",
  "13104655805850410285": "Tú Kim Vệ",
  "13104673909298611800": "Là của ta, nhưng là người khác cho ta, một góa phụ, góa phụ bồng con, bà ấy cho ta……",
  "13104674901096946295": "...總不會，是在找我吧？",
  "13104725716728181201": "Phi viêm tẩu bích - Bản đồ hang động",
  "1310475504901773197": "...Thôi được, con dao găm này, đáng lẽ nên bán cho ngươi!",
  "13104819392048879788": "Điền Dã",
  "13104897910860152132": "Tùy tùng nghề nghiệp",
  "13104918223633182801": "Ngự Uyển Nam - Quảng Trường Nam - Đàm Tiểu Thanh",
  "13104948231445659022": "Dù sao cũng là thứ thấy thường xuyên, có được thường xuyên, sao có thể coi là “thứ tốt” được?",
  "13104948833695958725": "Câu chuyện của tiền bối vườn lê sao?",
  "13104958303567818326": "Hoàng Vũ",
  "13104993412436479559": "Cảm giác hai người này thân phận không tầm thường!",
  "13105050889202279629": "Ngọc Liên Hoàn, Bích Huyết Tiễn, năm năm chinh chiến.",
  "13105059876540001373": "Giun đất",
  "13105114731195085186": "Nút rỗng, được thêm vào để tái sử dụng giao diện và mã nguồn",
  "13105117973776923759": "Lệnh chiến anh tinh",
  "13105122772592859686": "Đó là vì ngươi chưa từng đến phía Bắc, chưa thấy bộ dạng của cha ngươi lúc đó...",
  "13105139206963655161": "Gói tự chọn ngoại hình vũ khí",
  "13105143057278805020": "Độ yêu thích",
  "13105191553367825231": "Con gái ta, nó có bản lĩnh tốt, không thể bị bọn buôn người bắt đi!",
  "13105200413581584974": "Âu Gia Hạo",
  "13105222188942713044": "Người Khiết Đan",
  "13105243084358872705": "Thạch Khối",
  "13105291100339119509": "Triều sinh mộ lạc",
  "13105359947434553220": "Hoặc có lẽ, chỉ là chính mình muốn làm điều gì đó khi lũ lụt ập đến……",
  "13105403478464969916": "Đấu giá",
  "1310540474654846782": "Dầu thông này... làm tốt lắm, có thể lên tầng hai rồi!",
  "13105423832619451028": "Biển Vĩ",
  "13105453329331041547": "Đông Phong Lâu",
  "13105459935557405721": "Đạo Chủ rốt cuộc có mấy người?",
  "13105494671506207643": "Phù Dao Sơn Cứ Điểm Ngoại Vi - Nghe Lén",
  "131055460533701171": "Đệm cỏ",
  "13105556743572662705": "Phong Trang Thôn - Vị Trí Giữ Chỗ 17",
  "13105604038899499796": "Tìm đến Thần Tiên Độ",
  "13105605019836066674": "Nồi nhỏ",
  "13105633427289679341": "Cố nhân giang hồ: An Lệnh Vinh",
  "1310570219110765384": "Đầu Nương - Biện Lương Nam Thôn",
  "13105708460687717209": "Phòng Chí Cường",
  "13105770456638018240": "Phù Quang披Nguyệt",
  "13105789031649517778": "Hoàng Lạc Tư",
  "13105825422968442434": "Sinh Thái Vật Chủng",
  "13105872998395515819": "Kiểm Tra AI Hiệu Dụng",
  "13105925667429043200": "{diff_minute:02d} phút {diff_second:02d} giây",
  "1310601232731420145": "Sinh Thái Vật Chủng",
  "13106084631463360795": "Sơn Tước Sào",
  "13106131134140174517": "Trí Sài - Mô tả Đấu Tài Chủ cần bổ sung",
  "13106154698805922019": "Tiệm bán trái cây",
  "13106169106820107941": "Giúp việc",
  "1310620674642594916": "Kỹ Định Âm Chỉ Các",
  "13106208515185072118": "Đĩa ngọc tròn",
  "1310622242523919871": "Xem",
  "13106249010315945371": "Vách núi này sâu ít nhất trăm trượng, xem ra phải để ta đi trước, đưa thang máy lên.",
  "13106298807069457624": "Tiều phu bên ngoài Hoang Hồn Thôn, từng vô tình lạc vào sương mù của làng, bị một con hươu cắn mông, kiên quyết tin rằng đó không phải là hươu, mà là sơn quỷ.",
  "13106359956027304510": "Phòng Ngự +8",
  "13106380830932579608": "...... À, dù có giống hay không, tổng là một điềm lành.",
  "13106391084269207032": "Thi Đấu Câu Cá 1",
  "13106453364537755673": "Huyết thiển màu đỏ thẫm: Cầu không được",
  "13106568560687161558": "Thần Bí Tiểu Sách Tử",
  "13106588594048003376": "Lạc Thần Dịch Dung",
  "13106591969585004291": "Trụ mang tội",
  "13106600055884646343": "Tại sao phụ thân lại lừa ta?",
  "13106606570117793736": "Đang tiến hành (%s mở giai đoạn tiếp theo)",
  "13106656224366517839": "Hay! Múa đẹp lắm!",
  "13106667483482583769": "Lồng Vỡ 2",
  "13106670401964014584": "Hoa Biên Tiểu Báo - Đương Sự Nhân Thanh Khê",
  "13106737472721117897": "Bên kia đã đánh đến mặt rồi, #Y%s#E để tâm vào một chút!",
  "13106774673592455867": "Đối thoại",
  "13106799009502880797": "Lương Đống",
  "13106810933843470225": "Ba năm trước, trên đại địa Trung Nguyên đột nhiên xuất hiện một đám mèo dị chủng mặc gấm trời rơi, truyền rằng chúng xuất thân từ thành Vị Ương trên đảo Trường Lạc, là linh miêu tìm bảo do nhà họ Ôn, một phú hộ võ lâm, nuôi dưỡng. Tuy không rõ vì sao đám mèo lại lưu lạc giang hồ, nhưng phàm nơi nào chúng xuất hiện đều có bảo tàng, giang hồ gọi là “Miêu Miêu Miêu”.\nHoàn thành các thử thách của chúng, có thể nhận được phần thưởng bằng tiền Miêu Miêu, có thể dùng tại Miêu Miêu Miếu để đổi lấy lễ vật quý giá.",
  "1310682000008642361": "Hoa Hải - Điểm Làm Mới Chiến Lợi Phẩm",
  "13106824867656165676": "Thứ hạng",
  "1310683190940536833": "Ta đánh xong rồi... Không biết kết quả thế nào?",
  "13106877605452451479": "Tặng quà",
  "13106887581688025984": "Mỗi giây gây một lần sát thương chảy máu.",
  "13106966899163843629": "Chu Vũ Lâm",
  "13107034161594025136": "Kỳ Quái - Ngọc Quế Chi",
  "1310703570753273308": "Thưởng Cấp Bậc",
  "13107105654207814474": "Thiền Dực Vị Lai",
  "13107106752453842352": "Đơn Đăng Lung",
  "1310711155409563811": "Mỗi lần đánh trúng kẻ địch bằng kỹ năng đặc biệt, nếu mục tiêu đang ở trạng thái chảy máu tầng #Y5#E, sẽ xóa hết trạng thái chảy máu và lập tức gây ra một lượng lớn sát thương chảy máu.",
  "13107123236779151099": "Thọ Xương Phường - Tổ Tuần Tra Binh Sĩ 23"
}