{
  "11443609222535816140": "Hà Kỷ Hi",
  "11443657647425974411": "Chiến Lệnh Tệ 2",
  "11443657764960029005": "Hôm nay nắng đẹp quá!",
  "11443665399716949683": "Tôn Hạo Thanh",
  "1144370755192960797": "Thế à? Hình như là vậy, xin lỗi nhé, Liệt Tinh Thước quả thật rất nhanh!",
  "11443715948753785434": "Thời gian khiến người ta già đi a...",
  "11443730933947158302": "Hồi phục #G16%#E Sinh mệnh tối đa",
  "11443755582967779949": "Thật",
  "11443761856206228127": "Âm luật",
  "11443771179428086943": "Ngư Bách Xuyên Khí Vận Tổ 83",
  "11443813732746711782": "Quỷ Thị Tử - Âm Binh Tá Đạo - Âm Binh",
  "11443830031317509975": "Xem kho hàng thị trường",
  "11443878322662889203": "Sinh Thái Vật Chủng",
  "11443931769041683105": "Yến Kê đề cử",
  "11443944840551598315": "Mở ra có thể ngẫu nhiên nhận được một bộ trang bị Ngọc Đấu hoặc Dịch Tướng cấp 56, phẩm chất cao nhất là màu tím, xác suất phẩm chất tím khá thấp, khuyến nghị phái #YMinh Kim · Hồng#E sử dụng.",
  "11443969597933860160": "Tinh Thiết",
  "11443991331001459221": "Oánh Oánh",
  "11444015661351425116": "Người giang hồ Quỷ Phàn Lâu",
  "11444017962944696586": "Thiên Tuyền",
  "11444031454161223648": "Tống Khâm Tông",
  "11444032425770310592": "Phật Tổ…… Phật Tổ đang nhìn kìa!",
  "11444051094732124841": "Vũ Y Lâu Khí Vận - Kiều Thư Nghi",
  "11444124717307002279": "Sinh Thái Vật Chủng",
  "11444127518117997602": "【Diệp Tử Hí】Thừa Ân Trấn - Thạch Nhạc (Ba Người) - Bồi Chơi",
  "11444152851557731039": "Phần thưởng xây dựng lần đầu",
  "11444172734559618792": "Trùng hợp thôi.",
  "11444175652897838933": "Chuyển đổi vật phẩm (thứ tự)",
  "11444212913231452120": "Hà Cao",
  "11444290714617720982": "Cấp Độ Thế Giới - Lục Lâm - Thảo Tặc (Cung)\\nĐộng Tác Tuần Tra Tùy Chỉnh: Vô",
  "1144430209273648180": "Thiếu hiệp, cũng đến tìm bảo bối sao? Có muốn ngồi xuống ăn chút gì không?",
  "11444335513737021207": "Hồi Tố Thưởng 1",
  "11444353464976561248": "Bác Lãng Sa - Vạn Thắng Trấn - Hồ Trinh",
  "11444381237789885620": "Thị trường thấp cũng không sợ, cùng lắm chúng ta về Trấn Thừa Ân, tiếp tục trồng trọt!",
  "11444432533625548136": "Sau khi tạm biệt Chỉ Đỏ và Đậu Đậu, ngươi quyết định đến ngôi nhà nhỏ dưới đáy Tháp Rượu Thơm thu xếp hành lý trước, sau đó đến vách núi hội ngộ với Y Đao.",
  "11444437088491369971": "Dụng cụ nông nghiệp",
  "11444448363252442820": "Hệ thống",
  "11444463655680541094": "Leo tháp",
  "114444783496758064": "Mộc nhân múa rối bóng",
  "11444485908636289493": "Trong nhà tù này lại có cả nhạc khí... không ngờ người trông coi ở đây lại có nhã hứng đến thế...",
  "11444529088429718951": "Kẻ ăn mày ngày nào cũng đi khất thực ở các thôn làng, chắc chắn biết không ít chuyện, có thời gian rảnh có thể trò chuyện với hắn.",
  "11444532311402422707": "Nguy hiểm trùng trùng",
  "11444596034356911292": "Thi Thiên Lai",
  "11444602639080460139": "Thu thập âm thanh kỳ diệu của trời đất, ghi lại âm thanh của nhân gian. Đây là điều Tề Thanh muốn đạt được, nếu có cơ hội, hãy giúp hắn tìm bảo trân có thể phát ra âm thanh kỳ diệu đó nhé!",
  "11444608379490260073": "Không sao, vẫn còn cơ hội.",
  "11444628942537196648": "Chi tiêu sức mạnh để nhận thưởng",
  "11444630075397279555": "Đồng Thiên Hạp (Lâm Thời - Mặc Định Có Thể Z)",
  "11444650178560912306": "Phân gói không hợp pháp",
  "114446588306333766": "Cấp 4",
  "11444703238830268235": "Vô Danh Tướng Quân - Lôi Cổ Thủ",
  "11444733980497768148": "Số Người Nội Bộ Đạt 5 Người",
  "11444741101913937552": "Cấp 1-5",
  "11444757816108138229": "Khu vực theo dõi nhiệm vụ lò luyện chính - Kho / Doanh trại",
  "11444781555992720061": "Sử dụng mồi câu sai cách, không thể câu được loại cá cần thiết",
  "11444844415332937116": "Phủ Đề Vinh",
  "11444887608903800155": "Tú Bảo Bồn bị trộm",
  "11444949764299999568": "Kim Khoáng Thạch (Nguyên Khối)",
  "11444985280979920024": "NPC Khí Vận Khai Phong Tết Nguyên Đán - Thanh Niên Hiệp Khách Nam 05",
  "1144498978885700154": "Khu Thị Tỉnh - Thiên Thượng Lai - Hiệp Nữ 4064",
  "11444992574225610603": "Ngô Tiểu Oánh",
  "11445002732075018477": "Lục Văn Tín",
  "11445025758466880213": "Một chiếc đèn lồng nhỏ xinh, bên trên đề hai chữ \"Tam Bảo\".",
  "11445029294155827363": "Thực Thể Biên Tập Phó Bản",
  "11445050030455318044": "Chẳng phải là nó sao",
  "11445050318265579237": "Ngư Bách Xuyên",
  "11445064900405749981": "Sử dụng vật này, có thể nhận được tạo hình tương ứng.",
  "11445104430513852251": "Mạt chược",
  "11445113968853349354": "Đánh nhẹ",
  "11445130947637538509": "Đại hiệp quả thực lợi hại, tiểu dân nào dám bì với cái miệng của Đại hiệp!",
  "11445204166190865026": "Thưởng Huy Chương Bảng Xếp Hạng Hiệp Cảnh 6",
  "11445214442388796048": "Trương Tiêu Nặc",
  "11445238310906359157": "Tửu Ung sy",
  "11445267757763546434": "Áo rơm",
  "1144532568325429733": "Phúc Lộc Thọ",
  "1144533480520754776": "Được rồi được rồi, toàn nói lời ngon ngọt với ta! Lão phu nhìn ngươi lớn lên, còn không biết tính tình ngươi thế nào sao? Cho ngươi thêm hai ngày, mau chóng hoàn thành bài tập, ta muốn kiểm tra!",
  "11445336069376854294": "Lý Tử Thần",
  "11445422047594596934": "Phương án nhuộm màu",
  "11445427113834432765": "Cấp Ba · Quan Thế",
  "11445503331633284124": "Chủ tiệm đồ cổ ở Thiên Ba Phường.",
  "11445534281907725199": "Thuê nhà",
  "11445559326998223924": "Mèo_Cam - Thần Tiên Độ Cho Mèo Ăn 2",
  "11445560348687092146": "Vậy chẳng phải sẽ biến thành yêu quái rồi sao?",
  "1144558516306466276": "Đòn nhẹ",
  "11445603700496135609": "Nồng đậm",
  "11445616358940606416": "Mánh lới lừa gạt hèn mạt thế này, đại hiệp ta năm tuổi đã chơi qua rồi, còn tưởng đại hiệp ta thực sự chịu mắc lừa à?",
  "11445624108758756614": "Yên tâm đi! Ta nhất định sẽ cẩn thận từng chút một...",
  "11445631074965397929": "Có thể dùng để mở khóa và nâng cấp cấp độ kỹ năng Văn Sĩ.",
  "11445668524343917711": "Đan độc",
  "11445693684026192043": "【Diệp Tử Hí - Trang Trí Bàn】Bài Cầm Tay (Mô Hình Thuần Túy)",
  "11445695875866354334": "Công Tôn",
  "11445700562442806015": "Ngươi này, cả người ăn mặc giang hồ, lại không có nửa phần nghĩa khí!",
  "11445723725044943253": "Cát Lâm Tứ Bình",
  "11445736546065047484": "Phòng Chí Cường",
  "11445746638902353009": "Vạn sự nghỉ",
  "11445747838329396982": "Lương Tử Hàn",
  "1144582504088558495": "Trả lại vật phẩm bị đánh cắp cho chủ nhân",
  "11445844806136006405": "Lao công nam",
  "11445866060993895807": "Ô Nha",
  "11445878894843807556": "Ngưu Mãng - Chủ Quán",
  "1144588523218254597": "Xin hỏi tiên sinh, đây là nơi nào?",
  "11445926829234380376": "【Quái】【Chấp Hỏa】Khu Kho Hàng - Tuần Tra - Cận Chiến",
  "11445993900752248250": "Đạt cấp bậc \"Tàng Phong\" trong lối chơi Luận Kiếm.",
  "11446053063656453695": "Tiền bối hình như có nhiều tâm sự?",
  "11446057140803768538": "Dân Gian Dược Phương *2 hoặc Hi Thế Dược Phương *1.",
  "1144605890610872586": "Sinh Thái Vật Chủng",
  "11446189949858925244": "Dự Chương Cố Quận, Hồng Đô Tân Phủ. Tinh phân Dực Chẩn, đất giáp Hành Lư. Giáp tam giang mà đai ngũ hồ, khống chế man kinh mà dẫn Âu Việt. Vật hoa thiên bảo, long quang xạ ngưu đẩu chi khư; nhân kiệt địa linh, Từ Nhu giáng Trần Phiên chi sạp. Hùng châu sương liệt, tuấn thải tinh trì. Đài hoàng chẩm di hà chi giao, tân chủ tận đông nam chi mỹ. Đô đốc Diêm công chi nhã vọng, khế kích dao lâm; Vũ Văn tân châu chi y phạm, xiêm vi tạm trú. Thập tuần hưu giả, thắng hữu như vân; thiên lý phùng nghênh, cao bằng mãn tọa. Đằng Giao Khởi Phượng, Mạnh học sĩ chi từ tông; tử điện thanh sương, Vương tướng quân chi vũ khố. Gia quân tác tể, lộ xuất danh khu; đồng tử hà tri, cung phùng thắng tiễn.\n\nThời vi cửu nguyệt, tự thuộc tam thu. Lão thủy tận nhi hàn đàm thanh, yên quang ngưng nhi mộ sơn tử. Yển sàm phi trì tại thượng lộ, phỏng phong cảnh tại sùng nga; lâm đế tử chi trường châu, đắc thiên nhân chi cựu quán. Tằng núi trùng điệp, xuất hiện ở tầng mây cao; phi các lưu đan, phía dưới nhìn không thấy đáy. Hạc đình phù渚, cùng đảo nhỏ vây quanh; quế điện lan cung, chính là thể thế của núi non.",
  "11446201136084836160": "Cực khó",
  "11446208544781244022": "Ấy...",
  "11446220634357944445": "Trung Nguyên cũng có phong cảnh đẹp như vậy, thật là ngoài ý muốn, nhanh bằng cảnh sắc Thanh Khê của ta rồi!",
  "11446220681339035510": "Ất",
  "11446243212072957438": "Triệu Vĩ Nghiệp",
  "11446331357626618770": "Xóa nhân vật",
  "11446343575050295816": "Vân Hoa Triệu Hương, Khúc Thủy Lưu Thương, đều là một trong Hoa Gian Thập Nhị Cảnh.",
  "11446416161372970626": "Triệu Vĩ Nghiệp",
  "1144643814474903634": "Thưởng Điểm Vật Phẩm Phân Loại",
  "11446449947600267524": "Số lần nhận thưởng thêm:",
  "11446550191704179866": "Tấn Trung cừu Việt Hải thiện dùng trường thương, một thân khinh công, tựa thương mà phát, đạp sao sông, thương khiêu Côn Bằng. Nhìn dáng vẻ anh dũng, thật là khách hào hiệp nhân gian! Không biết khinh công này hiện truyền đến đâu?",
  "11446552990768948517": "Ngươi chạy nhanh thật đấy.",
  "11446585181718477684": "Lưu Minh Sách",
  "11446604364725167287": "Ngươi là người mới đến thành phố à? Trúc Mộc Vụ, chưa nghe bao giờ à?",
  "11446687110732607000": "Gặp lại cố nhân",
  "11446690024626609221": "Trần Gia Tranh",
  "11446705256149434327": "Cộng Công đã di chuyển! Chúng nó đã chạy xuống dưới rồi!",
  "11446763047991680469": "Tổ Chức Bách Nghiệp - NPC Đổ Dược Liệu Tắm Thuốc",
  "11446801843472804468": "Bí lão sư vẻ đẹp",
  "11446826694580172161": "Sinh Thái Vật Chủng",
  "11446856224562787375": "Khi <Kỹ năng Tích Lũy: Bách Lộ Điêu Tàn> đánh trúng kẻ địch, nếu chân khí của bản thân cao hơn 30%, bản thân sẽ nhận được trạng thái Cường Tráng trong 3 giây, hiệu ứng Cường Tráng có thể kích hoạt mỗi 20 giây một lần.",
  "11446858696561097907": "Quần Anh Hội",
  "11446890882766339624": "Hà Kỷ Hi",
  "11446941397848753909": "Trần Khải",
  "114470422294792830": "Đối thoại",
  "11447065736720664505": "Văn Thạch",
  "11447112383650897252": "Điền Dã",
  "11447150220389805489": "Đối phương đang cân nhắc tình giao hảo với ngươi",
  "11447152797426025487": "Đang bị truy sát",
  "11447195722305764367": "Bất Phục Mã Trường - Điểm Làm Mới Chiến Lợi Phẩm",
  "11447222208559692622": "Khi điểm yếu bị phá vỡ, sát thương phá khiên lần hai tăng 20%.",
  "11447226282976742776": "Lam Tử",
  "11447241986630349259": "Lục Lâm Tinh Anh Rơi Ra Cấp Độ Thế Giới 4",
  "11447317020875768721": "Người Chăn Ngựa",
  "11447343731244536362": "Khách ở Túy Hoa Âm",
  "11447438339189929823": "Phát thưởng cấp Thần Anh Hội",
  "11447453081389874512": "Trong trận này, tốc độ hồi phục linh cảm của bản thân tăng #G10.7%#E, tối đa có thể tích #G6#E tầng.",
  "11447456095877585530": "Đúng vậy, không làm sẽ hối hận, thiếu niên, lại giúp ta lấy chút trầm hương đến đây, để ta hoàn thành nén hương cuối cùng.",
  "11447465949431297856": "Xin lỗi, số lần đăng ký của bạn đã đạt giới hạn.",
  "1144751862678098044": "Đăng nhập liên tục mười ngày",
  "1144753534777249951": "Ta đã biết",
  "11447536918188328232": "Hồ Kiện Lực",
  "11447581617706188209": "Đại hiệp đại hiệp, cái nốt ruồi dưới chân ngài có kêu bò không vậy? Ta nghe người biết chữ nói, nốt ruồi của người thông minh đều có tiếng kêu, nốt ruồi ở chân toàn là tiếng \"moo\" hả!",
  "11447647516811703941": "Thạch Kinh Thiên bày tỏ sự cảm ơn với ngươi, bắt đầu suy nghĩ kỹ lưỡng.",
  "11447652640360736235": "Độ sáng",
  "11447678186671076784": "Tăng <Sát thương Ngoại công cộng thêm|780|#C|160> lên 2.5%.",
  "11447699948733537936": "Ân nhân nhỏ, cái này không phải để ăn. Là để ngắm.",
  "11447735358257398641": "Thần Tài gia... đổi lấy tiền của...",
  "11447740102188560951": "Khu Oanh Tạc - Điểm Thương Nhân Làm Mới 14",
  "11447766173922282220": "Ha ha, không khổ, không khổ.",
  "1144777650110336687": "Trộm Sư - Cửu Lưu Môn Đệ Tử 1 - Trạm Canh",
  "11447777520466291181": "Tụ Ngọc",
  "11447813309460535356": "Lính quèn Xích Long Đường",
  "11447825618056115312": "Tiểu Chùy - Đại Chùy Tiểu Chùy",
  "11447836704473129228": "Phong Khởi Thiên Nhai S1",
  "11447854957871560440": "Cho Ăn Cá - Mèo",
  "11447883594527102812": "Thám Cảnh Thụ Cấp 3",
  "1144789128119675380": "Đã nhận diện thành công",
  "11447897350101084467": "Mẫu Bản Không Khí Tường",
  "11447907203551439556": "Mèo",
  "1144795824869883959": "Bạo kích ngoại công tối đa|<最大外功攻击|780|#C|15> có thể được tăng cường dựa trên thế, hiện tại đã tăng #Y{0:.1f}#E. Cần đạt #Y150#E điểm <Thế|780|#C|11>(hiện tại $STEADY_BAS:.0f$) để đạt giới hạn tăng cường.",
  "11447968683572329145": "Túy Hoa Âm - Không Khí Phàn Lâu Tầng Một - Nữ Đồng Trước Sân Khấu 17",
  "11448060393767786532": "Kích Bại 1 Cung Tiễn Hòa Thượng Gần Đó",
  "11448106263265820534": "Triệu chứng đồng thời",
  "11448116660206553241": "Mở khóa cảnh giới thứ ba thứ sáu",
  "11448124408729783657": "Cơ quan Bích Thủy Vân Đào hoạt động trở lại, tạo thành sương nước, ánh sáng chiếu vào sương nước tạo thành ảo ảnh Hải Thị của thành cơ quan bay, làm bọn Cùng Kỳ Sư sợ hãi bỏ chạy",
  "11448145071902634392": "Khúc Khúc",
  "11448282566682047790": "Chu Vũ Lâm",
  "11448354310981449265": "Chơi cờ không? Lần này không lấy tiền của ngươi, đương nhiên cũng không có gì tốt để tặng ngươi cả...",
  "11448378038766670794": "Đối thoại",
  "11448381534678679403": "Ngươi không nghe công tử Nam Chúc khen chị Tường thế nào sao?",
  "11448435422006586031": "Trắc Thí - Triệt Ly Thạch Bi 5",
  "11448556560377592071": "Trần Gia Tranh",
  "11448643591404730787": "Tứ Hải Thiếp",
  "11448663001015307403": "Một nhúm lông vàng kỳ lạ... hình như... hình như là của đại loại động vật nào đó để lại, có phải là do con khỉ trên núi bên hoa hải làm rơi không nhỉ?",
  "11448718703784201643": "{2}\nTa có chút bệnh nhẹ, được danh y {0} chẩn đoán, bệnh ta mắc phải là {1}.",
  "11448744406726434769": "Nếu bị sư phụ biết, với tính cách của sư đệ, không biết sẽ bị trách phạt thế nào!",
  "11448785733147657273": "Nàng ta vừa ngồi dậy, tất cả tiền đều rơi vào quan tài.",
  "11448803059775628197": "Hoàng Lạc Tư",
  "11448803846327575941": "Phần thưởng giải Tiền Mùa Trăm Nghề",
  "11448818101714176268": "Kinh Hỉ Lễ Hạp Tích Phân Thương Thành - Niểu Niểu Chi Âm · Băng *1",
  "11448829747386180814": "Tấn công Liệt Thạch tối thiểu|780|#C|151 tăng, hiệu quả tăng theo cấp độ chế độ đơn nhân (Hiện tại: #Y{0:.1f}#E điểm).",
  "11448846213104748001": "Hán Tướng Lý Quảng Hoa Tiền",
  "11448865985832974566": "Ngươi có tâm sự gì sao……?",
  "11448923375793864909": "Đã nhận tin nhắn",
  "11448945562743841657": "Cửa sổ ô vuông",
  "1144900905352046372": "Bọn thảo khấu ở khu vực Thiện Diệu Châu, ngưỡng mộ danh tiếng mà gia nhập Rừng Núi Rượu Thịt, theo sau 'Nhị Phật Rượu Thịt' Huệ Quảng.",
  "11449045369804303992": "Một mẩu giấy ngắn, hình như là do nữ hiệp Dao Hồng để lại.",
  "1144909959728817441": "Sao “Diệu” được đặt ngoài Khuỷu Rồng Hổ, có đá lớn phá sát, nên đi tìm ở phía Bắc núi Trường Hí. Huyền Nguyên Giáo đã lập đàn ở nơi có sao “Diệu”, dường như đang làm thuật yếm thắng, trên đàn đặt “Vật trấn” để thi hành thuật pháp. Nửa miếng ngọc bội, chạm khắc chữ “Khuông”.",
  "11449111101474701308": "Thọ Xương Phường - Tiểu Nhị Tửu Lâu Điếm Phố a",
  "11449172094256200942": "Phật Gia Trại - Xuất Sinh Điểm 1",
  "11449195217549461377": "Từ đường tổ tiên của người nhà, hắn đã vét sạch. Chậc chậc, tên du hiệp này, đúng là thích tìm kích thích!",
  "11449232288522354954": "Cây tràm",
  "11449275125980499189": "Đồng hồ đếm ngược truy đuổi",
  "11449296365177862736": "Thiếu Niên Ngoạn Gia - Đệ Nhị Tổ",
  "11449324737929794791": "Định thân",
  "11449325679587661707": "Đối phương tạm thời chưa kết nối, không thể tắt mic",
  "11449345991216513171": "Kỹ năng đột tiến",
  "11449368251074104782": "Hầu Hiểu Đào",
  "11449379235436564": "Trương Chấn",
  "11449396129302515231": "Đang bố trận",
  "11449424264151687046": "Cả đời ta điêu Phật tạo tháp, đột nhiên nói không làm cái này nữa, ta cũng thật sự không biết làm gì.",
  "11449444832330277523": "Đánh bại thủ lĩnh 1 người",
  "11449449207250909039": "Khu vực kích hoạt hành động Xích Cương",
  "11449506623698261410": "Thập Lục Hẻm",
  "11449536969675976172": "Cẩn thận một chút, đứa trẻ này, hấp tấp quá",
  "1144958260113369849": "Khám phá tân thủ - Đập tay vào vách đá",
  "11449598313152236783": "【Tiền Trần Cựu Vật】 Thanh Phong Kiếm Lối Ra Tướng Quân Từ",
  "11449634459990902740": "Ngoại Lai Môn Phái Đệ Tử - Nam 3",
  "11449676819276430148": "Mỗi lần {} có thể xoay 22.5°.",
  "11449714007597598060": "Vương Trị",
  "114497359747606367": "Phong Tự",
  "11449816230339463801": "Phòng Chí Cường",
  "11449828917222696899": "Em gái Tú Nhi... Vị quan gia này là?",
  "11449838262375410327": "Không Khí Tường Lôi Đài",
  "11449859237604588242": "Tán Kiện Thủy Trá - Tả",
  "11449871536114711150": "Hỏi về lý tưởng",
  "11449902974951068413": "Bún cá tươi",
  "11449905417324168182": "Kính Đàm",
  "11449930625804897351": "Huỳnh Hỏa Trùng",
  "11449950649937728438": "Ưm... Sao tự nhiên buồn ngủ thế này...",
  "11449974329078810069": "Đại Vũ Chi Nhạc · Một",
  "11449995560084676208": "Không Tổ Kiện Giao Hỗ Thông Dụng Hồi Tố",
  "11450007825799478372": "Đang tải",
  "11450038736787375953": "Trần Khải",
  "11450046463264033406": "Nhất Diệp Bình Sinh - Hòa Tường Khu Phố Nam Môn Đại Nhai",
  "11450108048650157111": "Vương Hi Chi",
  "11450189612542922456": "Kiêu lan Oa-tứ",
  "11450196017489753284": "Sao, giờ con ngươi lại đem bạc cờ bạc hết rồi, nên lại nghĩ đến ta à.",
  "11450219502810290412": "Tĩnh Thái Bối Cảnh Bản Khu Điếm Phố Câu Lan 3",
  "11450229066005773390": "Thiên Hương Dẫn Hồn Cổ · Tăng Sát Thương Kỹ Năng Tích Lũy",
  "11450246693107388524": "Thiên Thượng Lai - Đả Thủ Xích Long Đường",
  "11450283669732403181": "Từ bi khó độ kẻ ác, lợi ích tham lam vô tận, hãy cầm đao đồ tể, giúp hắn siêu thoát sinh!",
  "11450306336865481786": "Chờ cá cắn câu...",
  "11450309385785382668": "Tiền Nhai 2 - Tu Lý 3",
  "11450344777393728113": "Hừ, ta tên là Hạ Vạn Xuân, chứ không phải Hạ Vạn Ngốc. Gần đây không biết sao, Thanh Hà xuất hiện một loại kịch độc, rất nhiều dân chúng bị trúng độc.",
  "11450351296182888154": "Vương Trị",
  "11450353612333094004": "Sinh Thái Vật Chủng",
  "11450366265901606084": "Tiểu công nhân Thần Tiên Độ",
  "11450369398548857479": "Cát Tiểu Thử bày tỏ lòng biết ơn với ngươi, bắt đầu suy nghĩ kỹ lưỡng.",
  "11450417399053877384": "Lương Tử Hàn",
  "11450439096003797193": "Tăng Khiên Tơ tấn công",
  "11450447888361508802": "Khúc Khúc",
  "11450456292508329867": "Mạc Kim Thải Đản - Nhiệm Vụ Trắc Kiểm Bất Thông Qua",
  "11450469031760575861": "Nếu có sơ suất, xin miễn thứ lỗi.",
  "1145047028225416780": "Thiên Hạ Tranh Minh 5V5",
  "11450569940123941501": "Phải đạt đến cấp độ {} mới có thể tiếp tục tăng tiến!",
  "11450586214104487031": "#ffd19c{}#E đã rời khỏi chế độ kết nối mạng",
  "11450642550001276980": "Thời gian còn lại lớn hơn {}",
  "11450657883987093020": "Pháo hoa cao cấp đặc chế liên danh giữa Thập Lục Hẻm và Túy Hoa Âm, có thể biến ước nguyện và lời chúc thành văn tự, đốt trên bầu trời đêm.",
  "11450702755422805679": "Chạm",
  "11450731267443929893": "Đó là những nghệ nhân tạp kỹ mà Hàn nương tử mời đến gần đây để làm vui cho quán rượu Bất Tiên Sao!",
  "11450760750954470594": "Dung Lô - Thăng Giáng Thùng - Hậu Hiển",
  "11450873036101983926": "Thẩm Lục Nương - Bác Lãng Sa",
  "11450936865332756713": "Làm mới số lần {T[time_5]}. Số lần khiêu chiến tối đa quyết định số lần có thể nhận thưởng của từng thủ lĩnh.",
  "11450963081816831354": "Đang tải dữ liệu",
  "11450983176396423317": "Hội Võ 2V2",
  "11451011206642135626": "Tỷ lệ chính xác",
  "11451012597781242232": "Cuộc hội thoại",
  "11451023888144785262": "Trương Chấn",
  "11451032762236873172": "Lá thư chữ viết mờ",
  "11451076790978782394": "Huyền Diêm Chi Hạ - Lao Dịch 9",
  "11451081737667209400": "Thư Tín",
  "11451114409013730838": "Điều kiện mở hoạt động",
  "11451137832010434034": "Du ngoạn bốn phương, lòng nhân của người thầy thuốc",
  "11451168225933854740": "Đệ tử Cửu Lưu Môn",
  "11451203375499230994": "Lương Tử Hàn",
  "1145124990682519564": "Điền Dã",
  "11451259330444707745": "Cứng đầu",
  "11451270046746114891": "Trương Tiêu Nặc",
  "11451271768977424040": "【Chính Thức】 Bảo Tương Mộc Chế Tam Phẩm - Thanh Hà",
  "11451331834511492707": "Thái Bình Chung Lâu - Loát Tân Điểm Chiến Lợi Phẩm 508",
  "11451349797177219497": "Thi Dược Khu - Y Sinh 1 Mại Dược - Đan Bạch",
  "11451361843762729772": "Theo như bản thân Cát Tiểu Thử nói, cần dùng Huyễn Ca Bách Mục Liên để làm thuốc. Nhưng Huyễn Ca Bách Mục Liên lại là vật có độc, thật không biết thuốc luyện ra có uống vào được không?",
  "11451363689259323212": "Mộng Trung Thế Giới Giả Thải Tập Vật 1",
  "1145140117322789143": "Truyền tin",
  "11451425647512364384": "Đưa lên",
  "11451435603224845364": "Xảy ra chuyện gì? Tình hình thế nào?",
  "11451448400343606664": "Không Khí Tường - Hố Nước Trước Nhân Thị Ngăn Cản Vượt Biên Giới",
  "1145148386136489281": "Ngước mắt nhìn lên, những gì mắt thấy, liệu còn có nhân vật như ta và ngươi không?",
  "11451496588481330008": "Hoàng Vũ",
  "11451508646781280295": "Hoàng Lạc Tư",
  "11451519382383415919": "Nam tử",
  "11451523454810478419": "Chen Xiaolan",
  "1145153248463855587": "Chờ chút, ta nghĩ xem...",
  "11451605365323591403": "Lý Nghiên",
  "11451609649062020721": "Lính Thiên Hùng Quân",
  "1145161844483446204": "Khai Phong Phủ - Mã Lục",
  "11451647653697939437": "Dung Lô Nội - Thạch Đầu 4-3 Quải Tiếp Trên Thùng",
  "11451671829359913970": "Hồng Tuyến làm chiếc túi đựng tiền mừng tuổi bằng lông ngỗng, kết quả đều vào túi Quảng Hồ Tử.",
  "11451684036789048109": "Lương Tử Hàn",
  "11451704372487114608": "Thoại Thuật - Tôn Võ - Quỳnh Lâm Uyển - Văn Võ Chi Tranh",
  "11451760475298051110": "Đối thoại",
  "11451800046630628100": "Khách quan! Ngài cứ yên tâm đi vào! Có ta canh giữ! Ai cũng không động được Khách Lai Các này!",
  "11451920283258168873": "Được thôi, được thôi, chúng ta nói chuyện gì đây?"
}