{
  "10130315979651333305": "Thương Sơ Lục",
  "10130316639040738653": "Hỏi thăm duyên tình đèn hoa đăng của hai người",
  "10130323151325914967": "Muốn tìm mặt nạ, trước tiên phải tìm Quỷ Thị, mà muốn tìm Quỷ Thị, trước tiên phải tìm được “Người Đưa Đò”. Ông Phổ nói, người đưa đò này tự xưng là “Gà kêu sinh, người chết yên”, đợi đến giờ Thìn ngày hôm sau, hãy đến tìm hắn ở Giác Môn Lý.",
  "10130347332219483004": "Liên tục ba tháng ",
  "10130359235125521665": "Đạo nhân ngủ - Tạo khu vực khi vào (region lớn nhất)",
  "1013036486526844488": "Sinh thái vật chủng",
  "10130385809043970019": "Nước làm chậm của quái vật Thao Bang",
  "10130397338287261128": "Tiền vàng",
  "10130457662381980613": "Thược Dược 01",
  "10130492069988457923": "Thư Trù - Vũ Y Lâu - Hà Dĩ Vi Chân",
  "10130506595601429372": "Đang tải dữ liệu",
  "10130506716649290229": "Mạn Đà Hoa nở, đâm tim xuyên xương ~",
  "10130527880510222891": "Đối thoại",
  "10130582963883564786": "Đồng Tiền Ngũ Âm Thường Nhật (Cơ Quan)",
  "10130586028449314524": "Mạnh Thủ Tiết",
  "10130603416753497218": "Sơn viễn thiên cao yên thủy hàn, tương tư phong diệp đan.",
  "10130603992775715520": "Hồ Trung Tửu Tiên",
  "10130677922187078810": "Xích Đồng",
  "10130767011675436795": "Thanh Tâm Phố - Lều Trồng Hoài Sơn Đơn Giản - Thư Uyển Đồng",
  "10130771647917783848": "Khách Quỷ Thị Tử, một thương nhân không rõ họ tên. Đến vì Vườn dị thú.",
  "10130799076480491841": "Xin cáo từ",
  "10130808371644091650": "Cơ Quan Ốc - Khối Vuông Tiêu Chuẩn 4x4",
  "10130813452013010840": "Cấm Quân Tinh Duệ",
  "10130816684626542541": "Nhận được bong bóng trò chuyện",
  "10130818032556937610": "Khi sử dụng Phong độ phiêu dật của {2} để lao về phía trước, tiêu hao thể lực giảm #Y40%#E, tốc độ lao tăng #Y30%#E, sau khi tiếp đất tốc độ di chuyển tăng #Y30%#E, tiêu hao thể lực giảm #Y30%#E, duy trì #Y3#E giây. Khi đánh bại bất kỳ kẻ địch nào, sẽ hồi phục thêm khí huyết ( #Y1%#E tối đa khí huyết bản thân + #Y2400#E điểm cố định).",
  "1013083585368922127": "Nhất Diệp Yến · Quyển Một",
  "10130954176350035096": "Diệt Hỏa Bộc Bố",
  "10131016552643341463": "Sinh thái vật chủng",
  "10131030474368761455": "Chấn thương đầu",
  "10131031999875604809": "Trong chế độ đơn người, có thể mở chức năng #Y「Liên cơ」#E, mời ba năm bằng hữu ghé thăm thế giới của mình.",
  "1013107085292783587": "Trục tà hóa độc",
  "10131091084097552220": "Lời nghiêm khắc! Chẳng lẽ là vị trong Bát Tuấn Hà Đông kia sao...",
  "10131122534358581680": "Thúy Ngọc - Nguyên Khối",
  "10131222669946261236": "Võ lâm tạo nghệ %d",
  "10131244107999345824": "Vật Phẩm Tương Tác Nhặt Nhạnh Thông Dụng",
  "10131310628974264495": "Thạch Khối",
  "10131315013252724842": "Chu Vũ Lâm",
  "10131344949382347594": "Chu Vũ Lâm",
  "10131349241495674044": "Cung táng đối diện hoa hải đường",
  "10131371713097002646": "Phòng Chí Cường",
  "10131372929966707126": "Đi tham gia xây dựng",
  "10131383591990262120": "NPC Bối Cảnh Phong Hòa Thôn - Tửu Tứ - Khách Nhân 3",
  "10131386894425670951": "Đổi hết, đổi thành tiền mới",
  "10131458096357452245": "Quyết đấu cao thấp",
  "10131481348030313947": "<Kỹ năng đặc biệt: Thoái Dịch Hữu Phương> Kiếm khí giải phóng gây thêm 10 điểm chân khí sát thương đối với đơn vị đang trong trạng thái bị đánh, có thể kích hoạt mỗi 5 giây.",
  "10131488484202204367": "Một số Tâm pháp truyền thế bị tách thành nhiều trang mảnh vụn trong quá trình truyền thừa, cần thu thập đủ mới có thể lĩnh ngộ hoàn toàn.",
  "10131492714489354215": "Thời Gian Còn Lại Lớn Hơn {}",
  "10131497929309417080": "Sinh thái vật chủng",
  "10131513061340349819": "Hồ Kiện Lực",
  "10131595088872048996": "Bảo",
  "10131609993686825225": "Trần Gia Tranh",
  "10131644123509559427": "Từ Chỉ Huyên",
  "10131662026009706358": "Chỉ Qua 1V1",
  "10131683415765800086": "Hà Kỷ Hy",
  "10131709554605731926": "Đầu quảng đại",
  "10131730024421143057": "Ngoài Hố Tro - Nhi Đồng Đùa Giỡn 4",
  "10131732306686331233": "Lữ Giai Nam",
  "10131740592604660574": "Trần Gia Tranh",
  "10131799216363311065": "Tắm lan thang thơm ngát, mặc trang phục xinh đẹp như hoa anh đào. Linh liên quấn quýt ở lại, rực rỡ tươi tắn chưa hề phai tàn. Hãy an yên ở cung điện trường thọ, cùng mặt trời mặt trăng soi sáng.",
  "10131801832150824101": "Tâm Pháp Tâm Đắc · Tùy Cơ Tản Bản *2",
  "10131866712651873118": "Không đi chỗ cao nhất. Đó là chỗ ở cũ của tiên sinh, theo ta quan sát, mấy ngày nay tinh anh của Cùng Kỳ Sư đều ở đó.",
  "10131872200015505506": "Tân Thủ - Võ Hành Đầu Tinh Anh Quái - Quan Thứ Tám",
  "10131902452249449792": "Lý Tử Thần",
  "10131907169792177907": "Tàng Phong · Nhị",
  "10131938558493906508": "Sinh thái vật chủng",
  "1013194333285004382": "Tất cả những thứ không nên tồn tại. Yêu, hận, si, sân.",
  "10131982145486060110": "Trò chuyện với Đậu Thuyết",
  "10132003389758271322": "{2}\nThân có chút không khỏe, qua chẩn đoán của danh y {0}, bệnh ta mắc phải là {1}?",
  "10132061218015839969": "Già làng Đăng Đăng lúc canh ba",
  "10132079192223301213": "Thành công",
  "10132098970085504997": "Đang tải",
  "10132145193847822926": "Đại Thế Giới - Tú Kim Lâu - Tuyệt Âm Bộ Tinh Anh - Liêm Đao - Yếu E",
  "1013219336502372414": "Vương Gia Hồn",
  "10132195201327774094": "Lệnh Hồ Dã Dân chúng Nam Thành.",
  "10132205790105973949": "Lăng Tê Cổ Thuật Gây Ra",
  "10132209802682992699": "Sinh thái vật chủng",
  "1013223337270892602": "Trương Chấn",
  "10132234368029873268": "NPC Nam Trưởng Thành Thử Nghiệm",
  "10132343586847356004": "Lý Gia Đống",
  "10132350748249836062": "......Thiếu hiệp, vậy ngươi đi chậm nhé, khi nào muốn mua ngựa thì lại đây nha...",
  "10132412608974833303": "Thiên Thượng Lai - Xích Long Đường Đả Thủ",
  "1013246815419080872": "Hà Lạc Thị - Liễu Đào Nương",
  "10132566503868183941": "Mục lục Kỳ ngộ",
  "10132598453341306887": "Đang tải dữ liệu 000/000",
  "10132609053593766003": "Chiếc quạt gấm nặng",
  "10132634055243590966": "<Tỷ lệ hội ý|780|#C|23> có thể tăng thêm dựa trên thế, hiện đã tăng #Y{0:.1%}#E. Cần #Y150#E điểm <Khí thế|780|#C|11> (hiện tại $STEADY_BAS:.0f$) để đạt giới hạn tăng thêm.",
  "10132661569396725626": "Lại là một kẻ gây rối, tan đi.",
  "10132695192672541582": "Tử Chung",
  "10132740815189315913": "Ngươi là... à, có phải là $N$T(1), cuối cùng cũng đợi được ngài đến.",
  "10132757663024140195": "<Tích Lũy Kỹ: Vô Dĩ Vi Gia> Mỗi đạo \"Kiếm Khí\" trúng đơn vị chưa ở trạng thái phòng ngự, hồi phục cho bản thân 15 điểm Năng Lượng, và gây thêm 12% sát thương Khí Huyết.",
  "10132762554557183758": "Đối thoại",
  "10132776350296882328": "Ba mươi hai khúc xương nhỏ, một khối xương lớn, dài hai thước bảy tấc, ẩn chứa cơ quan tinh vi.",
  "10132798124205087309": "Bài mặt vàng là #YBài Vạn Năng#E, có thể dùng làm #Ybất kỳ#E quân bài số nào.",
  "10132970614373798964": "Tại sao người lại mang theo thảo dược? Có phải muốn hạ độc chúng ta không?",
  "10133006297554837214": "Các Lão, chuyện hôm nay...?",
  "10133022421712797071": "Trương Chấn",
  "10133054656346021535": "Áo choàng tắm - Trắng",
  "10133132335974707769": "Phùng Kế Thăng",
  "10133183523025359492": "Giao ghi chép thu thập được cho người cung cấp tin tức",
  "10133232445710174162": "Quà tặng Thử nghiệm Ngày 3",
  "10133240462561248106": "Thiếu Niên Trịnh Ngạc - Sửa Động Tác Nhàn Rỗi",
  "10133263780140516833": "Giải đố phức hợp - Thiện Diệu Châu - 1",
  "10133277441817888608": "Bức thư này ngươi lấy từ đâu ra……?",
  "1013331805771149470": "Nam tử bình dân",
  "10133318594285981328": "Hoa cải vàng nở rộ một vùng ——",
  "10133320772348937091": "Hiện tại tạm thời không thể mở lối chơi này!",
  "10133414477575478637": "Lắc chuông cầu phúc",
  "10133480045230865679": "Viết trên đất",
  "10133508463577718703": "Nhưng! Cửu Lưu Môn đã dày công dưỡng dục ngươi, bầu bạn cùng ngươi, dạy ngươi võ học, ban cho ngươi cơ mật...",
  "10133594095008723376": "Dựa tường",
  "10133608764998521554": "Nguy Kịch Hoàn",
  "10133614547395832389": "Có thể nhận được thông qua lối chơi khám phá",
  "10133665021461055597": "Bắc Minh Di Chỉ Cứ Điểm - Tiễn Đại - Hang Động Vũ Nhung Thảo",
  "10133685457344908309": "Giải Vô Gian - Chiếm Vị",
  "10133701228910230551": "Chu Vũ Lâm",
  "10133777908175447449": "NPC Nam Trưởng Thành Thử Nghiệm",
  "10133844277348456843": "Thuốc sốt rét cho trẻ con sáu thang, tổng cộng một trăm hai mươi sáu văn, thu của nhà họ Chu một trăm văn, còn nợ hai mươi sáu văn.",
  "10133862840750023075": "Lý Tín",
  "10133867730199709899": "Sẽ được giải trừ sau khi hoàn thành nhiệm vụ phụ Giải Vô Gian!",
  "10133881966879580999": "Võ Lâm Tạo Nghệ theo thứ tự tăng dần",
  "10133901208022448502": "Hướng dẫn lối chơi Giác Chướng Lâm",
  "10133936485971815684": "Từ Tâm Trấn - Điểm Sinh Ra 16",
  "10133955266627517800": "Hổ Phách - Nguyên Khối 1",
  "10133960094017333351": "Khác",
  "10133968505420613591": "Thiêu Từ Lĩnh - Điểm Làm Mới Chiến Lợi Phẩm Mới Thêm 164",
  "10133982247626784531": "Nhậm Khoan",
  "10133994648556454590": "Nghi ngờ thành công",
  "1013402584749645337": "Thiên Niên Độ Dân Chúng 24",
  "10134082817261754357": "Lang trung",
  "10134096128691942163": "Loại dầu gội đầu hoa quế thông thường, dùng để dưỡng tóc, tạo kiểu, dưỡng da đầu, được các cô gái trẻ và các bà nội trợ đánh giá cao.",
  "10134181417910559503": "An công tử",
  "10134236254023744521": "Kênh gần đó",
  "10134271472805239220": "Tối nay ăn gì nhỉ?",
  "10134276988051573889": "Tổng biên tập",
  "10134279415774929934": "Gần đây ở Thanh Hà truyền một lời đồn, khi Phật Quang tái hiện, Diệu Thiện Thiền sư sẽ trở về, kết thúc cục diện hỗn loạn hiện tại của Thanh Hà.",
  "1013429658447924693": "Vũ khí",
  "10134331847911135398": "Thạch Khối",
  "1013435377814765514": "Hiệp sĩ",
  "10134435694779354185": "Đang lấy dữ liệu",
  "10134530703302663883": "Nếu thiếu hiệp có hứng thú, hãy đến đó tìm cậu nhóc đưa báo ở #Y Cầu Thăng Bình#E, mua một tờ xem thử đi.",
  "10134552923036183920": "Đang tải dữ liệu",
  "10134579361491186226": "Tử",
  "10134608944678751741": "Đang tải dữ liệu",
  "10134626123443954270": "Huỳnh Hỏa Trùng",
  "10134666752548928086": "Bầu Không Khí Bùng Nổ - 0.65 Lần (Nhị Kiều)",
  "10134763167538284177": "Vương Trị",
  "10134869475862947694": "Phía trước có bia giới.",
  "10134895280459957069": "Phong Trang Thôn - Mô Hình Ngẫu Nhiên - Tấm Nền Di Chuyển 7 Thư Sinh Nam Hài",
  "10134897248513700982": "Phúc Bồn Tử",
  "10134928310977511139": "Oa oa, đại oa, cha cũng nhớ con.",
  "10134958867240514832": "Cư dân Long Hổ Lĩnh",
  "10135012097034571474": "Trống",
  "10135012180536994267": "Giá trả đã vượt khỏi phạm vi trúng đấu giá",
  "10135026793539712700": "Thất Lạc Ngữ Lục - Thạch Hạp",
  "10135043912994429678": "Đinh Kỷ Văn",
  "1013515096644933399": "Đến ăn hạt ngũ cốc thơm ngon đầu tiên của năm nay này!",
  "1013517417329391543": "Lý A Lệ",
  "10135176057150865344": "Hà Kỷ Hy",
  "10135196362095022507": "Nhấn vào khu vực trống để đóng",
  "10135208054075920551": "Khu Cửa Hàng Câu Lan 2 - Tấm Nền Tĩnh",
  "10135224217326234890": "Tiểu Kịch Trường - Ta Lai Chi Thực - Thám Hoa Sứ",
  "10135225528872569686": "Dung Lô - Kết Thúc - Ghế của Triệu Đại Ca",
  "10135236340061357802": "Xạ Mộc Ẩm Vũ",
  "10135251554042960831": "Rời đi",
  "10135259581007291668": "Ngươi xem này, đây là thư Quan Âm nương nương tự tay viết cho ta đó!",
  "10135276306371763926": "Có thể mua khi đạt cấp 3 Tình Nghĩa",
  "10135287691118758237": "Khổ hành tu 64",
  "10135335859017826416": "Xây dựng các thành phần, dùng để xây nhà.",
  "10135353646529725955": "Tất cả sát thương chí mạng và chữa trị gây ra tăng #Y10%#E, và khi bản thân đang ở trạng thái lá chắn khí huyết sẽ tăng thêm #Y15%#E.",
  "10135366002315087281": "Vương Tử Hiên",
  "10135371246117282164": "Sinh Thái Vật Chủng",
  "10135446060339094491": "Thủy Long Thủ_Áp Lực Bản",
  "10135474121657265635": "CD làm mới đơn hàng đang được sử dụng",
  "10135479435948604007": "Sử dụng vật phẩm này, có thể nhận được ngoại hình tương ứng.",
  "10135497146723799963": "Bảo Tương Tứ Phẩm Liên Hoa Thiền Viện",
  "10135504120771090570": "Đã giải quyết với người ngoài cửa, có thể chia sẻ manh mối cho người đồng hành rồi đối thoại",
  "10135521458052336317": "Cấp quyền truy cập vị trí hiện tại",
  "10135601323363618739": "Ngũ âm đồng loạt, chuông vang thái bình!",
  "10135623572768698183": "Vé xem kịch khó khăn lắm mới giành được, không xem nữa sao?",
  "10135653191405402441": "Sở hữu biểu cảm",
  "10135653581131440862": "Rời khỏi Phong Sa Tửu Quán",
  "10135667690475753858": "Đang lấy dữ liệu",
  "10135730512616517953": "Trọng kích",
  "10135731394306931914": "Thiêu Phẩn Công - Bính - Phần Thưởng Thêm Đa Người",
  "10135738645477375244": "A Kỷ",
  "10135753173047574425": "Phương thuốc",
  "10135762336355072237": "Minh Kim · Hồng Tháp Phật Tượng Mô Hình Đạn 110528",
  "1013581594161442783": "Phàn Lâu - Võ Lâm Lục - Khói Mù Vân Hoa Lâu",
  "10135908686003222870": "Lấy vật phẩm",
  "10135910670788644441": "Ôi, nhất định, nhất định!",
  "10135931141556323286": "Bạch Mộc Túc",
  "10135961503493000764": "Bảo Tương",
  "10135976454287244586": "Sinh Thái Vật Chủng",
  "10135976780554524528": "Đang tải dữ liệu...",
  "10136009574715056492": "Thâu Sư - Thanh Khê - Hiệu Ứng Điểm Lưu 05",
  "10136018760277020650": "Đã gia nhập môn phái",
  "10136090732872119924": "NPC Bang Chúng Tào Bang - Khán Giả Cầm Đuốc Thật Quái Lạ",
  "10136126015551033219": "Tiểu Lạp",
  "10136163554614358647": "Sinh Kim âu ở đây",
  "10136187386750400998": "NPC Nam Trưởng Thành Thử Nghiệm",
  "10136229102837506285": "Hai đòn liên kích lần lượt gây ra 35% và 65% sát thương lên địch, tổng cộng $D.",
  "10136246562627831974": "Lỗi đọc văn bản",
  "10136253335021004310": "Giơ tay",
  "10136274734807030302": "Chu Nhất Chu",
  "10136280459747541213": "Vi phạm pháp luật",
  "10136293537637004581": "$T(28)$, đã đến đây rồi thì hãy để lại chút gì đó đi.",
  "1013629843042474764": "Vặn xuống",
  "10136332401982516826": "Thao túng thành công",
  "1013633290722226612": "A Tứ, con thứ tư trong nhà trộm, thông minh xuất chúng nhưng tính tình lãng đãng, không ràng buộc. Ngay cả người cha nuôi hắn cũng đành bó tay.",
  "10136348587466931575": "Người làm công việc vận chuyển Ly Nhân Lệ cho Bất Tiên, rất bận rộn.",
  "10136380340457536011": "Trọng",
  "1013639170032989468": "Đừng chạy lung tung, chỗ này dễ đi lạc lắm.",
  "10136398895704611572": "Thiếu hiệp, ngươi, ngươi tìm thấy con gái của ta chưa...",
  "10136424169545150544": "Sát Thần",
  "10136439633380725397": "Thập nhất trọng cảnh",
  "10136466264126372853": "Ban đầu là Long Giao Bang, Kiến Long nguyên niên, lũ lụt tấn công Khai Phong, Chu Ngư chết, Hà Bá Phùng Di để điều tra kẻ giết Sài Vinh, tạo Trường Thành Thủy Bắc thượng Yên Nam. Nhân cơ hội này, nhà Triệu Tống vì muốn đoạt vận chuyển lương thực, thi hành chính sách hà khắc với Long Giao Bang, khiến Long Giao Bang chia rẽ, Trương Thác dẫn Thanh Giao Đường đầu hàng Triệu Tống, Phùng Như Chi dẫn Xích Long Đường tiếp tục canh giữ Thiên Thượng Lai.",
  "10136497795091733217": "Đi đến bước này, ta đã thắng hơn van nghìn quý cô! Công tử Lý, ta sẽ không từ bỏ! Chắc chắn sẽ không…… Ẩn thật ở dưới \"cây trúc\" đấy chứ?",
  "1013652114361877094": "Chỉ bạn bè",
  "10136542121097812710": "Tử Tượng Cư - Khu Lợp Mái - Công Nhân Nghỉ Ngơi 1",
  "1013659276102434248": "Quầy mì cá tươi",
  "1013661881373422153": "Cứ điểm - Khu vực nhiệm vụ Biện Hà Độ Khẩu",
  "10136763031994812829": "Kéo và đẩy",
  "10136797095228374036": "Tiểu Cành Cây",
  "10136813932918497127": "Vô Tướng Hoàng rơi vào cơn thịnh nộ!",
  "10136832436932788311": "Bến Sửa Thuyền 1 - Thợ Sửa Thuyền Vận Chuyển - Bạch",
  "10136850293986700831": "Chân Thái Công",
  "10136852592162733168": "Bão Văn Húc",
  "10136955867053526153": "Những con rối đất sét của ta đều được nặn bằng cả tấm lòng, tự nhiên sống động như thật.",
  "10137013010966687055": "Thiểm Đằng Chỉ",
  "10137014375000775512": "Trúc Lâm Cựu Cư - Điểm Làm Mới Chiến Lợi Phẩm 415",
  "10137021879214188688": "Chấm dứt chiến tranh",
  "10137036633334225129": "Danh sách trắng đang có hiệu lực:",
  "10137085130241131877": "Hỏi ý đồ của sát thủ đang lảng vảng gần đó",
  "1013708992829818550": "Quy tắc chơi:",
  "10137100519249347882": "Tửu Tháp Xoát Quái (Đợt 1 Điểm A) - Tú Kim Lâu - Độc Sư (Linh Đang Pháp Kiếm) (Tinh Anh) (Sử dụng liên kết với khỉ, cần cấu hình trong bảng cấu hình lối chơi BOSS)\\nTuần Tra Định Chế Động Tác: Có",
  "10137122937797013936": "Trong lòng ta, ngươi chính là như vậy mà...",
  "10137194811573193691": "Bảo Tương Tam Phẩm Bồ Đề Khổ Hải 16",
  "10137196850952515306": "Sinh Thái Vật Chủng",
  "10137252612137456115": "Nhận được {1} điểm đóng góp bang hội",
  "10137264677234960718": "Nhất Diệp Bình Sinh - Khu Phố Lớn Cửa Nam - Hỏa Kế",
  "10137328232447497582": "Âu Gia Hạo",
  "10137336534977833570": "Đá huỳnh quang",
  "101373475557252896": "Đơn người",
  "10137371652901298363": "Thuộc hạ tuân lệnh.",
  "10137373960533606817": "Long Phụng Thành Tường 【Long Phụng Xoắn】, đăng tràng tôn quý!",
  "10137383798936880234": "Lưu Phái Tháp Chước Mộc · U Đệ 8 Tầng - Tú Kim Lâu Hắc Y Nhân Cung 1",
  "10137475865765513087": "Di vật quán trọ 2",
  "10137485911640446080": "Nước Tùy xưa diệt Trần thống nhất phía Bắc",
  "10137512818561726258": "Cừu Kim Hàn",
  "10137533158017372206": "Đúng vậy, cái thời hoàng kim ca nhạc tranh tài “Diễm Hồ Thập Khúc” đó, ta cũng đã lâu rồi không được thấy lại.",
  "10137557032386723790": "Khuyến nghị nâng cấp lên #Y{qishu_standard_value}#E",
  "10137559499801091363": "# NPC học nghệ không tồn tại",
  "10137572300532483955": "Có thể lợi dụng lời nói để dừng binh gọi trận",
  "10137642219269813955": "Áo khoác",
  "10137656782394497507": "Vô Ưu Động",
  "10137709891634745113": "Quầy rối bóng",
  "10137794372073993768": "Người Đi Vệ Sinh Quên Mang Giấy",
  "1013779462746795565": "Hiệp Khách Điểm Cờ Bạc",
  "1013780859334687185": "Đi xem Dương Thốn thế nào rồi",
  "10137842761042795207": "Lệ người đi có sao đâu?",
  "10137857474164253125": "Đối phương bị thương nặng, không thể thực hiện trao đổi vật phẩm thu thập",
  "10137860439230983512": "Túy Hán 1",
  "10137928788177931145": "Trong hoạt động này có thể nhận được tối đa {} Đồng Hoan Nhi thơ ấu thông qua lối chơi Phúc Quy Thành Song",
  "10138048419463592135": "Khiếu Hoa Kê —— Đại Phật",
  "10138109056642067143": "Nam Tuấn Vương",
  "10138110366953112377": "Cảm ơn tiểu hiệp, ngươi và các bác sĩ của Hội Dân Cục đều là những người đại thiện cứu khổ cứu nạn!",
  "10138128670414232795": "Ngươi quần thoa không địch nổi địch, gã cường tráng hừng hực khí thế muốn dạy dỗ ngươi, chợt có một con Miu Miu cứu ngươi.\nĐám người thấy là Miu Miu, đoán chủ nhân của con mèo là một trong tứ đại quản sự của Vị Ương Thành, liền bỏ chạy tán loạn.\nSau khi mọi người tan đi, một cô gái dân thường hoạt bát đáng yêu thò đầu ra, thì ra nàng đã giả làm quản sự để cứu ngươi.",
  "10138136840360228384": "Bàn Mạt Chược",
  "10138150104242414185": "Thần Long Phủ Diện",
  "10138161733199138721": "Diệu Diệu Miêu - Thuốc Nhuộm",
  "10138233475416482635": "Cái... Cái kia còn có nàng sao?!",
  "10138278604636438420": "Trúc Địch",
  "10138293201274947843": "Niễn Mặc Nhiễm 2",
  "1013831771493519854": "Dương Trụ Vũ",
  "10138342282484222886": "Phần Thưởng Đăng Nhập Phiên Bản 220",
  "10138372201482392159": "Lưu Khấu Lưu Đại - Đổi Trạng Thái Rảnh Rỗi",
  "10138383895628242158": "Nhất Diệp Bình Sinh - Chương Một - Nhà Chủ Quán - Lục Tam Nhi",
  "10138474928581318635": "Giúp mở khóa cửa tầng hai",
  "10138581117442405754": "Sàn Nhà Vỡ Nát",
  "10138624845623070178": "Thâu Sư - Cửu Lưu Môn - Đệ Tử 1 - Gác Cổng Rẽ Phải",
  "10138680057774063687": "Túi Tên Mạc Kim",
  "10138720571470120944": "Cắm cờ đưa thư ở trạm dịch 0/0",
  "10138735830293062861": "Vốn dĩ - vốn dĩ mọi người đều đang khóc.",
  "10138842063024169892": "Trương Tiêu Nặc",
  "10138865035471684907": "Kỳ Ngộ - Tương Tác Dọn Dẹp Đài Luyện Dược",
  "1013887801447544725": "Bảo Tương · Khai Phong",
  "10138919499430774660": "Đinh Kỷ Văn",
  "10138928247786849950": "Vô Tướng Hoàng",
  "10138928476110323258": "......",
  "1013894226491626322": "Sau này trải qua sự thay đổi của thời đại, lời nói của văn sĩ không còn bó buộc vào Lão Trang, người biện luận không bị mắc kẹt ở tướng quân sĩ tộc",
  "10138997853523158187": "Bất Tiện Tiên - Điểm Làm Mới Chiến Lợi Phẩm Mới 281",
  "10139002442976497150": "Vô Ưu Động - Di tích Thành Lạc Thành - Thời tiết, thanh trạng thái, hạn chế năng lực, bản đồ nhỏ",
  "101390058047938910": "Bụng dạ xấu",
  "10139024850928314315": "Giải trừ vu oan",
  "10139027072352646142": "Nhìn về phía Nam sông Hoài, nhìn về phía Nam sông Hoài, Biện Lương không có núi che mắt, nhìn ra xa sông Hoài là toàn bộ thần châu. Ngọn lửa thiêu thân kia đã sớm tắt, chỉ còn những khách không mời từ phía Nam sông Hoài còn nhớ.",
  "10139077651959035496": "Sinh Thái Vật Chủng",
  "10139120895409694821": "Không rõ……",
  "10139156105905292117": "Hì hì, hiệu quả của thuốc cần có hòm thuốc của Dược Dược, nếu không chỉ đơn thuần là uống thuốc bổ thông thường, làm sao có được hiệu quả mười phần?",
  "10139177407432436914": "Đạp Sa Hành · Trì Viện",
  "10139204395068270912": "Đậu phộng"
}