{
  "11936101864746184207": "Viên Quốc Chấn",
  "11936132317038346933": "Triệu Vĩ Nghiệp",
  "11936132901820463544": "Thông tin xây dựng",
  "11936149625251892506": "Thừa Ân Trấn Trùm Dã Ngoại Múa Lân - Phiên bản Diễn Cảnh",
  "11936176105715327542": "Thọ Xương Phường - Khách Lai Hiên - Người Khiết Đan",
  "11936233328918658893": "Đệ tử vườn lê",
  "11936239640563259659": "Chạm vào {}",
  "11936241261722184838": "Quản lý nhà thu thập",
  "11936248093410398991": "S3 - Phần Thưởng Lệnh Chiến - Miễn Phí Cấp 58",
  "11936257807263375487": "<Tấn công Phá Thạch Nhỏ Nhất|780|#C|151> tăng lên, hiệu quả tăng theo cấp độ đơn nhân (Hiện tại: #Y{0:.1f}#E điểm).",
  "11936296688104333196": "Đại hiệp nói gì, ta có nghe hiểu đâu.",
  "11936318969363451425": "Lão gia đừng giận, cô nương, cô nương nhất định là nói bừa đúng không?",
  "11936327593131160390": "Một quyển bí văn, trăm loại tinh yếu. Kỳ thuật giang hồ, đều gói gọn trong đó.",
  "11936341678988426210": "Tiểu Báo Lá Cải - Báo Chí",
  "1193638137259394549": "Nếu không có việc gì, bọn ta đông người đứng canh cổng làng làm gì! Nếu không có gì, ta có phải đứng đi đi lại lại ở đây không?!",
  "11936407754460866531": "Gói Tự Chọn Ngoại Quan Vũ Khí Du Lân Phi Lãng",
  "11936422804978313289": "Sinh Thái Vật Chủng",
  "1193646657423566255": "Cách không lấy vật - Khóa",
  "11936501069303437632": "Thợ chuyển Rượu Ly Nhân Lệ của Không Tiên, khi say trăng sắp đến, công việc ngày càng bận rộn.",
  "11936509895068749788": "Bắt đầu điểm danh",
  "11936531860692568975": "Bạn cũ, bạn mới, sao lo đường trước không tri kỷ.",
  "11936533948104680789": "Mở ra Đấu Trà",
  "11936534875750710869": "Mở thám cảnh",
  "11936539026433188019": "Thiếu đông gia người làm gì vậy!",
  "11936552562204144056": "Phật Quang Đỉnh khu vực dưới lòng đất - Khu thoát hiểm dưới nước",
  "1193656339663277791": "Hồ Kiện Lực",
  "1193658814250562721": "Khách Thương Tiệm Gạo",
  "11936589614142975056": "NPC Diễn Cảnh - Ngự Uyển Khu - Cấm Quân Binh Sĩ",
  "11936605729065847827": "Nhất Diệp Bình Sinh 3 - Thiên Kinh Ngạn Đông Độ - Tấm Nền",
  "11936606390347433819": "Vậy... vậy ta đành phải đi hỏi người khác vậy...",
  "11936615184624632234": "Cơ sở",
  "11936723527488049415": "Độc Hoa Phật Gia Trại 2",
  "11936749554690856541": "Hà Kỷ Hi",
  "11936759893932418055": "Quần chúng nhiệt tình",
  "11936759968888274304": "Khi phát tác, sốt và rét luân phiên gọi là “Chính ngược”; nhưng nếu không có rét chỉ có sốt gọi là “Ấn ngược”; nếu không có sốt chỉ có rét gọi là “Đoạn ngược”; sốt nhiều hơn rét ít gọi là “Ôn ngược”; phát ở Lĩnh Nam sốt rét không rõ gọi là “Chướng ngược”; ngược kinh niên không khỏi, dưới sườn có khối thì gọi là “Ngược mẫu”.",
  "11936765606141855383": "Hy vọng tìm lại được cái búa chì bị mất (sau khi thành công có thể kết bạn với người này, nhận được quà tặng cố hữu hàng tuần.)",
  "11936778092081646533": "Trúng hàn độc, tính mạng nguy kịch.",
  "11936815669613416627": "Xích Đồng",
  "11936837350772536207": "Đến Khai Phong đối thoại với #GVương Lão Bản#E để tiến vào Phó Bản",
  "11936839950980034626": "Bảng xếp hạng Giang hồ",
  "11936850528569632076": "Nhặt được một tờ giấy rơi gần xưởng khắc chữ của Trương Tứ Lang, có thể trải qua một hồi cố sự.",
  "11936856680056486413": "Trò Chuyện",
  "11936861229529080781": "Liễu Phố - Dân Thường 30 - Bảo An",
  "11936866602708583591": "Cảm ơn $T(2011) đã giúp chúng ta điều chỉnh bước đi!",
  "11936942008622914183": "Trịnh Ngạc",
  "11937027717981689745": "Hà Kỷ Hi",
  "11937039556346489610": "Bảng Mẫu",
  "11937102433818119643": "Sát thần xuất miếu",
  "11937116415338524254": "Một phiếu giảm giá ngoại hình thần kỳ, dùng để mua ngoại hình được giảm 50%",
  "11937147065316411362": "Đầu ra liên tục, Giảm sát thương khiên chắn",
  "11937159875252978064": "Chế tạo thành phần, dùng để xây nhà.",
  "11937173111527311570": "Sinh Thái Vật Chủng",
  "11937309833990452436": "Viên Quốc Chấn",
  "11937310093351363128": "Thư sinh thất ý sa cơ, lại không chịu cam phận về nhà làm thầy dạy học, bèn lang thang ở Tần lâu Sở quán Khai Phong, viết từ đổi lấy chút tiền rượu cho các phu nhân.",
  "11937316749310894612": "Hồi Thứ Hai - Dẫn Dắt Thay Trang Phục - Triệu Đại Ca",
  "11937333043334118744": "Khăn gấm thần bí",
  "1193739373747333535": "Hà Kỷ Hi",
  "11937412583562087430": "Hoàng Lạc Tư",
  "11937470951518825124": "Huyễn Cảnh - Vũ Khí Lưu Dân - 8089",
  "11937474916650763597": "Điền Dã",
  "11937484186858239995": "Đấu Trà",
  "1193753304526329090": "Khai Phong Phủ - Ban Phòng - Quan Binh 1",
  "1193755720173014970": "Hồ Kiện Lực",
  "11937573388314287176": "Em bé",
  "11937580063217266976": "Trộm Học - Điểm Lưu Trữ Giữa Đường - Mô Hình Hiệp Chi Trủng",
  "11937676720192065295": "Rồi sao nữa?",
  "11937686837828703808": "Lưu Phái Tháp Liệt Thạch · Uy Tầng Thứ 3 - Vô Tướng Hoàng Trùm 1",
  "11937741926247599234": "Hỷ Thước",
  "11937776860393653184": "Trị thương cần Ly Nhân Lệ",
  "11937792946130799729": "Đã đưa cho ta quyển thoại bản của ngươi.",
  "11937799832472266379": "Ngư Bách Xuyên Tổ Diễn Cảnh 4",
  "119378196206656627": "Đang tải dữ liệu",
  "1193782351018119430": "NPC thủ vệ được chỉ định vào chiến đấu",
  "11937858494625791991": "Trương Hổ, Phó trại chủ Long Hổ Trại.\n\nCùng anh trai Trương Long, em trai Trương Báo cùng nhau làm thổ phỉ, thu nhận thổ phỉ từ khắp nơi, cùng nhau xây dựng đại gia đình Long Hổ Trại. Là một tên thổ phỉ đầy dục vọng thấp kém, vô cùng tự hào về sự thiếu học thức của mình, luôn không hiểu được sự theo đuổi văn hóa của anh cả Trương Long.",
  "11937878276313080196": "Dương độc xâm nhập kinh lạc, nhiệt uất bế tắc linh khiếu, lâu ngày dương độc khó trừ.",
  "119378957023150046": "Khu vực Sát Địa Thần 3",
  "1193794493739256808": "Ăn xong bát đĩa cứ vứt vào thùng, ta rửa cho!",
  "11937948508713708065": "Trương Thiếc Giáp",
  "11937970026487040308": "Túc Lộ Khinh Duyên",
  "11937972953110048268": "Dù không có tập sách đó, trưởng lão Khúc chẳng phải cũng đã thử ra được gì đó rồi sao?",
  "11937977282790056716": "Bao nhiêu canh giờ này, có bấy nhiêu tiền đó, không được không được...",
  "11937990066349440381": "Sinh Thái Vật Chủng",
  "1193800645197979995": "Tham gia lối chơi liên mạng",
  "11938041417496455814": "Mở khóa khi bình định lần đầu",
  "11938053511112530399": "Cầm đao phá sáng",
  "11938091538769361617": "Khai Sơn · Tam",
  "1193810591309507100": "Lão nhân gia, đây là cây chổi của ông sao?",
  "11938107498938260419": "Nông phu",
  "11938130732112163911": "Hồng Phúc Cẩm Vĩ Tước 3",
  "11938137156382336237": "Đi đến kết nối",
  "11938150812503535840": "Có thể tổ đội cùng nhau kết nghĩa huynh đệ!",
  "11938196203393163043": "Điển cố",
  "11938230538372904534": "Cảnh Uẩn",
  "11938266081616729870": "Trong Bách Nghiệp Chiến, gây sát thương tăng lên. #Y Cấp 5 #E, #Y Cấp 10 #E sẽ mở khóa hiệu ứng nâng cấp #Y Hiệp Lực Cộng Trợ #E, tất cả thành viên tham gia Bách Nghiệp Chiến đều nhận được tăng cường.",
  "11938306719019361830": "Quan Khải Huyền Hồ",
  "11938311687716122934": "Cành Cây Nhỏ",
  "11938348008368788344": "Mẫu Quái Vật Đại Tống Quan Binh - Hậu Cần Binh - Nỏ - Cửa Góc Khó Đánh",
  "11938420080096681231": "Sinh Thái Vật Chủng",
  "11938422168824993659": "Lấy lá cây xoan",
  "11938438222928208071": "Đối thoại",
  "11938453224064324127": "Đệ tử chấp pháp",
  "11938467199706631159": "Phật Gia Trại",
  "11938467258973877870": "Chủ Tuyến Không Phát Tiền",
  "11938478970731157216": "Thôn Trang Kiến Văn",
  "11938484507666699527": "Sửa chữa thành công",
  "11938552393761281213": "Phong Vu Cơ",
  "11938621570904993410": "Thử Nghiệm - Bia Đá Rút Lui 6",
  "11938643017519882621": "Mức độ thoải mái: #XRất tốt#E, nghỉ ngơi ban đêm rất tốt\nHiệu quả: Trong một thời gian, #Xtiêu hao tinh lực giảm mạnh#E",
  "11938646938948551278": "Trần Gia Tranh",
  "11938667457989468290": "Nhậm Khoan",
  "11938675835874146264": "Thử Kiếm",
  "11938690485604031478": "Cấp Độ Thế Giới - Đại Tống Quan Binh - Cờ Xí Kèn Hiệu",
  "1193869331343154880": "Áo khoác",
  "11938728262266080612": "Lậu Cốc",
  "11938758851106408069": "Hình khối",
  "11938793218167886536": "Phòng Chí Cường",
  "11938794050764903555": "Lục Sí Thiền Dực Tề",
  "11938872941095821164": "Khai Phong Tây Giao - Chưởng Quỹ Nam Thư Sinh",
  "11938899329811013820": "Giảm 1 điểm tư duy",
  "11938920768256058110": "Cực Tây, Kim Ô lặn",
  "11938960323518055270": "Có thể tăng thuộc tính: Công kích toàn lưu phái, Phòng ngự toàn lưu phái.",
  "11938977847721332333": "Phó Bản Tân Thủ Hướng Dẫn Chiến Đấu - 1-PC - Tấn Công Cơ Bản",
  "11938983360706036853": "Chỉ là…… quần áo?",
  "11938986475862000015": "{total_day:d} ngày {diff_hour:d} giờ",
  "11938992724827323737": "Tiểu Bình An thất hẹn, tuyệt học gia truyền mà hắn nhắc đến, rốt cuộc là chuyện gì?",
  "11939099764675482872": "Nữ tỳ Bất Tiên Tiên",
  "119391169844807445": "Đang tải dữ liệu",
  "11939128421382914666": "Hồ Điệp Đơn Giản - Thiện Diệu Châu - 9",
  "11939139280665014914": "Mở chung",
  "11939144847426852212": "Huyễn Cảnh 2 - room2 Lưu Phỉ 1",
  "11939165172426984587": "Xem",
  "11939186040071132442": "Yến Vân Biệt Quán - Giá Sách Đổ Vỡ",
  "11939237035583931837": "Khai Phong Doanh Địa - A1 - Tú Kim Lâu Tinh Anh",
  "11939247561865499376": "Mông Danh Hằng",
  "11939298450705575021": "Thực ra chỉ cần nhìn vào cây đàn Tỳ Bà đá của Hạ Vạn Xuân là ngươi có thể thấy, nếu không phải so tài ăn nói, ngươi có lẽ đã bị đập nhừ rồi.",
  "11939310539720124490": "Đoạn Thủy - Một",
  "11939318732121023925": "Cấp Độ Thế Giới - Lục Lâm - Thảo Tặc (Cung)\\nĐộng Tác Tuần Tra Tùy Chỉnh: Không",
  "11939345934953871326": "[Thử] Cúc Hoa",
  "11939346247284084032": "Thu hoạch lúa mì",
  "11939357462499227376": "Đối thoại với người cung cấp tin tức",
  "11939364973467062408": "Vạn Thắng Trấn - Thanh Giao Đường Bang Chúng: Trương Liên Nhi",
  "11939434864543149040": "{} khen món ăn của bạn tuyệt vời, Giá trị gắn bó ban đầu {}",
  "11939509445461014561": "Quỳ Ngồi Nói Chuyện - Văn Phòng",
  "11939600201838018636": "Vạn sự đều nghe lời người thổi gió",
  "11939600303431730208": "Nếu ta thực sự là một kẻ lừa đảo rỗng tuếch, sao ta dám bước vào chỉ vì nghe thấy tên Giang Yển?",
  "11939652899023205550": "Đáy Tháp Rượu - Người Chơi Rơi Xuống Linh Kiện Khinh Công Một Chiều Trở Lại - Không Dải Lụa",
  "11939701789628255856": "Thất Phạt Pha - Điểm Làm Mới Chiến Lợi Phẩm 82",
  "11939746609054527394": "Túi Rượu Lục Nghĩ Ngẫu Nhiên",
  "11939857976015707853": "Chước Khổ Hỏa - Đạn lửa",
  "11939864676835802442": "Thiếu hiệp an khang.",
  "11939892994136281954": "Đây là... #N Nấm độc#E! Chúng đã mọc kín cả bức tường!",
  "11939930722214803949": "A Tâm, ta……",
  "11939950880060284725": "Đội của chủ phòng đã đầy",
  "11939968486269271547": "Bất Tiện Tiên - Điểm Hồi Sinh Chiến Lợi Phẩm Mới 198",
  "1193997082879681094": "Xem",
  "11939975576704293014": "Khổ Hạnh Tu 158",
  "11939977027918629275": "Sao “Diệu” được đặt bên ngoài khuỷu tay Long Hổ, có tảng đá lớn phá sát, cần tìm ở phía bắc #a66829 Phù Hý Sơn#E. Huyền Nguyên Giáo lập đàn ở nơi sao “Diệu” tọa lạc, dường như đang dùng thuật yếm vật, trên đàn có đặt “trấn vật” để thi hành thuật pháp. Nửa miếng ngọc bội, khắc chữ “Khuông”.",
  "11940028569908929737": "Bệnh Nhân 2 tại Y Quán Thù Du, Phong Khâu Thôn",
  "11940050150901110004": "Công Tắc Thang Máy - Công Tắc Gọi",
  "11940056429328060500": "Lưới vây nhỏ của Bả Đầu… có phải là vật dùng để vớt tiền bạc không?",
  "1194008972354398282": "Khu vực môi trường - Thiên Tuyền Bang",
  "11940092132542655912": "Trừ Tà An Thần",
  "11940092404112100957": "Thần Điếu Tử - Bong Bóng Thoại",
  "11940107591303189959": "Một lá thư gia đình do con trai Đào Ông viết.",
  "11940112414638992692": "Táo Chua",
  "11940131258668739915": "Thủ Chấp Đãi Thỏ",
  "11940150642943698825": "Chu Vũ Lâm",
  "11940176498700861800": "Thôn Trang Kiến Văn",
  "11940278226644186697": "Kỹ năng đang trong thời gian điều tức, {} giây sau mới có thể thi triển",
  "1194032474811689420": "Bắt chuột",
  "11940335784406657148": "Một đoạn câu chuyện đằng sau Điền Anh và Nguyệt Thần Lê Trinh Trinh.",
  "11940352773179895776": "Tường Vô Hình Thiên Tỉnh Ba",
  "11940357774679124892": "Gây ra 100% sát thương đánh, có 60.0% xác suất khiến đối phương xấu hổ giảm 1 điểm tư duy",
  "11940369688032980044": "Khác",
  "11940439972401548890": "Vạn Sự Tri - Đại đạo nan thành - Kết cục hai",
  "11940446257999445859": "Đại Thế Giới - Gấu - Không Yếu Điểm",
  "1194046939927713488": "Trộm sư - Thanh Sơn Chấp Bút - Khu vực ngồi xổm 01",
  "11940481692929386762": "Cảnh Uẩn",
  "11940505323545256887": "Chủ Tuyến Khai Phong",
  "11940540588119437703": "Doanh Trại Lò Rèn - Quái Vật Bối Cảnh - Cung Thủ",
  "11940558132702187835": "Gửi",
  "11940563435683949849": "Tôn Mãng khóc sụt sùi, suy tính chuyện làm ăn mới.",
  "11940581828265991952": "Hà Kỷ Hi",
  "11940595349807878302": "……Túi gấm?",
  "11940632762557745894": "Võ Học + Vũ Khí Cấp 15 + Vũ Khí 30",
  "11940650604323789548": "Suỵt, ta ở gần đây. Đừng nhìn xung quanh tìm ta, đừng để Mã Thắng Lư phát hiện có gì khác thường.",
  "11940672646514245833": "Đang tải dữ liệu",
  "11940683161487281460": "Tân Tú",
  "11940686405408323767": "Túy Hoa Âm - Bổ Sung Bối Cảnh Vòng Ngoài",
  "11940687098690974975": "Động Vật Có Vú",
  "11940752336824637512": "Nhóm Bối Cảnh Vạn Thắng Trấn 2",
  "11940780919138663412": "Từ Đường - Thi Thể Số 2 - Nằm Nghiêng",
  "11940794075577063821": "Nhất Diệp Bình Sinh - Khu Phố Buôn Bán Tây Phường - Dân Thường 1",
  "11940797136486403534": "Mông cái mông lên, đây là Thiên Đích a!",
  "1194087212284483106": "Đây là nơi trọng yếu của Khai Phong, nếu không có thông hành lệnh, không thể vào được.",
  "11940947025904412997": "Bơm Hơi",
  "11940948230874921725": "Trong thuyết bản nói, nhảy xuống đây cùng nhau sẽ có được tình yêu đến chết không phai.",
  "11940958028359655413": "Thiếu hiệp cứu mạng!",
  "11941016173652853189": "Thử thách 【Cấp 16】",
  "1194108532728668819": "Đệ tử Cuồng Lạn",
  "11941129071073918598": "Rương Báu Tứ Phẩm 6 tại Phật Gia Trại",
  "11941130998197885294": "Ngô Tiểu Oánh",
  "11941147347594569978": "Lần này ai thua ai thắng đây?",
  "1194115523030617916": "Trạng thái hiện tại không thể dịch chuyển, tham gia đại hội thất bại, xin vui lòng khớp lại.",
  "11941174790512795657": "Thi Thiên Lai",
  "1194119920559170059": "Y Đao, đừng lo cho ta, đưa bọn họ đi trước đi!",
  "11941217491252279113": "Phòng Chí Cường",
  "11941236713248163764": "Mậu Thịnh",
  "11941308889930323254": "Hoa cúc",
  "11941348029502812087": "Hà Nhật Quy Gia - Ăn Mày Điên",
  "11941348553138485858": "Trong rừng ẩn sương, hoa khắp nơi, sương độc nghìn lớp. Trái Cẩu Dược Sư Trạch Húc luôn mang lòng nhân từ, nhưng với sức một mình, vẫn khó chống lại tai ương độc bệnh sinh rồi lại chết...",
  "11941349578177741807": "Tấn Trung Nguyên",
  "11941365837788416876": "Mua ngay lập tức nhận 300 Kim Đĩnh, kéo dài 7 ngày, mỗi ngày đăng nhập có thể nhận 400 Trường Minh Ngọc và 200 kinh nghiệm Chiến Lệnh. Tích lũy nhận đủ 5 ngày có thể nhận 1 Sợi Nào Nào Chi Âm.",
  "1194140100274734134": "Dân chúng Đông Thành",
  "11941417780798056430": "Thiếu hiệp, ta thay tiểu nhi thay mặt tạ lỗi với ngươi. Nó cũng chỉ là quá sốt ruột trả thù mới làm chuyện không phải như vậy.",
  "11941452737811321750": "Bách Nghiệp Chiến - Quái Hoang Dã - Phật Gia Trại - Túy Quyền - Điểm Ngoài Đường Dưới Phe Hồng",
  "11941457209279601960": "Dương Thiết Chỉ",
  "11941472887818458314": "Dân chúng Từ Tâm Trấn, bị Giáo chủ Phật Hoa mê hoặc, mỗi đêm chỉ biết cúng bái Phật Hoa.",
  "11941477419429873197": "Chu Vũ Lâm",
  "11941485859467319419": "Tư thế mới",
  "1194153178772960395": "Một đường phi ngựa thẳng tiến,; {} cùng {};; đến {}; một phen từ chối, hai người ngồi xuống...",
  "11941557957421871377": "Từ biệt",
  "11941589888574181574": "Một bộ phận của Kim Cang Giáng Ma Chử, có thể ghép thành pháp khí hoàn chỉnh khi thu thập đủ ba bộ phận.",
  "11941600360894600378": "Vào phòng",
  "11941629796730525049": "Lư Đạo Nhân + Dung Diên - Độ Khó Khó - Nhiệm Vụ Hàng Ngày 5 Người (Người Chơi/Máy) Ngũ Âm Đồng Tiền",
  "11941645958221694831": "Định thân",
  "11941664517902681232": "Hoàn thành 5 lần giải đố Miu Miu ở khu vực Khai Phong.",
  "11941667178565218286": "Ngươi sờ nhẹ ví tiền của mình",
  "11941686414219713362": "Hô… may mà lão tử chạy nhanh, cuối cùng cũng lấy được thứ này về…",
  "11941705166220365916": "Minh Kim · Hồng - Tiến Giai 6",
  "11941764485438255300": "Cự Tử đang có tâm sự, điều gì làm ngài bận lòng?",
  "11941829826405645179": "Mộ Tử",
  "11941858405032736969": "Dừng chiến",
  "11941858649813527650": "Hà Kỷ Hi",
  "11941864784335809724": "Tăng cường tấn công nặng nhẹ",
  "11941921076455605341": "Quan vận lương",
  "1194195945781843294": "Điều tra",
  "11941967781245204742": "Nhị bá",
  "11941985345369360057": "Doanh Địa Khai Phong - A16 - Cận Chiến Lục Lâm",
  "11942012712752016521": "Sự kiện ảnh hưởng lớn đến thần trí",
  "11942096891533207974": "Vương Trí Siêu",
  "11942168314740853950": "Chưa hoàn thành mục tiêu trò chơi Giới Luật!",
  "11942169265334497741": "Vô Ưu Động - Quỷ Phàn Lâu đoạn đầu - Thời tiết, hạn chế năng lực, dây đạn",
  "11942198167431047313": "NPC Đối Thoại - Chủ Tiệm Đổ Thạch",
  "11942240774272782143": "Âm thanh kỳ lạ truyền ra từ giếng, lại gần lắng nghe, mở ra một cuộc gặp gỡ kỳ lạ",
  "11942327616281367008": "Phòng Chí Cường",
  "11942535969870145836": "Hộp Quà Phúc Lợi Xí Vi (ID901088), Tương Ứng Phần Thưởng ID940004*5 ",
  "11942543733408388966": "25 - Phía Trên 2",
  "11942559562806966518": "Âu Gia Hạo",
  "11942564013166458224": "Phòng Chí Cường",
  "11942584960307045628": "Anh tôi là người thông minh nhất tôi từng thấy, còn ngươi thì ngốc nghếch.",
  "1194258621240014517": "Phật Tâm Sâm",
  "11942609019385904921": "Cần Điều Khiển Cơ Quan - Dùng Cho NPC - Đảo Chiều",
  "11942699895546648701": "Nhất Diệp Bình Sinh - Khu Phố Buôn Bán Đông Phường - Bối Cảnh - Ăn Mày",
  "11942738831146109052": "Hồ Tam Bảo",
  "11942746023923943072": "Lời Thoại Hướng Dẫn Nhân Vật Chính - Sau Chủ Tuyến Thần Tiên Độ Vào Khu Vực 1",
  "11942793052964500057": "Diệu Diệu Miêu - Quỷ Hỏa",
  "11942799156544976952": "Câm như hến",
  "11942832212914288879": "Giai Đoạn 5",
  "11942886466843500457": "Tâm pháp: Dịch Kinh Bi Võ",
  "11942901046142632648": "Hỏi Đường - Phố Tây Giác Lâu",
  "11942934322502647621": "Tủ đồ",
  "11943035456500748753": "Đơn",
  "11943048024917068779": "Tiểu bối, cút xa ra, ông không có thời gian rảnh để để ý đến ngươi.",
  "11943123302606866974": "Trương Tiêu Nặc",
  "11943137653901781032": "Đối thoại",
  "11943147579457868813": "Hào khách đấu uống",
  "11943161349650837087": "Xem",
  "11943188246182140187": "Bích Tuyền Sơn - Điểm Hồi Sinh Chiến Lợi Phẩm",
  "11943199039406826343": "Bị vật thể bất thường làm cho kinh hãi, thần trí uất kết.",
  "11943219510888437834": "【Dưới Hầm Thường Bình Thương】Tào Bang - Nền Hang Động Khinh Công 4",
  "11943247921598202796": "Người quen giang hồ: Sigma",
  "11943254771021777555": "Sương sớm thoáng qua, thời gian đã trôi qua quá nhiều.\nNgười trẻ tuổi đều muốn rời quê hương, nhưng đại hiệp rời quê hương, cuối cùng luôn muốn trở về ngôi làng nhỏ đã nuôi dưỡng mình.",
  "11943260967740535123": "Nghiền Mực Nhuộm 2",
  "11943314922534611307": "Loài Sinh Thái",
  "11943373417648058279": "Loạn Phi Phong",
  "1194340872074753253": "Đa tạ thiếu hiệp, Phong mỗ đã hiểu rồi, cứ ngồi đây tự mình luyện bắn là không được, vẫn phải đến Mặc Sơn Đạo!",
  "11943420278498279981": "Khiên bảo vệ: %s",
  "11943489988186122669": "Đinh Kỷ Văn",
  "11943496379224330360": "Vị tiền bối này, nghe ý trong lời người nói, lẽ nào ván cược rượu này có điều gì mờ ám?",
  "11943525646086537508": "Phần Thưởng Hồi Tố 1",
  "11943609890155576022": "Anh Em Họ Tống - Tống Nhị",
  "11943708406110015011": "Nhận thưởng",
  "11943710485608372282": "Cảnh Uẩn",
  "11943720994414432177": "Đinh Kỷ Văn",
  "11943742852203031849": "Một kỳ văn về việc trả lại hài cốt, một chuyện cũ đã bị chôn vùi... Sự thật về người lính giữ biên cương chết từ nhiều năm trước cuối cùng cũng được làm sáng tỏ cho đến tận hôm nay.",
  "11943773366114229672": "Tiếng rên rỉ yếu ớt. Vào những đêm đặc biệt yên tĩnh, đôi khi từ Lục Tật Quán vọng lại tiếng rên rỉ rất yếu, ngươi có nghe thấy không?",
  "11943774206014622114": "Mở",
  "11943806614592798452": "Dương Trụ Vũ",
  "1194384770149275323": "Đối thoại",
  "11943916902581495760": "Thông quan Thái Bình Võ Mộ · ẩn lục tầng 3 ({0}/1)",
  "11943956480062197586": "Bạch Mã Tự",
  "11944009173500369855": "Khu Cửa Hàng Câu Lan 1 - Bối Cảnh Tĩnh",
  "11944023992261005469": "Việc làm ăn thế nào?",
  "11944071822405021698": "Hà Thị Lạc - Hồ Tiểu Nhị",
  "11944081081043105296": "Biệt Quán - Boss - Tường Vô Hình",
  "11944151421810992970": "Quỷ Sát Linh? Ngươi, cầm lấy! Cầm lấy là được!",
  "11944175543328728015": "Đang lấy",
  "11944192702362156584": "Âm lặp",
  "11944210745954894255": "Kiếm Ảnh Tàng Tâm"
}