{
  "10560069478177016434": "Trương Ích Hào",
  "10560096668726096635": "Cười chết người ta! Còn không cho báo quan à? Thật đúng là Trà Long Tỉnh mười năm trước, trà xanh già cỗi!",
  "1056010209795008393": "Giả Công Tắc",
  "10560181373322402424": "{2}\nThân có chút bệnh tật, qua chẩn đoán của danh y {0}, bệnh ta mắc phải là {1}.",
  "1056019595911536465": "Hà Kỷ Hy",
  "10560210413080565944": "Sinh Thái Vật Chủng",
  "10560218790856892837": "Người không thèm ở không bận rộn với việc vận chuyển nước mắt người ra đi, Trụy Tiên Nguyệt sắp đến, công việc ngày càng bận rộn.",
  "10560237496148004298": "Hành sự kín đáo trong Tương Tửu Quán, đã thay đổi ngoại hình và tên ngẫu nhiên.",
  "10560301717505367344": "Chụp ảnh Tết Nguyên Đán - 1 Ngư Long Mạn Diên",
  "10560321889255905222": "Vô Ưu Động - Quỷ Phàn Lâu - Đồ Dư",
  "10560329730992573539": "Bạch Nhật Tham Thần",
  "1056033701540961805": "Thăng Bình Kiều Nam - Kim Gia Đầu Diện Phô - Thiên Tuyền Đệ Tử",
  "10560362255291935259": "Lưu Thủy Nhược Hữu Ý",
  "10560370630340525716": "Trương Liên Hâm",
  "10560394117861379247": "Thạch Trinh",
  "10560398497705261995": "Sử dụng vật này, có thể nhận được ngoại trang tương ứng.",
  "10560436353476908595": "Nhấn để giải phóng sức mạnh đã dồn",
  "1056060793082299733": "Ngươi tìm Hàn... ngươi tìm Hàn Hương Tầm rốt cuộc là vì cái gì?",
  "10560626532397958173": "Làm dịu răng cưa ở các cạnh đồ họa, làm cho các cạnh mượt mà hơn.",
  "10560632310826597422": "Khai Phong Phủ - Đại Sảnh - Bách Tính 74",
  "10560670465493305646": "Hiện tại vẫn chưa đói lắm, không cần ăn.",
  "10560686972318097454": "Mỹ Thực - Dạ Tân - Câu Lan Ngõa Tứ Dạ Thực Than",
  "1056068869447976293": "Đang tải dữ liệu",
  "10560698549338797006": "Túy Hoa Âm - Phú Nhân Thiếu Niên 3",
  "10560710777247753135": "Tiến độ độc quyền Phó bản Hiệp Cảnh Bách Nghiệp",
  "10560723951693162511": "Bất Phục Mã Trường - Chiến Lợi Phẩm Điểm Hồi Sinh",
  "10560725438655021566": "Lượt thích tuần này",
  "10560728329846892790": "Bách Nghiệp Chiến - Dã Quái - Lưu Dân - Thiết Xẻng - Lam Phương Ngoại Điểm Thượng Lộ",
  "10560755976575531175": "Bản đồ Thanh Khê Tang Ký Sinh truyền cho sư muội Nhạc Bạch Vi, có ghi tàn thơ \"Lá rơi tụ lại rồi tan, quạ đen đậu rồi lại kinh sợ\", dẫn manh mối đến cây cổ thụ đại diện cho bầy quạ tụ tập. Cây cổ thụ tuy đã mục ruỗng, nhưng trong tổ chim chưa bị lũ lụt nhấn chìm vẫn tìm thấy nửa chiếc chìa khóa.\n—— Nó có phải là manh mối quan trọng để mở hầm rượu không?",
  "10560756681250640919": "Thiên Thượng Lai - Vị Trí Hiển Thị Bản Đồ",
  "10560777792448546122": "Đại Thế Giới Thưởng - Khu Vực Thanh Vọng Thưởng - Thanh Hà",
  "10560792551390428894": "【Diệp Tử Hí - Bàn】Hồng Mộc Cao Cấp",
  "10560891148307318502": "Đại Tống Quan Binh Anh Mão - Bất Đái Binh Khí - Dùng Cho Bầu Không Khí",
  "1056091625852857687": "Thật có chuyện tốt như vậy, cuộc sống của chúng ta có khá hơn rồi!",
  "10560938354673693288": "Hầy... Không biết bao giờ mới có ngày thái bình đây...",
  "10560983084109301760": "Tiểu công rữa rau ở Khách Lai Hiên, nhà ở góc cửa, đến đây kiếm sống.",
  "10561068390865944452": "Nhất Yến Cửu Đỉnh",
  "10561090000778502078": "Lưu Phái Tháp Minh Kim · Ảnh Tầng Thứ 2 - Hòa Thượng Cung 3",
  "10561123084616402136": "Sau này xuống núi khất thực e rằng càng khó khăn hơn, thở dài.",
  "10561140336640149532": "Lý Thần",
  "10561148879990739228": "Hà Kỷ Hy",
  "10561181921195311848": "Môi trường ẩm ướt, lạnh lẽo gây ra bởi",
  "10561191204250196770": "Đi học lỏm võ học Cửu Lưu Môn",
  "10561237362294042340": "Cứu hộ thất bại",
  "10561245079646395215": "Điền Dã",
  "10561288439908822709": "Sinh Thái Vật Chủng",
  "1056129172277837238": "Tử viết: Quân tử hiểu nghĩa, tiểu nhân hiểu lợi. Ta báo quan, chẳng phải là xuất phát từ đại nghĩa sao!",
  "10561310707730737801": "Trộm tiền (bị vu oan)",
  "1056132104349512743": "Ngài là... ông lão họ Dương?",
  "10561333285148480199": "Quan này dường như quên nói cho ngươi biết. Nhưng một cái mồi câu, cũng không cần biết.",
  "1056139039004658779": "Bồ Đề Khổ Hải",
  "10561420480865540726": "Luyện tập võ học mô phỏng",
  "10561454233161245258": "Đang lấy dữ liệu",
  "10561461394572418087": "{slot5_qishu_name}·Tu luyện",
  "10561486349496287300": "Hắn không nói lý do mà đánh ba người nhà ta một trận...",
  "10561531348381728344": "Khoáng sản Phan Minh đã bày tỏ lòng cảm ơn với ngươi, bắt đầu suy tư kỹ lưỡng.",
  "10561610774554770335": "Trong ngôi nhà gỗ phía Tây Nam doanh trại.",
  "10561634237436811475": "Khinh Công Tổ Kiện - Dây Thừng Đến Sử Đại Nhân - 30-25",
  "1056166031642829301": "Cổ Tư - Vi Lô - Bách Tính 9",
  "10561697342089804245": "Cửu Trùng Xuân Sắc",
  "10561777561883011963": "Ngư Cốt 03",
  "10561813799822171335": "Phi Hoa · Tam",
  "10561857965734369035": "Hừ, có chút thú vị.",
  "10561860358062062028": "Khúc Thủy Lưu Thưởng - Hà Đăng 1",
  "10561863899647428678": "Hà Thị Lạc - Bị Dụng 37",
  "10561866072127389346": "A!......Không có gì......Không có gì......",
  "1056186917616302280": "Cờ xanh",
  "10561899965766362103": "Ngươi đánh bại mọi người, đâm về phía công tử trong đình.\nNgươi thấy khóe miệng hắn nở một nụ cười nhạt.\nTrong chốc lát, hắn xoay chắn sách chặn đòn tấn công của ngươi, trang sách vỡ vụn bay tán loạn, ngươi lại trở về căn phòng đó.",
  "10561907355034487329": "Con Vẹt Đã Chết",
  "10561913162091413068": "Vô Diện Nhân",
  "10561914948464229274": "Xà lang trung rốt cuộc không cứu được chính mình.\nKhi con rắn độc khổng lồ cuốn lấy xà lang trung, chỉ còn lại một lớp da.",
  "10561941572211016798": "Dừng tay, các ngươi đừng đánh nữa!",
  "1056195978091396206": "Giác Môn Lý - Bình Dân 10",
  "10561972330073260891": "Hương Đức Mỹ",
  "10561997226004473280": "Đi đánh trận ở phía Bắc... Ngươi nói Bắc phạt à? Nhưng Bắc phạt không phải đã thất bại từ lâu rồi sao?",
  "10562008364840812270": "Lục Thải Sơn Kê",
  "10562027021209824317": "Du Lập",
  "10562069754693354553": "Bình Đựng Rượu",
  "10562077913165384566": "Túy Hoa Âm Kỳ Ngộ - Bất Tiện Tiên Thôn Dân 5",
  "10562096702448901262": "Khách thương",
  "10562129695041131370": "A39 Tú Kim Lâu Hỏa Bả",
  "10562176062348392077": "Sử dụng vật này, có thể nhận được ngoại hình tương ứng.",
  "10562193729988102493": "Dân chúng Đông Thành",
  "10562220128831706108": "Trong triết học cổ điển Trung Quốc chỉ đến \"Âm Dương\", chủ yếu là hai màu đen trắng, là gốc của Đạo lớn. Khi trời đất khai thiên lập địa, vạn vật đều là hỗn độn, gọi là Vô Cực, Vô Cực sinh Thái Cực, Thái Cực sinh Lưỡng Nghi, Lưỡng Nghi là Âm Dương.",
  "10562327291995261165": "Không khí Hà Thị Lạc",
  "10562334788714958299": "Thiếu nữ phụ họa",
  "10562370541536057651": "Đại ngỗng bá thể",
  "10562447855843022327": "Thoát",
  "10562514861504547203": "Chú cả đời này không đánh thắng được lão già Diệp Bất Hưu kia, nhưng $T(1) có hy vọng đó nha!",
  "10562517770440897695": "Nghĩ về các nước cờ trong đầu quá mệt mỏi, ta phải ra ngoài đi dạo thư giãn một chút.",
  "10562522625952105812": "Vũ Y Lâu - Lấp Đầy Bầu Không Khí",
  "10562541132153101064": "Trục Trần",
  "10562592908450843026": "Nhà họ Lưu và nhà ta có ơn nghĩa từ trước, ta đã thay lão Lưu trả nợ, tạm thời cho ông ấy làm việc tại tiệm hương liệu. Nhưng lão Lưu luôn cảm thấy áy náy, cứ khăng khăng muốn gửi giấy tờ nhà lại cho ta.",
  "10562611382791044661": "Không ai biết trong Xà Khố lại có một mật thất như vậy, dường như có người đã từng nghiên cứu rắn độc ở đây, nhưng không biết vì lý do gì mà lại từ bỏ. Nhưng ngay cả nghiên cứu hắn từ bỏ dường như cũng đã gây ra tai họa không thể cứu vãn.",
  "10562635442797662308": "Đang tải...",
  "10562647480338923911": "Giang Vô Lãng",
  "10562657364156788721": "Người chơi",
  "1056270110114075428": "……Không nhìn ra, thiếu hiệp ngươi cũng là một kẻ si tình à?",
  "10562728494065426579": "Không sao đâu... Chuyện ở đây cứ giao cho ta chăm sóc, để sư phụ người ấy ngủ một giấc thật ngon nhé.",
  "10562744678263665605": "Lần đầu tiên bị trọng thương trong khu vực Ngọc Môn Quan",
  "10562750472723406559": "Mặc Thành Bối Cảnh Bản 104",
  "1056278634530978381": "Người trong giang hồ đều muốn tìm vật này.",
  "10562793707369671954": "Dân chúng chúc mừng năm mới.",
  "10562826043798768743": "Sinh Thái Vật Chủng",
  "10562847049715320384": "{3}\nTa vào {0} mắc bệnh {1}, sau khi được danh y {2} chữa trị, cuối cùng đã khỏi.",
  "10562850328412825789": "Cấp Độ Thế Giới - Lục Lâm - Thảo Tặc (Trường Thương)\\nĐộng Tác Tuần Tra Tùy Chỉnh: Có",
  "10562877703222196791": "Hiện tại quả thực có một việc cần ngươi giúp...",
  "10562915968196305048": "Một bức vẽ Y Đao, trông có vẻ là do Hồng Tuyến vẽ.",
  "10562928408674634281": "Tâm Pháp Tâm Đắc Tán Bản 1",
  "10562990569945935131": "Lấy nước làm lực? Ý này là sao? Sư huynh? Sư huynh...",
  "10563061068993223178": "Người qua đường",
  "10563090122858167138": "Ma Tướng Quỷ Hỏa - Phát Tài - Thực Tế Sử Dụng",
  "10563109217848088791": "Thâu Sư Động Quật - Thời Lâu - Vũ Khí Bảo Tàng",
  "10563192846925371597": "Trương Tuấn Kiệt",
  "10563196788017977388": "<Ngoại công tấn công|780|#C|15> tăng lên, hiệu quả tăng theo cấp độ chế độ đơn nhân.",
  "10563272173714972214": "Thiên Phật Thôn_Đám Đông Vây Xem",
  "10563279261427477505": "Tăng sát thương cơ bản của cung tên",
  "10563328332393809970": "Võ miếu nghiêm trang, chớ nên ồn ào.",
  "10563344876416060836": "Hỏa Diễm Kích Hoạt Khí - Quỷ Hỏa - Thường Lượng",
  "10563387558691443205": "Vô Ưu Động - Quái Vật - Vô Ưu Bang - Lộ Bối Tại Lối Vào Nhân Thị - Quyền Sáo Ám Khí - Khoanh Tay",
  "10563401728690561361": "Ta đang làm cho A Tổ... chỉ là không cẩn thận... làm đổ thuốc ra đất...",
  "10563420531343464073": "{3}\nTa vào ngày {0} mắc {1}, sau khi được danh y {2} điều trị, cuối cùng đã khỏi bệnh.",
  "10563442834523805943": "Thọ Xương Phường - Binh Sĩ",
  "10563467419919145345": "Cố nhân giang hồ: Trương Quái Cô",
  "10563470432424403172": "Tìm trong góc hang linh hồn lang thang",
  "10563473026271097545": "Thạch Khối",
  "1056348223712063998": "Mẫu thân cậu xem, nhiều nhiều tiểu điểu a——",
  "10563531243704153670": "Đồng bọn của Tú Kim lâu",
  "10563553026982755062": "Quy phạm hoạt ảnh",
  "10563566980539006913": "Khác thường chó",
  "1056359902363594542": "Lăng Hạnh Thôn NPC Bầu Không Khí - Lăng Hạnh Thôn Thiếu Niên (Hai Thiếu Niên) 1",
  "10563631487457713397": "Thương nhân Tiêu Kim Khố - Khai Phong",
  "10563636314745151694": "Cừu Kim Hàn",
  "10563678589340569470": "Nhưng lần trước ta đi cầu cứu, đã bị Thẩm quan nhân phạt một nửa bổng lộc.",
  "10563691626647696332": "Đáng tiếc là con cừu non béo ú này tự dâng tới cửa, hì hì... lột sạch quần áo lột sạch thân thể hắn!",
  "10563713731394508817": "Kim Diệp Hiệp Khách",
  "10563745403333977617": "Đang tải dữ liệu",
  "10563782414667438427": "Trúc sáo lộng gió không bờ bến, chẳng hay ai nuốt mất lưỡi câu của ta.",
  "10563807070656853909": "Cổ Cừ Doanh Địa - Đại Tống Quan Binh - Đột Hỏa Thương Binh (Hồng",
  "10563810852586833384": "Phạm Thiên An",
  "1056381256928778475": "Bộ trang bị cấp 71",
  "10563816276371225520": "Thanh Tâm Phố - Điền Trồng Hoài Sơn - Thư Bội",
  "10563851237964839217": "Phàn Lâu Âm Du Diệu Diệu Miêu Hoa Cổ - Vũ",
  "10563880598244063516": "Long Quỳ Thảo",
  "10563890521447715063": "Khai Phong Chủ Tuyến",
  "10563892012048061854": "Sinh Thái Vật Chủng",
  "10563928142643882564": "{2}\nThân mang bệnh nhẹ, qua chẩn đoán của danh y {0}, bệnh ta mắc phải là {1}。",
  "10563965265974051949": "Một con mèo, mô hình ngẫu nhiên. (Văn bản không chính thức)",
  "1056397696991076503": "Ngươi nói trên kia bắt chúng ta đào cái này làm gì?",
  "10563988250679101959": "Khai Đàn Yến - Tửu Hương Tháp - Trần Lão Thiết - Tu Lý",
  "1056398844544683691": "Sinh Thái Vật Chủng",
  "10563994448773910722": "Biến thân",
  "10564038790777264710": "Dung Lô - Xúc Cúc Trường - Khinh Công Tổ Kiện",
  "10564116318393598746": "Còn gọi là Huyết Phong Sang, Ngứa Phong, Đạo Ngứa, Ngứa Âm vân vân, là một loại bệnh ngoài da rối loạn cảm giác. Đa phần do vệ hư phong tấn công, làm da bị uất nhiệt sinh phong, thường gặp ở người già và thanh tráng niên, hay phát vào mùa đông, số ít phát vào mùa hè.",
  "10564151404588393639": "Năm 962",
  "10564180086867990219": "Đang tải",
  "10564199499114398860": "Diêm Phi",
  "10564202461662869255": "Trần Gia Tranh",
  "10564323087641743261": "Rèn đúc",
  "10564329438347838457": "Bên trong đều là khách quý từ bên ngoài đến, đừng làm phiền bọn họ!",
  "10564336054798008009": "...Ối, nói khó nghe một chút, Hưng ca không làm việc đồng áng, chẳng phải hoàn toàn dựa vào thôn nuôi sao.",
  "10564378316193214169": "Hoàn thành trang bị đề cử để có định âm, nhận kỹ năng định âm",
  "10564403091241000509": "Mau thu quầy đi, thịt mỡ béo ngon sắp hết rồi!",
  "10564424333676871921": "Cứ Điểm Tái Xuất Hiện Thưởng Thế Giới Đẳng Cấp 4",
  "1056445331109419546": "Luân Đài",
  "1056447627072947234": "Thanh khiết",
  "10564521112821355036": "Khụ khụ... Dạo này gió căng lắm, nếu đám người chèo thuyền nổi loạn, khụ khụ... hiểu rồi chứ?",
  "10564537697992400239": "Sử dụng vật này, có thể nhận được ngoại hình tương ứng.",
  "10564543449306113988": "Thành viên Đường Thanh Giao",
  "10564559097056286575": "Không Khí Bùng Nổ - Tiểu Hào",
  "10564609863044794205": "<Ngoại công tấn công tối thiểu|780|#C|15> có thể tăng thêm dựa trên Mẫn, hiện đã tăng#Y{0:.1f}#E. Để đạt đến giới hạn tăng cường cần#Y150#E điểm<Mẫn|780|#C|10>(Hiện tại $STEADY_CRI:.0f$).",
  "10564632363888888697": "Trường Minh Ngọc *20",
  "10564689772323347892": "Đang tải dữ liệu",
  "10564716460052824360": "Đường hầm dưới Điện Vạn Cổ Nhất Nhân 2",
  "1056475273702746037": "Nhiệt đới",
  "10564756793177908662": "Đinh Kỷ Văn",
  "10564794223571761728": "Đệ tử Cô Vân",
  "10564938066318309948": "Dã Sơn Sâm",
  "10564968483743943753": "Dân gian có câu: Người chạy giang hồ, thiếu gì nghĩa hiệp, trước hết phải chứng minh ngươi có nghĩa hiệp đó đã.",
  "1056498539437398622": "Miễu Miễu Miêu - Phi Diêm Tẩu Bích - Ưng Sầu Lĩnh",
  "1056503552270693753": "Trúc Lâm Cựu Cư - Điểm Tái Xuất Hiện Chiến Lợi Phẩm 216",
  "10565061148962254849": "Thâu Sư - Thiên Tuyền - Khán Thủ Viện Tử 1",
  "10565088988184137990": "Lý Mông",
  "1056509678284975119": "Không có nội dung",
  "10565112813812892948": "Kim Khoáng Thạch (Toái Phiến)",
  "10565113058590725450": "Kết cục của cô gái mù",
  "105651785662569166": "Đường Ý",
  "10565186414081164596": "Mã Lệ Cô Lỗ Cơ Cơ Hồ...",
  "10565246271584571685": "Không phải đâu, chúng ta là đang cứu ngươi mà!",
  "10565258154206759093": "——《Diệu Hoa Liên Hoa Kinh - Tự Phẩm》",
  "10565258701429702614": "Khai Phong Phủ - Đại Viện - Quan Binh 34",
  "10565275015322541852": "Chưa xác định Cảnh giới 1",
  "10565285339295499524": "Xóa nhiệm vụ & NPC",
  "10565364855801772098": "Phó lão thái",
  "10565413852020874909": "2 Nan Độ - 8 Trường Minh Ngọc",
  "10565421000232023426": "Tạc Dược Thùng (Tiểu/Khả Bàn Vận) 92",
  "10565429632107216249": "Cảnh Uẩn",
  "1056543586719273753": "Kim Ngọc Thủ Hoàn - Phối Trọng Thất",
  "10565437212131308685": "Tăng sát thương hội tâm hội ý",
  "10565460538378276200": "Phòng Chí Cường",
  "1056548895908212187": "Mỗi lần Hạc Minh tiêu hao #Y6#E cái #E Tiên Hạc Mao.",
  "1056553077607349259": "Người đuổi theo ánh sáng",
  "10565534973021199278": "Khu Vực Quanh Phố Thanh Hà - Lão Nãi Nãi - 40",
  "1056555389082672873": "Mã Đề Lan 01",
  "10565564912388033401": "Trâm tai Minh Châu",
  "10565589074450800283": "Vương Đại Diễn",
  "1056560134955046443": "Mười năm tằm, mười năm tơ. Một tấc áo, một tấc máu. Một vụ án mạng liên hoàn xảy ra vì cái gọi là 'Hàn Y' từ tằm, đằng sau rốt cuộc vướng mắc bí mật gì?",
  "10565651955130652251": "Gia Tất Mính",
  "10565670265354848970": "Vạn Sự Tri - Lưỡng Tâm Tương Chiếu - Kim Trâm",
  "10565678648367416474": "Đang tải dữ liệu...",
  "10565683078251390884": "Thất Phạt Pha - Điểm Tái Xuất Hiện Chiến Lợi Phẩm 480",
  "10565720047254458536": "X Khiêu Chuyển Thưởng Quan Chú",
  "10565811197486529316": "Phòng Chí Cường",
  "10565846183717209192": "Hàn Phu Tử",
  "10565898561241742056": "Đối thoại",
  "10565923326363436261": "Toàn bộ Huỳnh Uyên",
  "1056593267380898751": "Chó phi phàm",
  "10565946825996031568": "Treo thưởng - Leo tháp",
  "10565978291916882352": "Tu trì chính niệm, lòng không tạp niệm, ắt có tâm đèn sáng tỏ, quan chiếu trong ngoài.",
  "10565994706762511741": "Sinh Thái Vật Chủng",
  "10566048303441191450": "Vương Trị",
  "10566049878424543339": "Đang lấy dữ liệu",
  "1056605660149576016": "Nhập môn",
  "10566069717883755450": "Trương Chấn",
  "10566076287350577920": "Ngươi chính là kẻ phản đồ Mặc Môn kia - Diên?",
  "10566083147344827606": "Điền Dã",
  "10566098741320065424": "Nếu sương buổi sớm thấm đẫm bụi trần thế gian, nơi vừa tĩnh lặng trời đất đã trong veo.",
  "1056613635662216335": "Đệ Tử (Thanh Niên Nữ)",
  "10566137757915669646": "Đại hiệp có ơn đền ơn, có oán trả oán, có hận báo hận, có mẹ thì tìm mẹ. Chúng ta đi ngang qua đường, không liên quan đến chúng ta đâu.",
  "10566138963342164684": "Trong tam giác vuông, cạnh góc vuông là ba, cạnh kia là bốn, vậy cạnh huyền là bao nhiêu?",
  "10566177236885698663": "Thế đạo hiện nay khó khăn, vật liệu thô mộc như vậy cũng đã là khó khăn lắm rồi.",
  "10566188198772236922": "Dấu hiệu sát thương chân khí",
  "10566196276244005457": "Vậy... vậy cũng không thể giấu kỹ như vậy được! Người ta luôn phải chui ra từ đâu đó mà... Tóm lại, sư phụ ta có thể biến người sống thành người chết, Hàn nương tử cũng vậy. Bọn họ nhất định có chỗ nào đó chúng ta không biết để giấu!",
  "10566237870299632783": "Kỳ Ngộ - Thiên Hạ Vô Đản",
  "10566305146174218613": "Người bí ẩn",
  "10566350894119275760": "Lao nhanh về phía mục tiêu và chém tới.",
  "10566399656986684678": "Hồ Kiện Lực",
  "10566411267262256527": "Hả, thì ra thiếu niên “thắng” tỷ tỷ tại hội quần anh lần trước chính là ngươi à.",
  "1056642166347484073": "Ngài cũng đến xem thuyền sao?",
  "10566445321423601561": "……Cảm ơn ngươi, ta hiểu rồi.",
  "10566450697194163412": "Phần thưởng Thử Thách Luyện Kiếm Ngàn Đêm",
  "1056645100465480705": "Quay lại điểm lưu trữ",
  "10566624112402128420": "NPC Bối Cảnh - Ngự Uyển Khu - Cấm Quân Sĩ Binh",
  "10566629722090428026": "Đại Tống Quan Binh Giao Tiểu Thủ Lĩnh Rớt Thưởng Thế Giới Đẳng Cấp 7",
  "10566671606548975121": "Thiếu hiệp cứ đi từ từ. Lần sau dù có gặp khó khăn hay không, cũng nhớ quay lại xem ta vẫn để sẵn đũa cho ngươi.",
  "10566685321240430627": "Thoát ra 10 giây",
  "10566699017454485644": "Mười sáu",
  "10566790193810189876": "Trước đây là Lục Tật Quán, giờ là Thái Y Viện, đều dùng thuốc của tiệm ta. Ngài đã mua Địa Hoàng của tiệm ta, bốn bỏ lên năm cũng coi như là một đại hiệp giang hồ, một quý nhân trong cung rồi!",
  "10566800038923610989": "Ánh nến của ngươi, là phương hướng của ta",
  "10566810535091163320": "Chúng tôi khen bạn đấy!",
  "10566834908900698293": "Đẩy lùi",
  "1056685265086680107": "Ưu tiên tiêu hao Tinh Thuần Nội Tức",
  "10566873338336491135": "Phụ kiện xây dựng mới cho Bách Nghiệp tổ chức 9",
  "10566896464667754079": "Hồ Kiện Lực",
  "10566955091698495720": "Trần Gia Tranh",
  "10566968834802830010": "Đấu ác: Cố ý ức hiếp dân chúng Đấu Ác, phạm tội #YĐấu Tội#E.",
  "10566996206480845390": "Loạn Bì Phong",
  "10567083593435522107": "Ngoại hình vũ khí - Song đao",
  "10567141997626769095": "Độ yêu thích",
  "10567152758753579071": "Ngươi thật là vô liêm sỉ, ngươi còn nhớ đến trái tim hiệp nghĩa mà ngươi từng nói khi còn trẻ không!",
  "10567197939759174943": "Thiêu Từ Lĩnh - Điểm Tái Xuất Hiện Chiến Lợi Phẩm Thêm Mới 322",
  "10567329255989749256": "Thế Giới Đẳng Cấp - Lục Lâm - Thảo Tặc (Đơn Đao)\\nTuần Tra Định Chế Động Tác: Có",
  "10567379385146518604": "Khoảnh sân nhỏ phía đông biển khổ... Đây chính là nơi ở của vị tiền bối say rượu họ Khâu kia sao!",
  "10567382721567355511": "Đang tải",
  "10567462652775704486": "Bảo Tương · Thanh Hà",
  "10567494487951534419": "Phật Quang Đỉnh - Xuất Sinh Điểm 10",
  "10567518512906111702": "Đừng nói linh tinh, ta chưa bao giờ không có gì! Chỉ là khoảng thời gian trước, ta đi câu cá ở đầm nuôi trồng thủy sản mà nhà ta nhận thầu.",
  "10567552179871913699": "Du Lập",
  "10567552933027297839": "Vị trí Tiên sư Nha",
  "10567559112287546962": "Nhất Thực Tướng Ấn",
  "10567578404263849642": "Âu Gia Hạo",
  "10567595511569176045": "Nhập Ma · Tam Trọng",
  "10567707325460172581": "Phong tục địa phương",
  "10567733925260863185": "Lữ Giai Nam",
  "10567735858020647811": "Súc Cốt Công - Mộ Từ",
  "10567749508826317966": "#YLoài cá ăn thịt#E, sinh sống ở nhiều vùng nước như biển nông, cửa sông, sông hồ nước ngọt, tính thích nghi mạnh mẽ.",
  "10567749638741195156": "Chỉ mình cậu là thanh cao, để tôi làm cho!",
  "10567763793471587409": "Bách Nghiệp tổ chức xây dựng thêm thành phần 636",
  "10567776394554456370": "Đi đến tầng trên Cung Công Chỉnh",
  "10567792388585990644": "Không thể luận đạo bằng lời nói trong chiến đấu",
  "10567806196285249157": "Hoàn thành chính chương: «Khách mới Khai Phong · Khởi hành»",
  "10567814884184397360": "Đại Tống Quan Binh Mô Bản Quái Vật - Yển Nguyệt Đao",
  "10567849176103421857": "Đồng Hao",
  "10567856874957059290": "Lễ Bao Người Được Mời - Trường Minh Ngọc *30、Chấn Ngọc *10",
  "10567861405096597800": "Noãn Thạch",
  "10567916549942707878": "Thì ra là ở đây! Xem ra so với Tiểu Bằng Cẩu, Trần Phát Tài càng thích mèo hơn...",
  "10567921838854718843": "Cực Nan",
  "1056793488887247237": "Hồ hoặc bệnh",
  "10567966517569885584": "Thiên Tuyền Đệ Tử 10",
  "10567989276655555522": "Đường dẫn lưu trữ ảnh",
  "10568031261995456262": "Thôi đi",
  "10568032730965983867": "Kỹ áp quần hùng",
  "10568056758335204323": "Miêu Chi Báo Ân - Cước Ấn - Điểm Vị 3",
  "10568082960518607186": "Phúc Giả",
  "10568102422805333154": "Bắc Minh Di Chỉ - Thạch Khối Vị Di - Sinh",
  "10568131496861044743": "Thập Lục ngõ",
  "10568184435812129012": "Khách say rượu",
  "10568197346441121685": "Tủ dầu lửa mạnh",
  "10568331789885153199": "Đại Thế Giới - Đại Tống Quan Binh - Chiến Ưng Tinh Anh (Hắc Hồng Công Dụng)",
  "1056837490907058826": "Người chết người sống đắp chung"
}