{
  "14223559537243533791": "",
  "14223559717399927669": "Điêu Lan Kiếm Ảnh",
  "14223601116066895999": "Đối thoại",
  "14223612668894560146": "#Y Nhìn qua khe cửa#E: Vào góc nhìn đặc biệt, xem thông tin ngoại hình của khách giang hồ.\n#Y Nghe gió đoán vị trí#E: Ở vị trí đặc biệt, sử dụng Nghe gió đoán vị trí để lấy thông tin về bối cảnh và vật phẩm mang trong túi của khách giang hồ.\n#Y Tra khảo#E: Đối thoại với khách giang hồ để lấy thông tin, phán đoán đối phương là người tốt hay kẻ xấu.",
  "14223653788433233278": "Ghi lại sau khi đối thoại với Nhậm Cao",
  "14223759150111616819": "",
  "14223762522726038270": "",
  "14223770308548190784": "",
  "14223777114395138890": "Vương nha nội",
  "14223805945731869852": "Công thức · Cuốc chim · Cấp Sáu",
  "14223822381958559546": "",
  "1422382342882012162": "Kiếm đồng tử",
  "14223864051026471900": "Tên bốn chữ",
  "14223865264142302700": "Làm ảnh cho Bích Liên",
  "14223868679751520650": "Giang hồ nhân",
  "1422387093289252162": "",
  "14223939142000111710": "Vùng bị thương sưng đau, chức năng chi thể một phần hoặc hoàn toàn mất đi, thậm chí xuất hiện dị dạng và hoạt động bất thường.",
  "14223987070562935618": "Cơm gạo trắng",
  "1422400442674980265": "",
  "14224014011597072737": "Tải",
  "14224034025749155204": "Văn bản mô tả vị trí truy vết",
  "14224045731298362009": "Mới đến bang hội, nếu có vấn đề gì, có thể hỏi sư muội của ta là Tiểu Xuân trước.",
  "14224075480174349718": "Chào Đoan Đoan, cho ta tờ đơn thuốc làm gì?",
  "14224099812570527289": "Xin cáo từ",
  "14224141926609280200": "Yêu nhau không thể ở bên nhau, cuối cùng trời chia cách, sao lại có thể coi là kết cục tốt đẹp được!",
  "1422415664641415814": "Lã Bố",
  "142241639258754742": "Đàm Hương",
  "14224248731630541822": "",
  "14224328094005665229": "Phần thưởng tiến độ đóng thuyền: 1/6",
  "14224339605514427048": "",
  "14224353212058353325": "",
  "14224449808955420903": "{3}\nTa vào năm {0} mắc bệnh {1}, sau được danh y {2} điều trị, cuối cùng đã khỏi bệnh.",
  "14224453207791109242": "Nam... Nam Chúc công tử?",
  "14224480219435758932": "Yến Sào Thảo?",
  "14224575731660421685": "",
  "14224626315161011699": "",
  "14224633360931211881": "",
  "14224691346669959915": "",
  "14224756144548730572": "",
  "1422476632169006447": "",
  "1422477968962946007": "Xem",
  "1422485353503279045": "Hàm Nương Tử",
  "14224854647918221941": "Chưởng quầy",
  "14224878330293060108": "Xin cáo từ",
  "14224910841238531805": "Câu đối thượng của ngươi thật là thiếu văn hóa, đối câu hạ không thể hiện được sự uyên bác của ta.",
  "14224919192474444688": "Bệnh về mắt với triệu chứng mắt đỏ ngầu, ngứa, hơi đau, sợ ánh sáng và chảy nước mắt.",
  "14224945824143452653": "Đỡ đòn",
  "14225006810526952149": "",
  "14225017195501061955": "Tăng tỉ lệ kháng ý hội #G3%#E",
  "14225023742650854036": "Khách say mây ngàn, tiên ngủ trăng sao.",
  "14225036095874986638": "",
  "14225044982871087897": "",
  "14225053741655718119": "",
  "14225075407793688570": "Hy vọng có người hiểu được cảm xúc trong tiếng đàn của nàng, có thể trò chuyện với nàng về những gì bạn nghe được từ tiếng đàn đó. (Sau khi thành công có thể quen biết người này, nhận được quà tặng cố nhân hàng tuần.)",
  "14225081259497498363": "Lý Đại Thân, cái bếp nhà bà bị cháy rồi sao?",
  "14225130553126046113": "Ta có thể lấy được rượu này, đương nhiên thân phận cũng không tầm thường, nếu kiếm được tiền, chắc chắn sẽ không thiếu phần lợi ích cho ngươi. Cơ hội không dễ có, ngươi hãy tự mình suy nghĩ cho kỹ.",
  "14225182101880609482": "",
  "14225197120145821274": "",
  "14225199637874195479": "Nhạn Hoàn Hương",
  "14225200488690223054": "Sở hận năm năm",
  "14225239565235053394": "Ta nhìn thấy rồi, bên trong này chắc chắn có mánh khóe, nghe nói tên chủ quán này có quan hệ họ hàng với ông cậu của đầu Tào.",
  "14225251573668644081": "Theo đuổi môn phái",
  "14225276512449746129": "",
  "14225293761894391072": "Tây Nam",
  "14225308618903619304": "",
  "14225327812239799642": "Đến bến đò, là muốn đi đò sao? Hai năm nay không ít người sang bờ bên kia, rất kỳ lạ. Trong núi trừ một nhà khách bỏ hoang ra thì không còn gì nữa... Chẳng lẽ ngươi cũng muốn lên đó?",
  "14225382333653125339": "",
  "14225388422011065079": "Ngô Đồng",
  "14225396512120599633": "Tương tác với Trụ Du Long hiện tại",
  "1422545263948221966": "{2}\nThân thể có chút không khỏe, qua chẩn đoán của danh y {0}, bệnh ta mắc phải là {1}.",
  "14225457826200724081": "",
  "14225473597806005776": "Oa a!",
  "14225522018434273355": "Thuốc bí ẩn để chế tạo Cát Tiểu Thử · Nhị",
  "1422552806225149843": "",
  "14225608333757052310": "Đàn em Vô Ưu Bang",
  "14225625286238024913": "",
  "14225628059960402473": "Ngươi và Y Đao chết trong vụ tấn công ở Tú Kim Lâu",
  "1422570305298181391": "",
  "14225727955340058937": "",
  "14225749876476620095": "",
  "14225786944219066626": "Lần đầu tiên bị trọng thương ở Ngọc Môn Quan",
  "14225857769185945070": "",
  "14225876116496364697": "",
  "14225930104360036118": "Giá trị mặc định",
  "14225932358672128259": "Nhà xí",
  "14225959490315984602": "Sử dụng vật phẩm này, có thể học được công thức Dao săn đần độn.",
  "14225986008856309510": "Hay là mau chóng đem Sinh Kim Âu",
  "14226034330424362444": "",
  "14226044880340934255": "Giảm sát thương",
  "14226072869384624709": "",
  "14226119241768326055": "Chuồng ngựa đã đầy, không thể nhận được ngựa",
  "14226125988741931649": "NPC thủ vệ được chỉ định tham chiến",
  "1422616316971307260": "",
  "14226196804125304130": "Khi phát tác, sốt rét luân phiên gọi là “Chính ngược”; nhưng chỉ rét không sốt gọi là “Tẫn ngược”; chỉ sốt không rét gọi là “Đoản ngược”; sốt nhiều rét ít gọi là “Ôn ngược”; phát ở Lĩnh Nam không phân rõ rét sốt gọi là “Chướng ngược”; ngược lâu không khỏi có khối u ở mạng sườn gọi là “Ngược mẫu”.",
  "14226200950007173453": "Phần thưởng đột phá",
  "1422620239400826733": "Thế đạo dạy ta",
  "14226206155852582742": "Sương mù",
  "14226220880696893117": "Nguyễn Hàm",
  "14226245538089542517": "Rời đi",
  "14226259061692006222": "",
  "14226284171923771571": "",
  "14226292391655353288": "",
  "14226323594506865927": "Công thức - Cung Khuyết Nguyệt - Xuyên Dương",
  "1422636573166788368": "Đang tải dữ liệu...",
  "14226418475493193290": "",
  "14226419940277134979": "",
  "14226455008463552258": "",
  "14226582778079251572": "Bảng xếp hạng đua tốc độ bay",
  "14226612747430972548": "",
  "1422662576555891201": "Kiểu tóc",
  "14226671557329380495": "",
  "14226768494607305534": "Chẳng lẽ ta thật sự già cả lẫn mắt mờ rồi... Không thể để lão già cười chê... Ngươi, ngươi có chuyện gì quan trọng?",
  "14226773509244792462": "Cảnh này",
  "14226798812234936882": "Cá Ngừ",
  "14226820260753267833": "",
  "14226887616133230099": "",
  "14226890557102426513": "Đệ tử Túy Hoa Âm",
  "14226921825512192315": "Hạt nhân",
  "14227010359313500360": "Đau khớp",
  "14227078227620846619": "Cận chiến",
  "14227082491331173984": "",
  "14227085452934603999": "Phản hồi tư thế \"chào hỏi\"",
  "14227110466219538550": "Thiên Tuyền chảy từ núi tuyết xuống, nhưng nội tâm lại nóng hơn lửa. Giang hồ đồn Thiên Tuyền có tài sản giàu có địch quốc, nhưng chỉ có đệ tử Thiên Tuyền mới biết, số tiền này đã sớm được phân phát cho người nghèo khổ khắp thiên hạ. So với vàng bạc lạnh lùng, họ coi trọng niềm vui và giá trị cuộc sống hơn.",
  "14227130284728163927": "Không",
  "14227158424126573878": "Điều tra",
  "14227188001015623102": "",
  "1422721790105593747": "",
  "14227244731571134283": "",
  "14227265991772802302": "Phạm vi ngắm bắn phụ trợ tăng",
  "14227277505335100549": "Quạt võ học tăng trị liệu",
  "14227317605441759785": "Mạnh Tử",
  "14227325124629271834": "",
  "14227421388882380281": "Mũ trụ, giáp ngực, giáp ống chân, giáp cổ tay",
  "14227436453692790727": "Thu được bằng cách câu cá hoặc Thái Cực Trảm Cá. Thích mồi làm từ cỏ, dân gian có nuôi loại cá này ở nước ngọt.",
  "14227442715302109789": "Cái gì? Ngươi nói trên núi này có trộm sao? Con của ta phải làm sao?",
  "14227492980825816979": "",
  "14227505355614624575": "",
  "14227524746715041851": "",
  "14227553638510621464": "Đổi tiền tệ",
  "14227585545721076426": "",
  "1422759204873104552": "Bìa tùy chỉnh",
  "14227613188230062536": "",
  "1422765053595217142": "Trong Phàn Lâu, khách qua lại tấp nập, có lẽ là vì đêm Giao thừa có vẻ như sẽ có hội pháo hoa, hoặc có lẽ là vì tin tức về một mỹ nhân đàn tì bà mấy ngày trước lan truyền ra...",
  "14227671516570140871": "Bích Huyết Liên Hoàn·Liên Châu",
  "14227797289791693085": "",
  "14227817205591451419": "Thật sự không phải, đợi tan tiệc ta kể cho ngươi nghe.",
  "14227829826571731918": "Trọng kép",
  "14227889789944315447": "Thư sinh bỏ học",
  "1422790683162949737": "Nổi bật",
  "14227938652428931581": "Chúng bị Nghĩa Nhân ca áp giải đi về phía nhà chính.",
  "14227940980036506324": "Tăng {PRO_ATK_B} điểm tấn công Phá Thạch.",
  "14227985623291504690": "Thành phần xây dựng, dùng để dựng thuyền vẽ.",
  "14228005767476416676": "",
  "14228011671310530702": "",
  "14228036755191347743": "Tự động ném sau khi giữ ngắm bắn một thời gian, thời gian ngắm giới hạn #Y10 giây#E, quá giờ mặc định ném.",
  "14228095649156190960": "",
  "14228097932118224046": "Mau buông...",
  "14228132093175147190": "Học Trộm Có Đạo",
  "14228172322109781989": "Dân Tây Phường",
  "14228200050753874437": "",
  "14228201639718608036": "Dù sao thì có người của nha môn vừa đến bắt Trương Đao Nha đi rồi, nói là bằng chứng xác thực!",
  "14228218010496359377": "",
  "1422822671251720094": "Hỏi Tỉnh Trung",
  "1422826950470080814": "",
  "14228291820130765750": "",
  "14228297551513812758": "",
  "14228303986461664045": "",
  "14228322042629970652": "Hôm nay lòng ta vui vẻ, uống thêm ly nữa!",
  "14228331474086328414": "<Minh Xuyên Dược Điển|781|#C|10301> Kỹ năng cảm nhận hồi sinh <Thiên Kim Triều Ngọc|781|#C|10301|10301205> lượng máu hồi máu khi hồi sinh mục tiêu tăng thêm #Y75%#E。",
  "14228334047776088531": "",
  "14228359473533889243": "",
  "14228382727742407748": "Tóm lại, trên con đường này, không ai hiểu hơn ta.",
  "14228384944876889547": "Lối chơi đã bắt đầu, không thể đá thành viên đội ra ngoài",
  "14228461032627669492": "Hành Hiệp Trượng Nghĩa · Bốn",
  "1422848652217504657": "Đang tải dữ liệu...",
  "14228508731679012857": "",
  "14228560526850728396": "Học đồ",
  "14228575672282699666": "Có thể sắp xếp Lâu Tế Vũ thành bộ dạng như bây giờ, là nhờ bản lĩnh của nàng.",
  "14228614491180670855": "Nàng vẫn luôn tin vào những hiệp khách bất tử, vẫn luôn tin vào những chiếc lá vàng trên cây bất tử, cũng như cách nàng sẽ luôn nhớ về cơn gió bên bờ liễu.",
  "14228757822905430002": "",
  "14228860185252746105": "Đang nhận",
  "14228883728060427553": "Coi như ngươi thức thời, số tiền này ta thay đại ca thu.",
  "14228899725477810044": "Giảm sát thương",
  "14228985305197052039": "Được lắm, để ta xem bản lĩnh của ngươi!",
  "14229074523858646818": "Lối chơi",
  "14229126741848116801": "Nữ tử tiệm cầm đồ Cửu Gian",
  "14229204487307830740": "Nhấp để truy tìm vị trí người chơi đó, phát động #YTruy Bắt#E, đánh bại đối phương thành công, bắt đối phương vào tù",
  "14229245547808983870": "",
  "14229257340400855318": "",
  "14229266837217712529": "Lại",
  "14229271002142585156": "Mèo Tiểu Từ",
  "14229281012646155974": "...Đều là hồ ly ngàn năm, đừng giả vờ nữa.",
  "14229324420602882228": "Đi đến",
  "14229334047636055576": "Đọc thơ",
  "14229420420402925937": "Mạnh Tử",
  "14229428272804545332": "Nghỉ đủ rồi à? Lại đây, lại đây!",
  "14229464275040288351": "Những lời ngươi lẩm bẩm về Ngựa Trắng Ngựa Đen là có ý gì?",
  "14229473728727735863": "Còn dám ở lại nhà ta, ta cho người đến ném ngươi ra ngoài!",
  "1422948476903334348": "Bí mật",
  "14229514703439441523": "",
  "1422958078537495065": "Sát thương do lá chắn gây ra",
  "14229591295824883685": "Ngươi... Ngươi cũng không hiểu, đạo lý sinh tồn trong loạn thế sao?",
  "14229660167483799055": "Hí nha, sao lại ồn ào thế này!",
  "14229661721703061064": "Vì lợi quên nghĩa thật đáng thương, dùng tiền hại người thật đáng xấu hổ!",
  "14229673881827977564": "Đang tải dữ liệu...",
  "14229686204090634875": "",
  "14229751752774129194": "\"Vật gia truyền\"",
  "14229756092971663048": "Không nói sư muội, vậy nói về sư đệ đi. Sư đệ ta đọc binh pháp của tên khốn đó, nói muốn dựa vào ba bữa ăn sáu bữa gà để biên một điệu múa trận, ngươi nói xem, sao hắn không đọc binh pháp của gia gia?",
  "14229767437303038398": "Ngươi không phải nói mình là quán quân trốn tìm sao, sao lại bị tìm thấy dễ dàng thế!",
  "14229849994124024828": "",
  "1422985976254197595": "",
  "14229865573970504537": "",
  "14229869912595031529": "【Hồi tưởng】Kết thúc cách chơi khu vực bảo đảm thoát - Lý Hoán",
  "14229871624044737784": "[Giọng nói {}'']|{}",
  "14229875950429567205": "Ngươi chính là đại hiệp mà bọn họ tốn công tìm kiếm?",
  "14229880388381627511": "",
  "14229903825589063823": "Chưởng môn lệnh",
  "14229914463813903223": "Trần A Quý",
  "14229964523922145629": "Hướng dẫn Xếp chồng",
  "14229970900377756003": "",
  "1422997401131539007": "",
  "14230017665763489355": "Trước đây là binh lính dưới trướng Thẩm Nghĩa Nhân, sau khi chiến bại cùng nhau chạy trốn, trở thành thổ phỉ.",
  "14230127230259406129": "",
  "14230146014970670905": "Chưa dùng",
  "14230155360851076743": "",
  "1423021122704803098": "Tham gia Thiên Hạ Tranh Minh, có thể dùng võ để kết bạn. Trong lối chơi Thiên Hạ Tranh Minh, các vị hiệp khách có thể lập đội 5 người để tiến hành thi đấu 5v5. Thiên Hạ Tranh Minh bắt đầu vào chỗ lúc @T[time_19:45], dừng vào chỗ lúc @T[time_20], các vị hiệp khách xin hãy tham gia kịp thời. Sau khi trận đấu bắt đầu, tối đa 4 đội có điểm số gần nhau sẽ được ghép vào, tiến hành thi đấu vòng tròn bảng, tổng cộng ba trận, mỗi trận là thể thức 3 ván 2 thắng. Thành viên đội giành chiến thắng trong một trận đấu có thể nhận được điểm mùa giải và phần thưởng tiền tệ Bất Can.",
  "14230313575015759055": "",
  "14230314166461145659": "Phụ kiện mặt",
  "14230356474374538115": "Phòng thay đồ nữ",
  "14230369912644345436": "",
  "14230441857850292945": "",
  "14230468444744275355": "",
  "14230476190250334883": "Cao Cầu",
  "14230486403847902435": "",
  "14230544935040167629": "",
  "14230553147263527604": "",
  "14230637719324121297": "Rốt cuộc dùng chữ nào thì tốt hơn đây……",
  "14230669395791754250": "",
  "14230704626710273595": "Quỷ Thị này có hai mối đe dọa lớn. Một là #N Âm binh#E, chỉ có tránh đi, mới có đường sống.",
  "14230736295080091490": "Xạ Phúc (Soi mình)",
  "14230747151272344855": "Mở khóa Thiên Địa Vạn Lại đầu tiên",
  "1423077353400021118": "",
  "14230799178067800592": "",
  "14230807791987236663": "Người nông dân kia... lời nói có chút kỳ lạ, ta nghe không giống giọng người Thanh Hà. Có phần giống với... giọng người Khiết Đan mà ta từng nghe khi còn nhỏ.",
  "14230862798357991845": "",
  "14230906261969715325": "Chỉ là một chút...",
  "14230948851900284437": "Ly Nhân Lệ thì sao chứ?",
  "14230978455060046220": "Liễu Vĩnh",
  "14230994458799771056": "Thành tích xuất sắc, xếp hạng cao, thăng cấp thành {school}{status}",
  "14230995217974961490": "【Thuộc tính tu luyện】",
  "14231034437573792701": "Nhiêu Nhiêu nương",
  "14231120400048768857": "Trận đấu Đấu Cào Cào lần tới, ta nhất định phải thắng Hổ Sinh! Nếu có thể tìm được vài con cào cào oai vệ thì tốt quá.",
  "14231150945515721022": "Ngư Cảnh",
  "14231179187716578524": "Lão trượng yên tâm, bọn họ còn không phải là đối thủ của ta đâu.",
  "14231250931162640713": "",
  "1423126453115088520": "Hủy đánh dấu",
  "14231292437826499742": "Đang tải...",
  "14231318557831202252": "",
  "14231320075259835197": "Phạm vi độ sâu trường ảnh",
  "1423132142658489492": "Tỉ lệ ý hội <780|#C|23> tăng, hiệu quả tăng theo cấp độ chế độ đơn người (hiện tại: #Y{0:.1%}#E).",
  "14231336818521379920": "Trần Thiết Trụ",
  "1423134042943149870": "Thanh Khê bái sư - Hạnh Hoa Tam Vấn",
  "14231345860867438355": "Dùng #Y Trọng Lượng #E kích hoạt #Y Phiến đá #E, khiến đầu rồng nước phun ra #Y Trụ nước #E.",
  "14231401995598787174": "Nông chỉ là một dân đen bé nhỏ, đại hiệp muốn tìm, e là người đồng tên thôi chứ?",
  "14231458587161180100": "Liệt Ngôn, một trong Bát Tuấn Hà Đông, da đồng xương sắt, tính cách trầm lặng, nghĩa khí vô song. Mười lăm tuổi tinh thông Thiết Chưởng, đi khắp các môn phái. Ba mươi tuổi thành tuyệt kỹ, đạt đến hiệp khách. Thân cao chưa đầy bảy xích, hùng tâm có thể sánh ngang vạn phu. Sau trận chiến thủ quan ở Yên Nam, tuyệt tích giang hồ.\n\nCó người từng đồn đại thấy dấu vết của hắn ở Thanh Hà, ta đã đến thăm dò. Vượt qua Thiện Diệu Châu, đi về phía tây vài trăm bước, thấy Miếu Tướng Quân. Khắc đầu ngàn lần, nghĩa khí tự hiện. Hận ý treo trước mắt, chỉ người thành tâm mới nhận được.",
  "14231476376453769252": "Đầy tự tin",
  "14231532177175396440": "Không hái được",
  "14231534552331616923": "",
  "14231546628956824405": "Sẽ xóa loại thư từ sau",
  "1423155350388146372": "Đến lúc đó có ngươi phải chịu khổ!",
  "14231604029570430711": "......",
  "14231617607308026330": "",
  "14231652300764882771": "Đối thoại",
  "14231713683077873274": "",
  "14231749845495023888": "Thông báo vi phạm quy tắc môn phái",
  "14231768424932176894": "Tuệ Diệu",
  "14231797607751332696": "Đang nhận",
  "14231824845919688962": "",
  "14231864681539352202": "",
  "14231873642275593655": "",
  "14232050461700625530": "Qua ba nén hương, Sát Thần xuất sơn! #Y{0}#E đã liên tiếp giành được ba chiến thắng trong Đấu Trường Mãnh Sa!",
  "14232052707919712683": "Cô Vân Chưởng Môn",
  "142320701845072912": "Huyền cơ",
  "14232070525019328841": "Thời gian bay tối đa của tên được tăng lên",
  "14232076059687288645": "Sử dụng vật phẩm này, có thể nhận được ngoại hình tương ứng.",
  "14232085819370993016": "",
  "14232113821944068538": "Ngoại hình",
  "14232150182287529436": "",
  "14232207030589659569": "Thiếu hiệp xem hàng đi! Hàng giá cao của các nhà ta đều có bán!",
  "14232235452938733596": "Phong Thanh Dương",
  "14232262940657935190": "",
  "1423226879506608032": "Màn bắn pháo hoa thứ mười hai tối nay, chúc mọi người: #N Đại cát đại lợi, may mắn liên tục#E.",
  "14232291480844685595": "Vật",
  "14232300501024728421": "Thể hiện ra là đột ngột phát tác, tự động chấm dứt, lặp đi lặp lại các cơn co giật vận động, rối loạn tinh thần và ý thức. Khi phát bệnh ngã xuống đất, sùi bọt mép, không cảm giác gì, mắt trợn ngược, cơ thể gồng cứng, tiếng kêu như dê rống, sau khi ăn một lúc mới tỉnh.",
  "14232345387334770570": "",
  "14232448768428632203": "",
  "14232454601222605513": "Hoàng Tuyền Nhưỡng, đến uống một ly?",
  "14232479871724198226": "",
  "14232485364392729418": "",
  "14232535377724508467": "Cuốn sách có tiêu đề mơ hồ"
}