{
  "13901917379856447370": "Đem Trân Châu Huyền Cơ lấy ra giao cho Cô Vân đạo trưởng.",
  "13901929984081689758": "Ngươi thật sự đưa vật phẩm đúng sở thích của ta rồi! Ta phải suy nghĩ xem nên tặng lại ngươi cái gì mới được...",
  "13901934889609216134": "",
  "13901985507609690554": "Gã béo to như thế, giấu ở đâu được?",
  "1390206595632655711": "Tùy tùng: Điện hạ, vật ngài bảo ta mang theo này rốt cuộc dùng để làm gì vậy?",
  "13902082348642114335": "",
  "13902136851003113251": "Hai bên sống mũi",
  "13902208299141897159": "Cần phải vượt qua Hoa Khôi Chi Tranh · Liễu Thanh Y",
  "13902224474157415571": "Quản sự Tửu Hoa Âm, chịu trách nhiệm tiếp đãi quý khách có ý muốn trải nghiệm Vũ Phi Thiên.",
  "13902237345622611662": "",
  "13902250140740505874": "",
  "1390226011698849538": "",
  "13902289061408699689": "",
  "13902307491021499861": "",
  "1390234812056631163": "",
  "13902371796494054063": "",
  "13902380132965077156": "Điểm trị liệu",
  "13902391090500969513": "",
  "13902412054267642942": "Đóng băng",
  "13902445948651217523": "Haizz, không khéo cái bụng nó thoải mái nên ăn hơi nhiều, nên là...",
  "13902466966649409587": "Hóa bướm bay đi",
  "13902470549452554637": "Giới Hạn Trên Chiến Ý Tăng Thêm Một Ô, Và Khi <Khí Huyết Tối Đa|780|#C|13> Đạt #Y50000#E Điểm, Sẽ Tăng Thêm Một Ô Nữa (Hiện tại $STEADY_HP_MAX:.0f$).",
  "1390250455118856880": "",
  "13902547290207521474": "",
  "13902553969693697213": "",
  "13902554163017576604": "",
  "13902593683912465202": "Cô gái tốt, chúng ta chia tay ở đây nhé! Lần sau gặp lại, ta sẽ mời cô diễn một vở kịch khác!",
  "13902630696167070593": "Các thành phần xây dựng, dùng để dựng nhà.",
  "1390264886617531085": "Chỉ là chuyện cũ bị lãng quên mà thôi...",
  "13902652471574515050": "Trong Thái Bình Vũ Mộ, hoàn thành bài kiểm tra Căn Cơ tầng mười",
  "13902698765117238670": "Cáo từ! Ta còn phải đi tìm dì Hàn!",
  "13902703665059411915": "Sau khi đỡ thành công chiêu kiếm Ta đao, có thể bỏ qua việc tích tụ và thi triển kỹ năng trọng kích tích tụ trong một khoảng thời gian nhất định.",
  "13902714550048480160": "Hoàn thành 3 lần cứu trợ nhiều người đánh giá [Cực]",
  "13902724869929420764": "",
  "13902740892381976348": "Dân làng",
  "13902754299016651574": "Rời đi",
  "13902826703831239416": "Điều tra",
  "13902848205866407423": "Oánh Oánh?",
  "13902862077523013611": "Thử nghiệm ngựa đi 3",
  "13902876640295444879": "",
  "13902895706486697587": "Hoàn Bích Quy Triệu",
  "13902962427657692274": "Trò chuyện với Lê Thuận",
  "13903026291538135249": "{2}\nTrong người có chút bệnh, được danh y {0} chẩn đoán, bệnh ta mắc là {1}。",
  "13903050426348131284": "Ngươi nói linh tinh gì vậy! Ngươi mơ thấy à! Hôm qua ta còn thấy ngươi bị gà mái nhà họ Giả rượt chạy đó!",
  "13903066522443963604": "Hỗ trợ hoàn thành bản đồ Kế hoạch Phi Thiên",
  "13903067807693503537": "",
  "13903084908732589392": "Thiên Nhai Khách Du Giang Hồ Sở Lục",
  "13903129097890527292": "{2}\nThân mang bệnh tật nhẹ, được {0} đại danh y chẩn đoán, bệnh ta mắc phải là {1}.",
  "13903133876358448602": "Chúc Tiểu Cương",
  "13903135473116149942": "Cư dân Linh Hạnh Thôn",
  "13903234902776136286": "Nông công cần cù, nhà ở ngoại ô Khai Phong.",
  "13903285846355303327": "Đang tải dữ liệu",
  "13903317374129335879": "Chạy chậm như vậy là chưa ăn cơm sao?",
  "13903327536273854019": "",
  "1390333141190244214": "Vạch trần bộ mặt thật của Thiệu Đông Gia ở Thăng Tiên Độ",
  "1390336126059082068": "Khi nhận phần thưởng thủ lĩnh cảnh giới nhận Hoàng Chung Trường Minh, có #G10%#E xác suất nhận thêm một viên Định Âm Thạch",
  "13903399936729113058": "",
  "13903497061965774557": "Rời khỏi",
  "13903499761488148854": "Độc · Tích Hủy Tiêu Cốt",
  "13903501393671181411": "Cấp 51",
  "13903528706507862095": "Vì vậy người trong giang hồ thường kết nghĩa sư đồ, khiến học vấn nối tiếp, người dạy thì làm rạng danh đạo lý, người học thì kế thừa chí hướng, há chẳng phải là điều tốt đẹp sao?",
  "13903529351797225441": "",
  "13903539271342720850": "",
  "13903565038119581603": "Bồn tụ bảo",
  "1390358887205789281": "Sau đó thì sao?",
  "13903622521881028144": "",
  "13903641670246318757": "",
  "13903660140462412832": "Cảnh các ngươi ân ái như vậy, ngay cả tiên tỷ có đến cũng không đổi, đúng không?",
  "13903684351483554715": "Một quán mì nhỏ trong trấn Thừa Ân, nghe nói người bán không phải người địa phương, quanh năm đi đây đi đó học hỏi cách làm mì của các nhà, muốn làm ra một bát mì ngon nhất thế gian.",
  "13903711941254734579": "Tự động: Thoát khỏi chiến đấu",
  "13903781309834365038": "Đặt để",
  "13903803714086228656": "",
  "13903862970311508577": "Những nhân vật giang hồ lớn như chúng ta làm sao có thể tùy tiện để lộ thân phận? Ngươi không cho mượn, ta tìm người khác vậy.",
  "13903896075744721419": "Tống Thời Tắm Đường có tên gọi tao nhã, vì tắm bằng các loại hương dược và hoa cỏ mà có tên, nơi đó ắt treo ấm đun nước ở cửa.",
  "1390394150718481140": "",
  "13904037621220782157": "Nguyên Điềm Điềm",
  "13904037728511752116": "Trình độ sinh sản nghề nghiệp: 15601~17900",
  "13904050682377891432": "Nội tức không thể vận hành thông suốt.",
  "13904058728375315860": "Cái trống",
  "13904071004192771511": "",
  "13904076634101447559": "Phong trưởng lão hài lòng cúi người, ngồi bất động trước án.",
  "13904120074139924829": "Đối thoại với đại ca Triệu",
  "13904123073278823263": "",
  "13904143636616808710": "[Sao chép]",
  "13904169018781359906": "",
  "13904207503378886895": "Phụ bản",
  "13904242279737460922": "",
  "13904250280214659970": "Yếm",
  "13904257882752242409": "Ngươi ngủ thiếp đi...",
  "13904299759822658817": "Muốn gặp Pháp Tướng của ta",
  "13904311524547556238": "Đội ngũ",
  "13904323685959020794": "Ta theo Sư tỷ Hàn đi khắp thiên hạ, có thư sinh nói đàn tỳ bà của ta \"lợn to lợn nhỏ té xuống vũng bùn\", khiến ta thực sự không hiểu...",
  "13904331884939183736": "Chờ Long Thủ cấu hình",
  "13904358042122960627": "Ê? Thiếu Đông Gia, sao ngươi lại đến đây?",
  "13904377251213584545": "Áo quây",
  "1390446735636127157": "",
  "13904477458229907045": "Tâm pháp Ngưng Thần",
  "13904503530203954697": "Tật về kinh lạc đã tích tụ lâu ngày, kinh mạch đứt đoạn, mạch lạc hư tổn, nếu không có Y Thánh tái thế thì không thể nối được.",
  "13904511382420896970": "Khu vực hợp pháp của vị diện chồng chất",
  "13904524842733996291": "",
  "13904545522557169834": "Lần thử thách học viện nào mà không phải ta đứng đầu? Sau này ta chắc chắn sẽ kế thừa y bát của chú Húc, giúp dì Chun và dì Qiu chống đỡ cả Lĩnh Hạnh Thôn!",
  "13904631586737677102": "Xe tăng súng - Bát Phương Phong Lôi Thương đại chiêu",
  "13904667032443628822": "",
  "13904706880118925904": "Đã bắt đầu trò chuyện thoại với $link#Y{}#E^50224^$",
  "1390472800014238470": "Chuyện này tà khí lắm, sao? Lại là nhà anh Trương à.",
  "13904741501416336886": "độ rộng nền tự điều chỉnh",
  "13904741707491649067": "",
  "13904799338257501729": "Với cái đầu của hắn, có thể lo cơm ăn áo mặc được đến bao giờ?",
  "13904805208448895098": "Hoàn thành mục tiêu thử thách mùa giải 【Tham gia lối chơi】",
  "13904806198113878412": "",
  "13904812544592452848": "Đối thoại",
  "13904820268863357090": "Tôn Mãng",
  "13904852697605264999": "Sự kiện ảnh hưởng nghiêm trọng đến thần trí",
  "13904861430202224511": "Tương truyền, nhiều năm trước đã tuyệt tích giang hồ của Thương Lãng Kiếm Phổ tái hiện trong #YTrạch của Triệu Phổ#E, hiện tại không ít người giang hồ đang chờ thời cơ.",
  "13904864581822584742": "Chim non tập bay, tiên sinh chỉ biết vui mừng, sao lại trách phạt chứ? Việc sắp xếp sau này, chỉ có thể tính toán trên đường đi thôi...",
  "13904890685895645094": "Khí huyết hỗn loạn, lạc mạch ứ trệ, kinh lạc vận hành thất thường, não mất đi nuôi dưỡng, không thông thì đau.",
  "13904896587472213320": "Quỷ Ông trấn thủy... Phong niên vĩnh tráo...",
  "13904898012032194895": "",
  "1390496123136218621": "",
  "13904977129247091072": "",
  "13904986603685154953": "Mười sáu đồng hoa, tập hợp đủ cho ta. Ta sẽ trả lại ngươi một thần binh tuyệt thế. Cân nhắc nhé?",
  "13905010416654543815": "",
  "13905037073779462570": "",
  "1390506311894029812": "Sử dụng vật phẩm này, có thể nhận được ngoại hình tương ứng.",
  "13905072471049704980": "",
  "13905111921611905256": "",
  "13905141191221253468": "Đối thoại",
  "13905158970103182662": " Xây dựng thành phần, dùng để dựng nhà.",
  "13905180025572656979": "",
  "13905223039611366129": "",
  "1390527267850362686": "Hồ Ngưu Nhi động người bán tạp hóa",
  "13905295211451014205": "Hoang Hồn Giả",
  "13905362122902709557": "{2}\nThân có chút bệnh, qua chẩn đoán của danh y {0}, bệnh ta mắc phải là {1}.",
  "13905392930551620862": "Đúng rồi嘛. Chơi thêm ván nữa!",
  "13905403389984220145": "Linh Lung",
  "13905423951075788819": "Xây dựng Bách Nghiệp Tổ hợp thêm 833 linh kiện",
  "13905435948839172253": "Tương tư khổ, kỳ hẹn không thể giữ……",
  "13905498110626309442": "",
  "13905511479737762342": "Phẩm chất:",
  "13905516138860947757": "",
  "13905540195721903672": "Chu Tà Cốt Lặc",
  "13905559189091778069": "",
  "13905559920625744937": "",
  "13905564928487865415": "",
  "13905569150327216486": "",
  "13905664105704541202": "Đối thoại",
  "139056663924734443": "",
  "13905666627536601456": "Trôi chảy",
  "13905668590517978095": "",
  "1390568514885938063": "",
  "13905704211995350326": "",
  "1390571479264300849": "Chỉ huy sứ đừng vội, ta đi tìm hắn.",
  "13905783994168623533": "",
  "13905803447425168559": "Chỉ Huyền Thiên Chú",
  "13905811743270052323": "Gió Đông tiện thử đao mới vạn lá ngàn hoa một tay cắt.",
  "13905882469766376634": "Sao người bán hàng lại cau mày thế này......",
  "13905899548107387864": "Lính điên",
  "13905924103454201927": "",
  "13906025172141967466": "Khu vực kích hoạt BOSS Múa Sư tử ngoại thành",
  "1390605049748639036": "Đinh Đại gia",
  "13906069244076200018": "Mặc bộ trang phục đệ tử Túy Hoa Âm",
  "13906079253957128433": "Đang trang bị",
  "13906152110212272824": "",
  "13906156187049313327": "Đối thoại",
  "13906180049456065359": "",
  "13906230221795504491": "",
  "13906233911598538125": "",
  "13906240644264631809": "Tất cả bạn bè",
  "13906296692198240133": "",
  "13906297614497399572": "Chu Quyên",
  "13906308482439295383": "{2}\nTrong người có bệnh nhẹ, qua chẩn đoán của danh y {0}, căn bệnh ta mắc phải là {1}.",
  "13906353898307587547": "",
  "13906417567665238169": "Nguồn sát thương",
  "13906430348168223938": "Đá khắc chữ “Hải”",
  "13906524081559389523": "Phối hợp với cậu bé, xem ai đã dạy chúng những động tác đó",
  "13906526667843922605": "Khách nhân muốn gì, hãy xem xem!",
  "13906536923567363467": "Tâm pháp ",
  "13906578322194289642": "Tỉnh lại đi…… Tỉnh lại……",
  "13906669450271156406": "",
  "13906755381352735993": "Còn lại",
  "13906759310906239930": "{2}\nThân có chút bệnh, được danh y {0} chẩn đoán, bệnh của ta là {1}.",
  "13906813102185121733": "Yến Lá Một - Quyển Một",
  "1390681574966246533": "",
  "1390682109474642361": "",
  "13906897478205170220": "",
  "1390690646216327192": "Thiết Đầu Oa",
  "13906912067159458523": "Trường Hận Tiên",
  "13906923965707500238": "Khi sử dụng kỹ năng phản công phòng thủ đánh trúng đơn vị không ở trạng thái phòng thủ, gây thêm 15 Sát thương Chân Khí, và hồi phục 5 Chân Khí cho bản thân.",
  "1390692695493261516": "",
  "13906967630202369282": "Đối phương đang nhìn ngó ngươi từ trên xuống dưới",
  "13906975566082893379": "Nếu tiệm nhà ngươi sạch sẽ, ta sẽ dập đầu nhận ngươi làm cha.",
  "13906982133851969548": "",
  "13907005840561384143": "Đó là...?! Hắn, hắn không còn hơi thở nữa...?!",
  "13907110393920358998": "",
  "13907124004569051669": "Tật Kiếp",
  "1390713754516718199": "Tìm cách đi sang bờ bên kia",
  "13907143463560936637": "",
  "13907259313833048172": "Vô Tướng Hoàng",
  "13907259565451509739": "",
  "13907265384678135730": "Bọn cướp ở Long Hổ Trại, ngưỡng mộ danh tiếng Tam huynh đệ Long Hổ, bèn tìm đến, rồi thất vọng trở về.",
  "1390732439116714002": "Đại hiệp cứ làm bộ làm tịch như vậy, sẽ dọa trẻ con đấy, dù không dọa trẻ con, dọa hoa cỏ cây cối, chó mèo, heo báo gì đó cũng không tốt đâu.",
  "13907331867411340109": "Hồi phục 3%+600 điểm khí huyết mỗi giây, kéo dài 4 giây, có thể hồi phục khí huyết dựa trên 10% lượng sát thương gây ra, hai kỹ năng được thi triển đầu tiên trong thời gian duy trì chắc chắn sẽ Chí Tâm.",
  "1390734285377081846": "Đoạn thứ hai",
  "13907357686235938421": "Quần chúng nhiệt tình",
  "13907366850223901731": "Năm Hiển Đức thứ hai, Thế Tông lệnh quần thần dâng «Bình Biên Sách», «Chế Chỉ Binh Pháp», áo giáp mới được thay đổi, uy quân nhà Hán được chấn hưng lớn.",
  "13907386081282611163": "Mèo",
  "13907386580996525493": "",
  "13907442413570552787": "Chính là ông chủ quán kia nói muốn về quê rồi.",
  "13907468953090758552": "Trong trận này, mỗi lần đánh Cương sẽ hồi phục sinh mệnh của bản thân, tỷ lệ hồi phục là #G92%#E của sát thương đánh Cương.",
  "1390760869799297600": "Rời khỏi",
  "13907671829504547683": "Công nhân làm việc tại cửa hàng trái cây Mạch Hương Tập.",
  "13907673808436323708": "Giáo tập Thanh Mi",
  "13907674101978839488": "Hoàng Đạo Du Nghi",
  "13907679639714273462": "Giữ cho bản thân sống sót",
  "13907694761328725090": "Hoạt động bẫy yến sào",
  "13907792322008944903": "Người lái đò từ trên trời rơi xuống Bác Lãng Sa, kiếm sống ở Lâm Tân Độ.",
  "13907804671280176647": "Sinh Kim Âu 5-500",
  "13907858353525111266": "Tổng giá",
  "13907865086077748797": "",
  "13907895374606281919": "Bạch cốt như sơn, kỳ niên táng hàn hôi.",
  "13907909533903533609": "Đối thoại",
  "13908026727087956010": "",
  "13908080359331398876": "Chủ quán trà ở Trường Hưng Tập, ngắm nhìn giang hồ người đến kẻ đi, người đến ăn trà hay thăm dò tin tức.",
  "13908118057113666038": "Ồ, ngươi cũng muốn vào Vô Ưu Động à? Vậy thì phải xem con dao trong tay ta có chịu không đã!",
  "13908143635442825490": "Quần áo ở Vũ Y Lâu đẹp quá, các nữ thị cũng đều xuất sắc, chắc hẳn vị chủ lâu kia phải là tuyệt sắc giai nhân, khuynh quốc khuynh thành đây nhỉ?",
  "13908145352740239658": "Trì tự chi số, phi xuất thần quái, hữu hình khả kiểm, hữu số khả thôi. Đây chính là — Tích Củ Cửu Kiếm!",
  "13908181285491346658": "Rất tiếc không đủ điều kiện để đăng ký",
  "13908199072262372880": "Dân làng",
  "13908201786181442944": "Tỳ nữ nhà họ Tiêu.",
  "13908222027031003886": "Vương Đại Lang, ngươi lại lừa người!",
  "13908229862089310558": "Mọi hương vị trong nhà",
  "13908254024321676635": "",
  "13908271088916373051": "Tìm chủ quán rượu",
  "13908273784264223313": "",
  "13908303352763134991": "",
  "13908318801030583299": "Chín ngàn văn, không mặc cả.",
  "13908319968642468464": "Tăng cường sát thương",
  "13908322844799501813": "",
  "139083316477549590": "Thân đúc Xuân Thu · Đồng · Ảnh",
  "13908335494307986099": "",
  "13908340923150849751": "",
  "1390835596362279351": "Đối thoại",
  "13908370770021786804": "",
  "13908422041127131193": "Phương thức gia nhập",
  "13908424951172069020": "Truyền thuyết kể rằng, trên núi Ẩn Nguyệt ẩn chứa thần mặt trăng. Từng có một người núi quân lên đỉnh thần vào ban đêm, thấy bóng hình thần nữ, hát về phía mặt trăng, âm thanh trong trẻo vang vọng rừng cây, không ngừng nghỉ. Dưới vách đá son trên núi Ẩn Nguyệt, rốt cuộc ẩn chứa bí mật gì…",
  "13908514447569725648": "Thả ta ra, thả ta ra!",
  "13908517327016090020": "",
  "13908518492167000403": "",
  "13908645536558423326": "Vận động thi đấu",
  "13908655613226763466": "May mà có tuổi rồi nên ngủ nhẹ... Nếu không nhà có trộm mà cũng không biết...",
  "13908656189035111029": "",
  "13908687512907917693": "Ẩn chứa nghĩa khí trong đêm tối, lưỡi đao giấu trong màn sương dày.\nTình yêu đôi lứa, màu đỏ điểm xuyết đuôi tóc và thắt lưng.",
  "13908709408437075855": "",
  "13908725180377637238": "",
  "1390872573742812807": "Đề cử tạo nghệ Chuyên Hồ",
  "13908734603044585932": "Sau khi trở về từ Đền Tướng Quân đến Thần Tiên Độ, giếng bên ngoài đền Tướng Quân dường như luôn có động tĩnh khác thường, nhân lúc đêm khuya đến thăm, chắc chắn có chuyện lạ",
  "13908767135586755509": "Ta muốn hỏi... Cô nương luyện quân 'Xuân Giang Hoa Nguyệt Dạ' này bao lâu rồi?",
  "13908772729106603925": "",
  "13908811602529670064": "Mì, mì ngon.",
  "13908813433311793952": "Làm việc? Không thể nào, làm việc là không thể làm việc đâu, cả đời này ta cũng không thể làm việc!",
  "13908862779935418493": "Di chuyển bằng nút bấm",
  "13908926476989987385": "",
  "13908950893442662200": "Các bí địa Mặc Gia lưu lại khắp thiên hạ, tương truyền do Cự Tử Du Thế đời nào xây dựng, dựa vào thiên thời địa lợi, mở ra Thiên Công Địa Quật.\nĐịa Quật này nằm ở địa phận Bạch Mã Dịch Khai Phong, trong hầm chứa cơ quan thủy lực, dòng chảy cuồn cuộn. Những người muốn vào trong thử luyện, cần phải nghiên cứu sự tinh xảo của thần công thủy lực, mới có thể an toàn vượt qua.",
  "13908985736561562502": "Tải",
  "13909007613597187106": "Một người dân, chất phác, thường sống quanh Bất Tiên Tiên, ngày ngày làm việc từ sáng sớm đến tối muộn.",
  "13909132621466714168": "Lộc Tiên Nhân Cúng Dường 1",
  "13909173659353463917": "",
  "13909296315754571889": "Manh mối · Lạc Thần Thị Nữ Quan",
  "13909298560314860171": "",
  "13909312632665878940": "",
  "13909313064271601214": "Giá trị tối đa của khí huyết",
  "13909404952864359105": "",
  "13909561143511209234": "Khương Bách Hội",
  "13909572821724827396": "",
  "13909592842401820340": "",
  "13909611563794666084": "Xác suất nhận được phần thưởng hiếm trong chế độ tổ đội sẽ cao hơn.",
  "13909637933511412952": "Chẳng thèm làm khách tiên",
  "1390964152559887179": "",
  "13909684630128704367": "",
  "13909718729689632716": "",
  "13909770826547329977": "Chỉ vì ngươi trúng độc nặng, thời gian không còn nhiều.",
  "13909787847056336149": "Tăng sĩ đi hóa duyên từ đỉnh Phật Quang, cố gắng tranh ngôi thứ với Đầu Đà phá giới trong núi, không thành, bèn lưỡng lự không đi.",
  "13909807743765079824": "",
  "13909812629154660329": "",
  "13909825036421519578": "",
  "13909968445997674023": "Vô danh",
  "13909992412167509126": "Quá lợi hại!",
  "13910005571380703117": "Hả, chuyện gì vậy?!",
  "13910083332095641366": "",
  "13910083592531210898": "Menu",
  "13910159655386217676": "Thật sự có tác dụng!! Chẳng lẽ truyền thuyết Lộc Tiên Nhân là thật sao?",
  "13910168075546867682": "Xem lời mời",
  "13910188673324232672": "",
  "13910191997910919014": "Trò chuyện với đứa bé lén lút quan sát, mở ra một kỳ ngộ.",
  "13910217250452003394": "",
  "13910221649613075564": "$T(5002)",
  "13910229070296783415": "【Cửu Khúc Kinh Thần Thương】 Số lần liên kích cần để nhận hiệu ứng tăng cường võ học giảm từ 5/10 xuống còn 4/8, khi đánh trúng bất kỳ đơn vị nào bị bản thân gây hiệu ứng chảy máu, sẽ có xác suất #Y60%#E/#Y70%#E/#Y80%#E/#Y90%#E/#Y100%#E để số lần liên kích tăng thêm 1.",
  "1391023442911608133": "Đại nhân yên tâm, chuyện hương nến đều đã sắp xếp thỏa đáng rồi ạ.",
  "13910259543895855188": "Bị giữ mà không phục",
  "13910299491579860448": "Nhất định nhận được kỹ năng Định Âm phổ thông"
}