{
  "11102656269406650837": "Bao tiền - Bao tiền của ta——",
  "11102680933047815773": "Trừng phạt Giang Vô Lãng thời trung niên",
  "11102682490286785351": "Kẻ hay khóc biết mọi điều",
  "11102706962331603998": "Hahaha, không ngờ hôm nay lại gặp được một vị đại hiệp.",
  "11102712058150535774": "Phím {1} để vào Lắng Nghe và Phân Biệt, xem tình trạng cơ thể của mục tiêu",
  "11102719592686512963": "Trần Lão Quái",
  "11102761335724511385": "Nghễn",
  "11102799372160829334": "...Đứa con nhà ta, còn có cái tên phu quân tính tình ồn ào, hồi nhỏ còn náo nhiệt hơn An Khang nữa.",
  "11102800686321627370": "Thuyết phục",
  "1110281303067006230": "【Tổ Đội】Cùng Sồ Yến liên cơ hoàn thành 10 lần Trấn Thủ · Khiêu Chiến bất kỳ",
  "11102854649592893944": "Gọi đi theo",
  "11102873081869705981": "Đúng là như người ta nói — Chim chiếm ổ quạ!",
  "11102873456470570502": "Đoạt Thiên Tạo Hóa Thuật",
  "11102888765085800606": "Gây ra 130.0% sát thương, trong trận này, xác suất lời lẽ gay gắt của bản thân tăng 2 tầng (62.0%), tối đa cộng dồn 6 tầng.",
  "11102906797945584607": "Điền Dã",
  "11102907996100996179": "...",
  "11102936251973285099": "Cù Dục",
  "11103019694201335727": "Danh sơn viết sử cổ, phù hí đề thơ. Ngắm hết Tử Vi lang, khí khái lạnh như sương thông xanh.\nPhù hí có núi, trên đài Thái Nhạc, Bắc Thần rủ bóng, chúng tinh chầu về.\nPhàm phu ở thế, kẻ mê muội nhiều, đến đây cầu phúc, đắc đạo tâm an.",
  "1110302332395641109": "{2}\nThân có viễn, được danh y {0} chẩn đoán, bệnh ta mắc phải là {1}.",
  "11103041083149696620": "Sờ",
  "11103046822639788257": "Mê thất trong tâm ma",
  "11103065881368241406": "Dược Phẩm Bao Nhất Đẳng",
  "11103076454864835116": "Có muốn trục xuất #Y{}#E khỏi liên kết không?",
  "11103089456485310624": "Thử nghiệm báo nhỏ hoa",
  "11103167164077582828": "Chu Vũ Lâm",
  "11103188756443255318": "Chế tạo các thành phần, dùng để xây thuyền hoa.",
  "11103204581776668433": "Được bầu làm Long Thủ Bang hội {1} lần",
  "11103284140940245801": "Đòn chém lên cuối cùng của <Kỹ năng Võ học: Nội Nhất Hoành Kính Số> nếu trúng đơn vị đang chịu đòn hoặc đang bị khống chế, sẽ thêm 2 tầng chảy máu.",
  "11103315365457204126": "Đại Tống Quan Binh - Sau quá cảnh thu tiền Đường lần hai",
  "11103355421986983688": "npc Trắc Thí Thành Nam",
  "11103365716766579515": "Tử Tượng Cư - Mộc Tượng Khu - Mễ Quả Nhi",
  "11103383204188350546": "Dân làng Phong Hòa Thôn",
  "11103397794335991698": "Ngân Tu Thỏ",
  "11103446309492287695": "Linh Hạnh Thôn - Phân Vi",
  "1110351095611211149": "Phượng Hoàng",
  "11103540662106884087": "Đang tải dữ liệu",
  "11103545376914152188": "Nhiệm vụ bang phái - Cứu trợ thiên tai",
  "11103686794506691307": "Quả Ác Tương",
  "11103751296539735473": "Phu quân, chúng ta đợi thêm chút nữa.",
  "11103771247953671812": "Ngự Uyển Bắc - Đạp Xuân Lộ Nhân 3",
  "11103856902678256778": "Ngươi nghĩ sao, không có chút bí mật nào sao? Sứ giả Khất Đan có thể trông coi chặt chẽ như vậy sao?",
  "11103884203933314815": "Thần am này quả nhiên có điều kỳ diệu......",
  "11103907881554561874": "Một tổ: 3 lá bài giống nhau hoặc 3 số liên tiếp",
  "1110391997767827771": "Điều chỉnh trang bị",
  "11103956148387615475": "Du Lập",
  "11103969492996203677": "Ra ngoài.",
  "11103986591299049358": "Lang Nha · Thần Tiên Độ · Linh Hạnh Thôn",
  "11104036210183161168": "Hắn... hắn bị thương nặng không qua khỏi, đã #N qua đời#E rồi.",
  "11104039354615737662": "Bánh Anh Đào ở Mạch Hương Tập",
  "11104131049502355251": "Ta có thể thao túng tâm lý ngươi không?",
  "1110417940088356977": "Thịt hầm",
  "11104305528787998618": "Hàn Anh một cành xuân nở sớm, soi người ngàn cây tuyết cùng trong veo.\nPhó nhã thổi tỉnh giấc mộng La Phù, vẽ mỹ nhân sống động như thật.\n\nTruyền thuyết kể rằng Mộ Hàn Anh từng tình cờ gặp một mỹ nhân trong núi La Phù nhiều năm trước. Hai người cùng uống rượu đến say, khi tỉnh dậy, chỉ còn lại Hàn Anh dưới gốc cây Đại Mai. Sau đó Mộ Hàn Anh dù không gặp lại mỹ nhân này nữa, nhưng bút lực tiến bộ vượt bậc. Phàm là vẽ mỹ nhân, không có bức nào không như thật, sống động như ảo.",
  "11104341917257808680": "Làm mới",
  "11104347783243081047": "Sát thương:",
  "11104353164310748677": "Chất vấn Yêu Yêu",
  "11104376280362067228": "npc Trắc Thí Thành Nam",
  "11104378624136133122": "Đông Khu Điếm Phố - Khách Nhân - Mặc Điếm",
  "11104385745257990714": "Hội Võ 3V3",
  "11104397951708880114": "Giày ngắn",
  "11104441613278401509": "Xây dựng tổ chức Bách Nghiệp tăng thêm 260 thành phần",
  "11104510577748514773": "Nam Môn Đại Nhai Tuần La Phông Nền 2-9",
  "11104522601112159190": "Văn Thạch",
  "11104527256195002791": "Sinh hữu thuật",
  "111045730541075141": "Túy Hoa Âm - Phàn Lâu Nhị Lâu Phân Vi - Dịch Hề",
  "11104594888128180337": "——《Thỉnh Thủy Khoa Nghi》",
  "11104599200951219510": "Huỳnh Uyên Quan Khải - Không entity",
  "11104627210136543688": "Nhất Diệp Bình Sinh 3 - Tư Nguy Viên Cựu Chỉ - Tuần La Phông Nền",
  "11104686196325094995": "Tăng Khuyên Tơ ${Y50}#E-${Y100}#E.\n<Khuyên Tơ Xuyên Thấu|780|#C|154> có thể tăng thêm dựa trên Tấn công Khuyên Tơ tối thiểu, hiện đã tăng thêm ${Y{1:.1f}}#E điểm. Cần ${Y167}#E điểm <Tấn công Khuyên Tơ tối thiểu|780|#C|151>(Hiện tại $STEADY_MIN_PRO_ATK_C:.1f$) để đạt giới hạn tăng thêm.",
  "11104727345381261561": "Kích Thế",
  "11104729112847522949": "Tất cả thư",
  "11104788664744444863": "Thuật ngữ Phật giáo. Ý nói tu hành tuần tự, tâm trí sáng tỏ hết phiền não, mới có thể đạt đến cảnh giới giác ngộ vô ngã.",
  "11104813873041075174": "Lê viên",
  "11104853130843980739": "Đánh bại Hiệp Khách đối phương được chỉ định",
  "11104872317636063537": "Thật sự hết rồi, trong chum không còn một hạt gạo nào.",
  "11104925855840111370": "Mao Bác Hà",
  "11104943980375616975": "Nếu ta có thể giống như đại hiệp, 'vụt' một cái là vật thể bay đến trong tay thì tốt biết mấy!",
  "11104972765991072222": "Cần mở khóa chế độ nhiều người chơi",
  "11104984893045541079": "Thiên Niên Độ Dân Chúng 62",
  "11105019758727424738": "Đổ Thánh Bí Tàng - Phân Vi",
  "11105021786219916583": "Trần Hiểu Hàn",
  "11105034622719237689": "Du Lập",
  "11105036687694536202": "Trương Chấn",
  "1110504436172291140": "Wow! Những chiếc thuyền này đẹp quá! Trên thuyền còn có, còn có... những chữ mà ta không nhận ra!",
  "11105061683988902230": "Bất Tiện Tiên Mã Đầu Ban Tửu Công 1",
  "11105096033657447384": "Nhược Thủy Ngạn",
  "11105121232619135799": "Khu vực thử thách môi trường - Thiên Tuyền - Hang Sói",
  "1110522884080917156": "Chụp ảnh chung",
  "11105238947589378997": "Tiến đến căn cứ",
  "11105254617763328396": "Cuộc sống tuy hơi nghèo, nhưng may mà không phải dọn đi…… Đã sống ở đây hơn nửa đời người, thực sự không nỡ chuyển đi mà……",
  "11105261847198074478": "Chu Vũ Lâm",
  "11105298288318069248": "Lần đầu tiên bị trọng thương ở Thanh Hà",
  "11105301335057833020": "Đúng là ba ngày không đánh, thì lên tận mái nhà cậy ngói, mấy ngày không để ý ngươi, ngươi lại lén lút vi phạm {1} quy tắc môn phái!\nThôi thôi, nể tình ngươi cũng chưa làm gì quá nghiêm trọng phản bội sư môn, lần này sư huynh ta sẽ tạm thời che giấu cho ngươi, nhưng ngươi phải biết điểm dừng, nếu để ta phát hiện ngươi làm những chuyện như bán đứng đồng môn, giấu giếm tiền bạc, cấu kết với kẻ gian, ta sẽ là người đầu tiên đánh ngươi!\nNhớ kỹ, hành sự theo bản tính cũng phải có giới hạn, sư huynh bao bọc ngươi một hai lần thì được, nhưng không thể bao bọc cả đời, những quy tắc môn phái sau này phải hoàn thành nghiêm túc, đừng để liên lụy sư huynh cùng ngươi bị phạt, biết chưa!",
  "11105313100276717621": "Bảo Tương · Thanh Hà",
  "11105322438944639196": "Không thể hành động trong vài hơi thở",
  "11105329874233695269": "Lương Tử Hàn",
  "11105339587047095154": "（Dâng hoa）Đây, đây là cành đẹp nhất mà ta tìm được!... Nếu huynh không thích, ta có thể đi tìm thêm!",
  "11105353588601482004": "{total_day:d} ngày {diff_hour:d} giờ",
  "11105357705793309715": "Dung Lô Quân Doanh - Phá Toái Vật",
  "11105360452331187000": "Theo dõi để đi đến chế độ liên thông treo thưởng, hoàn thành bất kỳ lối chơi nào #YNhận được độ khám phá#E, tăng tiến độ treo thưởng.\nĐi theo dấu vết treo thưởng, đối phương #Ytrực tuyến hay ngoại tuyến#E đều có thể vào liên thông.",
  "11105433025355352361": "Ngự Uyển Nam - Xạ Điện Vi Quan 13",
  "11105507133027275936": "Thương Hải Long Ngâm",
  "11105513987212923399": "Tìm Đồng Tiểu Vân trên nóc nhà",
  "11105530647144461985": "Tứ Quý",
  "11105546321415482314": "Trần Gia Tranh",
  "11105592587605254760": "Đi đến",
  "1110559322983430775": "Khụ! Chuông Quỷ Sao cái gì chứ, ta đây không có thứ đồ này! Đi đi! Đi đi!",
  "11105601157628799695": "Thủy Đậu (Thủy Tinh) còn được gọi là Thủy Hoa, được cho là do bệnh phát sinh do ngoại cảm phong nhiệt, bên trong có thấp trọc tích tụ, tỏa ra ngoài da.",
  "11105650553273374571": "Lão Vương",
  "11105696200666375482": "Hà Tây - Hồi Tố Tổ Kiện Trạm Đạo 1",
  "11105753439683652038": "Bác Vật Điều Mục 42, Thưởng Lệ Đương 6",
  "11105770757423103313": "Miếu hoang phế",
  "11105794814067113600": "Nghe lén",
  "11105809996424214042": "Ngụy Chỉ Tịch",
  "11105811292802780440": "Chu Vũ Lâm",
  "11105854707567704217": "Thủ Công Nghiệp Khu Tuần La Phân Vi",
  "11105859562231687123": "Thế Giới Đẳng Cấp - Phật Gia Trại - Tửu Nhục Hòa Thượng (Nguyệt Nha Xẻng)\nTuần La Định Chế Động Tác: Hữu",
  "11105873165681710729": "Sát thương giai đoạn hai",
  "11105884055949928391": "Xạ Phúc - Câu Lan Ngõa Tứ - Bài Phường Phụ",
  "1110590010530344322": "Ta —",
  "11105925818381444360": "Sử dụng vật phẩm này, có thể nhận được ngoại trang tương ứng.",
  "11105997281883029811": "Hà Độc Vũ Linh Bích",
  "11106025037149798276": "Tử Long Tinh (Toái Phiến)",
  "11106027945784019562": "Đối với người thành tâm, sử dụng tư thế hành lễ đúng đắn và thành kính có thể nhận được phước lành. Kẻ vô lễ sẽ phải chịu thiên phạt.",
  "1110610647574128238": "Đãi Định",
  "11106112040310079748": "Cái bến tàu này đến cả thuyền cũng không còn...",
  "111061202654040795": "Tửu Hương Ngọc",
  "11106121916427331503": "Đối thoại",
  "11106130699426050600": "Sau khi đột phá có thể mở khóa thêm kinh mạch #c9cac6...",
  "1110616053154143669": "Đi tới nơi đóng quân của Cửu Lưu Môn để thăm dò",
  "11106169289968935340": "Tử Tượng Cư - Cái Ốc Khu - Giám Công Sĩ Binh 1",
  "11106171592331657399": "Cư dân Thọ Xương Phường, công tử nhà giàu.",
  "11106224161047150614": "Ở đây đều là văn hào học sĩ, có thể xin chỉ giáo, biết đâu được quan lớn để ý thu làm đệ tử, đây là cơ hội ngàn năm có một đó!",
  "11106232449487759897": "Kền kền",
  "11106281943097422995": "Khả năng phá hoại phi vật lý do các vật phẩm mang tính tấn công được xây dựng tạo ra.",
  "11106316299810743335": "Trước khi bọn họ phá sản hết, ta phải đi thử xem sao.",
  "11106359683381984224": "Lại là âm thanh này? Dường như truyền đến từ bên trong.",
  "1110639440157639743": "Leo cao",
  "11106432362851321110": "Truyền Tống Môn Chuyên Dụng - Đồng Kính",
  "11106459766051072350": "Tạc Dược Thùng - Vật Lý Phá Toái Bản",
  "11106500428433435870": "Lưu Mục Tam!",
  "11106502437071750984": "Nội hỏa tà thịnh",
  "11106541050626381626": "{} thăm tất cả các nhà xí ở Khai Phong, đã cống hiến to lớn cho sự phát triển của cây trồng ở Khai Phong!",
  "11106700378203844040": "Hì hì, cô ta lại đang soi gương!",
  "11106703581586231973": "Trăng lưỡi liềm",
  "1110675287071270956": "Phu nhân Từ, còn có hương an tức không?",
  "11106825280874508981": "Đối thoại",
  "11106847188696891048": "Phòng thí nghiệm Huỳnh Uyên",
  "11106890596711106393": "【Quái】【Viễn Trình】Tỉnh Khẩu - Trương Vọng - Cung",
  "11106963317190020197": "Phòng Chí Cường",
  "11106984999643021295": "Đang tải dữ liệu",
  "11107021864479002691": "Sát thương đoạn 1",
  "11107087673570899692": "Lâm Dã",
  "11107118142100354668": "Không rõ...",
  "11107139606477171878": "Dịch Dung Ủy Thác - Lưỡng Tụ Thanh Phong - Vương Liêm Thanh*",
  "11107152755278503625": "Trần Hiểu Hàn",
  "11107171783736328916": "Thứ kim tiền của Vạn Sự Tri dưới gối",
  "11107257620411503515": "Kỳ Cục của Xa Tịch Tịch",
  "11107311571383726890": "Bác Lãng Sa - Vạn Thắng Trấn - Thanh Giao Đường Niên Khinh Nam",
  "11107323612461300389": "Theo bản vẽ đào一直, đào được là thấy. Ta tìm thêm người, tránh bão cát sẽ không bị sụp đổ.",
  "11107333520858144440": "Có thể nhận ra vật này.",
  "11107350493607316214": "Cù Dục",
  "11107352909882950418": "Kim Bảng Tê Danh",
  "11107390869196574216": "Thị vệ Thân Quân Tư binh sĩ, phụ trách canh gác án chữa án.",
  "11107433518102257467": "Hoàn thành độ khó Khó của ải \"Nhược Thủy Ngạn\" trong Thử Luyện khiêu chiến.",
  "11107457352257228289": "Phòng Chí Cường",
  "11107468785553452762": "Hoàng Lạc Tí",
  "11107527245587075092": "Câu cá thi đấu 56",
  "11107564886309651560": "Túy Hoa Âm - Khí Vận Lầu Hai Phàn Lâu - Kỳ Khâm",
  "11107567687931520150": "Ấn Đường",
  "11107571648784992826": "Đào Lý Trị",
  "11107595474859880379": "Giải thích lối chơi",
  "11107598060271213839": "Thanh Tâm Phố - Trồng Trọt Sơn Dược - Thôn Dân Lăng Hạnh Thôn (Nam Nữ Đều Được) 2",
  "11107602763378399264": "Bình Dã Nguyên",
  "11107618076183763754": "Ghi chép sau khi nói chuyện với Vinh Lục Lang",
  "11107719266100186424": "Kiến Long Quan - Tiểu Lê",
  "11107738098912547289": "Thiên công tương ứng chưa được mở khóa, có muốn đi đến thiên phú để mở khóa không?",
  "1110773894202293125": "Bị Ất ném",
  "11107880707057974275": "Đã từng đầu tư vào Bắc phạt",
  "1110788438220249658": "Kim Minh Trì - Hiệu Ứng Mặt Nước",
  "11107921371034396146": "Cái chết của người lính già",
  "11107927463970291748": "Được",
  "11107932726963806278": "Mạnh Huyền Triệt",
  "11108009818855185542": "Thọ Xương Phường - Đông Li Viện - Hồ Thương",
  "11108080980669296515": "Vì sự an toàn của dì Hàn, vì tìm ra Âm Văn Sách, ngươi đành phải hành động tùy cơ, nói dối rằng mình là Giang Dật, một kỳ tài âm luật đã mất tích lâu năm trên giang hồ. Người quản sự nhìn xét hình dáng và y phục của ngươi, vừa tin vừa ngờ. Trong lúc giằng co giữa hai bên, ngươi dần lép vế vì ngượng ngùng, đúng lúc này, giọng nói của một đệ tử Túy Hoa Âm từ đằng xa vọng lại, \"vô tình\" giải vây cho ngươi.",
  "11108169068179389374": "Thái Bình Chung Lâu - Điểm Làm Mới Chiến Lợi Phẩm 75",
  "11108184717706946966": "Vùng bị thương sưng đau, chức năng chi bị mất một phần hoặc hoàn toàn, thậm chí xuất hiện biến dạng và hoạt động bất thường.",
  "11108278937209753567": "Lâm sương mù ẩn",
  "11108334514981117088": "Truy kích chém địch",
  "11108349265388133519": "Mặt sau khắc chữ: Sinh mà không có, vì mà không ỷ lại. Có cái vốn cho là lợi, không có cái cho là dụng, là đạo trời.",
  "1110835331212664515": "Thiên Phật Thôn - Điểm Làm Mới Chiến Lợi Phẩm",
  "11108357594340201400": "Bắt Cá",
  "11108375231505361081": "Người không mặt",
  "11108383849945879144": "Gà Hà Điền (Gà Mái)",
  "11108408099624187960": "Xin cáo từ",
  "11108422479810091235": "Ngọc Lâu Xuân",
  "11108445239900007813": "Sử dụng vật phẩm này, có thể nhận được trang phục tương ứng.",
  "11108470762514550758": "Nơi ở của Dung Uyên",
  "11108474825602920041": "Chu Vũ Lâm",
  "11108477160238999257": "Khi ngươi chạm vào quan quách đá, nó tự động mở ra!\nVô số bướm bay ra từ quan quách đá, đẹp đẽ vô cùng.\nThế nhưng, ngay khi ngươi đang thất thần, một đôi tay đột nhiên kéo ngươi vào trong quan quách.",
  "11108494078595536574": "Bản vị cảnh nhiều người Thanh Hà Diệp Tử Hí",
  "11108494157348661734": "Này, ngay cả tai ta cũng bị tiếng chuông vang khắp Thanh Hà đêm đó làm điếc rồi.",
  "11108507716185034836": "Chướng nhiệt",
  "11108537849168737503": "Yến Oa - Bác Lãng Sa 4",
  "11108540377096988921": "Lục Ngâm Ca",
  "11108591586152395242": "Thiên Hương Dẫn Hồn Cổ",
  "11108596049952923107": "Vạn Vạn Hoa đệ nhất lưu · Người trồng hoa",
  "11108660365065036992": "Tư Không Tiêu",
  "11108676746181941461": "Họa Phảng - Phi Điểu",
  "11108769926888776976": "Thiếu hiệp có muốn mua chút hương liệu không? Ngài xem chủ nhà chúng tôi là biết, hàng ở đây tuyệt đối chính gốc!",
  "11108775482015838204": "Biết rồi, biết rồi",
  "11108811314247621426": "Ta nguyện lòng vua, hóa thành ngọn nến ánh sáng.",
  "11108815867944282336": "Khách Túy Hoa Âm",
  "1110883528794277193": "Thiên Phật Thôn - Điểm Làm Mới Chiến Lợi Phẩm",
  "11108861505233168928": "Thùng Thuốc Nổ - Bản Vỡ Vụn Vật Lý",
  "11108866268370706888": "Mèo sĩ",
  "1110887684275807331": "Trừ tà định thần",
  "1110892087124600071": "Bạch Lang Chủ nổi cơn thịnh nộ, sẽ liên tục hồi phục chân khí, khí cạn thì phá nó!",
  "11108976761628970920": "Âu Gia Hạo",
  "1110897876084489228": "Sinh Thái Vật Chủng",
  "11109045957004848561": "Người bị bỏ rơi nếu cứ bị bỏ rơi, có lẽ có thể sống vô lo vô nghĩ, nhưng nếu đã từng được người khác bảo vệ, chỉ đến chết cũng không quên được.",
  "11109114710251436750": "Trương Tuấn Kiệt",
  "11109131110745602235": "Ta chỉ là người đi ngang qua, không liên quan gì đến ta đâu.",
  "11109149095571094195": "Ngươi sờ sờ ví của mình",
  "11109211716106426198": "Hùng Kê",
  "1110924499611348416": "Súc Cốt Công - Kích Hoạt Cơ Quan - Mô Hình Rỗng",
  "11109268544821994443": "Dương Ngọc Hoàn",
  "11109278440143397887": "【Lời nói】 Tung tích Giang Vô Lãng",
  "11109299065789384978": "Áp dụng khảo chứng",
  "11109305387181365450": "Đối thoại",
  "11109313207509754966": "Đạo nhân mộng lừa",
  "11109334244380477817": "Cổ Ty - Ảnh Bích - Bách Tính 16",
  "11109407563613202601": "Tổ chức Bách Nghiệp xây dựng tăng thêm bộ phận 753",
  "11109430076483714240": "Cổ Cừ Doanh Địa - Đại Tống Quan Binh - Tinh Anh Khiên Thương (Đỏ)",
  "11109481090573349925": "Trần Gia Tranh",
  "11109516649842759319": "Người bị chất vấn",
  "11109611970585001013": "Đang tải dữ liệu",
  "11109676395848300489": "Trục Bánh Răng 01",
  "11109685389975635956": "Độc Gió",
  "11109693001059514069": "Trá Khẩu Bàn Xa - Cơ Quan Thủy Lực 1 - Xay",
  "11109700714374312974": "Phần Thưởng Cấp Bậc 3-1",
  "11109803790543606444": "Diễn giải thử luyện",
  "11109872945519994090": "Câu Lan Tiềm Hành - Hộp Va Chạm Chặn Dò Tìm Tầm Nhìn",
  "1110990049237916834": "Hoàng Lạc Tí",
  "11109904623335219593": "Khu Cửa Hàng Câu Lan 3 - Tấm Nền Tĩnh",
  "11109928075661925468": "Ta ăn không hết nhiều như vậy, lát nữa sẽ gửi một phần đến Phúc Điền Viện để cả làng cùng dùng bữa phụ.",
  "11109963950664961659": "Vũ Nhung Thảo - Tường Dây Leo 3",
  "11110089041193152524": "Tàng Hiền Cương - Điểm Làm Mới Chiến Lợi Phẩm 131",
  "11110196468509865310": "Tôn Hạo Thanh",
  "11110251348553178160": "Đa Nhân Trấn Thủ - Lối Vào Vô Tướng Hoàng",
  "11110278922133656673": "Tụ Bảo Bồn",
  "11110281177660256675": "Hồi báo Đậu Thuyết",
  "11110288032127722431": "Thi Thiên Lai",
  "11110300999283924825": "Tông Chính Ân",
  "11110306152525738600": "Tiểu Quái Cung Tiễn Thanh Giao Rơi Rớt Cấp Độ Thế Giới 3",
  "11110314609086562125": "Kẻ biện luận, dùng để phân biệt đúng sai, làm rõ lý lẽ danh thực. Nếu ngài chỉ quan tâm đến thắng thua, cuộc biện luận hôm nay với ngài, không cần bàn nữa!",
  "11110346424475944658": "Trừ diệt",
  "11110349273258232308": "Ai dạy ngươi tôn trọng người già và yêu thương trẻ nhỏ như vậy?!",
  "11110401494879732880": "Đệ tử của Điền Tri Thỉ, tên trộm mới ra đời.",
  "1111041809799423903": "Tả Từ",
  "11110421848035483811": "Nghê Lão Sơn",
  "11110435661656493962": "Hứa Tấn",
  "11110470385882317065": "Phần Thưởng Tặng Quà NPC - Gói Quà Phổ Thông Cấp Một - Mảnh Thịt Vụn",
  "11110501525303412586": "Diệu Diệu Miêu - Miêu Điểm Huyệt 3",
  "11110520779251772707": "Thọ Xương Phường",
  "11110623556369053263": "Âm Giao-2",
  "11110632348165134798": "Từ Tâm Sơn Viện - Tường Không Khí Cứ Điểm Đa Người Cày Lại",
  "11110639099540832536": "Long Phượng Triền",
  "11110649598680701505": "Hồ Cuồng Ba",
  "11110664597561843820": "Thập Lục Hạng",
  "11110670058093542995": "Văn Thi Ngữ",
  "11110751945335938946": "Ta còn thấy vở kịch mà sư muội giấu dưới gối, nói rằng Lương Chúc cuối cùng hóa thành một đôi bươm bướm, ừm, ngươi nói xem, tại sao họ không hóa thành ngài? ",
  "11110765269121226713": "Thái Nhạc Đài - Cửa A Trái-1",
  "11110787872557663579": "Báo cáo với Sứ giả hắc bào",
  "11110906915106822514": "Biển hiệu",
  "11110909158110468160": "Giá cầm đồ",
  "11110910459469268258": "Vương Tử Hiên",
  "11110914620495840288": "Chủ tiệm Đại Cổ",
  "11110915574275601749": "Bảo Rương Kẻ Thủ Tài Nô - Hồ Thương 1",
  "11110925145737861352": "Mười hai loại?!",
  "11110987884324986210": "Diệp Tử Hí - NPC Mở Khóa Thử Nghiệm Lối Chơi",
  "1111102783481458501": "“Than ôi cây đao này! Như hổ gầm! Như núi sụp!” Kịch Mạnh bỏ tiền lớn mua kiếm pháp thiên hạ, cuối cùng dung hợp thông suốt, thành tuyệt học này. Chu Ấp Phủ xem mà kinh ngạc, liên tục than bảy tiếng “Than ôi”, Kịch Mạnh đang buồn bực vì chưa nghĩ ra tên liền quyết định lấy tên này. (Một thuyết cho rằng kiếm pháp này nguyên tên là “Thước Phú Đao Pháp”, được bịa ra một câu chuyện võ học để làm đẹp tên gọi này, đệ tử Thiên Tuyền đều coi thường thuyết này.)",
  "11111042259885377676": "Thanh Hà có đại bàng, đại bàng lớn, không biết rộng ngàn dặm... Truyền thuyết vùng Thanh Hà lưu truyền về Bát Gia Đại Bàng, cái đẹp thứ tám của Hà Đông, nhưng, liệu trên đời này có thật sự tồn tại Bát Gia Đại Bàng không?",
  "11111044765039477771": "Bạch nữ hiệp, nguyện tình bạn của chúng ta rực rỡ và đầy màu sắc như pháo hoa này...",
  "11111087640873217916": "Diện Cụ",
  "11111123795829109669": "Hắn bị kẹt giữa hai bên không biết làm sao, nhất thời bốc đồng, mới hạ thuốc cho anh em trong phủ…… May mà có Từ Lập và ta ra tay.",
  "11111140462383051527": "Đương Ẩm Hảo Trà - Phô Mai Thiu",
  "1111117223887273542": "Trong rừng sương mù hoa nở khắp nơi, sương độc dày đặc. Y giả Thanh Khê là Trạch Húc luôn mang lòng nhân ái, nhưng chỉ dựa vào sức một mình, vẫn khó chống lại sự tàn lụi sinh tử mà độc bệnh mang lại...",
  "11111176361958209214": "Canh Chủng Nông Hộ 3",
  "11111224446041346536": "Thất Phạt Pha - Điểm Làm Mới Chiến Lợi Phẩm 65",
  "11111225419896163442": "Trương Tuấn Kiệt",
  "11111231888962336549": "Sức nổ - Bổ sung thời tiết",
  "11111246251764572397": "Sử dụng Y thuật huyền hồ để chữa trị bệnh nhân",
  "11111267513681623841": "Huỳnh Hỏa Trùng",
  "1111129441474455378": "Gâu gâu!",
  "11111297056789198525": "Đang tải dữ liệu",
  "11111310226073946328": "Cỏ xanh ngàn dặm",
  "11111356324565908121": "Thiết Tú Cầu",
  "11111382936295814989": "Kho",
  "11111407634698659232": "Vương Trí Siêu",
  "11111486911551068547": "Bảng 《ins_entity》, Bảng 《ins_collection》, Bảng 《wulinlu_wanfa_type》 Tiêu đề = 9"
}