{
  "11787653543370210790": "Sinh vật quần thể",
  "11787697747182053112": "Tiêu Dao",
  "11787698307253316166": "Bạch Mộc Túc",
  "11787736549996610598": "Là y phục tăng già, là trang phục mạnh mẽ, cũng là áo xanh.\nĐã thấy các tướng đều không phải tướng, lại sợ điều gì thế gian không có?",
  "11787744160421482875": "Tàng phong liễm ngạc",
  "11787751737793430164": "Mạch Tật",
  "11787753978540064959": "Trần Hiểu Hàn",
  "11787799179947492104": "Vịt",
  "11787814413486574809": "Thiết Tú Cầu",
  "11787816253023193071": "Bích Thủy Vân Đào - Thiết Thính Sạn Đạo Chiểu Trạch",
  "11787873025727445597": "Ế?",
  "11787908268860174924": "Ha, hóa ra ta đã làm tổn thương trái tim ngươi à!",
  "11787922770971719359": "Trời nắng",
  "11787930941255811100": "Đối thoại với côn đồ",
  "11788007195049245062": "Yến Thập Lục đang khẩn trương viết mô tả về vật phẩm này.",
  "11788022232717691851": "Nhấp để gọi thú cưỡi đến gần.",
  "11788042771566994020": "Loài chim trắng bay lượn phía trên Thanh Hà Bách Thảo Dã, một số người giang hồ luôn thích dùng chúng làm mục tiêu tập bắn cung.",
  "11788052316827739965": "Sinh vật quần thể",
  "11788117636504750199": "Lấy ra",
  "11788122059448296722": "Kim Chinh - Kim Chinh Thiết Liên 1",
  "11788140926391617639": "Trần Thần",
  "11788148361028211525": "Bác Vật Điều Mục 6, Phần Thưởng Cấp 2",
  "11788167632512308740": "Tọa Hạ Phao Táo - Công Cộng Dục Trì",
  "11788167720230885433": "Đối thoại",
  "11788194153961108127": "Hàn Khuẩn Ấu Chu",
  "11788289834974399141": "Dẫn Đạo Xạ Tiễn - Tiễn Thỉ",
  "11788302431983222391": "Điều kiện nâng cấp không thỏa mãn",
  "11788302822937146739": "Phúc Bồn Tử",
  "11788325770969524268": "Chu Vũ Lâm",
  "1178835416565978020": "Đặt gỗ",
  "11788356843494651337": "Hồng Trần Vô Nhãn - Bài Thủy Khẩu",
  "11788387016620565762": "Phúc Bồn Tử",
  "11788452306792644846": "Yến Sào Thảo",
  "11788466647511329250": "Người kỳ lạ Tứ Lạp",
  "11788540689382617119": "Phòng Chí Cường",
  "11788560052348995064": "Đang tải",
  "11788566247467870270": "Nam Trúc bình thường nhiều người chơi",
  "11788582038454038072": "Vậy những bậc tiền bối võ lâm kia, chẳng phải đều là những kẻ vô dụng không đánh lại được cả thiếu niên sao?",
  "11788598135762131182": "Khách đến dự yến tiệc khai đàn, xem ra rất thích đồ uống trong ly.",
  "11788625507596954651": "Tích lũy thoát thế ít nhất 3 lần tấn công trong một trận và hoàn thành",
  "11788778978551513840": "Kỳ ngộ dưới - Gói thuốc của Cát Tiểu Thử",
  "11788785448032771438": "Đối thoại",
  "11788840702400918832": "Trần Gia Tranh",
  "11788873927685895515": "Thần Tiên Độ - Điểm Làm Mới Chiến Lợi Phẩm 226",
  "11788953021612433970": "Ôi, từ khi Nghiêu tiên sinh không còn ở đây, Đạo Mặc Sơn quả thực là ngày càng tệ hơn.",
  "11788990484970684338": "Sinh vật quần thể",
  "11789010587778649750": "Đối thoại",
  "11789059139474474430": "Yến Sào Thảo",
  "1178906766039122092": "Rượu này thật sự có thể bán được giá cao, sao ngươi không đi bán trực tiếp?",
  "1178908142663021335": "Âm thanh - Cửa hang nguyệt hồ",
  "11789087374142658162": "Muốn mua một bức tranh chim côn trùng",
  "11789191975751981464": "Nhị",
  "11789206407894616912": "Tốc độ góc ban đầu",
  "11789215057285235915": "Phật Quang Đỉnh - Điểm Làm Mới Chiến Lợi Phẩm",
  "11789233296341343765": "Nói sao, ngươi muốn thể hiện thế nào đây?",
  "11789235766857781889": "Tả Trắc",
  "11789305215824639600": "Đây là #HGiá trị tinh khí#E của lang trung, #HTinh khí cạn kiệt#E thì điều trị thất bại.",
  "1178934250312220589": "Dự phòng phương án",
  "1178941037905476071": "Ma Đại",
  "11789419330156195314": "Phượng Sơ",
  "11789443577396922431": "Túy Hoa Âm - Không Khí Lầu Một Phàn Lâu - Khách Nam Ngắm Pháo Hoa",
  "11789456360131135791": "Kia là một cái hộp... Đợi hộp đến tay tướng quân, chính là ngày tướng quân chết.",
  "11789470253960716867": "Thẩm Ngọc",
  "11789494651234676735": "Thằng nhóc đó là người thật thà, nó làm đúng theo lời ngươi nói.",
  "11789511267537904980": "Quỳnh Lâm Uyển Đông Hành Doanh - Đại Tống - Quan Binh - Đột Hỏa Thương Binh (Hồng)",
  "11789511600512789493": "1000 Hòn ngọc Trường Minh",
  "11789545010866837397": "Trạm dừng chân trong rừng?",
  "11789553744292043597": "Du Lập",
  "11789577345469983300": "Hạ Vạn Xuân",
  "11789621167399426355": "Sắc lửa trên mũi giáo sáng rực, bụi trần trong xương nung cháy dữ dội. Cầm thương quét sạch trời xanh, nơi đâu không có người bất bình?\nNgười cầm thương, dù thoáng chốc lửa cháy vẫn giữ cốt cách sáng ngời;\nKhách hào sảng, dù sao cũng là đốm lửa lập lòe cũng giữ trái tim đỏ như máu.",
  "11789729322125751024": "Bà nội ơi! Đừng có kéo tôi! Ai thích đi thì đi!",
  "11789793416830590763": "Hoàng Vũ",
  "11789802197218269700": "Kim Ngô Vệ",
  "11789803712276434988": "Không muốn.",
  "11789843021388154802": "Đang nhập",
  "11789844053006187429": "Mô Bản Tường Vô Hình",
  "11789877833772252993": "Hòm kho báu thành tựu bao lì xì",
  "11789880785991744121": "Biên tập viên trưởng",
  "1178991022235101902": "Nhân Bất Triếc·Chết Y",
  "11789941395848870529": "Bất",
  "11790006299597901405": "Ta听说 cháo ở Lăng Hạnh Thôn có thể ăn mà không cần trả tiền, có thật không?",
  "11790066732480874997": "Thành phần kiến trúc",
  "11790076439798537663": "Trừ đi #G2%#E tinh khí hiện tại của bản thân, gây sát thương trị liệu #G930%#E",
  "11790214300836566646": "Trần Thần",
  "11790289391202356284": "Lưu Minh Sách",
  "1179029460601457026": "Khuẩn Tử",
  "11790302986269938644": "Điều tra",
  "11790325817745870710": "Lão nhân, nơi này có phải đã bị lũ lụt không, sao lại có nhiều nước đọng như vậy.",
  "11790382625071274244": "Biệt Quán - Boss - Tường Vô Hình",
  "11790399890818287554": "Trần Khải",
  "11790404769311301152": "BP Tuyến Trả Phí 4",
  "11790429794957130175": "Leo tháp",
  "11790440599226892303": "Điều này……có lý nha……",
  "11790503364202351781": "Mô Bản Tường Vô Hình",
  "11790504246689833580": "Chỉ Qua 1V1",
  "11790540318202623878": "Kỳ Ngộ - Trạch Lan",
  "11790561213448108714": "Từ chối",
  "11790669541885816595": "Năm mươi tuổi, mắt mờ tai điếc lại chân què, ngươi lớn tuổi như vậy rồi, đừng cố gắng quá sức.",
  "11790719528113639705": "Sử dụng vật này, có thể nhận được ngoại hình tương ứng.",
  "11790739355562545375": "Tinh Viên 3 Vòng Xoay Vui Vẻ",
  "11790744908845072829": "Sinh vật quần thể",
  "11790754518833371959": "Lê Viên Đề Bạt - Nữ",
  "11790759563239783084": "Đông Khuyết",
  "11790765134928871293": "Ai đã tấn công một khách quý phương Bắc, động cơ là gì?",
  "11790767760428295949": "Số hai 2",
  "11790892448124744195": "Lưu Phái Tháp 2-3 - Thủ Lĩnh Kim Nao Phật Gia Trại",
  "11790916419931311957": "#H Truy nã: #E Sau khi vi phạm tội danh, có khả năng khiến Võ Đức Ty mở truy nã",
  "11790919564990725262": "Bản sao chép chú giải Luận Ngữ bị thất lạc của Vinh Lục Lang tại cửa tiệm, có chú giải của Trịnh Huyền, do chính tay Bốc Thiên Thọ đời trước viết.",
  "11790941856553353655": "Các vị anh liệt trên cao, liệt không hết kẻ bất tài.",
  "11790951728380262080": "Yêu nữ",
  "11791005208729733301": "Triệu Vĩ Nghiệp",
  "11791022523928383771": "Phật Gia Trại - Điểm Làm Mới Chiến Lợi Phẩm",
  "11791033025052957934": "Mấy món đó là hoa tín phong cho mượn để cửa hàng trông đông đúc, không bán ra ngoài.",
  "1179103906507908057": "{2}\nTrong người hơi có bệnh, qua chẩn đoán của danh y {0}, bệnh ta mắc phải là {1}。",
  "11791045408344295455": "Chắc là không thiển cận như vậy chứ?",
  "1179105536656972987": "Chiến thắng",
  "11791071222642045459": "Còn thiếu cái đầu người cuối cùng, Vô Tướng Hoàng là có thể rời khỏi đây. Đáng tiếc là hắn vĩnh viễn không làm được.\nTrong hơi thở cuối cùng, hắn dường như nhìn thấy người mà hắn luôn trung thành, cũng dường như quay trở về quá khứ.",
  "11791096623627269765": "Tìm dấu vết của Oánh Oánh",
  "11791129903282820735": "Hồ Tiểu",
  "11791168064392702985": "A Hoàng cúi đầu gặm xương.",
  "11791169472510157182": "Bắt đầu chế tạo",
  "11791181885688355726": "Thương nhân rượu ngon",
  "11791220350056503710": "Tiếu Liên",
  "11791226333289929899": "Ba người cùng đi, ắt có thầy ta, có nơi kỵ húy điều này, nhưng ở chỗ chúng ta, năm hồ bốn bể, mọi người đều học một chút cái này, học một chút cái kia.",
  "11791234869415025828": "Đi giang hồ, hoàn toàn dựa vào một kỹ năng. Hiệp sĩ sau khi nhận được kỹ năng #Y Nhiếp Tinh Nã Nguyệt#E mới có thể tiếp tục trải nghiệm nhiệm vụ.",
  "11791264260933180219": "Thiệp mời... Thiệp mời? Ừm, thiệp mời... không mang theo người.",
  "11791272287149474383": "Trương Chấn",
  "11791384758392024190": "Quan Ải Thoại Thuật",
  "11791421509305155031": "Mộng Khôi Doanh",
  "11791435800280758422": "Đối thoại",
  "11791480150873744409": "Tiểu Chuy",
  "11791499579146511596": "Giang Hồ Nhân - Nữ Hiệp Khách",
  "11791503921369053343": "Chu Vũ Lâm",
  "11791553689090214499": "Giúp người khác xoa bóp, tích lũy nhận được 10 lượt tán thưởng",
  "11791577883248410870": "Rút thẻ - Sóc Phong Tuyết",
  "11791582405940304497": "Điền Trung Sinh Kim - Trâm Vàng Nhuốm Máu",
  "11791590047362892336": "Hàn lạnh · Cấp 4",
  "11791597723420018408": "Tạo Tượng Xứ - Lối Vào Công Phường - Thủ Vệ 2",
  "11791646381879482972": "{3}\nTa vào năm {0} mắc bệnh {1}, sau khi được danh y {2} trị liệu, cuối cùng đã khỏi bệnh.",
  "11791648195701986085": "Tăng thêm sát thương",
  "11791704760361501146": "Điệp âm",
  "1179171677255996563": "An ủi Xú Nương",
  "11791722825118704377": "Trần Gia Tranh",
  "11791744336225155695": "Làm quen với Cố Nhân Giang Hồ Chuyên Phỉ (Mở khóa 530)",
  "11791754914491295279": "Ta đã cho họ một cơ hội, vậy cũng cho ngươi một cơ hội.",
  "11791794123292592728": "Lừa",
  "11791797588753469933": "Nhu Điều",
  "11791881746727450737": "Sinh Thái Vật Chủng",
  "11791916911542992672": "Ha... Ha ha... Đúng vậy, đây là sự tích lũy của các thiên tài, mà cả đời ta, thu hoạch chẳng được bao nhiêu, chẳng được bao nhiêu a...",
  "11791919641981977403": "Kẻ địch dễ như lật tay",
  "11791945655469517853": "Món chay này... ừm, đúng rồi, có mùi vị giống đồ cúng tế dưới chân núi! Này, tiểu hòa thượng, ngươi có đến khu rừng hoang dưới chân núi không?",
  "11791962972092619813": "Sơn Dương",
  "11791967235799821967": "Trá Môn",
  "11792074016180649511": "Y Đao, hắn không đến được nữa",
  "11792093004781433010": "Anh hùng tụ hội bốn bể bốn phương, đất linh kiệt tài năng xông pha nghĩa khí! Tụ Nghĩa Sảnh là nơi xử lý các vụ việc trăm nghề.",
  "11792176764224455328": "Phòng Chí Cường",
  "11792217125014611583": "Trần Hiểu Hàn",
  "11792252768525920526": "Trương Liên Hâm",
  "11792255268736396828": "Phòng Chí Cường",
  "11792256641792356573": "Túy Hoa Âm - Tổ hợp ngoại cảnh ngẫu nhiên",
  "11792298229242373178": "Đã thông quan cảnh giới giang hồ hiện tại, không thể tham gia lặp lại.",
  "11792330505571333086": "Vạn Thắng Trấn - Tổ Cảnh Quan 134",
  "11792337466576110565": "Thái Nhạc Đài Chuyển Tạng Luân",
  "11792350067161561097": "Thần Diễm hiện tại sẽ khiến tất cả các đòn đánh nhẹ của ngươi đồng thời gây ra cho mục tiêu một tầng #Y Ác Thân#E, một tầng #Y Khổ Quả#E, khi ở trạng thái #Y Luân Hồi#E sẽ làm tăng sát thương khí huyết gây ra #Y 10%#E.",
  "11792354513748853533": "Ta từng nghĩ, chờ chuôi kiếm khắc đầy vết kiếm, rồi kết thúc những ngày tháng như vậy.",
  "11792358311671492829": "Không phải... Uyên Nhi... nàng ấy đã đi trên con đường không thể quay lại rồi!",
  "11792366280035929893": "Thiếu hiệp thật biết đùa. Vậy... ta sẽ nhận bản nhạc này. Ngươi yên tâm, dù không vì tình đồng môn, chỉ vì mặt mũi của ngươi, ta nhất định sẽ khiến bản nhạc này#N phát huy hết tác dụng#E.",
  "11792376162736315813": "(Bị người chơi vạch trần, có chút ngượng ngùng) Lần này đa tạ, thiếu hiệp... muốn phần thưởng gì?",
  "11792405220897226021": "Phong hàn thấp tam khí tạp hợp thành tý, trong đó phong thấp khí nhiều, hàn khí ít là phong thấp tý. Do huyết khí hư, kiêm thụ phong thấp mà sinh bệnh.",
  "11792418777001961920": "Tôn Hạo Thanh",
  "11792501202633931338": "Toán học",
  "11792515852453766587": "Này, ngươi đi chậm thôi!",
  "11792565971314133234": "Đối thoại",
  "11792582512114856059": "Mùa hè",
  "11792598091364963806": "Quan chiến",
  "11792616790108979130": "Một tâm niệm độ chúng sinh, một tâm niệm cũng có thể... vạn kiếp bất phục.",
  "11792621811833004497": "Từ Giai Kỳ",
  "11792666862905325054": "Chuyển đổi tự động khi thuốc hết",
  "11792667991792546216": "33 người",
  "1179276511551617287": "Ai thích tìm thì tìm",
  "117928596560904348": "Khách Túy Hoa Âm",
  "11792863513161594234": "Sinh Thái Vật Chủng",
  "11792880551852310687": "Đang nhận dữ liệu",
  "11792892908312047896": "Hôi Thố",
  "11792895941231840176": "Uy Mãnh Ca",
  "11792918606893947627": "Triệu Vĩ Nghiệp",
  "11792979046262987551": "Sử dụng vật này, có thể nhận được ngoại hình tương ứng.",
  "1179304374031404181": "Thoát ra sẽ mất tiến trình bài hát hiện tại, có chắc chắn muốn thoát khỏi Hợp tấu không?",
  "11793072080437413655": "Người dân Tây Phường",
  "11793168130432245178": "Mặt nạ Ngộ Không 728",
  "11793223866569264152": "Viêm",
  "11793243771420535004": "Hồ Kiện Lực",
  "11793249498433248771": "Chu Vũ Lâm",
  "11793296216780400178": "Hoạt Họa Cốt Truyện_Thanh Hà_Biển Đứng Bóng Da m",
  "11793300521913825390": "Nơi người này đến đều để lại một chiếc lá cỏ đan, hình dáng giống nhau nhưng mỗi cái đều hơi khác nhau...",
  "11793354848188002227": "Đang tải",
  "11793383200471461911": "Thợ may nhỏ",
  "11793401554127919514": "Phu quân của ta tên là Ôn Giải, là một người lái đò sông Biện, ngươi chưa từng nghe nói qua sao? Dáng vẻ hắn cầm sào trên thuyền lớn thật oai phong, người dân bờ sông Biện này ai cũng khen hắn giỏi.",
  "1179341156623507507": "Ngươi nhìn cái gì vậy——",
  "11793493727760776041": "Thiên Thượng Lai - Tiểu Phiến 4021",
  "11793511348867251240": "#YNhảy Rồng Môn: #E\nKhi máu của người chơi cao hơn 85%, tăng 15% tấn công và thuộc tính tấn công.",
  "11793514115721533227": "Hoa Trung Thừa",
  "11793551936331185982": "Thuốc nhuộm chủ yếu được làm từ thảo mộc, có loại từ hoa lá, có loại từ thân quả, có loại từ rễ vỏ, mọc ở vùng đất có phương pháp riêng, thu hái theo tháng.",
  "11793573266646911697": "BOSS dã ngoại - Khu vực quản lý hồi tưởng",
  "11793579976042852738": "Để sửa con thuyền lớn này, đã tốn rất nhiều tiền bạc.",
  "11793616206081558986": "Chồn sương",
  "11793621887041559334": "Duyên sinh duyên diệt",
  "11793653706813376980": "Vô Minh",
  "11793667435975035003": "【Thành Tựu Số 1404009】 Thưởng Thành Tựu",
  "11793742548317917506": "Binh sĩ vây xem bắn liễu ở đây, đồng thời nghiên cứu vũ khí.",
  "11793745702847045328": "【Lối chơi】Thi cá tranh tài",
  "11793843201576932615": "Thọ Xương Phường - Sĩ Binh",
  "11793894617297175997": "Hừ... Bình thường thôi.",
  "1179390025167624433": "Lầu Lan di mộng, sinh tại nguyệt quật kia. Khách quý khoác chiếc áo này, có lẽ có thể nghe thấy tiếng Kim Ô khóc máu.",
  "11793925949600730683": "Khách mời Bất Tiên",
  "11793933974444421295": "Tử Tượng Cư - Ngự Ngõa Diêu - Công Tác Công Tượng 4",
  "11793944921668708773": "Ghi chép sau khi nói chuyện với Tạ Từ Nương",
  "1179395775165682678": "Trấn Thủ chưa mở, xin chờ đợi",
  "11794001777194312116": "Khai Phong Chủ Tuyến",
  "11794011135138312533": "Tiến hành khám phá",
  "11794048134310400303": "Tôn Hải",
  "11794085843878604167": "Cơ Quan Ốc - P3 - Nghịch Chuyển Trường Lang 3X1 Bình Đài - Túng Hướng Tam Liên Lạc 03",
  "1179409594993390713": "Bến phà Hữu Vi thôn",
  "11794200002068417218": "Thập Lục Hạng",
  "11794216791867752622": "Tăng sát thương Thần Long Thổ Hỏa",
  "11794249090123446602": "Xích Cương - Phan Đại Hải (Mới",
  "11794284567514082525": "【Chính Thức】 Mộc Chế Tam Phẩm Bảo Tương - Khai Phong (Không có dấu vết)",
  "11794305578790652230": "Vết thương cục bộ sưng đỏ, phát sốt, có cảm giác đau, có thể xuất hiện hoại tử. Sau khi độc tố được hấp thụ, các triệu chứng toàn thân nghiêm trọng và phức tạp, vừa có triệu chứng thần kinh, vừa có tổn thương do độc tố huyết tuần gây ra.",
  "11794343132799928029": "Một tập thơ được tặng từ nhà thơ say rượu ở Quỷ Phàn Lâu.",
  "1179434782204448488": "Cục cưng Kỳ Tiểu Ngoan này, lại học được cách giấu đồ riêng của chủ nhân để uy hiếp người khác, không cho cà rốt thì không trả đồ, hừ, ta cứ không cho, nuông chiều nó quá!",
  "11794361119902466191": "Có thể dùng để mở khóa và nâng cấp Y thuật: Minh Tưởng Thuật.",
  "11794371330405757793": "Lượng đổi Tống Nguyên Thông Bảo tuần này đã đạt mức giới hạn",
  "11794419806606342258": "entity dùng để nghe lén",
  "11794445637588379480": "Có thể nhận thưởng hòa minh",
  "11794450715975280083": "Sinh Thái Vật Chủng",
  "11794494243279562974": "Thạch Khối",
  "11794509638832860126": "【Diệp Tử Hí - Bàn】 Phác Tố Nguyên Mộc",
  "11794538011028310384": "Ta cũng không biết... Thiếu hiệp... mau, mau cứu Thẩm quan nhân...",
  "11794600930989459316": "Dịch Môn",
  "1179463829774135743": "Cần mẫn dạy dỗ, tấm gương người thầy.",
  "11794659947928594253": "Hoa tai, từ thời Tống mà có. Đất nhà Hán, đa phần đeo trang sức tai. Có kiểu hình tròn, móc câu, nửa vầng trăng và nhiều kiểu khác nhau.",
  "11794737171922752019": "Âu Gia Hạo",
  "11794784527782544305": "Xin hỏi các hạ, vì sao lại xưng là Quái?",
  "11794845597039105548": "Ngứa",
  "11794871554167634534": "Công Kê",
  "11794946946698522674": "Họa sĩ bí ẩn không ai biết, đã vẽ nên bức tranh #a66829 Chiến dịch Sát Thần#E đầy màu sắc đậm nét trong #a66829 miếu trang nghiêm#E.\nSao chép cảnh này có ích cho việc sáng tác tranh vẽ màu đỏ đen.",
  "11794970943143786171": "Tiêu vệ Thiên Hùng Quân",
  "11794972917201924047": "Hổ khiếu phong",
  "11794974447190926458": "Lưu Linh",
  "11795030469985215814": "Nhớ không, con trai ngươi đã viết gì trong thư?",
  "11795035897112117802": "Xe ngựa bị hỏng",
  "1179510080957755469": "Ta ra câu trên ngươi đối câu dưới, một hai ba bốn năm, lên núi đánh hổ, thế nào, không đối được chứ?",
  "11795130961283163793": "Tuần Kiểm Ty Tuần Tra Thông Dụng",
  "1179513159958189671": "Mông Đại bày tỏ sự cảm ơn với ngươi, bắt đầu suy nghĩ kỹ lưỡng.",
  "11795141347918467948": "Thần Tiên Độ - Hỏa Diễm - 2",
  "11795155439379058241": "Khẩn cấp cần #Y{}#E, hy vọng có bạn tù rộng lòng giúp đỡ, cảm kích vô cùng!",
  "11795173718736159680": "Sơn Thủy Tịch Ý · Trọng",
  "11795225576840697685": "Thương nhân định đến làng Phong Hòa thu lương thực, nhưng vô tình nghe được bí mật đằng sau việc thu hoạch bội thu của làng Phong Hòa! (Sau khi thành công có thể kết thân với người này, nhận quà tặng cố nhân hàng tuần.)",
  "1179523184047169629": "Cùng một người tặng, đồ mới luôn dùng tốt hơn đồ cũ.",
  "11795282169658382553": "【Chính Thức】 Mộc Chế Tứ Phẩm Bảo Tương - Khai Phong",
  "11795328987928781447": "Chuyện gì thế này? Sao ta lại nằm ở đây?! Ngươi là ai!",
  "11795375688502321769": "Đinh Kỷ Văn",
  "11795492266256914964": "Đang lấy dữ liệu...",
  "11795514816536325044": "Thiên Tai Chuẩn bị",
  "11795529805887710637": "Mới 15 - Không Ngang Không Đánh Bay Khỉ Con",
  "11795536766948856594": "Phật",
  "11795559755327979797": "Túi thuốc thảo dược",
  "11795637858013472452": "Chứng bệnh do độc của xạ công xâm nhập vào cơ thể. Xạ công còn được gọi là Ngự, Đoản Hồ, Thủy Hồ, Thủy Nỏ, v.v. Các sách cổ ghi chép không thống nhất, có ý kiến cho rằng đó là cáo, có ý kiến cho rằng đó là ba chân rùa, có ý kiến cho rằng đó là một loại bọ cánh cứng có cánh, có thể phun cát và bóng gây bệnh cho người, dường như là một loại ký sinh trùng dưới nước.",
  "11795678159959493114": "Trận chiến Bách Nghiệp (Team 20 người)",
  "11795688798128563443": "Tiếng Anh",
  "11795756549481421892": "Xin cáo từ",
  "11795758958192936694": "Tiền tệ quý giá do Văn Phong Quán phát hành, sở hữu vật phẩm này có thể đến Tổng Quán Khai Phong để đổi lấy vinh hoa phú quý.",
  "11795770798244490181": "Bát đoạn",
  "11795799154717173337": "Thật sao?",
  "11795819283244679944": "Thương tích nội bộ",
  "11795879424936383612": "Trên đồi Thanh Sơn, có Cửu Vĩ Hồ, khi thái bình thì xuất hiện, vốn là điềm lành. Nhưng không biết từ ngày nào, hồ ly lại biến thành yêu vật gây họa triều cương.\nThật đáng cười, đáng than, đáng thương, quý khách thấy sao?",
  "11795910459057922785": "Dân làng Lĩnh Hạnh Thôn",
  "11795918832185765789": "Tiểu Thụ Chi",
  "11795927233681501426": "Nhất kiến thiện nhân",
  "11795983118686123206": "Hàn Ô",
  "117959976583592329": "Độc đan",
  "11796036196409940348": "Quầy bán thịt cầy Mã Thắng Lừa Lừa",
  "1179605469041890788": "Là vật liệu điều chỉnh, thuộc tính mục tiêu điều chỉnh tiếp theo chắc chắn sẽ đạt giá trị tối đa",
  "11796087672595930082": "Vạn Sự Tri - Truyền Gia Chi Bảo - Màn Thầu",
  "11796095398101389269": "Thế Giới Đẳng Cấp - Lục Lâm - Hãn Phỉ (Đơn đao)\nĐộng tác tuần tra tùy chỉnh: Có",
  "11796141876613700365": "Đầu óc ong ong, choáng váng.",
  "11796149235914820944": "Sao, muốn lấy tin tức tay không à? Có hiểu quy tắc giang hồ không?",
  "11796190356645699036": "Hà Kỷ Hi",
  "11796306855457220792": "Tử Vi Tinh, thế đạo đã loạn, kiên trì đại nghĩa thiết luật, mới có thể trị loạn thế này!",
  "11796336857664578682": "Vũ đạo đơn người",
  "11796441835322266662": "Thật sự có sương mù lớn... Anh chàng lần trước nói không sai. Ở trong sương mù lâu như vậy, liệu có chuyện gì kỳ quái xảy ra không nhỉ?",
  "11796450866185881183": "Bách nghiệp tổ chức xây dựng thêm bộ phận 781",
  "11796545237594573939": "Nếu \"Khí uất\" thì can mất đi sự điều hòa, biểu hiện là tinh thần âu sầu, ngực đầy sườn đau; nếu can khí ngang ngược phạm tỳ, thì biểu hiện là bụng trướng ợ hơi, không muốn ăn uống. \"Khí uất hóa hỏa\" thì can hỏa bốc ngược lên, biểu hiện là miệng khô đắng, đau đầu, nóng nảy, ngực đầy sườn trướng, v.v. \"Đàm khí uất kết\" thì cổ họng như có vật gì mắc nghẹn, khạc không ra, nuốt không xuống. \"Lâu ngày uất làm thương thần\" thì doanh huyết hao tổn, tâm thần mất nuôi dưỡng, biểu hiện là tinh thần mơ màng, buồn rầu dễ khóc, mệt mỏi, v.v. \"Âm hư hỏa vượng\" thì hư hỏa bốc lên, biểu hiện là chóng mặt, hồi hộp, bồn chồn dễ nổi giận, mất ngủ, v.v.",
  "11796549681601700449": "Từ Tâm Sơn Viện - Tạc Dược Thùng - Vật Lý Phá Toái Bản",
  "11796586697222656087": "Sinh Thái Vật Chủng",
  "11796600602200301521": "Tiến trình màn chơi đã được lưu",
  "11796608778302043172": "Hà Thanh Nan Tịch",
  "11796619068811838942": "Thiết lập Chuột & Bàn phím",
  "11796642685341208083": "Thiên Thượng Lai - Công Nhân 4025",
  "11796664182252579292": "Trần Gia Tranh"
}