{
  "10792354921208662464": "Phòng Chí Cường",
  "10792372416416876512": "Cung Tiễn Nỗ Pháo",
  "1079238008005009320": "Phòng Chí Cường",
  "10792448523094938229": "Thành công",
  "10792495640997642765": "Thi Thiên Lai",
  "10792517231724166402": "Đối thoại",
  "10792540579800528842": "Giờ ăn trộm cũng được gọi là gia gia à?",
  "10792554587861519955": "Triệu Vĩ Nghiệp",
  "10792587045096511007": "Tìm Thiên Nhai Khách, nhận Bản đồ · Tam Canh Thiên",
  "10792604163988915458": "Giang Hải Miểu",
  "10792614279621776571": "Trong Lò Luyện - Hắc Y Nhân Cung Tiễn - Bắn Người Chơi",
  "10792630903900091887": "Trứng Sơn Tước",
  "10792634543440304881": "Dự kiến cổ tức",
  "1079265016558590156": "Tổng sát thương trong một trận đạt 12500",
  "10792690317184511366": "Thảo Dược Thám Cảnh Cấp 3",
  "10792708274608642": "Cành Cây Nhỏ",
  "10792771749768176368": "Mèo Mèo Mèo - Cách Chơi Cúng Bái Mới - Mẫu Cúng Bái C",
  "10792790010762818023": "Xem Hoa Gian Tập",
  "1079280561103308314": "Quan Thưởng",
  "10792816697227642239": "Quầy trái cây",
  "10792839306619479510": "Hành Nhân 2",
  "10792849113226822205": "Nghe nói chưa, chuyện nạn đói ở Giang Nam?",
  "10792893641687582569": "Sư đệ! Cá nướng chín rồi! Đừng luyện đàn nữa — không mau ra là ta lại chạy mất đó!",
  "10792896653426607232": "Hành tỏi",
  "10792927452342039217": "Tự theo kịp",
  "10792930940410518250": "Trần Khải",
  "1079301172569637405": "Gây #G65%#E đả kích",
  "10793034944757111984": "Minh Kim",
  "10793047263877303918": "Trang đề xuất cửa hàng trên di động",
  "10793108128617480034": "Nhương Địch Sách",
  "10793177903713433835": "Kết bạn với Mèo Mạnh Bà",
  "10793180465782579783": "Cần Câu Cá Thưởng Thám Cảnh",
  "10793196796851568787": "Hoa nguyệt thiên chân",
  "10793201858470307109": "Tôn Lệnh Hải",
  "10793218712443054220": "Doanh trại Phá Quân ngoài thành Khai Phong là nơi sinh sống của một đội quân tu sửa thủy lợi - Hà Thanh Quân. Trong mắt người ngoài, họ là những binh lính nhu nhược bị Long Giao Bang ức hiếp, chỉ có sổ tay trong doanh trại sâu mới ghi lại lý do họ ở đây - sự hối hận và mặc cảm không thể bù đắp được. Gần đây, họ đã trở lại, nhưng không còn như trước.",
  "10793275885171257508": "Cảnh giới đột phá",
  "10793280395062476782": "Đi đến địa điểm tránh né tiếp theo",
  "10793284305923287973": "Cảnh giới đề thăng",
  "10793289632951347329": "Đang lấy dữ liệu",
  "10793290245637429690": "Chi Tuyến Huyền Kiếm - Kim Vũ Phủ Đầu",
  "10793296296780372844": "Mèo Báo Ân - Chim Sẻ (Thi Thể)",
  "10793299767788804112": "Tỷ lệ mắc bệnh kinh lạc với giá trị bệnh nặng dưới #Y20000#E giảm #Y-12%#E",
  "10793347823826942250": "Mời tiền nhiệm",
  "10793376310407776491": "Túy Hoa Âm - Lời Thoại Lấp Đầy Không Khí Vòng Ngoài 2 - Nữ",
  "10793402816589552867": "Trở thành người may mắn đầu tiên thử độc cho ta, vinh hạnh sao? Vinh hạnh nhỉ!",
  "10793405668386752423": "Từ Giai Kỳ",
  "10793485995716279879": "Thọ Xương Phường - Tuần Tra Võ Quan",
  "10793544656471263968": "Đệ tử Cửu Lưu Môn",
  "10793549138851188846": "Thử thách hang động 11",
  "10793616794654105090": "Vô Tướng Hoàng",
  "10793637323999056809": "Không... không phải, ta thấy Hàn di đã chạy về rồi.",
  "10793776925703499978": "Khai Phong Chủ Tuyến",
  "1079379320417562839": "Đối thoại",
  "10793798899189806552": "Yến Sào Thảo",
  "10793867906456746837": "Hừ, ta không nói. Ngươi không có kẹo Mã Nhân, cũng không có sách nói mới, ta dựa vào cái gì mà nói cho ngươi biết?",
  "10793883279002958747": "Điền Dã",
  "10793934816693413857": "Lò luyện khu vực lớn - Phán đoán khu vực cấp ba",
  "10793968759042488438": "Thứ Ba",
  "10793979150025499222": "Bệnh Phòng Tầng Hai - Bác Sĩ Trực Ban - Toàn Bộ",
  "10793992638634475101": "Chuột Kỳ Quái - Cối Xay Đêm Canh Ba - Bạc Lãng Sa 14",
  "10794018545400079454": "Khảm Nhi Tỉnh - Gợi Ý Điểm Sáng",
  "10794019279511298763": "Phật Quang Đỉnh - Điểm Làm Mới Chiến Lợi Phẩm",
  "10794077206006600520": "Mục tiêu treo thưởng thù danh {} của bạn đã vào chế độ nhiều người chơi",
  "10794105854168047062": "Khu Hành Chính - Hậu Phố Khai Phong Phủ",
  "10794109770676014312": "Yến Sào Thảo",
  "10794122038696980999": "Mẫu Tường Vô Hình - Tường Vô Hình Thường Trực Cảnh Quan Đạo Chủ",
  "10794129515802162845": "Kho sinh hoạt",
  "10794130611012203379": "Ba năm trước, trên vùng đất Trung Nguyên đột nhiên xuất hiện một nhóm mèo kỳ lạ mặc đồ Thiên Thượng绢, truyền ngôn rằng chúng đến từ Thành Vị Ương Đảo Trường Lạc, là linh miêu dò bảo được nuôi dưỡng bởi Ôn gia, cao thủ võ lâm giàu có. Tuy không rõ vì sao những chú mèo này lưu lạc giang hồ, nhưng nơi nào chúng xuất hiện thì chắc chắn có bảo tàng, giang hồ gọi chúng là “Miêu Miêu Miêu”.\nHoàn thành thử thách của Miêu Miêu Miêu, nhận được Miêu Miêu Linh Đăng, có thể đổi lấy cúng phẩm quý giá tại Miêu Miêu Miếu truyền thuyết.",
  "10794207181177504471": "Người dân chúc mừng năm mới.",
  "10794238472663741839": "Có từ bỏ nhiệm vụ hiện tại, nhận nhiệm vụ mới không?",
  "10794283137637095385": "Tiêu diệt Vệ Kim Khóa Đốt Hoa Độc",
  "10794326559490722875": "Tiểu Báo Lá Cải - Say Rượu Làm Loạn - Nam Nhân Cuồng Lan",
  "10794327682663853383": "Mấy trăm năm không ra tay, ái chà! Thử câu cá xem sao!",
  "10794376736888010031": "Câu Lan Oa Tứ",
  "10794398053641821530": "Đang gọi món, xin hãy kiên nhẫn chờ tiểu nhị đến",
  "10794404953585312696": "Hì hì... Cũng phải, thiếu hiệp đã tìm về Dạ Lộ Phi Quang, chi tiết bên trong chắc chắn nhiều hơn A Lệ ta biết.",
  "1079442407497083956": "Tổng sát thương",
  "10794434120399181357": "Phần Thưởng Nhiệm Vụ Dẫn Nhập Phong Sa Tửu Tứ",
  "10794450124731399342": "Sinh Thái Vật Chủng",
  "10794462210538261978": "Ngươi trở về Vạn Nhân Điện, lão già quái dị vẫn đang khắc bia thờ\nNgươi dường như dẫm phải thứ gì đó, chớp mắt, các bia thờ trong điện lần lượt lật ngược\nHà Bá Vũ, Hà Bá Lý Băng, Hà Bá Trương Yến Khanh, Hà Bá Chu Ngư, Hà Bá Phùng Di... \n\nTên của Hà Bá ở chính giữa còn trống\nDường như để tưởng niệm những anh hùng vạn cổ này, bất kể tên tuổi có được ghi lại trong sử sách hay không\n\nNước lũ xa xôi rút đi, để lộ ra mảnh đất đã lâu không thấy\nCũng để lộ ra niềm mong mỏi không bao giờ thay đổi của người dân từ xưa đến nay: Hà thanh hải yến, vạn cổ an ninh",
  "10794468024874106633": "Thi Thi",
  "1079448278710102339": "Quỷ……?!",
  "10794513779109871264": "Kiến Văn Thôn Trang",
  "10794524121325994724": "Tư thế: Đạp vai tùy hành",
  "10794530098627984925": "Anh Vũ",
  "10794596447707437608": "Thiên Địa Vạn Lại Khí Đoàn - Thiện Diệu Châu - 10",
  "10794615370468157390": "Bà lão gõ chuông từng thấy một nhóm hiệp khách, phong thái và khí độ của họ khiến người ta xiêu lòng, khác xa với hiệp khách hiện nay. Đáng tiếc bà lão không biết tên của họ, chỉ biết hai chữ “Huyền Kiếm”.",
  "10794618572882820581": "Chẳng phải là ở đây sao?!",
  "10794622269516285253": "Xem trước chi tiết",
  "10794625123437167140": "Hoa Gian Khách",
  "10794632338705671201": "Sư huynh, huynh vốn dĩ... Lần xuất hành này không nên quá lao lực.",
  "10794711735417408919": "Nói! Tiểu Phúc có phải bị bọn ngươi bắt đi rồi không?",
  "10794719773449797972": "Nhận được khi tham gia hoạt động liên danh 【FamilyMart】",
  "10794733303106410388": "Ta",
  "10794819825069011543": "Mèo con · Đuôi Báo",
  "10794824143825412712": "Thùng Thuốc Nổ (Nhỏ/Có Thể Di Chuyển) 95",
  "1079483628957686121": "Bách Nghiệp Chiến",
  "10794879565145531351": "Cửu Trọng Xuân Sắc · Tăng sức mạnh kỹ năng tích lũy",
  "10794908434947480050": "Từ Giai Kỳ",
  "10794948340665397665": "Trời đất có đạo, hiển hiện thành âm thanh, chứa đựng sự kỳ lạ.",
  "10794989493375923803": "Sinh Thái Vật Chủng",
  "10795000654652791600": "Tăng tốc độ kéo cung",
  "10795028043570607679": "Thiếu hiệp xin chào! Thấy ngài là người mới, ta sẽ kể cho ngài nghe về các lối chơi giới hạn thời gian trong tổ chức.",
  "10795091731150259931": "Lát nữa ta cũng đi gọi Lão Tài đến nghĩ cách, than ôi... mong có thể hóa giải hiềm khích...",
  "10795105109001282299": "Huỳnh Uyên - Tự Sự - Mộc Điêu Thư Lộc",
  "10795115295741547792": "Ân oán giữa hai bên chúng ta, có gì mà không thể nói ra. Nói không rõ thì tại sao không thể tìm quan phủ?",
  "1079517901908598409": "Khai Phong Phủ - Đại Sảnh - Bách Tính 8",
  "10795190944751090240": "Xạ thuật",
  "10795224058570581448": "Người rất ấm áp, không giống Tuyết Đôn Đôn.\nỞ bên người, người sẽ thấy lạnh, tuyết sẽ thấy ấm áp.",
  "10795225463318656524": "May mắn có Thanh Khê và sự giúp đỡ của thầy thuốc ở Biệt Vô Tâm Cốc, chúng ta mới có thể đứng vững ở nơi này.",
  "10795241179737751190": "Tăng <Tấn công Minh Kim|780|#C|151>, hiệu quả tăng theo cấp độ chế độ đơn người (Hiện tại: #Y{0:.1f}#E - #Y{1:.1f}#E điểm).",
  "10795283237427039237": "Không đến mức không đến mức, con sâu trên mái nhà phải không, ta giúp ngươi bắt.",
  "1079528649779909620": "Xin người bố thí, xin người bố thí...",
  "10795311095514549090": "Hồi",
  "10795360635658234760": "Kinh nghiệm Bách Nghiệp đạt {}",
  "10795374396260065388": "Phần Thưởng Hoạt Động Lôi Đài Bách Nghiệp - Người Chơi Có Chim Non",
  "10795411749142487270": "Lưu Phái Tháp Liệt Thạch · Quân Tầng 9 - Tiểu Thủ Lĩnh Quan Binh Đại Tống Cầm Thương Khiên 1",
  "10795452006110715995": "Hoàn Trả Khi Nhận Được Lặp Lại Mặt Nạ Tiểu Phúc",
  "10795475613923291486": "Truy Binh 8",
  "10795493378598000927": "Thí nghiệm Dã thôn Thiên Tuyền 2",
  "10795526276090365194": "......",
  "10795555839173906074": "Thiên Phật Thôn - Điểm Làm Mới Chiến Lợi Phẩm",
  "10795568284240437815": "Nghe gió phân vị",
  "10795593289133008871": "Trần Gia Tranh",
  "10795609525295272555": "Nghiêm thị",
  "10795614359567903699": "Sinh Thái Vật Chủng",
  "10795636568503236568": "S2 - Thưởng Lệnh Chiến - Miễn Phí Cấp 8",
  "10795647123442108713": "Hoàng Lang đực hơn chuột, lông đuôi xơ xác.\n\nĐầu tròn cổ dẻo, thân dài chân ngắn, lông màu vàng nâu, thường cư ngụ ở đồng bằng, đầm lầy, thung lũng sông, thôn làng miền núi, thỉnh thoảng cũng xuất hiện bóng dáng chúng ở thành phố. Chồn vàng hoạt động thường xuyên vào lúc giao thời sáng tối, tính ưa hút máu, mùi rất hôi, người xưa vừa kính vừa sợ nó.",
  "10795674166111919544": "Ngục tốt tuần ngục Thanh Hà, thấy tiền mắt sáng, có nhiều giao dịch không thể nói ra với không ít phạm nhân trong ngục, duy chỉ đụng phải Báo Tử Cước thì gặp khó khăn.",
  "1079567952172436268": "Lục Sắc Sơn Kê",
  "10795771424041495812": "đối thoại",
  "10795829739863985659": "Dung Uyên",
  "10795885430043767673": "Triệu Phổ Trạch - Bên phải phòng chính",
  "10795905843626051444": "Tiền Lệnh Chiến 2",
  "10795913392684815112": "Quanh Khách Trạm 4 - Đối Thoại Phu Nhân - Đơn Bạch",
  "10795926442506284304": "Phúc Lộc Song Toàn phần hai",
  "10795937552166397520": "Vạn Toàn Chi Xí - Tương tác trống khi vào nhà xí 9",
  "10795956038031045662": "Thị Lâu Sa Mạc Hà 6 phát sáng",
  "10795961151153464104": "Nghe lén bao tải đối thoại hoàn thành",
  "1079602589322013407": "Có thể ngẫu nhiên nhận được một loại",
  "10796035241061439968": "Phong Điên",
  "10796038828841830425": "Treo lơ lửng",
  "10796044711690064550": "Ngô Tiểu Oánh",
  "10796072938289417012": "Túy Hoa Âm - Không khí lầu hai Phàn Lâu - Khách nam 1 - Tương Bồ",
  "10796075924975112848": "Linh kiện xây dựng, dùng để dựng nhà.",
  "10796079618512415281": "Tháo võ",
  "10796151451628977662": "Thay đầu đổi mặt",
  "107961769269833342": "Tinh Thiết",
  "10796188244733684221": "Chỉ các bệnh do tinh thần điên loạn. Bệnh Điên do đàm khí uất kết, hoặc tâm tỳ lưỡng hư mà sinh ra; bệnh Cuồng do dương khí quá thịnh, tâm thần ngoại phóng mà sinh ra. Bệnh Điên kéo dài, đàm uất hóa hỏa, có thể sinh ra chứng Cuồng; bệnh Cuồng kéo dài, chính khí không đủ, cũng có thể sinh ra chứng Điên. Vì vậy, Điên Cuồng thường được gọi chung.",
  "10796188581107187021": "Tụ Ngọc",
  "10796194380381297032": "Như vậy là có thể điều khiển phi lai tác leo lên chiến thuyền Ngũ Nha rồi!",
  "10796198911147100081": "Đường Tiểu Đức",
  "10796201416079735287": "Dân chúng Đông Thành",
  "10796269051690073961": "Bài đề",
  "10796372529778738989": "Phồn Hoa Điệp Ảnh",
  "10796391136788029851": "Khách nhân tửu lâu",
  "10796391293588132163": "Đang mượn",
  "10796401074153526892": "Ngô Tiểu Oánh",
  "10796426560663076305": "Yếu Luật Long Tiên",
  "10796444922362205494": "Hoàn thành bốn mục tiêu thử thách theo mùa",
  "10796498909849903036": "Đoán đố",
  "10796518622567953953": "Thanh Hà - NPC cưỡi ngựa 26",
  "1079655350482824340": "Thôi được rồi, tiền trao cháo múc, có拿 được manh mối hay không là tùy vào ngươi rồi.",
  "1079662600518526458": "Quyển Cùng nén tình, u sầu dâng lên nỗi lo chia lìa. Vị khách trong phòng là người có câu chuyện. Nàng ta rất thích Ly Nhân Lệ.\nNhưng nàng ta dường như cũng là người rất nguy hiểm, chỉ một cái nhíu mày nụ cười cũng khiến người ta khó chống đỡ.\nMay mà Hàn Di kịp thời xuất hiện, nếu không thì...",
  "10796653964258889307": "Liễu Nhị tỷ vất vả rồi!",
  "10796661558671306732": "Lão nhân gia, ngài——",
  "10796694770978712471": "Sơn Thủy Nhất Yển",
  "10796711239262454743": "Hừ, sau này ta phải cao hơn bọn họ!",
  "1079672937923024060": "Sử dụng vật phẩm này, có thể nhận được ngoại trang tương ứng.",
  "10796742577848818758": "Thiếu hiệp đừng đi! Hai anh em ta tuy không giỏi việc khác, nhưng đi giang hồ thì dựa vào hai con mắt tinh tường này! Chúng ta nhìn là biết thiếu hiệp nhất định có thể làm nên việc lớn! Hôm nay thiếu hiệp đi đâu, chúng ta theo đến đó!",
  "10796755974997907286": "Ngươi phải nghĩ cho kỹ, mỗi người dân đều có quyền báo quan, ngươi lấy cớ gì mà ngăn cản ta? Cơ sở của ngươi là gì, nguyên nhân ở đâu?",
  "10796776430107840844": "Thanh Sơn Tàn Chú",
  "10796859617590149336": "Dưới tòa án Ai Đế",
  "10796985295838360623": "Trường Minh Ngọc*8, Chu Nguyên Thông Bảo*1500, Kim Sang Dược*2",
  "10797006584542061675": "#Y%s#E được bơm một luồng linh khí, thời gian bữa tiệc kéo dài thêm không ít!",
  "10797035201221850372": "Mô hình trống điều tra dấu chân trước nhà Biển Hoa",
  "10797060467385032059": "Khoan đã, để ta nghĩ xem……",
  "10797071022974573058": "Nhậm Tuấn Lâm",
  "10797074992794361733": "Súc Cúc Trường - Khán đài - Người hâm mộ",
  "10797083712971931526": "Công cụ cập nhật",
  "10797127498125048705": "Phòng Chí Cường",
  "10797163878169686533": "Dế",
  "10797176573038465795": "Long Quỳ Thảo",
  "10797199850099232449": "Khách nhân Túy Hoa Âm",
  "1079722351641436305": "Đại Sảnh - Khu vực mặt nước lớn - Tương tác ngồi xuống",
  "10797255384643832395": "Chu Vũ Lâm",
  "10797284417447069595": "Cần nộp vật phẩm",
  "10797372003490306920": "Quan tài của Trùm Quan tài",
  "10797407172490026393": "Vô Ưu Động",
  "10797419481237894857": "Khỉ",
  "10797516341605889271": "Phát bao lì xì giả",
  "10797516614830268475": "Trần Gia Tranh",
  "10797589007534530363": "Người quản lý đóng thuyền của Phù Cảnh Phảng. Vốn là học trò của Xưởng đóng thuyền Vị Ương, mê mẩn thiết kế thuyền rồng Thủy Điện, nhưng người này chậm hiểu, mãi đến bốn mươi tuổi mới xuất sư, được phái đến đây quản lý việc đóng thuyền ở Phi Lai Độ, được nhà họ Ôn ban cho cái tên Ôn Thọ.",
  "10797595577779584772": "Chị gái này đổ hồ rất giỏi!",
  "10797662191198261295": "Dân làng",
  "10797687825245017641": "Vọng Hoài Nam Nhai - Công sự thông kênh - Hàn Nhĩ Binh (Trung cấp Tướng lĩnh)",
  "1079772795350705399": "Tìm Điền Anh",
  "10797741702210821401": "Không biết",
  "10797769531696679716": "Một công thức nấu rượu.",
  "10797796409523515349": "Thọ Xương Phường - Khách Lai Hiên - Người Khiết Đan",
  "10797833270600386852": "#ea5858s#E/%s cấp",
  "1079789305837975191": "Luận Kiếm Bát Cường",
  "10797989133453401775": "Đãi Định",
  "10798019788175268686": "Xông vào.",
  "10798031012341532822": "Mở ra có thể ngẫu nhiên nhận được một trong các ngoại hình sau: Thần Bài · Nhất Đồng, Thần Bài · Nhất Vạn, Thần Bài · Yêu Kê, Thần Bài · Hồng Trung, Thần Bài · Phát Tài. Du Hiệp sẽ không nhận lại ngoại hình đã có, sau khi có đủ tất cả phần thưởng sẽ mở rương và nhận Trường Minh Ngọc * 50.",
  "10798033527083485331": "#Y*Cần nâng cấp hệ thống lên IOS 14 trở lên mới hỗ trợ chức năng này; Khuyến nghị sử dụng hệ thống IOS 17 trở lên để có trải nghiệm chức năng đầy đủ hơn#E",
  "10798046737764768409": "Khai Phong - Thiên Thượng Lai - Hàng hóa",
  "10798048216044498732": "Như vậy mới có ngày càng nhiều bá tánh có thể nghe đến chính sách này, nhìn thấy lợi ích.",
  "10798050783708095061": "Thu thập Huyết Đích Thạch",
  "10798057234097626173": "Hỏa Bồn - Bộ kích hoạt 5",
  "10798118336747719763": "Âm hiểm độc ác",
  "10798167219327039367": "Chu Vũ Lâm",
  "10798194889763856583": "Chương Tam",
  "10798220614645714032": "Chà, nhìn cái đèn lồng hoa cá này xem, đẹp quá!",
  "10798264443118745220": "Trong trận này, tốc độ hồi phục tư duy của đối phương giảm 7.5%, tối đa cộng dồn 6 tầng.",
  "10798273538805001253": "Chung",
  "10798286152275416937": "Quan Cảnh - Trong rừng trúc quạ 1",
  "10798291139615454049": "Là ta quên rồi, ác nhân chưa trừ hết, người tốt làm sao có thể sống.",
  "107983510443286899": "Giá trị Hiệp Lữ:",
  "1079836151748770694": "Ha, vậy thì ngươi chưa chắc đã coi thường Vân Hoa Lâu chủ.",
  "10798389059911519479": "Sư Trấn",
  "10798395105004863277": "【Đang thi công】Cấp độ Thế giới - Quan binh Đại Tống - Yển Nguyệt Đao đánh lén",
  "10798419807712205802": "Này, Lộ, ta biết ngươi nghe được.",
  "10798419836128718262": "Mạt chược Quỷ Hỏa - Phát Tài - Sử dụng thực tế",
  "10798449835159667476": "Thành phần xây dựng, dùng để dựng nhà.",
  "10798462846672392086": "Vấn Khúc Hứa",
  "10798470286804955977": "Du Nhận · Nhị",
  "10798490283859350096": "Hà Đăng tạo không khí",
  "10798490596120364206": "Đánh bại 1 tên Hòa thượng Nguyệt Nha Sạn gần đó",
  "10798491604908127158": "Nếu cô nương Nhạc tin ta, ta sẽ thử tìm người thích hợp.",
  "10798494397644173427": "Huỳnh Hỏa Trùng",
  "10798500379200347508": "Cô Vân - Vây xem 3 - Gia Đinh",
  "10798513533587633958": "Linh Hạnh Dược Phô - Lâm Cầu Thực",
  "10798532418199506127": "Có xác nhận xóa bản ghi chép này không?",
  "10798579067763017827": "Bom",
  "10798597019608841424": "Khách quan giang hồ phiêu bạt, những thứ này vẫn nên giữ lại làm sinh kế thì hơn.",
  "10798608849016509668": "Hỏi manh mối thích khách",
  "10798622043061585738": "Yến hội phồn hoa",
  "10798623708326947974": "Khi bước vào Hoàng Hoa Xuyên, mỗi lần đi theo suối Thanh Khê. Tôn Nguyện khi mới học y đã được Thủy Nguyệt Tiên Sinh tặng một cuốn Dược điển vô danh, nhiều năm sau Tôn Nguyện vẫn thường xem lại, ghi lại suy nghĩ vào sách. Đến khi nhà họ Tôn phong sơn, Tôn Nguyện chép lại vạn quyển y thư mời các danh y thiên hạ cùng đọc, Dược điển vô danh được đón nhận nhiều nhất. Cuốn sách này đổi lấy vô số lời phê chú của danh y, từ phức tạp đến đơn giản, trở thành pháp môn trấn phái của Thanh Khê.",
  "10798628395785356347": "Chủ quán trọ",
  "10798635379004057390": "Phong thổ lịch sử",
  "1079864271796685581": "Trừ tà an thần",
  "10798645196042228309": "Hoà thượng bình thường",
  "10798672424751989637": "Kết giao cố nhân giang hồ Tiêu Tương",
  "10798684106229183987": "Khách Bất Tiên",
  "1079869309724315770": "Vậy nên, ngươi biết nghiện nghiện có khả năng dùng giấy nhân tạo nên giấc mộng này cho ngươi, nên mới tìm đến nàng ta?",
  "1079869989003630953": "Chu Vũ Lâm",
  "10798702933946700778": "Kiểm nghiệm tử thi bằng ô đỏ",
  "10798703747453907907": "Một nông phu ở Phong Hòa Thôn, cần cù chăm chỉ, chất phác thật thà.",
  "10798818600681372057": "Không khí Giang Vô Lãng - Nhóm thứ ba",
  "10798861700128910939": "Xem ra Giang thúc năm nay cũng không uống được rượu mới…… Than ôi, ba năm qua ông ấy đã đi đâu?",
  "10798861740952857819": "Tật Bích Cốc",
  "10798867225325696883": "Cam Nhĩ Tể",
  "1079889243904140139": "【Kim Minh Trì】Chung - Phùng Kế Sinh",
  "10798955651754364264": "Hốt Động Thiếp",
  "10798959322062276499": "Ta chỉ nghe ở Phường Oa nói về \"nói ba phần\", nói Quan Vũ gác đèn đọc Kinh Xuân Thu, ừm, ngươi nói xem, tại sao ông ấy không đọc \"Đông Hạ\"!",
  "10798979475116087596": "Trong thời gian <Vô Danh Kiếm Pháp|781|#C|10102>Bảo hộ Chân Khí#E, #Ychưa vào trạng thái chiến đấu#E và trong vòng 5 giây sau khi sử dụng chiêu thức đặc biệt <Thoái Dịch Hữu Phương|781|#C|10102|20201110> thả ra kiếm khí, <Vô Dĩ Vi Gia|781|#C|10102|20201006> chiêu thức tích lực có thể phóng ra thêm nhiều đạo kiếm khí.",
  "10799046373810577511": "Tăng tối đa khí huyết",
  "10799055132758304322": "Đống lửa bếp",
  "1079914108173022072": "Khí lượng",
  "10799218742407504035": "Cầm lên",
  "10799311670452806768": "Anh Nhi...",
  "10799342991037009122": "Lương Đống",
  "10799374248920516737": "Giới hạn máu #Y+9%#E",
  "10799430713317788684": "Chính là... giọt nước xuyên đá, chẳng lẽ làm xuyên đá là giọt nước cuối cùng sao?",
  "10799482858887910765": "Sau khi sử dụng Kỳ thuật kỹ, tinh nguyên tiêu hao trong vòng #Y5#E giây sẽ được hoàn trả #Y30%#E, mỗi lần tối đa hoàn trả #Y10#E điểm.",
  "10799566924906395398": "Đi xuống lòng đất",
  "10799568172180465397": "Điền Dã",
  "10799592239947546500": "Sánh nhánh ẩn",
  "10799615104930663036": "Tôn Hạo Thanh",
  "10799649712514987711": "Trương Tuấn Kiệt",
  "10799751778464344435": "Giang hồ nhân ở Quỷ Phàn Lâu",
  "10799767587688886079": "Điều tra",
  "10799841651423655541": "Thời Lâu - Trộm học - Tương tác chìa khóa",
  "1079986455388886216": "Thọ Xương Phường - Phú nhân",
  "10799877768401087791": "Rời đi",
  "1079988268535400079": "Đã gửi chia sẻ.",
  "10799938683007307698": "Con chó sói đó ngày nào cũng làm ác, sao chưa bao giờ bị báo ứng vậy!",
  "10800007535906347920": "Thiên Hương Dẫn Hồn Cổ - Tăng hồi máu kỹ năng võ học",
  "10800013695328593639": "Vậy phẩm hạnh thì sao?",
  "10800020438168299205": "Nguyên Hàm Hàm",
  "10800024118047899219": "Tây Giao Khai Phong - Kiến văn 7",
  "10800030524256378855": "Màn pháo hoa cuối cùng sắp bắn lên, bao lì xì có số tiền lớn nhất cũng đã sẵn sàng. Chúc mọi người: Đêm nay tận hứng, không say không về!",
  "10800055198454072199": "Tự chọn Thông Bảo*10000 + Luật Chuẩn Thạch*5",
  "10800066582236275743": "Huỳnh Uyên - Tương tác cảnh quan - Bia đá năm người tổ tôn họ Ngưỡng",
  "10800067166304011423": "Trương Tuấn Kiệt",
  "10800119751070971351": "Dương Trụ Vũ",
  "1080020252099932721": "Chính là cây đàn của Đinh Mộ Nhi sao?",
  "10800263573647693781": "Dải lụa",
  "10800272396271923438": "Ngọc Lâu Xuân",
  "1080028887425028798": "Chỉ bán",
  "10800296104259505313": "Phi Hoa · Nhất",
  "10800296522988204754": "Mô phỏng kiếm pháp Tình Tuyết",
  "10800297490510158628": "Đối thoại",
  "10800298655485610476": "No bụng",
  "10800333751789492952": "Một nông dân ở Phong Hòa Thôn, cần cù, chất phác.",
  "10800358106024209347": "Lương Tiểu Ba",
  "10800365809788262897": "Bách Nghiệp đang trong giai đoạn tạm thời, hãy mau chóng chiêu mộ bang chúng và hoàn thành việc xây dựng Tụ Nghĩa Sảnh!",
  "10800401990535238455": "Lương Tiểu Như",
  "10800405115422306874": "Khách giang hồ"
}