{
  "10483594213193381399": "Sinh thái vật chủng",
  "10483645637069570856": "Sông núi như cũ",
  "10483685135747986299": "Khách lầu rượu Phong Khâu thôn 3",
  "10483694708981128037": "Tỳ 卑",
  "10483695274693161223": "Không thèm làm khách tiên",
  "10483821451285106573": "Sàn gỗ, dùng để dựng nhà.",
  "10483883350370406076": "Thập lục ngõ",
  "10483920751435760456": "Sinh thái vật chủng",
  "10483927952992049229": "Nhược Thủy",
  "1048395049813097405": "Cải đầu hoán diện",
  "10483950996451287168": "Loại hình sinh kế giang hồ nào sau đây có trong trò chơi?",
  "10483966381332499012": "Tử Tượng Cư - Ngự Ngõa Diêu - Giám đốc Binh sĩ 3",
  "10483998084380565190": "Ngươi mới là Đông Khuyết",
  "10484032452727890755": "Lục nhung",
  "10484081879940155160": "Phá cảnh tâm pháp",
  "10484093652592156108": "Quan giáp, Giáp ngực, Giáp ống chân, Giáp cổ tay",
  "10484133728323500329": "Minh Tín Dã",
  "10484147828732600936": "Nếu số lượng người chơi trên màn hình vượt quá số người chơi cùng màn hình, hệ thống sẽ ưu tiên hiển thị theo logic cài đặt:\n*Chế độ ưu tiên đồng đội: Ưu tiên hiển thị đồng đội và thành viên phe ta;\n*Chế độ ưu tiên kẻ địch: Ưu tiên hiển thị người chơi phe đối địch;\n*Chế độ ưu tiên khoảng cách: Ưu tiên hiển thị người chơi gần nhất.",
  "10484195383817174273": "Không phải đây sao! Ngươi! Mau qua đây!",
  "10484222826775022306": "Uồng Uyên - Phòng BOSS 2.0",
  "1048423589165451450": "Hoàn thành tất cả manh mối kho báu sẽ nhận được thông tin vật phẩm này",
  "1048424028238682146": "Triệu Vĩ Nghiệp",
  "104843022721810521": "Điều tra",
  "10484352395809386941": "Miệng hầu, bộ phận sinh dục bị ăn mòn trợt lở, mắt đỏ như mắt chim cu, nốt ban đỏ hình nốt sần ở bắp chân.",
  "10484380579006741745": "Xin lỗi, {} của ngươi không đủ",
  "10484430685388456964": "Chu Vũ Lâm",
  "10484440754908788453": "Tài sản đã đạt cấp tối đa, không thể nâng cấp",
  "10484455307275471070": "\"Nhị Hồ\" là nhạc cụ dây kéo phổ biến trong dân gian, số dây đàn của nó là",
  "10484506243467135614": "Đánh bại tất cả kẻ địch",
  "10484553718789344890": "Xuân Tẫn Sơn Không",
  "10484560546413259522": "Nấm",
  "10484562880839606845": "Không khí hành tàng - Hạ Đao Trại - Giang hồ nhân",
  "10484577739606797594": "Một địch trăm, ta dạy ngươi.",
  "10484585599871833572": "Điền dã",
  "10484590519168953561": "Mười năm tằm, mười năm tơ. Một tấc áo, một tấc máu. Một vụ án mạng nối tiếp nhau vì cái gọi là Thiên Tàm Hàn Y, rốt cuộc ẩn giấu bí mật gì phía sau?",
  "10484629351163400588": "Thường Vô Công - Sau khi truy tung",
  "10484694116600539882": "Phần thưởng công việc thẩm định",
  "10484731193072748975": "Khai Phong Phủ - Đại sảnh - Bách tính 73",
  "10484752419665906045": "Loạn thạch",
  "1048476906987160167": "……Trước đó thư sinh nói, trước khi dệt xong y phục, hắn đã trộm Thiên Tằm……",
  "10484780668993540075": "Mục tiêu: #YTrong 10 lượt#E khiến lòng tự trọng của Ái Cam Kính giảm về 0\nHướng khuyên nhủ:\n· Nói với Ái Cam Kính rằng nhà tắm ở đây dịch vụ hạng nhất\n· Nói với Ái Cam Kính rằng không tắm rửa sẽ bị người khác ghét bỏ",
  "10484800953857839609": "Làm như vậy, không được.",
  "10484812171715808963": "Trụ ngắn dựng đứng",
  "10484812397221207372": "Tinh thiết",
  "10484837961363522376": "Bảo rương Tam phẩm Thiêu Từ Lĩnh 9",
  "1048484021575310019": "Trương Chấn",
  "10484844113440000088": "Xây dựng Tụ Nghĩa Các",
  "10484860049151701604": "Triệu Vĩ Nghiệp",
  "10484865395647208790": "Đang lấy dữ liệu",
  "10484877971972102874": "Phản trọng lực",
  "10484887476267922899": "Đoạn Cương",
  "10484951343445862768": "Được, Du Hiệp! Ta hiểu rồi Du Hiệp! Đạo lý không thể chờ người khác dạy, dựa vào người khác cho, phải tự mình lĩnh ngộ!",
  "10484961426253242841": "Minh Kim · Ảnh hạng 4-10 phần thưởng · Lang Nữ",
  "10484986591924465380": "Dương Quảng",
  "10485003170335848082": "Có bí mật của Hàn nương tử",
  "10485021747937475694": "Đường hầm u tối ẩn chứa khách lạ, tiếng chuông đèn đỏ phản chiếu ánh đao. Để tìm kiếm tung tích của Tiểu Phúc, ngươi lẻn vào Vô Ưu Động dưới lòng đất Khai Phong, xông vào Quỷ Phiến Lầu, vào Nhân Thị, giao chiến với bang Vô Ưu tai tiếng, chứng kiến vô số cảnh đời thảm thương, lắng nghe tiếng cô đơn không ngớt, cuối cùng cũng biết được nỗi buồn vô tận đằng sau sự phồn hoa của Khai Phong.",
  "10485049440998976544": "Bảo rương · Thanh Hà",
  "10485134230020596211": "Mẫu tường không khí",
  "10485191700644376909": "Trần Hiểu Hàn",
  "1048519580047363676": "Mười mấy năm trước, dưới sự dẫn dắt của các nghĩa sĩ Bắc Minh như Liệt Ngôn, đã chống lại người Khiết Đan. Họ đều là người bản địa Thanh Hà, giờ đã chiến tử nơi sa trường, người xuất hiện trước mặt ngươi có lẽ chỉ là ảo ảnh năm xưa...",
  "10485256186228401731": "Sinh thái vật chủng",
  "10485273383784553201": "Khử độc hóa ứ",
  "10485308934750534094": "Thông tin vật phẩm đã được làm mới",
  "10485378548150723162": "Thi Thiên Lai",
  "10485394697405450352": "Khảm Nhi Tỉnh - Đánh dấu tầng hai",
  "10485404443606957953": "Đang lấy dữ liệu",
  "10485504599067878494": "Thi thể nhi đồng - Động thái",
  "10485505371177621936": "Ngươi đến gây sự à? Đao của ta chưa từng hạ xuống.",
  "10485559422750754474": "Trần Gia Tranh",
  "10485615956835955683": "S3-Phần thưởng Chiến lệnh-Cấp 55 trả phí",
  "1048562084024967623": "Bồ Đề Khổ Hải_Tăng nhân",
  "10485657944484805259": "Không",
  "10485663691211058326": "Sao mấy con chó này đột nhiên phát điên thế?",
  "10485793026121923486": "Đang tải...",
  "10485793918195060856": "Lưu phái Tháp Minh Kim · Ảnh tầng 9 - Đại Tống Quan binh cờ hiệu kèn 2",
  "10485809425966917148": "Giường",
  "10485824040286630478": "Quách Vũ Ngang",
  "10485836750482940446": "Cáo từ",
  "10485879155113024846": "Pháo hoa 2",
  "10485888214823873709": "Triệu Vĩ Nghiệp",
  "10485928008213155865": "Rương bùn - Bác Lãng Sa 8",
  "10485937738517045010": "Giữ vững ở chế độ Tuyệt Cảnh · Tắm Máu từ đầu đến cuối, tiêu diệt thủ lĩnh, hoàn thành thử thách Thí Luyện · Quỷ Thần Sầu.",
  "10486003840316794166": "Sử dụng vật này, có thể nhận được hiệu ứng ngoại hình tuyệt thế của Kỳ Thuật \"Thái Bạch Túy Nguyệt\" - Long Chiến Thiên Sơn.",
  "10486028398472995087": "Đom đóm",
  "10486086815789129555": "Lục Lâm - Thảo tặc - Cầm đao (96009)",
  "10486093325487187827": "Thôi vậy! Khách quan ngài lúc nào muốn nói chuyện, tôi sẽ nói chuyện! Lão Phong nhiều nhất hôm nay không làm ăn, ở đây bầu bạn với ngài!",
  "10486106567575068805": "Thủy công Thanh Giao Đường",
  "10486122591984984887": "Sinh thái vật chủng",
  "10486136248590717758": "{3}\nTa vào ngày {0} mắc phải bệnh {1}, sau khi được danh y {2} trị liệu cuối cùng đã khỏi bệnh.",
  "104861419055418629": "Tăng công kích Minh Kim",
  "1048614665635737303": "Bảo rương · Khai Phong",
  "10486191962410374926": "Ta chỉ nói bừa thôi, không giống như đại hiệp giữ lời hứa hẹn.",
  "10486192937035805213": "Hà Kỷ Hi",
  "10486203566835902474": "Cắt bìa",
  "10486292774339495820": "Thọ Xương Phường - Binh sĩ",
  "10486322793179281232": "Chu Vũ Lâm",
  "10486341284960840402": "Đạo nhân mơ thấy lừa",
  "10486358626091551055": "Nhấn: Né tránh\nNhấn giữ: Chạy nước rút / Bay vách",
  "10486369737113580748": "Ừm.",
  "104863769283939123": "Khi {} nhỏ nhất lớn hơn {} lớn nhất, sẽ gây ra sát thương cố định",
  "10486431786388316888": "Ta nghĩ thông rồi, chúng ta làm lại từ đầu!",
  "10486459651393566406": "Đom đóm",
  "10486547543233074304": "Nhanh chân đi trước, giành được vị trí đầu tiên.",
  "10486580637539557928": "Lắng nghe",
  "10486595882749675160": "Xung quanh Mạch Hành 2 - Khách nhân thúc giục - Bạch",
  "10486644376763928991": "Tùy chỉnh",
  "1048665254898783129": "Sao lại có cả trẻ con?",
  "10486679683258840526": "Con gái của ta, Vãn Linh, đã tìm thấy ngươi đang ngất xỉu trong miếu thờ.",
  "10486686905015382670": "Tìm kiếm Bách Nghiệp",
  "10486694468200926137": "Chữa trị có tác dụng gì?",
  "10486754512026679042": "Chi tuyến ngắn",
  "10486762857332924405": "Đỗ Nha Nhân",
  "1048688019402786594": "Quân bài kỹ thuật số và quân bài vạn năng",
  "10486898904308949764": "Đây chẳng phải là Bích Tuyền Sơn sao? Lẽ nào ở đây cũng có dấu vết của Điền Nghĩa Sĩ để lại?",
  "10486950808600367507": "Kỹ năng đột tiến, lao về phía mục tiêu đồng thời hất tung kẻ địch, gây sát thương.",
  "10486956261824798998": "Xin cáo từ",
  "10487088837067708423": "Thiếu hiệp... ngươi không sao chứ?",
  "10487213564432681547": "Sát Địa Thần",
  "10487295309310098710": "Nấu ăn ở môi trường khô hạn và lạnh giá",
  "10487319469511658965": "Yên Sư · Thần Công",
  "1048746510359002136": "Mô hình rỗng bọt nước",
  "10487483118548358766": "Đang tải dữ liệu...",
  "1048748579717512914": "Tạm biệt · Tiền Tơ Vàng 1",
  "10487494971605435455": "Dạy ta suýt ngã, ngươi!",
  "10487503137972471080": "Sinh thái vật chủng",
  "10487543194748749454": "Lưu Ly Thảo 01",
  "10487543527394241546": "Tà váy",
  "10487563585676571609": "Trận Pháp · Nguyệt Quế Trận",
  "10487583993364378014": "Trò chuyện",
  "10487585850182475121": "Nguyên Điềm Điềm là chị gái của Nguyên Hàm Hàm, từ nhỏ khẩu vị đã theo mẹ, rất thích đồ ngọt.",
  "1048759140679110678": "Sát thương đoạn hai",
  "10487622818133692016": "Thương nhân đến Thần Tiên Độ mua Ly Nhân Lệ, dường như hắn đang tìm kiếm thứ gì đó.",
  "10487675649098289371": "Địa ngục",
  "10487680895423716525": "Cái túi thứ ba...",
  "10487690838205066175": "Cút sang một bên cho ta!",
  "10487705938669924849": "Tại dạ yến pháo hoa đoạt được Hồng Bao (0/20)",
  "10487746140686721427": "Vậy tại sao ngươi không tự mình đi lấy lại túi tiền về?",
  "10487750923122736034": "Thành tựu đơn Hồi Tố",
  "10487767252189046270": "Thất bại",
  "10487785128390567410": "Thiên Địa Vạn Lại, Đại Nhai Nam Môn Khai Phong",
  "10487808457349977882": "Vạn Thắng Trấn Tổ không khí 149",
  "10487841529123052570": "Độc Tinh",
  "10487872441258857791": "Bờ Nhược Thủy",
  "10487894891740585217": "Giới Bi",
  "10488090384961117406": "Quả chua",
  "10488106828941793125": "Long Quỳ Thảo",
  "10488111345078497143": "Tiền Nhuận Hà",
  "10488175904903675876": "Chủ tuyến Khai Phong",
  "1048817647254205475": "Phúc Bồn Tử",
  "10488206536879738195": "Lương Đức Nhai",
  "10488217427648151359": "Đã mời",
  "1048822165942460585": "Bách Thảo Dã - Phán đoán tử vong Khu vực hồi tưởng của Thợ bóng bay",
  "10488330608443464399": "Sỏi Cuội",
  "10488343341013241191": "Tiền Thắng",
  "10488362371600689524": "Duyệt danh thắng",
  "10488377045577180078": "Nhận được khi đổi trang phục Nguyệt Trung Đế Hương",
  "10488402278047441985": "Tranh luận chính sách tiền tệ nhà Đường",
  "10488422609131024248": "Đối thoại",
  "1048842749629085450": "Mở khóa Vô Nguyệt Sơn Thiên Nhai Khách có thể nhận vị trí cứ điểm",
  "10488440447302657953": "Chu Vũ Lâm",
  "10488572313499045992": "Tiền vàng vạn lượng",
  "10488597311812982135": "Hải Đường",
  "10488627864685118005": "Tiếp theo nên làm gì?",
  "1048864318060598009": "Triều đình gây áp lực",
  "10488665033955998709": "Hồ Kiện Lực",
  "10488675926013445734": "Nhất Diệp Bình Sinh 3 - Thiên Kinh Bờ Đông Độ - Bảng Nền",
  "10488708425822564333": "Nhất Mệnh Lâu",
  "10488754471883526916": "Tiểu Kịch Trường - Doanh Trại Hắc Y Nhân Tú Kim Lâu",
  "10488776418852637674": "Cửa hàng vải thêu nhà họ Quân",
  "10488793211143573234": "Nhấn giữ để xoay",
  "1048882604176850010": "…Đừng nói chuyện với ta, không thấy trên đầu đang nhìn sao sao…",
  "10488829702838332957": "Giang Hồ Nam - Ngẫu Nhiên",
  "10488887138063593667": "Trong đình góc núi lên Tượng Tượng Cư, Tấn Lạn Kha đang nhàn nhã gảy quân cờ, chờ đợi đối thủ tiếp theo qua sông Sở Hán...",
  "10488895906523000048": "Tổng cộng gây sát thương cho kẻ địch là $D.",
  "10488917707523720480": "Nhận hiệu ứng khiêu khích và răn đe, sát thương đầu ra giảm 20% trong thời gian tiếp theo.",
  "10488924417537086701": "Triệu Vĩ Nghiệp",
  "10488960372138662432": "Ha, cô bé đó, coi như hiểu chuyện.",
  "10488987346898627734": "Vũ Nhung Thảo - Tường Dây Leo 12",
  "10489003532575224446": "Gia đinh họ Triệu",
  "10489037027944170816": "Diệu Diệu Miêu - Quỷ Hỏa",
  "10489039665345585316": "Đại đạo khó thành",
  "10489066836430721982": "Võ Tinh Minh bày tỏ lòng cảm ơn và bắt đầu suy nghĩ cẩn thận.",
  "10489121353455139582": "Đối thoại",
  "10489126000345219607": "Mạc Kim Chuẩn Bị Phòng - Đạo Mộ Bút Ký 2",
  "10489129022205451445": "Múc nước",
  "10489152415849521641": "Sinh Thái Vật Chủng",
  "10489193929175454836": "Thăm khám bệnh",
  "10489197795619163459": "S2 - Chiến Lệnh Thưởng - Trả Phí Cấp 75",
  "10489287609465079853": "Lão nhân luyện quyền khi hậu sinh ngươi còn đang bú sữa à!",
  "10489288993203493830": "Gia Thư Đạo Cụ",
  "10489311248900398159": "Thạch Phật đổ xuống, đè bẹp A Hoài~",
  "10489350380181286028": "Nhận được thành tựu mở khóa",
  "104893727300593380": "Tướng Quân Đao Kiến trốn bên bờ sông Từ Tâm Trấn, không biết Cát Tiểu Thử muốn dùng cây thuốc này luyện ra thứ gì?",
  "10489398674883770907": "Cửu Lưu Môn Thảo Hài Trú Địa - Tương Phòng - Đệ Tử Cửu Lưu Môn",
  "10489453058977801417": "Trần Gia Tranh",
  "1048954073924645420": "Được, ta giúp ngươi chú ý.",
  "10489542922555016681": "Tôn Tư Tư",
  "10489543300651058258": "Đến thôn Phong Hòa, giết kẻ bội nghĩa.",
  "10489563593966236567": "Phật Quang Đỉnh - Điểm Làm Mới Chiến Lợi Phẩm",
  "10489618352634968365": "Hy vọng tìm được một ngôi hội phù hợp để học nghề (đã thành công sẽ gặp người này, nhận quà hàng tuần.)",
  "10489698545963393720": "Linh nhân",
  "10489792398484643677": "Thỏa mãn điều kiện quan trọng 2",
  "1048980401323998627": "Bắt đầu thử thách",
  "10489814761046821548": "Đom Đóm",
  "10489817430206654091": "Du Lập",
  "10489817525270011396": "Chữ chữ chữ chữ",
  "10489855249564633859": "Bảng Nền 15",
  "10489910338397485790": "Không ai lên tiếng... Chẳng lẽ hắn xảy ra chuyện rồi? Tìm xem có manh mối gì gần đó không!",
  "10489919020739404214": "Thợ may nhỏ",
  "10489927921781010847": "Mã Não",
  "10489929425395927411": "%s Thành",
  "10489943876805583991": "2~5 người",
  "10489950091218851686": "Thu Đường Tiền Bách Tính A",
  "10489950785666538116": "Ha ha ha, bây giờ không thể gọi là Mao Thủ được nữa, phải gọi là Thần Bắt Mao Thủ! Nàng ấy đến chỗ chúng ta, đã giúp ta phá được mấy vụ án rồi.",
  "10490017087221630382": "Thử thách ném bình",
  "10490037132090861990": "Bắt Bóng · Nhập Môn",
  "10490056550136121880": "Kỹ năng đánh trúng gây ra hiệu ứng #YTửu Khí#E.",
  "10490060546541779361": "Trúc Lâm",
  "10490074312710770601": "Điền Dã",
  "10490108727605807894": "Tích lũy thắng 10 trận trong lối chơi Chỉ Qua ({0}/{1})",
  "10490150415824068541": "Thất Tống",
  "10490169139810755778": "Dân chúng Đông Thành",
  "10490176268664277379": "Ngựa chạy mất rồi",
  "10490194546955314954": "Thọ Xương Phường - Khu Thương Phố B - Quý Phu Nhân",
  "10490203625395251420": "Truyền thuyết giang hồ kể rằng, đạo thánh Quân Bất Kiến muốn trộm du thuyền Phù Cảnh được chế tạo cho tiệc sinh nhật của Công tử Vô Ngân. Đồng thời, Công tử Vô Ngân treo thưởng bằng lời hứa của Công tử, mời các anh hùng thiên hạ bày ra lưới trời lồng đất để bắt Quân Bất Kiến... \nMột trò chơi truy đuổi sắp bắt đầu, nhưng không biết lần đối đầu này ai thắng ai bại.",
  "1049021608788770692": "Cầu Trắc Nhân 4",
  "10490279323466412011": "Dược chế Mộng Khôi toàn thân sưng phù, nguyên là dân chúng vùng lân cận, bị bắt vào Huỳnh Uyên luyện chế Trường Sinh Thể.",
  "10490284319284874030": "Trung Niên Hiệp Khách Nam 04",
  "10490302675142534063": "Cũng bình thường thôi, chuyện rải tiền này bọn họ có nhiều chuyện để nói với Đông Khuyết công tử hơn!",
  "10490337978638086903": "Thăm dò 'Yên' trong mắt Thạch Tướng Quân",
  "10490340008162031471": "Da Tất Mính",
  "10490351978301632236": "Điểm Vị Cách Không Thủ Vật Truy Đuổi Chợ Đen - Bổ Đầu Nam",
  "10490359185115598500": "Đá mông hắn",
  "10490428314225528638": "Điền Dã",
  "10490482015533833409": "Ai là người đi thuyền đêm nay? Nơi nào nhớ nhung dưới ánh trăng sáng?",
  "10490535594469589558": "Ngư Long Mạn Diễn",
  "10490538580006254639": "Nói lời dí dỏm",
  "10490559735149959150": "Lý Trạch Hạo",
  "10490575800332932991": "Lấy cái này đi.",
  "10490579187879330514": "Trúc Địch",
  "10490588514232896906": "Nhìn cái gì?",
  "10490590962598848918": "Kết quả lần đó chị đã giúp ta nhặt được con diều. Còn nói ta rất giống chị ấy lúc nhỏ nữa!",
  "10490635899983492112": "Lối chơi cải trang",
  "10490656039301418585": "Nước lê mật ong làm sinh nước dãi, tan đờm, hết vào lúc mặt trời lặn, mau lại ăn đi nha ~",
  "10490658675369903050": "Mật mã sai, xin nhập lại",
  "10490664197573698554": "Đối thoại",
  "10490683999300690948": "Hướng dẫn cách chơi",
  "10490692845073427139": "（Rầm） một rương bảo vật rơi xuống từ mái nhà!",
  "10490710085071530986": "Trư Sư tỷ đem tất cả những vật phẩm quý giá ở đây thay bằng dược liệu thông thường, công hiệu lại không hề kém đi một phần, thật là tâm tư tinh xảo.",
  "10490757002284006193": "Viêm Thiết",
  "10490757343318543850": "Nhất Diệp Bình Sinh - Thiên Kinh Độ Bờ Đông - Bảng Nền 1",
  "1049077394690696134": "Tiểu Thụ Chi",
  "10490813449906485404": "Độc vật không rõ",
  "10490832976041684779": "Cái gì vậy",
  "10490917350653841889": "Phệ Lộc",
  "10490922737054116124": "Ha ha! Ta thường luận về kỹ thuật câu cá với người khác, quả nhiên có thành tựu!",
  "10490940730824884757": "Cổ Tư - Đại Viện - Bách Tính 49",
  "10490951594951327334": "Chu Vũ Lâm",
  "10490952072078090950": "Hộp Tự Chọn Thông Bảo Dùng Để Phát Thưởng",
  "10490997725603959296": "Cận chiến",
  "10491133379875142776": "Hồ ly trắng lững thững, chín đuôi xòe rộng. Gia di nhà ta, đến làm vua.\nLập gia lập thất, ta giúp nhà kia hưng thịnh. Giao hảo giữa người và tiên, nay bắt đầu từ đây.",
  "10491155568975817928": "Lần đầu trải nghiệm Hí tử",
  "10491202916970063264": "Tiểu hiệp tính thuê ngựa hay lừa? Nói trước đi, ở chỗ chúng ta phải đặt cọc tiền trọn gói đấy.",
  "10491216409612330909": "Kim Giác Đại Vương",
  "10491242064501299543": "Sẽ không còn sau này nữa",
  "10491301670287306953": "Phòng Chí Cường",
  "10491361902709631655": "Phổ · Bộ Phi Chuẩn Giai 61",
  "10491424142989391475": "Theo lời của tuần phủ, Hạ Tri Thư chắc chắn đã tham gia vào vụ án buôn bán người bất hợp pháp.",
  "10491426899337059851": "Lối chơi thăm dò một lần",
  "10491429065943220801": "Tâm huyết",
  "10491431588845826354": "Tổ hợp mới thêm vào xây dựng nghề nghiệp 798",
  "10491442402782605329": "Trần Hiểu Hàn",
  "10491444869372158339": "Trục Bánh Răng Ổ Trục 03",
  "10491525603624257416": "Tập Hợp Nhàn Du Trên Đường",
  "10491597034338654786": "Đăng ký",
  "10491652145921801603": "Tiền đã chuẩn bị cho ta thì phải tự tay đưa cho ta chứ.",
  "10491682832597674031": "Sơn Tước Noãn",
  "10491686928463401139": "Lò Nung - Bao Đay - Vật Trang Trí",
  "10491688401902402142": "Nhập đồng đội",
  "10491747900132054856": "Đọc",
  "10491818012468120437": "Bạch Mộc Túc",
  "10491829864095957684": "Đang tải...",
  "10491833713686667554": "Kêu gọi đi theo",
  "10491859884566820139": "Thiên Phật Thôn_Đám Đông Vây Xem",
  "10491938728314492732": "Khoảng cách",
  "10491960109038671117": "Sát thương Chân Khí gây ra tăng #Y10%#E, và sát thương Chân Khí do Kiếm Khí gây ra có thể tăng thêm dựa trên Ngoại Công Tấn Công tối đa, cứ mỗi 100 điểm tăng 2%. Tối đa có thể tăng #Y20%#E, cần tích lũy #Y1000#E điểm Ngoại Công Tấn Công tối đa.",
  "10492003934279201137": "Thiên Nhai Khách",
  "10492020015113202510": "Ngươi mau đến!",
  "10492026387159419036": "Sơn Tước Sào",
  "10492137490402473036": "Ngoan, ngươi cũng vậy, đêm nay mưa lớn, nhớ kỹ: đêm nay đừng ra ngoài.",
  "10492160488335496146": "Võ học kỹ",
  "10492164280806279839": "Hỏi",
  "10492164913449635398": "Hoàng Vũ",
  "10492204074064408196": "Văn Thạch",
  "10492210683738919489": "Năm đó hoa hạnh mưa phùn, ngươi cũng cầm Hỏa Năng Sinh Hoa nói muốn cùng ta bạc đầu giai lão...",
  "10492282355040975468": "Hồi hồn",
  "10492283318430912966": "Nhất Diệp Bình Sinh - Khu Phố Đại Lộ Nam Môn - Bảng Nền 16",
  "10492291023980878824": "Dù đỏ",
  "10492295217809163415": "Trần Gia Tranh",
  "10492296876886196732": "Lưu Phái Tháp Liệt Thạch · Quân Tầng 1 - Thảo Tặc Đơn Đao 1"
}