{
  "10346222298815501334": "Ải Lộc",
  "10346248565972249636": "{0:.1f} giây",
  "10346282831075777763": "Chiếm Khanh",
  "10346307546510900366": "Chóng mặt",
  "10346350029160144011": "Đối thoại",
  "10346397504717694583": "{3}\nTa vào năm {0} bị mắc bệnh {1}, sau nhờ danh y {2} điều trị, cuối cùng đã khỏi bệnh.",
  "10346402431840733427": "Tâm đắc nhập môn võ học \"Bát Phương Phong Lôi Thương\" của cuồng lãng, sử dụng có thể sơ bộ lĩnh ngộ một chiêu trong Bát Phương Phong Lôi Thương.",
  "10346448551166342162": "Quần chúng không khí 2",
  "10346504110511830031": "Lúc này không vội với tập thoại bản của ngươi sao?",
  "10346511740197213564": "Bích Tuyền Sơn - Điểm Tái Sinh Chiến Lợi Phẩm",
  "10346592543401317388": "Khu Cửa Hàng Câu Lan 4 - Phông Nền Di Động",
  "10346641883289125206": "Tổ hợp cối xay đá",
  "10346645040772636424": "Tâm pháp",
  "10346671911953654258": "Ngô Tiểu Oánh",
  "10346683765096744473": "Giao bản vẽ #Y Mộc Yển#E cho cô bé Chân Chân",
  "10346737695042088300": "Đang ghi nhận dữ liệu",
  "10346757950360428488": "Điền Dã",
  "10346790536286985831": "Lấy được rồi!",
  "10346794072897061996": "Nhất Diệp Bình Sinh 2 - Võ Quán Dạ Quy Nhân - Khách Hàng Tiệm Cổ Ngoạn",
  "10346794296314549603": "Ông chủ Tạ, ngài... chẳng lẽ là đã làm gì đó khi còn ở Xuân Thu Biệt Quán sao...?",
  "10346810931507178148": "Khi phát tác, sốt rét và nhiệt độ luân phiên gọi là \"Chính Độc\"; nhưng không sốt chỉ gọi là \"Tần Cốt\"; chỉ sốt không rét gọi là \"Đạm Độc\"; sốt nhiều rét ít gọi là \"Ôn Độc\"; phát ở Lĩnh Nam không rõ sốt rét gọi là \"Chướng Độc\"; sốt rét lâu không khỏi, dưới sườn có khối u gọi là \"Nhiệt Mẫu\".",
  "10346905739249478813": "Tử Tượng Cư - Lỗ Ban Từ - Công Tượng 5",
  "103469341264334124": "Y Đao, ta về xem một chút, ngươi cứ ở yên đây.",
  "1034697328869522154": "Bầu Không Khí Ngành Nghề - Hạ Đao Trại - Lưu Khấu Hạ Đao Trại 1",
  "10346994806891254022": "Thím nhỏ thanh tú",
  "10347098964437241298": "Khiêu Chiến Bắn Dê 2 - Bắn Cung Ba Sao",
  "10347166529945677650": "Tốc độ cao",
  "10347168595648813333": "Điểm Phụ Trợ - Điểm Xạ Kích Đợt Bảy 1",
  "10347181056767527267": "Cấp Độ Thế Giới - Cơ Quan Nhân\\nĐộng Tác Tuần Tra Tùy Chỉnh: Có",
  "1034718989379575397": "P4-Tiếp Thụ Trụ 03 Hữu-Cao",
  "10347234148178957028": "Theo đứa trẻ đi đến hậu viện gặp mẹ nó, tránh bị lính canh trong phủ phát hiện dấu vết.",
  "10347278549529856598": "Mở",
  "10347307220437527487": "Vương ĐaNê bày tỏ lòng biết ơn với ngươi, bắt đầu trầm tư suy nghĩ.",
  "10347322191590000816": "Hy vọng ngươi có thể mang những đứa trẻ đi theo một con đường tốt hơn ta.",
  "1034734789059571212": "Giải đố Tĩnh Dạ Tư",
  "10347376950648863911": "Bác Lãng Sa - Thiên Địa Bất Nhân - Huyền Nguyên Giáo",
  "10347388057789609574": "Sinh Thái Vật Chủng",
  "10347417356704950226": "Còn gọi là Tát Niết, bệnh sốt rét, thường gọi là đánh lạnh run, là bệnh do nhiễm trùng trùng rét đậm, khí độc hoặc phong hàn thử thấp gây ra, thường phát vào mùa hè thu.",
  "10347446856699257118": "Tăng <Tỷ lệ trúng Đòn chí mạng|780|#C|21>, hiệu quả tăng theo cấp độ mode đơn (Hiện tại: #Y{0:.1%}#E).",
  "10347456274236595328": "Cổ áo",
  "10347491965856470867": "Đối thoại",
  "10347542456393816145": "Hà, đương nhiên là cơn gió xuân của Hội quần anh này!",
  "1034755978485960038": "Hả? Nhưng bên cạnh vườn hoa không phải là chuồng ngựa sao, nơi đó có thể ở người được à?",
  "10347579017908104992": "Ngày 12 tháng 5",
  "10347604427082496820": "Công Nhân Sửa Chữa Công Trường Tháp Tửu Hương Hậu Tai Ương",
  "10347615359193518603": "Phật Giáo Nhị Đáng",
  "10347641037979317306": "Dương Tâm Nghi",
  "10347641709674799958": "Khai Phong Mật Thất Ngư Thú Điểu Trùng NPC Tố Lợi",
  "10347693614917912428": "Y sĩ bình thường của Thái Y Thự, thường ngày chủ yếu làm sổ sách, kiểm tra thu chi.",
  "10347710846814815551": "Lăng Giai Hân",
  "10347741555517770139": "Hà Kỷ Hi",
  "10347764342837844602": "Miêu Miêu Khu Ma",
  "10347796926279510058": "Ưm...",
  "10347845172643145643": "Dùng cho bản đồ - Vạn Cổ Nhất Nhân Điện Tầng 1",
  "10347848742898123476": "Khai Phong Chu Biên Du Nhai - Bách Tính Nữ - 37",
  "10347854845378114047": "Thiên Tuyền Đệ Tử 4",
  "10347859080372345455": "Buổi tối đến khám phá trạch viện Triệu Phổ",
  "10347868129654383275": "Lòng nương ta rất hoảng, gần đây đầu choáng, thương xót con không ngủ được, lại hận tên thương nhân gian xảo kia vì muốn kiếm lời bất nghĩa mà nói lời đồ thành vớ vẩn...",
  "10347884766583083127": "Tặng cho người khác, nhận được một lượng lớn hảo cảm.",
  "10347888725076169140": "Tam Xà Náo Ngốc Kỳ",
  "10347914119620099238": "Hôm nay vận may không tệ, haha!",
  "10347940135382240524": "Trắc Thí - Loạn Phi Điểu 9",
  "10347965159618096530": "Thương Đại Phu vừa dứt lời, trong Nhất Mệnh Lâu vang lên vài tiếng ho khan quen thuộc của Vương Nha Nội, hắn ta liền đứng dậy chạy tới.",
  "10347991294319017467": "Canh thang Đương Quy, nước trà, cháo gạo nè! Quán trà nhà họ Phong luôn đỉnh nhất!",
  "10348003212003216894": "Trấn Thủ - Mộc Diên Giai Đoạn Hai",
  "10348006593437589547": "Không đăng ký tham gia Đại Bỉ Môn, không thể tham gia khảo hạch",
  "10348007260214297185": "Tê liệt tứ chi",
  "10348010000559399808": "Vệ Lưỡng Toàn - Thị Bính",
  "10348073247154650392": "Hà Thị Lạc - Bị Dụng 23",
  "10348200276309939943": "Kỳ thuật bí quyển",
  "10348224419317643602": "A a a a a ——",
  "10348266214719277388": "Nan Nan có ba câu chuyện, ngươi muốn nghe câu thứ nhất, câu thứ hai, hay là... một, hai, ba, đúng! Câu thứ ba?",
  "10348266268767185205": "Hấp Địch Uy Đương Khai Sơn",
  "10348293881214489990": "Bái Nguyệt Hoa",
  "10348316500005243223": "Xương nứt",
  "10348348123833525824": "Thạch hộc",
  "1034839969520299413": "Trần Hiểu Hàn",
  "10348429114012476475": "Nông phu",
  "10348449971731787742": "Khi mục tiêu cạn khí nhấn {}",
  "10348484869500440697": "Đẳng cấp Huyền Hồ tăng lên Huyền Hồ · Nhập Môn Tam Giai",
  "10348500743877762048": "Tử Đậu Hoa bên ngoài mạnh mẽ nhưng bên trong đã là kỳ cuối, dinh dưỡng của nó e rằng đã bị các loài thực vật khác tranh đoạt gần hết…",
  "1034853872153701639": "Thương mà không trị, loét mà không y, dẫn đến phong tà nhập cốt, thương nặng khó hồi. Âm co mà gân rút, sườn không nâng lên được. Thương mà không trị, ắt có tai họa đến tính mạng!",
  "10348552610600810778": "Lý Gia Đống",
  "10348576361692906813": "Chỗ mèo thích không phải là nơi ngươi có thể đoán được đâu~",
  "10348582890189558372": "Đại Thế Giới - Lục Lâm - Hãn Phỉ - Quyền Cước Công Phu - Nhược B",
  "1034861855180842582": "Sư phụ, các người đều có thể nhập môn Thiên Tuyền Môn ta, đều có thể coi là tinh anh võ lâm, bản tọa vô cùng vinh hạnh.",
  "10348630303855969297": "Trao đổi",
  "1034863522317848398": "Mục tiêu được công bố",
  "1034875273797980722": "Cỏ tặc lưu vong ở Thanh Hà, chạy trốn vào núi rừng để làm thổ phỉ, dựng lên cờ hiệu của ba nhà để tăng thanh thế.",
  "10348838362689897831": "Chu Bổn - Mộc Diên - Cấp 66",
  "1034891242972212253": "Chu Vũ Lâm",
  "10348940176119713238": "Lương Tử Hàn",
  "1034897419173120749": "Tạm thời miễn trừ độc hoa Mạn Đà La.",
  "10348995137344977470": "Tiêu đề tiêu đề",
  "10349018548548681510": "Trộm sư ẩn hành",
  "10349029193757087092": "Hoàng Lạc Tư",
  "10349051415161354514": "Viên Quốc Chấn",
  "10349183348344506674": "Đồng ý tất cả",
  "10349216219981135880": "Lý Gia Đống",
  "10349274049715622669": "Hoa Tùng",
  "1034928108199240787": "Bồ Đề Khổ Hải Tâm Pháp 2",
  "10349287924087344331": "Dải lụa",
  "1034930440262418385": "Lão trượng, tôi đã vào khu rừng đó xem, không thấy con hổ lớn nào cả, chỉ có con vật ngốc này kêu la trong rừng thôi.",
  "10349327026315269187": "Cùng thưởng cảnh đẹp, mới là khoảng cách xa trong tầm mắt.",
  "10349354102865113956": "Trương Ý",
  "10349368814809896709": "Không phải đâu, đại ca, ta thật sự không có tiền, nếu muốn ăn vạ, thì kiếm một lão gia nào đó ở Thọ Xương Phường mà ăn vạ đi!",
  "10349399369951962529": "Không rõ...",
  "10349400449234230711": "Đại hiệp nói gì, ta không hiểu gì cả.",
  "10349401089657916172": "Đối thoại",
  "10349432278589519658": "Tham gia có thể nhận được Tửu Châu",
  "10349478621008966743": "Ngái ngủ đạo nhân - Ngủ gật",
  "10349481810874510087": "Nhất Thủy? Sao giờ này ngươi lại đến? Có chuyện gì xảy ra với Bách Công Phường sao?",
  "10349488124218978600": "Phật Quang Đỉnh - Điểm Tái Sinh Chiến Lợi Phẩm",
  "10349499977023721885": "Phúc Chưởng Quỹ",
  "10349533613091874703": "Dân chúng",
  "10349550276393929188": "Phần Thưởng Đoạn Vị 4",
  "10349656285275576930": "Thiện Diệu Châu - Đại Cứ Điểm - Phật Gia Trại - Thủ Thông (Một Lần)",
  "10349660749448504987": "Phần Thưởng Hoàn Thành Vuốt Mèo",
  "10349756579057034554": "Ngô Tiểu Oánh",
  "10349804127023519420": "Ngọc Thủ Cầm Tặc Mã Thất 2",
  "10349857447142204158": "Nhất Diệp Bình Sinh 3 - Khu Thương Phố Tây Phường - Phông Nền",
  "10349869597627902685": "Vậy... tiền thuốc?",
  "10349882978043676555": "Trắc Thí Điểm Kết Nối Hộp Xích Sắt (Mặc Sơn Đạo)",
  "10349893416380798129": "Thập Lục Hẻm",
  "10350096730364359225": "Chỉ hiển thị trang phục đối phương chưa sở hữu",
  "10350098354400804432": "Sói - Đồng Cỏ Xanh 10013 Xe Ngựa",
  "10350100287965781534": "Bách Thảo Dã Bình Nguyên",
  "10350119502523673003": "Xạ Phú",
  "10350126147742522188": "Đoạn",
  "10350183212335335260": "Đại Thế Giới - Lục Lâm - Hãn Phỉ - Quyền Cước Công Phu - Nhược E",
  "10350191368548991276": "Rương Báu Trang Bị Cấp 35 Y Khâm (Tương Ứng Khu Vực 26-35)",
  "10350211648936172463": "Thuần Khiết",
  "103502174709830236": "Đội chính",
  "10350291036449158742": "Công Bố Quy Trình Parkour Võ Lâm Lục Câu Lan Ngõa Tứ",
  "103502951524526886": "Tiểu Thụ Chi",
  "10350303211913317479": "Mục tiêu người chơi hiện đang ở trạng thái đặc biệt, không thể phát động trừng phạt",
  "10350305397696121423": "Giải thích Lắng Nghe",
  "10350309520994146388": "Vô Tướng Hoàng",
  "10350343785536218798": "Đang lấy dữ liệu",
  "10350346075498641540": "Mỗi lần tấn công hoặc trị liệu đều có #Y80%#E xác suất tự thêm một tầng #YHiệu ứng Dịch Thủy#E: <Ngoại công xuyên thấu|780|#C|153> tăng #Y2#E điểm, gây ra sát thương và trị liệu tăng #Y1%#E, duy trì #Y8#E giây, tối đa có thể chồng #Y5#E tầng. Hiệu ứng Dịch Thủy #Ymỗi hai giây chỉ phán đoán thêm một lần#E.",
  "10350380041572168428": "【Trắc Thí】Trượng Kiếm · Nhị",
  "103503994333791533": "Khai Phong · Túy Hoa Âm",
  "10350456946089429598": "Hôm nay vận may dùng hết rồi, không có cách nào nếu vận khí không tốt.",
  "10350470157806349767": "Trúc Ảnh",
  "10350497702087139130": "Tụ họp với bạn bè giang hồ, yên ổn qua ngày",
  "1035058424110566016": "Phong Hòa Thôn - Điểm Tái Sinh Chiến Lợi Phẩm 186",
  "10350610603844633337": "Cực cao",
  "10350611556903447818": "Thủy đậu",
  "10350700862451528418": "Thăm du",
  "10350709481370758364": "Cơ chế thử luyện",
  "10350714713371697526": "Nhưng tại sao tiền này nhất định phải là đồng?",
  "10350762544533267730": "【Trắc Thí】Đại Đạo Sinh Tài",
  "10350767688688458346": "Dã Quái - Huyền Nguyên Giáo Nguyệt Tương Bàn - Nhược Thính Lực",
  "10350768886362913195": "Trần Thần",
  "10350778748299096662": "Quyết định rời đi",
  "10350994521993128844": "Bầu Không Khí Văn Sĩ Đa Nhân - Vi Quan",
  "10351025883658007642": "Chọn một đơn vị đồng minh không phải bản thân, dẫn khí mạch trị liệu liên tục tối đa 5 giây cho họ, hồi phục lượng lớn khí huyết.",
  "10351048195014901470": "Bang chúng Thanh Giao Đường Tinh Ẩn Dã 1 Lý Tam Đào",
  "1035105685166228339": "Giang hồ nhân (Thi thể tạo cảnh chung)",
  "10351098351462662970": "{2}\nThân có chút không khỏe, qua danh y {0} chẩn đoán, bệnh ta mắc phải là {1}.",
  "10351123473507098683": "Chi tiết tài sản",
  "10351142656370926690": "Nếu bần tăng không hiểu rõ ái dục thế gian, làm sao biết được cái hại của nó, làm sao độ hóa thế nhân đây?",
  "10351145596251869064": "Không nói sư muội, vậy nói về sư đệ đi. Sư đệ ta đọc Binh pháp Tôn Tử, muốn dùng Tam Thực Lục Kê để biên một vũ điệu chiến trận, ngươi nói xem, tại sao hắn không đọc Binh pháp Gia gia ta?",
  "10351178791746277078": "Xác nhận hủy bỏ quan hệ khách lại tư nhân với người chơi này không?",
  "10351213769518253002": "Lục",
  "10351214865352850109": "Lúa nước",
  "1035121993562794308": "Thiếu niên chào hỏi ở cửa thôn C",
  "10351252336308226583": "Không đúng, câu 'chớ chấp vào tướng' trong Kim Cương Kinh này, ta muốn tìm Diệu Thiện, thì phải làm ngược lại.",
  "10351270524432325986": "Phụ nhân",
  "10351281283344068492": "Hành hiệp trượng nghĩa · Một",
  "10351313935156444982": "Thiếu hiệp người quá nghịch ngợm rồi, tâm thái phải vững vàng! Người xem hôm nay ta vững như Thái Sơn, ngày mai cũng vững như Thái Sơn, ngày kia, ngày kia nữa, vẫn vững như Thái Sơn!",
  "1035131974046014329": "Kết giao bạn bè",
  "10351330952762143966": "Tào Dự Hinh",
  "10351331870233131728": "Trần Gia Tranh",
  "10351373301995911932": "%s %s cá ",
  "1035137417298802359": "Sử dụng thành công, có thể đến giao diện Ngoại quan - Phương tiện để dùng thử tọa kỵ tương ứng",
  "10351376847217600145": "Quầy rượu nếp",
  "10351406413944364376": "Thất Phạt Pha - Điểm làm mới chiến lợi phẩm 210",
  "10351472095443083449": "Mạc Đao · Đánh nhẹ",
  "10351500135186911998": "Đối thoại",
  "10351502193831776882": "Ừ, \"hai xám một vừng\"! Trước tiên phải trét bột bả, sau đó là dán gân đay, rồi mới phủ vữa dầu, ta nhớ kỹ rồi!",
  "10351562261222237152": "Thủ lĩnh Vô Ưu Bang khắc chế",
  "10351616091575948235": "Tổ tạo cảnh Vạn Thắng Trấn 119",
  "10351664589233959063": "Tranh Bá Chim Sẻ Thần",
  "10351694495012912810": "Một câu chuyện giang hồ",
  "10351792577817526335": "Huệ Dược từng là đệ tử lớn nhất của Thiền sư Diệu Thiện. Diệu Thiện lơ là việc quản lý tăng đoàn, thành viên tạp nham, Huệ Dược thường đứng ra hòa giải và được lòng chúng. Tuy nhiên, sau khi Diệu Thiện mất tích, tính tình Huệ Dược thay đổi lớn, cùng với Huệ Dũng và những người khác xuất thân từ thổ phỉ, chiếm đoạt tất cả các chùa Phật ở Thiện Diệu Châu, tự xưng là \"Phật gia\", lập trại xưng vương. Huệ Dũng và những người khác tiếp tục nghề cũ cướp bóc, Huệ Dược cũng vui lòng nhìn họ làm hoen ố danh tiếng của Thiện Diệu.\nTuy nhiên, làm nhiều việc bất nghĩa ắt sẽ tự diệt, gần đây nghe nói bọn họ đã bị một cao thủ giang hồ mới nổi tiêu diệt.",
  "10351842017546315369": "Thường Bình Thương - Kỳ xí",
  "10351904594656756368": "Vi Đà Chánh Pháp",
  "10351921739969785088": "Chu Tiểu Cương",
  "10351951870270113998": "Ngô Mai Đường",
  "10351959893869984043": "Tử Chung",
  "10352026116814338188": "Việc khó tìm",
  "10352040189323685276": "Đá cuội",
  "10352104254030753160": "bigdoor Đại môn 4.6m",
  "10352127030243908856": "Ngươi đã thay Trương Tố chuyển lời \"tấm lòng\", và cũng biết được tâm sự của cô ấy qua cuộc trò chuyện với Địch Xuân. Hóa ra sự dịu dàng kiên cường được mọi người kính trọng, Trương Tố ngưỡng mộ, thực chất là sự bất đắc dĩ bị khổ nạn ép buộc. Cô ấy hy vọng trong tương lai, mình có thể trở lại làm cô gái hoạt bát, vui vẻ như trước, vì vậy đã đồng ý với ngươi, nói chuyện thẳng thắn với Trương Tố.",
  "10352190470383955165": "Cách nhận",
  "10352259701554703699": "Bản nhạc này đã có trong thư viện, hãy đặt một cái tên mới đi",
  "10352274000907947605": "Khu vực hạn chế năng lực biệt quán",
  "10352277093723475722": "Thiếu niên 1",
  "10352297614296056756": "Phòng Chí Cường",
  "10352317688654861340": "Xin cáo từ",
  "10352327556615920431": "Mỹ như ngọc",
  "10352358528282145877": "Đã bị nhìn thấy",
  "10352366407544075143": "Linh kiện cống nước - Tả",
  "10352387137913131362": "Cửa hàng đồng du",
  "10352391428208602078": "Ý của ngươi là...",
  "10352394236086023571": "Bạch Mao Dương",
  "10352398700829259115": "Ôi chao, ta vừa đến đây đã thấy đại hiệp nói lung tung, lời của đại hiệp quả thực giống như châm đèn trong hố xí đen kịt, ta xin thứ lỗi cho người.",
  "10352409195048395643": "Lựa chọn Võ học",
  "10352424797314704842": "Sử dụng vật phẩm này, có thể nhận được ngoại hình tương ứng.",
  "10352428328225213303": "Sao giờ mới cho",
  "10352459300810159252": "Dế mèn",
  "10352506273163501309": "Tổng kết trong Võ Lâm Lục",
  "10352510101161810782": "Trò chuyện",
  "10352546630537243368": "Muốn học thì nói với ta, cứ lượn lờ xung quanh là học được sao?",
  "10352561725508440247": "Tú Kim Vệ",
  "10352585432373363082": "Mở khóa",
  "10352589125998148740": "Phần thưởng hoàn thành vuốt mèo",
  "10352628805496404751": "Khai Sơn · Tam",
  "10352635795601965504": "Xem cách chơi Hồng Lô Nhã Tập, trời sắp mưa tuyết lúc chiều muộn, có thể uống một chén không?\nĐến Hồng Lô Nhã Tập, tụ họp với các văn nhân khác.\nCó thể vào giao diện 【Hành tẩu giang hồ】 từ 【Menu chính】, xem tại tab 【Lưu lạc】.",
  "10352680510838898496": "Pháp về doanh xá, gọi là «Mộc Kinh», sách có ba quyển. Những năm gần đây công trình mộc ngày càng tinh xảo, thường dùng đến nó. Đây là một trang giấy còn sót lại.",
  "1035268743202074182": "#JSơn băng đất nứt · Anh#E",
  "10352724426036554791": "Tiểu kịch trường (Tự sự) - Lạc Hoa Hữu Tình",
  "1035273451694046026": "Đá tảng",
  "10352740641573031643": "No đủ",
  "10352773905844935685": "Chu Vũ Lâm",
  "10352802000564501394": "Phần thưởng cấp 3 hoạt động phúc lợi trưởng thành: Sau khi mở chắc chắn nhận được Ô Thiết Kim · Cấp Một*50, Chấn Ngọc*20, Chu Nguyên Thông Bảo*20000, Hộp hỗ trợ đột phá Kỳ thuật*2, Hộp hỗ trợ vật tư sinh hoạt*2, Hộp tự chọn nâng cấp võ học*4",
  "10352821395197220923": "Thái Nhạc Đài - Thi thể trên bề mặt 6",
  "10352823368260584346": "Ừm.",
  "10352869228067602907": "Vật chủng sinh thái",
  "10352939825010835402": "Tú Kim Lâu - Doanh địa - Liêm đao",
  "10352958479084375901": "Huỳnh Uyên - Đèn hình người nhỏ chắp tay sau lưng ở Thái Cực Điểm",
  "10352973090146582946": " (Chuyện này phải làm sao đây, da đưa đi lại bị thua rồi...)",
  "10353009385282043636": "Trên bàn tiệc mười lăm năm trước, thím đặc biệt làm món Mỳ Lá Hòe mà hắn thích nhất.",
  "10353023104957996516": "Nâng cấp tài nguyên độ nét cao",
  "10353030487275395052": "Quỷ Công Tử - P2",
  "10353068374694279162": "Phòng Chí Cường",
  "10353077220367016049": "Dân làng Phong Hòa Thôn",
  "10353086901264794548": "Hoàn thành Màn chơi - Thái Nhạc Đài",
  "10353113743390633915": "<Kỹ năng đặc biệt: Kinh Lôi Chấn> Khi tấn công bổ nhào trúng mục tiêu không ở trạng thái phòng ngự, có thể khiến bản thân nhận hiệu ứng [Phá Cổ].",
  "10353117232730508865": "Đại Tống Quan binh phổ thông - Không mang binh khí - Dùng để tạo cảnh",
  "1035313795051030642": "Vật chủng sinh thái",
  "1035320092909766760": "An Hoài Vi",
  "10353226638525895472": "Diệu Diệu Miêu - Thu thập Quỷ hỏa - Góc Đông Nam Bồ Đề Khổ Hải",
  "10353234305487192525": "Vật chủng sinh thái",
  "10353272900594538357": "Quán cháo quán cháo",
  "10353292593939626863": "Đấu giá Quan Tài Phường - Người trả giá",
  "10353309899870138949": "Mỹ vị kinh hỉ - Nam nhân",
  "10353327272850467446": "Điểm bảo tàng:",
  "10353360652954001848": "Thảo nguyên",
  "10353572396802550385": "Vật chủng sinh thái",
  "10353637820429181157": "Hoa Trung Thừa",
  "10353644083034127643": "Cờ Tướng Giải Đố của Diệp Bất Hưu",
  "10353719084861040829": "Trần Chu Bạn",
  "10353745559142549511": "Thời gian còn lại {delta_day:d} ngày",
  "10353751010887564850": "Dương Nhất Tiên",
  "10353762585757525126": "Giải trí đơn người/nhiều người",
  "10353784547024371032": "Cuộc truy đuổi giết thù",
  "10353807806458844809": "NPC tạo cảnh trên đường từ Lâm Tân Độ đến Thiên Nhai Khách Lộ - Vương Đại Cương",
  "10353814172465500861": "Thu thập nguyên liệu",
  "1035386135137661844": "Trong 4 phút, giữ bản thân sống sót",
  "10353866985579270684": "Hắc Miêu (Chớ động)",
  "10353945850512555711": "#N Phồn Hoa Cư#E, #N Dưới gốc cây hoa#E ... Cảm ơn tỷ tỷ, lát nữa ta sẽ đi ngay!",
  "10353983088668755326": "Mẫu tường không khí bên trong Quỷ Thủ Động",
  "1035399235372674257": "Thọ Xương Phường - Người Khiết Đan",
  "10353992701727446542": "Trần Thần",
  "10354067444927283822": "Đang tải...",
  "1035410571047535670": "Xích Đồng",
  "10354126036854990459": "Bảo rương · Khai Phong",
  "10354140790464448258": "Nấm",
  "10354183617322521151": "Thực hiện cải trang",
  "10354195973337018832": "Đối thoại",
  "10354308170957776190": "Dế mèn",
  "10354376120767442040": "Chu Vũ Lâm",
  "10354409848256483262": "Nhấp để nghe thử",
  "10354449589896170269": "Chưa có con cái",
  "10354495002708300322": "Kết thúc ván đấu:",
  "10354497860300557258": "Mục tiêu trò chơi",
  "10354567616170424304": "Chuyển màu",
  "10354577621099711841": "Con lười",
  "10354591490539134299": "Một nhân vật giang hồ trẻ tuổi, đưa hắn về Dương Liễu Ngạn đi, nếu không thì...",
  "10354632202168171255": "Một đoạn",
  "10354668314910895612": "Cấm đi phía trước",
  "10354669036202888964": "Thích ăn:",
  "10354671224776174906": "Thánh nhân kiến ngôn, làm pháp độ thiên hạ",
  "10354687070261322860": "Ếch xanh",
  "10354714881042059018": "Tiểu thập thất nhiều người - Cấp 61",
  "1035471737032893148": "Mèo của nhà Ôn lưu lạc giang hồ, vì lanh lợi đáng yêu, lại giỏi tìm tài vật, nên được gọi là Miêu Miêu Miêu. Hoàn thành thử thách của chúng, có thể nhận được phần thưởng Chuông, đổi tại Miếu Miêu Miêu để nhận lễ vật quý giá.",
  "10354760051575427180": "Hư ảnh Hoàng đế",
  "10354766899681809122": "Dân chúng Vạn Thắng Trấn",
  "1035478909978637190": "Phúc bồn tử",
  "10354797136272410151": "Nguyên liệu xây dựng có thể dùng để tặng hoặc trao đổi",
  "10354817506395613802": "Nhiệm vụ tiếp dẫn Tam canh thiên - Thi thể giang hồ nhân 4",
  "10354825945183855080": "Lão Tử ghét nhất là phải lựa chọn, tiểu tử, ngươi đừng phạm điều cấm kỵ!",
  "10354881664602529881": "《Tôn Tử Binh Pháp》, Ba mươi sáu kế! Nói về một cuốn binh pháp do Tôn Võ viết, có ba mươi sáu kế sách! May mà là ta nghe được, nếu truyền ra giang hồ ngươi sẽ mất mặt lắm đó.",
  "10354919612509955390": "Thừa Long Nóng Trăng",
  "10354932343609842774": "Vật phẩm thu thập giả thế giới trong mơ 1",
  "10354946017173844679": "Tường không khí - Vũng nước trước chợ người ngăn chặn ra khỏi biên giới",
  "10354960788482475985": "Chủ sạp hoa cỏ",
  "10355057988242688549": "Sử dụng #Y1 lần miễn phí#E để hoàn thành quá trình chuyển đổi tâm pháp lần này"
}