{
  "12363528339024477306": "Ngự Uyển Bắc - Ngắm Hồ",
  "1236353844456081347": "Sử dụng thành công, đã nhận được 30 kim trang tháng.",
  "12363546435196619433": "Nghe nói, khi vết máu trên chiếc vòng tay đỏ này phai đi, đó chính là ngày thiên hạ thái bình. Điều tra tại #HVạn Cổ Nhất Nhân Điện#E, tại nơi #HThương Long#E ngã xuống, tìm hiểu quá khứ bị che giấu này.",
  "12363599634306847570": "Hữu Hưng Hoàn Tử Phô",
  "12363636266665268004": "Ngô Tiểu Oánh",
  "12363649128718448532": "Tối đa hiển thị 5 điểm đánh dấu loài hoặc quái vật hoang dã",
  "12363663625002264135": "Huyễn Thân · Hú Uyên Lộng Ảnh",
  "12363672889822038614": "(Lẩm bẩm) Đúng, tuyệt đối không liên quan, tuyệt đối không quản, tuyệt đối không tận tâm tận lực. (Nhỏ giọng quay đầu) Không tận lực mà còn cầm đao hỏi đường, tận lực thì còn sao được?",
  "12363680356349274284": "Người bán quầy tình thạch",
  "12363788852364309353": "Ấn Tố Tố",
  "12363830518729588791": "Khám phá · Giải đố",
  "12363853710958072157": "Bảng Tùy Chỉnh Ngoại Quan NPC - Giang Hồ Nhân Nam - Thi Thể",
  "12363875479928862918": "Thất Phạt Pha",
  "12363968802302389699": "Mẫu Tường Vô Hình",
  "12363987271241581311": "Khai Phong - Kiều Nam Phố - Nhóm NPC Hóng Chuyện 3 - Nữ Khán Giả",
  "12363997338116789493": "Quần chúng vây xem",
  "12364013981003161367": "Kỳ lạ, người này trông không có chút sinh khí nào.",
  "12364024565118384693": "Cổ tích",
  "12364052311696203109": "Định Thân",
  "12364060240350201911": "Vô Tướng Hoàng",
  "12364060407877247316": "Không",
  "12364153197337475605": "Tương truyền có thích khách Tây Vực, áo đen khăn voan, đạp cát không dấu vết, lấy được chuôi dao bằng xương rồng xích kim, thấy máu thì phong hầu.",
  "12364193797395272596": "NPC Thi Thể Bầu Không Khí Vô Ưu Động - Ngồi Bệt 1 - Nam",
  "12364274118387148157": "Vương Đại Dân",
  "1236429648499004041": "Đá vụn",
  "12364302453974354381": "Lý Gia Đống",
  "1236434448322387661": "Bí phương \"Thiên Thủy Bích\" nhà Hồ đại gia bị Tiết chưởng quỹ lừa mất, Hồ đại đặc biệt mời cao thủ giang hồ cải trang thành Tiết chưởng quỹ, đòi lại bí phương từ em gái hắn.",
  "12364348000512712974": "Nếu không ai não không tốt, chạy đến thành bên ngoài. Vẫn là tuần kiểm ty nhỏ nhất ở tám khu vực thành bên ngoài này sao?",
  "12364369030621663887": "Triệu Vĩ Nghiệp",
  "1236444091544633053": "Hiện đang ở trong giang hồ của ta",
  "12364457031951578934": "Hoàng Hạc",
  "12364507415980457018": "Phần Thưởng Hoạt Động Điểm Danh 221 Lần 7: Niểu Niểu Chi Âm · Khóa*1",
  "12364513025605852282": "Phân bố Loài",
  "12364564275553700883": "Hừ hừ, chỉ những kẻ chột dạ mới không dám báo quan! Chẳng trách ngươi khoác lác to đến vậy, lương tâm đều bị thổi bay mất rồi!",
  "12364569445391633133": "Sử dụng vật này, có thể nhận được ngoại hình tương ứng.",
  "12364579616152785100": "Ngô Tử Mỹ",
  "1236463890659166977": "Thiết Tú Cầu",
  "12364685905956876858": "Cừu Kim Hàn",
  "12364686213243862654": "Người đuổi theo ánh sáng",
  "12364692717210950458": "Binh lính triều Tống",
  "12364708552181263654": "Tăng cường trị liệu trọng kích",
  "12364712579805226415": "Ai muốn đánh ngươi hả?",
  "12364780508098429819": "Cô thuyền ảnh cô độc",
  "12364794571794052868": "Phồn Hoa Cư",
  "12364806367266078661": "Đang tải dữ liệu 000/000",
  "12364810284603445826": "Số người lọt bảng: {0}/{1}",
  "12364817417125806158": "Đang lấy dữ liệu",
  "12364841851405595626": "Phần Thưởng Chế Độ Chơi",
  "12364889487275067234": "Tiếng nhạc thật buồn... Như oán như mộ, như khóc như than...",
  "1236492608694527334": "Xe lừa phu",
  "1236494886469129693": "Túc Tử Hành Vân lần kỹ năng tích lũy tiếp theo sẽ gây ra hiệu ứng #J Mất Hồn#E cho kẻ địch.",
  "12364967250977029557": "Đang tải dữ liệu",
  "12365034338094535774": "Một người dân làng ở Phong Hòa Thôn, dậy sớm làm việc chăm chỉ, chất phác thật thà.",
  "12365089414286210033": "Cờ cục của Bạch Vân Sinh",
  "12365107007251652737": "Lâm Văn Kiệt",
  "12365145381312610627": "Bá Ấp Khảo",
  "12365153179741572307": "Tường Lục Phương",
  "12365168470881255127": "Túy Hoa Âm - Bầu Không Khí Vòng Ngoài Đoạn Đầu - Chu Mộ Trì",
  "1236518207733641335": "Cảm cảm cảm cảm không có chút cảm giác nào.",
  "12365192308344335626": "Khổ hạnh tu 182",
  "12365224522938636549": "Phật Hoa sứ giả",
  "12365238700718547768": "Anh, lần này em giấu lưới bắt cá ở phía sau cửa hàng đồ cổ bên cạnh, đảm bảo bọn chúng không ngờ tới!",
  "1236527449680057319": "Khai Phong Du Phố Xung Quanh - Bách Tính Nữ - 60",
  "12365277640326539145": "Mông Danh Hằng",
  "12365356721581029156": "Thời Duy Kiến Long năm thứ ba, con bất hiếu tên Dương Tiềm kính dâng đồ cúng hợp thời lên linh vị phụ thân...",
  "12365433663087704057": "Nhậm Tuấn Lâm",
  "12365441499250788295": "Vương Trị",
  "12365523726386674737": "Người giang hồ thường làm gì?",
  "1236557653440707937": "Trần Thắng",
  "12365599069667334154": "Trần Gia Tranh",
  "1236569647166886636": "Cứu ta——",
  "12365706766754734563": "Không tiễn.",
  "12365768173109043171": "Khi lên cơn dại, thần thái và hình thể giống như gấu, người ngoài nhìn vào cũng giống như một con gấu.",
  "12365784980028581949": "Thịt hươu kêu",
  "12365835018563482884": "Luận Kiếm - Phần thưởng bậc",
  "12365839736987300761": "Thuận lợi cả đời... Sống sót...",
  "12365948200664387052": "Ai là——",
  "1236596991098115168": "Mua",
  "12365996697824166671": "Tiền bối! Tiền bối?",
  "12366015538624526074": "Nhất Diệp Bình Sinh 3 - Di Tích Tư Nguy Viên - Tấm Nền Tuần Tra",
  "12366031389457661374": "Này, đó không phải là Vân Hoa Lâu Chủ sao?",
  "12366041115154878407": "Đó là ổ của bọn Vô Ưu Bang, người ngoài vào đó thì không có đường ra!",
  "12366065182588134825": "Chiếu Mão Khang",
  "12366066866215975711": "Nếu ngươi đã gặp mẹ nuôi ta, ngươi sẽ không nói câu này đâu...",
  "12366072537378066656": "Vật Vong Ngã 03",
  "12366079226830025159": "Chu Vũ Lâm",
  "12366096070718806545": "Này  ",
  "12366119914063891304": "Lò Luyện - Điểm Tương Tác Phát Sáng Mô Hình Xe Ngựa Rỗng",
  "12366139729968672776": "Vẹt - Mục Tiêu Tỷ Thí - 1",
  "12366149172594016105": "Giải Đố Phức Hợp - Mảnh Nước",
  "12366156416784279937": "Tôn Hạo Thanh",
  "12366157965876235341": "Sử dụng",
  "12366163415970478494": "Đúng vậy! Giống như cây cầu Tước Tiên này.",
  "12366165561630976886": "Bộ Kích Hoạt Hỏa Diễm - Quỷ Hỏa",
  "12366196375247635676": "Thần Tiên Độ Tuần Tra 7",
  "12366245225151328710": "Phần Thưởng Trấn Thủ Bảo Tàng - Cấp Độ Thế Giới Cấp 7",
  "12366260893133588305": "Chờ đợi",
  "1236630926695189210": "Chu Vũ Lâm",
  "12366326886626319285": "Phàn Lâu Giới Luật Túy Hoa Âm - Vũ điệu bay lượn đôi - Phạm vi mời",
  "12366344284899549044": "Dưới Hiên Treo - Lao Dịch 9",
  "12366427489715814940": "A Tú",
  "12366429781335814912": "Có anh em huynh đệ nào gặp chuyện tương tự không? Tôi vì phạm lỗi {} này mà bị nhốt, thảm quá",
  "12366457759731024097": "Bách Nghiệp Tổ Chức Xây Dựng thêm thành phần 418",
  "12366491366123287313": "Hàn Ô",
  "12366506671123725826": "Trần Gia Tranh",
  "12366507211039586122": "Ngọc đài",
  "12366603297902350701": "Trong giếng có người, tên là Ếch. Không thấy mặt, chỉ nghe tiếng, ẩn trong giếng hoang, trốn trong thủy đạo…… Rốt cuộc hắn đang trốn tránh điều gì, liệu có ngày nào được nhìn thấy ánh mặt trời không?",
  "12366675881316065082": "Liễu Thanh Y",
  "12366700822493646388": "Lụa xanh gấp lại",
  "12366707406894930928": "Ngươi sao vậy?",
  "12366736880129435684": "Ngân Khoáng Thạch (Nguyên Khối)",
  "12366749912961095912": "Trật khớp xương ngón tay",
  "12366812032078510764": "Thỏ Xám",
  "12366827886152706819": "Sư phụ: 1/1",
  "12366846270414094824": "Sử dụng có thể đặt một chiếc xích đu, cùng người du hiệp khác cùng nhau ngắm cảnh, thật là vui vẻ. Sử dụng lần nữa có thể thu lại.",
  "12366852374809402602": "Đạo Cụ Trò Chơi",
  "12366887343524699725": "Hồ Tam Bảo",
  "1236691296596768006": "Nguyên Điềm Điềm",
  "12366939147963666006": "Mặc Thủ Chi Tâm - Cơ Quan Nhân Hư Hỏng Có Thể Tương Tác Nói Chuyện 1",
  "12366950512574446873": "Túy Hoa Âm - Bầu Không Khí Vòng Ngoài Đoạn Cuối - Đàm Sách",
  "12366968656889968657": "Vạn Thắng Trấn - Cáo Bang Phu Khuân Vác: Phạm Phiếm",
  "12366974038213723227": "Truyền âm hào giáp · Lâm",
  "12367020089844262616": "Chân khí liên tục giảm, nhưng ngươi sẽ nhận được 20% cường hóa sát thương, và khi đánh trúng sẽ hồi phục 3 điểm Chân khí.",
  "12367021241731981801": "Luận Kiếm 2v2",
  "12367102685853673789": "Kim Minh Trì - Nghe Trộm Ngoài Thang Máy",
  "1236710933848176391": "Gốm sứ",
  "12367115887834708551": "Sau khi cường hóa Cung Tiễn, có thể nhận được tăng cường sát thương và năng lực",
  "12367238401096604407": "Vậy, vậy ta, ta có thứ muốn tặng ngươi.",
  "12367333806234617977": "Chu Vũ Lâm",
  "12367348358969343171": "Đả Thiết Hoa - Nam Nhân Chắp Tay Sau Lưng",
  "12367355854700068520": "Phòng Chí Cường",
  "12367360523136784080": "Bất Tiện Tiên - Điểm Làm Mới Chiến Lợi Phẩm Mới Thêm 179",
  "12367492100164301116": "Quét Dọn - Khu Vực Xưởng",
  "12367493796442825738": "Tấn công Phá Thạch tối thiểu",
  "12367541594195968845": "Khai Phong Kiếp Ngục - Tù Phạm - Bạch Y Thư Sinh",
  "12367541842280626": "Đã chọn",
  "12367548893008564218": "Sinh Thái Vật Chủng",
  "12367549792013199312": "Thời gian còn lại lớn hơn {}",
  "12367555231987085653": "Dương Điển",
  "12367601199106927498": "Kỹ năng lật Khí Hải",
  "12367605195927417237": "3 ngày",
  "12367614559262490684": "Ta sẽ trả lại tiền thù lao cho cô nương Trân trước, đợi đến trước khi làm lễ mai sau sẽ thu lại, thiếu hiệp hẳn là yên tâm rồi chứ?",
  "12367667847191857235": "Kiếm 4 Người Chơi Cần Đánh - Giai Đoạn Hai - Khó",
  "12367685301019569193": "Tương Quốc cháo tiệm",
  "12367686719019496591": "6 giờ hàng ngày",
  "12367702065723625858": "Phàm thành sở kiến đạo, như huyễn cực hư huyễn. Tạm biến thành trạng thái \"Tiểu Thập Thất\", vứt kiếm lớn, vứt kiếm lớn, vứt đến mức không ai được động.\nÁp dụng trạng thái \"Bất Động\" lên mục tiêu, khống chế trong thời gian ngắn.",
  "12367703305646533514": "Hô, bụi bay mù mịt...",
  "12367744959477641871": "Trộm Học - Quỷ Thị Tử - Bảo Rương Cửu Lưu Môn",
  "12367778095704332155": "Lữ Giai Nam",
  "12367810454273189426": "Mở khóa cấp 15",
  "1236783733943824266": "Lư Thê Thê",
  "12367848133388969101": "Dư",
  "12367880895935922077": "S3-Phần Thưởng Lệnh Bài Chiến Đấu-Cấp 61 Đã Thanh Toán",
  "12367890791252553845": "A Thiết",
  "123678927412877986": "Hoàng Lạc Tí",
  "1236795815647795425": "Ô nhập liệu đã đầy không thể tiếp tục nhập",
  "12367986868894802822": "Dược Dược, ta thấy nếu ngươi kế thừa y quán, e rằng y quán người sống này phải đổi tên rồi.",
  "1236819380911083282": "Sinh Vật Sinh Thái",
  "12368239117757764655": "Ngoại hình",
  "12368243905296747942": "Hả? Thanh kiếm phía sau ngươi là bảo kiếm sao?! Ngươi có bảo kiếm! Ngươi là Đại Hiệp?!",
  "12368274271386697152": "Võ Lâm Lục",
  "12368279393265545492": "Uy danh lừng lẫy",
  "12368282907095797153": "Lựa chọn lần này ảnh hưởng sâu xa, xin hãy quyết định cẩn thận",
  "12368288806893877580": "Sinh Vật Sinh Thái",
  "12368297849427837477": "Giấy da",
  "12368352004777766057": "Đối thoại",
  "12368385159607660745": "Bản quan có phải đã gặp ngươi ở đâu đó không?",
  "12368448750467007042": "Tướng Quân Từ-Điểm Hồi Sinh Chiến Lợi Phẩm",
  "12368478283410342157": "Ngoạn Thạch",
  "12368483902143678838": "Ca ca huynh... huynh...",
  "1236848810277659676": "Biệt Quán-Boss-Tường Vô Hình",
  "12368501597726090211": "Ôi, thật đáng thương.",
  "12368553762663212000": "Bảo vật · Sơ nhập môn",
  "12368560179764623052": "Trấn Ca - Cuồng Lạn - Client",
  "12368612537762983190": "Không Gian Tĩnh Lặng Khu Thủ Công Nghiệp",
  "12368628124776133303": "Chu Vũ Lâm",
  "12368660189205679448": "Dương Trụ Vũ",
  "12368674261087672568": "Xin chia buồn.",
  "12368685788459060599": "Tôn Giai Nam",
  "12368706477292060464": "Cây Du",
  "12368770867136902433": "Bạch Mộc Túc",
  "12368814635719137311": "Ow... woog...",
  "12368824270928555657": "Lý Sa truyền tin rồi, nàng ta đang ở trong phủ. Đây là bạc cho người cung cấp tin tức, mau đi đi, đừng để lỡ thời cơ!",
  "12368837443014935155": "Vạn Vật Sinh Hữu Thuật",
  "12368840620645695358": "Khách tứ phương",
  "12368871480975349863": "Màu đỏ",
  "12368929917790577232": "Khi nhận được lá chắn sẽ gây sát thương trị liệu #G32.6%#E lên bệnh chứng",
  "12368939719333121526": "Thọ Xương Phường-Tửu Phường-Quan Viên",
  "12369011023768688308": "Gói Bồi Dưỡng Cấp 4 Chế Độ Đơn",
  "1236902338515096071": "Hàn Khuẩn Ấu Châu",
  "12369137263116503867": "Nhanh hơn cả đạn",
  "12369137476815978296": "Dương Trụ Vũ",
  "12369145718415175591": "Đã hoàn thành!",
  "12369161924864136273": "Khai Phong-Phân Tuyến Kim Long-Bữa Ăn 7",
  "12369171659491134631": "Nhận được từ nhiệm vụ",
  "12369191726319938585": "Khách đến thăm, cần phải dâng thiệp bái lạy trước, mới được vào trong.",
  "12369237482996838324": "Hà Đăng Không Gian",
  "12369291308215933821": "Khai Phong Phủ-Tiềm Long Điện-Quan Binh 12",
  "12369332888523605999": "Khà khà, xem ra ngươi đúng là một kẻ không sợ chết...",
  "12369334543990467316": "Lữ Giai Nam",
  "12369336614177483811": "Đang tải dữ liệu",
  "1236933973178179455": "Môn Phái",
  "12369353494164819107": "Ải Lộc",
  "12369379891861611600": "Cỏ Biện",
  "12369387510399970851": "Thừa Ân Trấn",
  "12369394975104852997": "Súc Cốt Công-Không Gian-Chiên Thái Công Tiểu",
  "12369418060047390523": "Điểm Thu Thập Hiệu Ứng Lam Hỏa Cấp 3",
  "12369433459005997351": "Khử độc hóa ứ",
  "12369459006195253299": "Lương Tử Hàn",
  "12369607616214833275": "Từ Tâm Trấn-Điểm Hồi Sinh Chiến Lợi Phẩm",
  "12369693681051889854": "Từ bi khó độ ác đồ, tài cụ tham lam vô tận, chấp đao đồ tể, trợ giúp hắn siêu sinh!",
  "12369740235975144944": "Diệu Diệu Miêu-Lắc Chuông Cầu Phúc-Chuông",
  "12369816657943957389": "Gọi theo dõi",
  "12369820296952223276": "Tiểu Quai không sợ... Tiểu Quai không sợ...!",
  "12369849833123458319": "Bảo Rương Hạng Hai (Chuyên Dùng \"Tang Vật\")",
  "12369860943779158717": "Hoa Trung Thừa",
  "12369876103583422109": "Tiêu Sử phẩm hạnh cao khiết, người khép mình tuân thủ lễ nghi, không dính vào chuyện ăn chơi sắc dục. Huống chi ông ta đối đãi với hạ nhân cũng khoan hậu nhân từ, không bao giờ ỷ thế bắt nạt người.",
  "12369893059681730627": "Đạo cụ quan trọng",
  "12369992177466654121": "Chỉ những người thành kính... mới có thể trồng ra những bông hoa đẹp nhất...",
  "12370006627057926994": "Đã đăng",
  "12370024621974497342": "Vạn Lý Lộ",
  "12370110809564171397": "Nhất Nhất",
  "12370234376381834732": "Tấm Nền Bối Cảnh Mặc Thành 117",
  "12370237579188007770": "Tổ Tuần Tra Vạn Thắng Trấn Bổ Sung 25",
  "12370241590892770866": "Đối thoại",
  "12370256139397793039": "Thật đáng kinh ngạc, đặc biệt là tài năng 'Lăng Ba Vi Bộ' đó, ngay cả Lão gia tử Tiêu có lẽ cũng không đuổi kịp y đâu.",
  "12370276223155480872": "Nhất Diệp Bình Sinh 2-Thiên Kinh Ngạn Đông Độ-Khách Buôn Tóc",
  "12370319545300780489": "Hôm đó, hắn chính là như vậy, trước tiên tìm đến ta, xách kiếm, người nồng nặc mùi rượu.",
  "12370345564859589349": "Tương truyền có người dùng hoa lê ủ rượu, rượu vào ruột gan sẽ thấy được người thương nhớ nhất, say rồi thần tiên cũng không siêu độ được.",
  "12370427712595003109": "Năm 948",
  "12370441809267610927": "Phế Khí Hóa Vật",
  "12370457080533587448": "Đang tiến hành",
  "12370458573290335306": "Công Tắc Thang Máy-Công Tắc Trung Tâm",
  "12370476748013197443": "Bách Mục Liên-Thiện Diệu Châu 8-Hồ Điệp",
  "12370486298214880233": "Di Chuyển Tượng Đá-Mèo",
  "12370493249836759020": "Lục Nghĩ Tửu*2",
  "12370511240561020399": "Viên Quốc Chấn",
  "12370520799627529047": "Nói cả buổi, ngươi ngay cả việc báo quan là gì cũng chưa hiểu rõ!",
  "12370524863093826748": "Giao Diện Nhận Thưởng Khi Thu Thập Đủ Bộ Trang Bị-Tây Lương Quỷ Khiếu",
  "1237054053827127978": "Trần Khải",
  "12370549777847646366": "Hợp lực tiêu diệt",
  "1237058323073256481": "Mông Danh Hằng",
  "12370659671374199426": "Hoàng Lạc Tí",
  "12370707146834486326": "Nếu không phải hai năm trước... phu quân đã không đi... đôi chân ta làm sao lại...",
  "12370710402915782916": "Dây đỏ đâu",
  "12370807106375159486": "Khoai lang",
  "12370825023636100225": "{3}\nTa vào năm {0} mắc bệnh {1}, sau khi được danh y {2} chữa trị, cuối cùng đã khỏi bệnh.",
  "12370879689748199607": "Khi thời tiết là mưa to (20), xuất hiện dấu hiệu nhiệm vụ có thể nhận, đối thoại với Âu Dương Trọng Thảo, tự động nhận nhiệm vụ",
  "12370911008160578404": "Gây #G470%#E sát thương Lý Liệu, đồng thời giảm #G70%#E Kháng Lý Liệu của bệnh tật",
  "12370983440120843943": "Cựu hữu tân bằng, hà sầu tiền lộ vô tri kỷ.",
  "12371053318330688500": "Đối thoại",
  "12371085790495675862": "Đánh bại tất cả kẻ địch",
  "12371139474478647784": "Thức thứ nhất, Lâm Xuyên Tứ Vấn (Bốn câu hỏi của Lâm Xuyên)!",
  "12371144157706816470": "Liên kết邮箱 thành công",
  "12371215153738309953": "Đối thoại",
  "12371275042171442339": "Phòng Chí Cường",
  "12371347250658220443": "Trần Khải",
  "12371404166700535048": "Phúc Bồn Tử",
  "12371430945854056816": "Truyền thuyết gió sóng",
  "12371442175669693088": "Vưu Hạo",
  "12371507733177413090": "Sinh Vật Sinh Thái",
  "12371543688382444833": "Phần Thưởng Toàn Máy Chủ Thí Luyện",
  "12371617868442587498": "Đệ tử Cửu Lưu Môn",
  "12371631863925868694": "Đáp án cho vấn đề, chẳng phải ngươi đã biết từ lâu rồi sao......",
  "1237164791507891307": "Tiểu Đao Đầu - Nhận được khi hoàn thành thành tựu Quan quân công địch",
  "12371679959255341368": "Phân Tuyến Mưu Sinh-Lục Anh",
  "12371699262879323628": "Năm",
  "12371711252478763408": "Dân binh dưới sự lãnh đạo của các nghĩa sĩ giang hồ như Liệt Ngôn của Bắc Minh mười mấy năm trước đã kháng chiến chống Khiết Đan, là người bản địa Thanh Hà, nay đã chết trận nơi sa trường, người xuất hiện trước mặt ngươi có lẽ chỉ là ảo ảnh năm xưa...",
  "12371781300943027924": "Triệu Văn Tú bút điếm",
  "12371952607198151227": "Trải phẳng",
  "1237198899289951489": "Chết không sợ, huống chi là một lớp da!",
  "12371999579834127036": "Vĩnh Phúc Thiền Viện tiêu tiền",
  "12372039092910541673": "Muốn cần câu",
  "12372051667076379370": "Ngủ dưới hoa",
  "12372054908187527899": "Đang lấy dữ liệu",
  "12372063711499702571": "Khám phá · Hoa Gian Tập",
  "12372089852119991257": "Trước đây là binh lính dưới trướng Thẩm Nghĩa Nhân, sau khi chiến bại cùng nhau trốn thoát, sa vào làm giặc.",
  "12372101806250392748": "Thiên phú lương duyên",
  "12372116589167696205": "Mô tả phần thưởng",
  "12372125392058965934": "Thưởng",
  "12372134180433595970": "Ngươi có biết Thiếu Đông Gia nhà ta chết như thế nào không? Ngươi có biết em trai ta chết như thế nào không?",
  "12372182505370129172": "Để quan ta xem thử",
  "12372221905535227469": "Tài nguyên",
  "12372241749847663555": "Hoàng Lạc Tí",
  "12372243551217088331": "Âm Dương Mê Tung Bộ",
  "12372265543834851355": "Mở",
  "12372271142478852856": "Còn gọi là Hồ Rái, là do tà khí ẩm nhiệt xâm nhập, hoặc nhiễm độc trùng, làm tổn thương khí huyết mà gây ra.",
  "12372295732262212220": "Tìm Dương Thốn trao đổi manh mối",
  "12372312561168081325": "Sơn Tước Sào",
  "12372333395042486844": "Thân Binh Hộ Vệ",
  "1237236502034668805": "Thời gian còn lại lớn hơn {}",
  "12372382067740015730": "Meo Meo - Diệu Tam Nhị",
  "12372451005047791526": "Đang nghỉ ngơi",
  "12372507877611130817": "Lừa lông xù",
  "12372517300012636605": "Hà Kỷ Hi",
  "12372588102050211818": "Làm được chứ không nhẹ nhàng.",
  "1237259544358892755": "Vứt bỏ",
  "12372607457346322361": "Ngũ đoạn",
  "12372621186281547335": "Phàn Lâu-Võ Lâm Lục-Không Gian Bổ Sung 10-Hiệp Khách Nam",
  "12372642203683552672": "Thọ Xương Phường-Khu Thương Phố A-Phú Nhân"
}