{
  "12793963543761276797": "Có muốn hao phí {} để tái chiến một ván nữa không?",
  "1279396381512245778": "Gợi nhớ thuần hóa",
  "12793990715342825007": "Đây là kỳ thuật - Thái Cực. Hãy thử xem.",
  "12793993559188118620": "Xin cáo từ",
  "12794133403227785000": "Ta sẽ... trở thành tốt hơn...",
  "12794136091853638885": "Hô, không cho ta báo quan? Ngươi nói lời này, đúng là rùa say rượu nói lung tung, ngươi nói bậy!",
  "12794162555113035219": "Khi bị tấn công thì càng khó bị đánh ngã, nguồn tấn công là người chơi thì không có hiệu lực. Khả năng kháng hiệu ứng tăng lên theo số lượng kẻ địch xung quanh. Khi bị đánh sẽ có 10% xác suất tăng 2% phòng ngự ngoại công, duy trì 5 giây, tối đa có thể chồng 5 tầng.",
  "12794175826833673615": "Mục tiêu phái Đoàn Lê Viên. Người chơi cần hoàn thành #ffc89c Giang hồ hiệu lệnh#E, tích lũy thanh danh trong phái thông qua ca vũ, để đạt được địa vị cao hơn trong phái.",
  "12794185382907859919": "Tiệm mực Phan Cốc",
  "12794209656249161563": "Tiểu lang quân, có hoa phải ngắt khi còn có thể ngắt, đừng đợi đến khi không còn hoa mới tiếc hận nha!",
  "12794241424024618702": "Điền Dã",
  "12794282594439880118": "Hiệu suất lấy Mạch Ngọc",
  "12794353892023699730": "Phật đăng thường sáng",
  "12794354993577798757": "Đối thoại",
  "12794355513406345015": "Trò chuyện",
  "12794365345212572672": "Mỗi người tối đa thuê một thuyền hoa",
  "12794375575316267747": "Đối thoại",
  "1279438675916361903": "Hòa thượng ta còn có năm đệ tử, hiện đang tìm kiếm võ học mới khắp giang hồ. Họ đi đã lâu, chắc hẳn có chút thu hoạch.",
  "12794400325897795015": "Đang tải dữ liệu",
  "12794428169930610930": "Thiên Nhai Khách",
  "12794467150969342253": "Trường Minh Ngọc*50",
  "1279449759337528713": "Vào đi.",
  "12794503331013372464": "Nhất Diệp Bình Sinh 2 - Tây Phường Thương Phố Khu - Bối Cảnh Bản",
  "12794560161097465892": "Hoàng Đồng (Nguyên Khối)",
  "12794585824241544424": "Đang tải",
  "12794608029568471130": "Chuyển dần",
  "12794608710054945769": "Trang bị Chiến Lệnh mới",
  "12794612673142335769": "Không rõ lắm……",
  "12794695278239998591": "Đối thoại",
  "12794715578894119875": "Nhận thưởng cần tiêu hao #Y{0} điểm Tâm Lực#E, hiện có #Y{1} điểm Tâm Lực#E (Chờ {2} sau mới đủ điều kiện nhận thưởng).",
  "12794763044763472362": "Liệp Miêu Nhân - Tửu Nhục Sơn Lâm (Nhiệm Vụ)",
  "1279483476087915403": "Thất Nhi",
  "12794889225954847633": "Hy vọng tìm được một nhóm dũng sĩ giúp hắn tiêu diệt bọn cường đạo, trả lại sự yên tĩnh cho núi rừng",
  "12794908241075763817": "Tiểu Phúc",
  "12794939276000401677": "Có muốn tái chiến một ván nữa không?",
  "12794950463016616232": "Đứng yên!",
  "12794956344542897791": "Ẩn Nguyệt Sơn - Lục Lâm - Trì Đao - Yếu A",
  "12794984818078655654": "Điểm yếu (Yếu): Kéo tơ",
  "1279500283341911251": "Yên Sư",
  "12795035641323805035": "Thân gửi Du Hiệp:\nTrong bản cập nhật lần này, [Tập 16 Hẻm] đã tối ưu hóa trải nghiệm nhận trang bị. Sau khi cấp độ đơn đạt đến #Y<Cấp Mười·Tiêu Dao>#E, mỗi lần sử dụng Tâm Lực nhận thưởng sẽ nhận thêm #Y[Tàn Âm Trang Bị·Đan Tâm]#E, vật phẩm này có thể dùng để đổi lấy #Y[Hộp tự chọn Kim Trang cấp 71]#E, #Y[Nguyên liệu điều chỉnh tất định Kim trang cấp 71]#E và #Y[Đại Luật Chuẩn Thạch·Kim Tạc]#E cùng các nội dung bồi dưỡng khác tại #Y[Cửa hàng Không Cần Cày-Đổi Kim Trang]#E.\nVì tính công bằng, số lượng #Y[Tàn Âm Trang Bị·Đan Tâm]#E bồi thường sẽ được phát dựa trên Tâm Lực đã tiêu hao của Du Hiệp trước khi tối ưu hóa. Các hành vi liên quan bao gồm:\n【1】Tâm Lực thực tế tiêu hao khi nhận thưởng sau khi cấp độ chế độ đạt đến #Y<Cấp Mười·Tiêu Dao>#E\n【2】Tâm Lực nhận được khi sử dụng #Y[Chẩm Trung Tán]#E không giới hạn thời gian trước khi cấp độ chế độ đạt đến #Y<Cấp Mười·Tiêu Dao>#E\nGhi chú: Thời gian thống kê tiêu hao liên quan của lần bồi thường này là: #Y5 giờ ngày 26 tháng 2 năm 2025#E đến #Y7 giờ ngày 28 tháng 2 năm 2025#E.\n\nCảm ơn sự thấu hiểu và ủng hộ của Du Hiệp đối với 《Yên Vân Thập Lục Thanh》. Nếu Du Hiệp có bất kỳ thắc mắc hay yêu cầu nào khác, có thể nhấp vào <LINK id='link' color='#4d734d' url='https://s.163.com/7NkgjP' is_underline='true'>Khu vực Dịch vụ khách hàng Yên Vân</LINK> để được giúp đỡ, hoặc gọi đến số điện thoại dịch vụ khách hàng chuyên dụng của Yên Vân 95163988.",
  "12795045775255380744": "Đối thoại",
  "12795084303800915299": "Cửa hàng Bách Nghiệp Thù",
  "12795100466717502600": "Ối chà, thiếu hiệp công phu tốt lắm! Phải nhờ có ngươi, nếu không vừa rồi cô bé đó đã gặp nguy rồi!",
  "12795139106437860266": "Ván Sàn Lỏng Lẻo - Biên Khung",
  "1279514498064769843": "Xây dựng tổ chức Bách Nghiệp tăng thêm linh kiện 707",
  "12795163953285853890": "Đại hiệp nói chuyện hay quá! Há miệng để ta xem nào, người già trong thôn ta đều nói, người nói giỏi thì lưỡi vàng như nghệ!",
  "12795180325167154043": "Ngự Uyển Bắc - Vương Đại Di",
  "12795185528364023685": "Hà Kỷ Hi",
  "12795215807859460062": "Thời gian duy trì #Y Lệnh thù sát#E do <Kéo dây rút kiếm|781|#C|20701|20701002> gây ra được kéo dài, và phục hồi bài Ân tự. Trong thời gian #Y Lệnh thù sát#E, sát thương máu do Chuột gây ra tăng thêm. Đồng thời thêm #Y Truy Mệnh Chuột#E cho mục tiêu, khi kết thúc, một phần sát thương do Chuột gây ra trong thời gian đó sẽ được tính lại dưới dạng sát thương bổ sung.",
  "12795223173278157697": "Hiệu suất nhận được Đoản Mạc Tiền",
  "12795249415507883077": "Vừa rồi nghe khúc nhạc này, không hiểu sao, ta chợt nhớ đến quê nhà.",
  "12795255477429470272": "Dung Lô - Dân Thường Tạo Bầu Không Khí Tuyến Chính - Bình Dân 4",
  "12795300579873290670": "Trần Gia Tranh",
  "12795416087683354990": "Sau khi hoàn thành cốt truyện chính #YChương một · Thần Tiên Bất Độ#E, mở khóa Trấn Thủ - Bất Tiên Tiên!",
  "12795426084666404093": "Bốn",
  "1279546013214329625": "NPC Tặng Lễ Thưởng - Tam Cấp Cao Cấp Lễ Bao - Lục Nghĩ Tửu",
  "12795463220410341444": "Hồng Tuyến - Dao Hồng Nhất Mộng Kỳ Ngộ",
  "12795564525821421362": "Tiểu Ngũ có nói với ngươi, sau khi Bang chủ Chu luyện thành Sát Quỷ chân thân, chỉ cần tắm lửa là có thể tái sinh, bất tử bất diệt, đồng thời một hơi đánh bại tất cả người Khiết Đan xâm phạm không?",
  "12795584481321128910": "Trần Thần",
  "12795639748203275940": "Quý Gia Tiểu Thư Hảo Nhân",
  "12795688553728077576": "Do cần theo dõi hành động chụp ảnh màn hình trong game, cần xin quyền đọc tệp lưu trữ",
  "12795690296538888846": "Cô nương, Minh Dạ Châu là bảo vật hiếm có. Minh Châu của cô tuy ban đêm không tỏa sáng, nhưng nếu nhìn kỹ, cũng là báu vật khó tìm, xem ra tình cảm người đó dành cho cô—",
  "12795715930854925046": "Đáng tiếc thật",
  "12795742658786585737": "Tư thế tình cảnh「Hoa Hỏa」sẽ được tặng miễn phí cho các vị du hiệp thông qua thư!",
  "12795772710596145826": "Vũ khí",
  "12795806450088726914": "Thọ Xương Phường - Võ Quan",
  "12795812760727923830": "Quan Tài Phường - NPC Thi Thể Tạo Bầu Không Khí - Tọa Địa Khấp Khóc - Nữ",
  "12795817600292349608": "Hai chén rượu... Xem ra vừa nãy là #N hai người cùng uống#E.",
  "12795833151143427172": "Rùa nói chuyện lâu, ngàn tuổi thọ, vạn năm linh.\nLấy thần quy làm đỉnh, nhất định có thể tụ bảo chiêu tài.",
  "12795870960135118486": "Con của Phan A Công đã trở về, cuộc sống của hàng xóm láng giềng cũng ngày càng tốt hơn, nhưng tiệc đã lỡ rồi thì sao đây.",
  "12795888110110492768": "Nhận sát thương",
  "12795888597737045777": "Anh Vũ",
  "12795936478410980775": "Về Kiều Nhi",
  "12795959729095078850": "Sinh Thái Vật Chủng",
  "12795969668984411425": "Tư Uất",
  "12795988057816904585": "Lắp ráp linh kiện, dùng để xây nhà.",
  "12796040410287833026": "Sự kiện ảnh hưởng nghiêm trọng đến thần trí gây ra",
  "12796063764523729865": "Trần Gia Tranh",
  "12796074846997609138": "Trẻ con giang hồ · Một",
  "1279608782472139001": "Bảo Hạp",
  "12796109851319714972": "Nữ Bắt Chước",
  "12796117680771761781": "Nhận được bảo ngọc này, chiếu rọi Phật quang. Ngày Phật quy lai, hát tụng truyền kỳ. Vô số người ngước nhìn mong chờ người trở về, rốt cuộc là thân phận gì? Chân tướng, hư vọng, đều đan xen trong đi và về.",
  "12796137703276329254": "Bất Hâm Tiên Tân Khách",
  "12796242297686158789": "Phòng Chí Cường",
  "12796243033660129136": "Vùng bị thương sưng đau, chức năng chi thể bộ phận hoặc hoàn toàn mất đi, thậm chí xuất hiện biến dạng và hoạt động bất thường.",
  "12796243306340875309": "Đánh bại giáo chúng Huyền Nguyên Giáo, giải cứu người bị giam cầm.",
  "12796303119229419798": "Phong Hòa Thôn - Điểm Hồi Sinh Chiến Lợi Phẩm 8",
  "12796374179429239655": "Người giang hồ, đến thi đấu xem ai câu cá giỏi hơn!",
  "12796393115291128964": "Hướng Kính Cách",
  "1279644877391557200": "Khách của Dịch Hoa Âm",
  "12796481686547467148": "Tiệm đồ mộc nhà họ Vương",
  "127965574164209590": "Đối thoại",
  "12796582276545572936": "Côn trùng nhỏ bay qua, vào thân thể đã chết, Vô Tướng Hoàng đã chết lại mở mắt.\nTrong chốc lát ảo cảnh đan xen, khi hoàn hồn, Vô Tướng Hoàng đã chết lại ra tay, Trần Tử Hề đỡ đao cho ngươi.\nVô Tướng Hoàng sau khi ra đao thì chết, côn trùng nhỏ bay vào tay một người đàn ông mặc áo Phật.",
  "12796589801607488325": "Đối thoại",
  "12796615630284877367": "Chi Tuyến - Dạ Hành Đao",
  "12796639319602870785": "Hắc Vũ",
  "12796664375902492140": "Phòng thủ",
  "12796778943960171483": "Đặt làm mục tiêu",
  "12796779928701848870": "Hiệp Tích",
  "12796790393534340894": "Sinh Thái Vật Chủng",
  "12796794950603612451": "Chu Vũ Lâm",
  "12796800233811984378": "Vô Ưu Động - Bầu Không Khí Bổ Sung 8 - Quỷ Phàn Lâu Khách Nhân 5",
  "12796804471608312182": "Luyện tập chi địa tạm thời không hỗ trợ liên cơ, đã thoát chế độ liên cơ",
  "12796806375890247302": "Điều tra nghi phạm C",
  "12796823195426870664": "Khách quan có khát đến đây nghỉ chân không? Trà nhà chúng ta à, uống một ngụm là ngọt líu cả lưỡi.",
  "12796873495184249578": "Số lượng NPC trên máy chủ:",
  "12796876341835999312": "Hà Thị Lạc - Xích Long Đường Bang Chúng Giáp",
  "12796878064254631596": "Bước tiếp theo",
  "12796896619507101663": "Nước độc",
  "1279693533187475156": "Võ công thế nào?",
  "1279693570859181812": "Chấp nhận lời mời",
  "12797026404781499653": "Nhìn thấy trại lính đằng kia không? Nơi này có rất nhiều kẻ trộm, từ khi chúng chiếm đóng ngã tư này, người dân qua lại đều bị cướp bóc, thật đáng hận!",
  "12797044675967163707": "Thanh Hà Có Điêu",
  "12797129448864603308": "Tham gia trò chơi nhàn rỗi nhận 100 Tứ Hải Tiêm",
  "12797139839664279020": "Tịnh Thiện - Câu Lan Ngõa Tứ - Thiện Ác Hữu Đạo",
  "12797149470620092792": "Ngươi là... khụ, bạn tốt, lão giang hồ Hương Đường có phải không, cá ướp chưa?",
  "12797170086992372916": "Mười năm tằm, mười năm tơ. Một tấc áo, một tấc máu. Một vụ án mạng liên hoàn bắt nguồn từ cái gọi là 'Áo lụa tằm lạnh', rốt cuộc che giấu bí mật gì đằng sau?",
  "12797235787199309466": "Di Tích Bắc Minh",
  "12797268950231494386": "Tạ lão bản",
  "12797350616596412764": "Tăng tỷ lệ đánh chí mạng#G15%#E",
  "12797354434553157703": "Dây tua rua vòng tay",
  "12797371096478053902": "Bị kích thích, ngứa không chịu nổi",
  "12797375319002872965": "Đối thoại",
  "12797394894443277182": "Đối thoại",
  "12797404286454239493": "Bảo Hạp",
  "1279743886215973450": "Đến lúc đó, nếu chàng không quay về, ta phải làm sao đây?",
  "12797445461873245705": "“Kinh ngạc! Hơn một nửa người Khai Phong không biết, người bên cạnh mình đều bí mật làm chuyện này!”... Thế nào?",
  "12797468179449644349": "Lão chủ này, đúng là không thể nói lý!",
  "12797495299357849572": "Hoán Khê Sa",
  "12797500586176697382": "Nhiệm vụ Giác Chướng Lâm",
  "12797524389267705757": "Kỳ Ngộ Mỹ Thực Kế Thừa Giả - Cước Ấn",
  "12797543526277817010": "Thò chân",
  "12797560432359027933": "Lục Lâm Sơn Phỉ",
  "12797564757922105417": "Bích Tuyền Sơn - Điểm Hồi Sinh Chiến Lợi Phẩm",
  "1279757279299179958": "Châu Đỉnh Hồng",
  "12797575401362937700": "Điền Dã",
  "12797639040389261448": "Thái Đồng - Thiếu Nữ - Ban Ngày",
  "12797662697287650791": "Sát Thần",
  "12797720588533567739": "Hôi Khanh Ngoại - Hôi Khanh Ngoại - Bình Dân - Hồng Chi Chi",
  "12797732505816588894": "Vưu Ngư",
  "12797790629523955612": "Phong Khâu Thôn Tửu Lâu Khách Nhân 1",
  "1279786690131184409": "Chàng trai trẻ, đừng trách anh em ta nhẫn tâm, chỉ trách ngươi đã nhìn thấy những điều không nên thấy!",
  "12797881154161394070": "Cổ Tư - Đại Viện - Bách Tính 20",
  "12797889147715427428": "Thiếu niên ơi, đừng đi xa hơn nữa!",
  "12797893149885282386": "Kiến Long Quan - Đạo Tú",
  "12797918932758228815": "Đối thoại",
  "12797922985929640277": "Tăng Kháng Minh Kim #G12#E",
  "12797934430088999067": "Tâm pháp",
  "12797971645670627655": "Thế đạo giờ khó khăn, vật liệu mộc mạc cũng xem như là không tệ rồi.",
  "12797974067844759428": "Vô Tướng Hoàng tiến vào tích lũy, sau khi hoàn thành sẽ gầm lớn phạm vi phía trước, gây sát thương lên kẻ địch.\n\nCách ứng phó: Tránh xa khu vực nguy hiểm.",
  "12797980051924914105": "Giá trị tối đa khí huyết",
  "12798019397745005275": "Đồng Cam Cộng Khổ - Ha Ha (Thoát Khỏi Lồng)",
  "12798037740315512308": "Quan sát",
  "12798119178674102147": "Trụ Ngắn Dựng Đứng",
  "12798123639478820602": "Dùng cho bản đồ - Vạn Cổ Nhất Nhân Điện tầng 1",
  "12798176340542908267": "Người chơi tiêu hao điểm khinh công để sử dụng khinh công lớn nhỏ, điểm khinh công sẽ tự động khôi phục theo thời gian",
  "12798231799811821442": "Âu Gia Hạo",
  "12798254383913114651": "Trời ơi, ai cứu ta với!",
  "12798284589447419156": "Số 6 8",
  "12798336337040297741": "Quản sự tiệm hàng Lâm Tân Độ. Xuất thân từ Trấn Thừa Ân, anh ta cố gắng làm việc chăm chỉ, hy vọng có một cuộc sống ấm no bên vợ con.",
  "12798425903585643672": "Một câu chuyện về Y Đao và thiếu hiệp.",
  "12798433355209090099": "Biệt Quán - Boss - Không Khí Tường",
  "12798437859825955244": "Băng Tuyền",
  "12798449083860462537": "Sinh thái vật chủng",
  "12798454098208067464": "Giết hắn... giết hắn... giết hắn...",
  "12798478003469181830": "Chốt trang bị",
  "1279851439892710458": "Hừ~hừ hừ~hừ hừ~",
  "12798532854463275886": "【Huyền Thưởng Phong Ba】Đệ tử Cửu Lưu Môn Thường Thắng",
  "12798541376577608972": "Không có.",
  "12798639720910067913": "Xá Ngã Thước Thùy",
  "12798693755790411578": "Huỳnh Uyên",
  "12798711057870272561": "【Thường Bình Thương Bảo】Đại Tống Quan Binh-Thương Binh-Thường Bình Thương Thủ Vệ-Nhiễu Tháp Tuần Tra",
  "1279874660295710198": "Đây là nhánh 1",
  "12798808777843092166": "Đối thoại",
  "12798851532453434892": "Phật Quang Đỉnh - Khu vực chạy bộ phân chia chi tiết (bổ sung)",
  "12798851852103361037": "Quản Tuấn Đào",
  "12798976975157882549": "Thạch Khối",
  "12798985409144935716": "Đang tải dữ liệu",
  "12798992248834735270": "Ngân Tu Thỏ",
  "12799006036982008650": "Trường Hà Thương Pháp (Nhảy chém —— Thụ kích giải thế - Kiếm)",
  "12799017437542868457": "Thất Nhật Nhiệm Vụ - Bái phỏng bất kỳ Bách Nghiệp Tổ Chức nào khác 1 lần ({0}/1)",
  "12799060382107796258": "Đã chuyển sang chế độ {0}",
  "12799089408811593118": "Lâm Văn Kiệt",
  "12799135265659668563": "【Thành Tựu Biên Hào 1204010】Thành Tựu Thưởng Lệ",
  "12799145173702600903": "A Lệ, dẫn Dạ Lộ Phi Quang đến chuồng ngựa... rồi nói với mấy huynh đệ nhà họ Kỳ, tối nay đến phòng ta, ta có chuyện quan trọng cần nói, tất cả mọi người phải có mặt.",
  "12799203611579833668": "Hôi Thỏ",
  "12799218254379418445": "Cả bài viết văn vẻ hoa mỹ, trích câu dẫn chương, e rằng ngươi chỉ là một tên mọt sách!",
  "12799230977406548818": "Thám Cảnh Cây cấp 2",
  "12799239845374350591": "Quả táo dại có vị đắng, có thể dùng làm thuốc.\n\nNó từng được các nhà sư khổ hạnh dùng làm một cách tu luyện.\nTheo bước chân của các nhà sư, đi khắp chân trời góc biển.\nTrong một trăm năm, các nhà sư hai lần quy về tịch diệt trong biển lửa.\nĐể lại nó ở lại nơi cũ, chờ đợi một người tu hành khác đến.",
  "12799285378665726905": "Mở ra có thể ngẫu nhiên nhận được một món đồ của bộ trang bị Hoán Hoa hoặc Lê Tuyết cấp 31, phẩm chất tối đa là tím, xác suất tím khá thấp, khuyến khích lưu phái #YKhiên Tơ · Lâm#E sử dụng.",
  "12799289856330900534": "Nghi hí hí",
  "12799341155075605282": "Ta người này, khuyết điểm duy nhất là không biết chữ.",
  "12799350911914332431": "Khi chạy thẳng liên tục, tốc độ tăng 3%.",
  "12799355080721136894": "Hoàn thành 【Thu thập Tâm pháp · Hai】",
  "12799356068259150770": "Tấn công Tơ kéo tối đa|780|#C|151, hiệu quả tăng theo cấp độ Chế độ đơn người (Hiện tại: #Y{0:.1f}#E điểm).",
  "12799357443994751660": "Địa tiêu - Thuê nhà",
  "12799371681514241925": "Giảm sát thương xử quyết",
  "12799381687254610508": "Khi liên kết, phạm vi rương báu trên bản đồ nhỏ tăng lên",
  "12799405107531102704": "Ngươi bây giờ đau đầu là vì nguyên nhân khác...",
  "12799410601210399029": "Tần suất thêm bạn bè quá nhanh, vui lòng thử lại sau",
  "12799451119214943836": "Lục Sắc Sơn Kê",
  "12799465986290179087": "Bạn đã rời khỏi nhà bài Tam Cúc.",
  "12799540834637966285": "Gây ra #G100%#E đòn đánh, có #G60.0%#E xác suất khiến đối phương giảm #G1#E điểm tư duy do xấu hổ",
  "12799547364744895980": "Sinh thái vật chủng",
  "12799572470058620897": "Lính theo tùng của người Khiết Đan",
  "12799579680085712170": "#Y{1}#E quan hệ với ngươi trở thành: #G{2}#E",
  "12799650626413406710": "Kết thành ấn nghênh và ấn nguyện vô úy của Tu sĩ Tam Canh.\t\t\t\nTiếp đó, hắn niệm Chúc Nguyện Thành Tựu:\t\t\t\nĐạt nhã tháp, ban trát nhã, A-va-bô-đá, nê-da-tô-sa.\t\t\t\nTheo lời hắn nói, giữa tiếng xào xạc của cây cối, như có tiếng chuông tụng vang lên.\t\t\t\nTrong khoảnh khắc, —— Môn Tam Canh mở, Đạo Sát Sinh hiện.",
  "12799697297614220241": "Thải Trúc Nhân - Cứ Điểm Tinh Anh",
  "12799744253440082450": "Khê Khiếu - Lôi Công Nhứ Chủng Tử (2 - Thanh Tâm Phố 2)",
  "12799761170601552881": "Túy Hoa Âm - Không khí khu vực ngoại vi tiền đoạn - Hứa Ngưng Thúy",
  "12799784685608458127": "Từ khi Từ Tâm Trấn bị Sứ Giả Hoa Phật và các tín đồ kiểm soát, phong tục thay đổi lớn, có nghĩa sĩ Ngũ Thử huynh đệ bí mật cứu giúp dân trấn, ẩn náu trong hang động dưới lòng đất. Tiểu đệ của Ngũ Thử là Cát Tiểu Thử gần đây thường có hành tung kỳ lạ, không biết đang làm trò gì…",
  "12799813443601139876": "Phi Hoa Độ - Hồi Long Dịch - Sĩ Binh 2",
  "12799820840496703268": "Hồng Mộc Môn",
  "12799852835407172909": "Miêu Miêu Miêu - Thu thập u hỏa - Trúc Ẩn Cư Nam",
  "12799921376207717588": "Thành Tựu Biên Hào 1201015",
  "12799921702979683809": "Đạo sĩ phụ trách cắt tỉa cây cối trong Thái Nhất Cung.",
  "12799939194000018524": "Địa mạch bùng phát",
  "12799952730222754411": "Xin cáo từ",
  "12799954611482744939": "Nếu cửa tiệm nhà ngươi sạch sẽ, ta sẽ lạy ba lạy thật vang trước cái biển hiệu này!",
  "12800005502945852114": "Truyền tin",
  "12800008636078071192": "Hiệp khách tốc độ",
  "12800030026367914651": "Báu vật trên đời tìm ở đâu? Hãy đến cửa thứ chín của tiệm cầm đồ. Cầu mãi không được, cầu một tấm hắc khế giải quyết nỗi lo.",
  "12800068450126847278": "Đồ đựng cá bằng tre",
  "12800118836089671423": "Thái Cực",
  "12800129648328402996": "Đang tải dữ liệu",
  "12800166591015669481": "Bồ Đề Khổ Hải Tứ Phẩm Bảo Tương 22",
  "12800177484542306649": "Khai Phong Phủ - Hữu Sảnh - Bách Tính 12",
  "12800179856545020744": "Hoàng Lạc Tư",
  "12800215619959992782": "Phòng Chí Cường",
  "12800279012152024707": "Hôm nay đa tạ thiếu hiệp tương trợ, tiểu nữ xin cáo từ, ngày sau cũng hoan nghênh thiếu hiệp đến tìm chúng ta vui chơi.",
  "12800316769025332104": "Yên Văn",
  "1280034347808955233": "Quẻ tượng",
  "12800430358129659406": "Mạc Miêu Hoàn Thành Thưởng Lệ",
  "12800482376988959261": "Phùng Lan Hương",
  "12800543428044908692": "Tiểu Bá Thể",
  "12800548322363554471": "Mười năm trước, dưới sự lãnh đạo của các nghĩa sĩ như Liệt Ngôn thuộc Bắc Minh, dân binh chống lại người Khiết Đan, người Thanh Hà bản địa, nay đã chiến tử nơi sa trường, người xuất hiện trước mặt ngươi có lẽ chỉ là hình bóng của ngày xưa……",
  "12800576596207572095": "Vô Tướng Hoàng nhảy lên cao, tại vị trí người chơi được chỉ định phóng ra cuồng phong chân khí tấn công.\n\nCách ứng phó: Tránh xa người bị điểm danh, người bị điểm danh lăn mình né tránh.",
  "12800589941013143582": "Kháng cự đồng cảm: Đối kháng đồng cảm với đối thủ. Kháng cự đồng cảm càng cao, mối đe dọa mà đối thủ gây ra cho phe ta càng nhỏ.\n（Chuyển hóa từ thuộc tính “Chứng”）",
  "1280064165474155853": "Vấn đề của đại hiệp là ở đâu nhỉ, không nói ra, làm sao ta biết được, đáng lẽ ngươi nên nói sớm hơn chứ, không nói sớm, làm sao ta biết được?",
  "12800689368280864062": "Lâm Dã",
  "1280072882793670964": "Hạ Nhị Sinh tính xảo quyệt, không bao giờ làm việc không chắc chắn, hắn nhất định đã phát hiện ra điều gì đó...",
  "12800731560257017653": "Diệp Tử Hí Độc Tửu - Ngưu Đầu Cửu Lưu Môn",
  "1280075112851151860": "Mong ngươi toại nguyện, Tang Thủy.",
  "12800751300766746661": "Không cần gì cả, chỉ cần đi cứu ông nội là được...",
  "12800871507442953243": "Kỳ Thuật Tập Đắc - Diệp Long Tương Thủ",
  "12800913603078242292": "Rất thích Mồi bắt côn trùng#E, nhưng thỉnh thoảng cũng ăn cá đáy nhỏ, tính cách mạnh mẽ, lớn nhanh.",
  "12800923784002992510": "Hồi máu",
  "12800944118562054716": "Chu Vũ Lâm",
  "12800946808493764211": "Trò chuyện",
  "12800995042041022254": "Bảo Tương · Khai Phong",
  "12801032256075796241": "Lục Lâm Tiểu Quái Rớt Khai Phong",
  "12801052382463323182": "Tả Nhai 3 - Bình Dân 5 - Đối Thoại",
  "1280108236277543562": "Trang Bị Dùng Để Thí Nghiệm",
  "1280113422675411031": "Ta ở bên ngoài cũng có bạn bè rất lợi hại đó!",
  "12801144454284277316": "Bích Thủy Vân Đào",
  "12801217688721131007": "Thạch Quý Hoài nói, hắn vô tình đánh rơi một vật phẩm cực kỳ quan trọng xuống #a66829giếng nước#E, thứ đó gần như là “nửa đời người” của hắn.",
  "12801309647759679131": "Hà Kỷ Hy",
  "12801334517026471395": "Nhìn hướng ngươi đến... Những người hộ vệ Thường Bình kia, không nói cho ngươi biết công dụng của kho lúa sao?",
  "12801411475818426504": "Này, nhìn những chiếc thuyền hoa được trang điểm bởi những bông hoa rực rỡ kia kìa.",
  "12801449280058326033": "Sương tuyết trong vắt, băng giá ngập vùng Lạc Trạch.",
  "12801501891506668337": "Võ lâm có nghĩa sĩ, hợp lực thảo phạt bè lũ hung ác. Nhiều cứ điểm bị thế lực tà ác giang hồ chiếm giữ, rất cần những người trượng nghĩa kết đội đến tiêu diệt.",
  "12801529118723351481": "Nhìn một lần quên",
  "12801579976720560272": "Sinh thái vật chủng",
  "12801597834064183695": "Tạm rời",
  "12801630469767162726": "Nhị Giai Đoạn Chiến Đấu Không Khí Tường",
  "12801630785561717172": "Chấp Hồng Tiên Hành, Lạc Tử Vô Hối \\nCách đi và phạm vi hoạt động của các quân cờ khác nhau cũng khác nhau,\\nThiếu Hiệp có thể căn cứ theo chỉ dẫn điểm để quyết định vị trí đi của quân cờ,\\nThay thế \\\"Tướng\\\" của đối phương bằng quân cờ của phe mình.\\nCó thể tra cứu chỉ dẫn chi tiết tại Bách Khoa Yến Kê:",
  "12801648559297962089": "Phục Mã Trang - Điểm Làm Mới Chiến Lợi Phẩm",
  "12801696047758485072": "Đối thoại",
  "12801788735890430939": "Không rõ ràng...",
  "12801795490575797294": "Sinh thái vật chủng",
  "12801873852152523859": "Túy Hoa Âm - Không khí khu vực ngoại vi tiền đoạn - Tống Thế Hằng",
  "12801927603706486864": "Anh Vũ - Tỷ Thí Mục Tiêu - 1",
  "12801952825572632035": "Trận chiến hiện tại: {}",
  "12801961890226820135": "Sử dụng có thể ngẫu nhiên nhận được một bộ trang phục Yên Liễu hoặc Bất Tri Hàn cấp 61, phẩm chất tối đa là tím, và một cuốn bí kíp Yên Liễu.",
  "12801992915098196431": "Thanh sảng mới thu",
  "12802047372942731820": "Kỷ sự võ lâm",
  "12802103521663566390": "Chốt ngựa.",
  "12802146672378269310": "Ôi trời, cô nhầm rồi! Cô có biết trưởng làng chúng ta là ai không? Sao ông ấy lại hãm hại chúng ta chứ?",
  "12802181547299463343": "Lý Gia Đống",
  "12802228869750352981": "Vị trí kỹ năng 23",
  "1280223704461048496": "Khách đến Túy Hoa Âm",
  "12802271916130788939": "Thưởng Lệ Điểm Bác Vật Loại Mục",
  "12802345642264190188": "Cừu Kim Hàn",
  "12802413661516469608": "Họa Phúc Tương Y",
  "12802430814372797262": "Phật Quang Đỉnh - Điểm Làm Mới Chiến Lợi Phẩm",
  "12802438445994691962": "Dương Trụ Vũ",
  "12802454462656847275": "Chu Quyên lúc nhỏ, Chung Văn Bình ở phía trước nhà bà ấy, rất thanh tú.",
  "12802466579005541796": "Vừa nãy thấy một người làm xiếc, lén lút quanh quẩn trước cửa hàng của ta, ta vừa quát lên hắn liền chạy mất...",
  "1280248116136828499": "Lâm tặc sơn",
  "12802482902430418924": "Mong muốn",
  "12802500195479504356": "Gửi đến Du Hiệp:\nThập Lục Hạng đã gửi phần thưởng Hội viên siêu cấp NetEase của bạn, xin hãy kiểm tra.",
  "12802529965428373568": "Chỉ đội trưởng mới có thể phát động bỏ phiếu",
  "12802536709032381825": "Bình Đài Biên Giới Không Khí Tường 1",
  "12802541994998629710": "Dữ liệu đang tải",
  "1280254695556412376": "Hoàng Lạc Tư",
  "1280254748789724257": "Không biết Trương Văn Thanh và Thẩm Bình Ba nói chuyện thế nào, chi bằng đến giá sách khắc chữ của Trương Tứ Lang hỏi xem, có lẽ có thể lấy được tiền thưởng trực tiếp.",
  "12802566643341256555": "Thần Tiên Bất Độ",
  "12802580126449940698": "……",
  "12802671240262448572": "Ngày hôm sau, ta nhận được thư của phụ thân Tiêu, mong ta hiện tại đến Tiêu phủ.",
  "12802701346730470477": "Cơ Quan Ốc - Hành Lang P2 Ngũ Xạ Thủ"
}