{
  "12587155930923970235": "Thôi, không nhắc chuyện cũ nữa. Thứ độc các ngươi nói, khó giải ở chỗ có quá nhiều vị thuốc dẫn, đạo lý tương sinh tương khắc giữa chúng phức tạp hơn thuốc độc thông thường gấp trăm lần.",
  "12587163130602318886": "Cô Vân Nữ Đệ Tử",
  "12587296049529582429": "Anh, muốn cùng anh nhìn qua tất cả pháo hoa!",
  "12587313656100382276": "Khai Phong Phủ - Đại Sảnh - Bách Tính 79",
  "12587335485751461747": "Đồ tạp",
  "12587412662906863131": "{3}\nTa vào năm {0} mắc bệnh {1}, sau được danh y {2} chữa trị, cuối cùng khỏi bệnh.",
  "12587478899999463796": "Kính",
  "12587500369551191428": "Khiên Ti · Ngọc - Mùa 3",
  "12587509930333663622": "Khi <Võ học kỹ: Pào Xuân Hận> gây hiệu ứng định thân, thời gian định thân được kéo dài thêm 0.6 giây.",
  "12587532166837075390": "Hồng Trần Vô Nhãn - Bảo Rương Dẫn Dắt Dưới Nước 2",
  "12587563899205802253": "Diêm Phi",
  "12587571452041148499": "Ngụy Tử",
  "12587599796379820409": "Y Đao",
  "1258760335370478550": "Chúng đang cố ý tìm kiếm, hay là phá hủy cái gì đó?",
  "12587613810248006641": "Lão Nhân Bán Trà - Biện Lương Tây Thôn",
  "12587634812245005935": "Trái đơn phải lưỡng (trái dương phải âm)",
  "12587669706333415580": "Khách Quỷ Thị Tử, con trai của thương nhân giàu có. Tính tình nóng nảy, kẻ công tử bột không biết trời cao đất dày là gì.",
  "12587674385522027529": "Điền Dã",
  "12587676375242612709": "Thùng Gỗ - Cứ Điểm Phật Gia Trại",
  "12587686855430962461": "Mặc Thành Cựu Chỉ - Mặc Sơn Đạo Đệ Tử Ngất Xỉu 2",
  "12587705277581520731": "Chấn thương ngoài nghiêm trọng có thể gây ra",
  "12587722996371245520": "Trần Gia Tranh",
  "12587726074201177687": "Trần Khải",
  "12587735554360962198": "Cao",
  "12587791727233303830": "Lý Trạch Hạo",
  "1258788046728538296": "Vương Quang Hựu",
  "12587909912434969531": "Từ Giai Kỳ",
  "12587962093940354386": "Xây dựng thành phần, dùng để dựng nhà.",
  "12587964632357428471": "Bình Dân - Nam Khất Cái",
  "12588031576757276935": "Súc Cốt Công ngày 01 - Thủ Vệ - Tổ Nghe Trộm",
  "12588072118361581186": "Khách của Túy Hoa Âm",
  "12588098274211195777": "Cũng là để bảo vệ ngươi không bị liên lụy, trong chín năm không liên lạc với ngươi.",
  "12588116029415817287": "Tôn Hạo Thanh",
  "12588130564621239020": "Khảm Nhi Tỉnh - Tiểu Hạn Bạt Hoa",
  "12588146261478607393": "Trương Tuấn Kiệt",
  "12588184317822469317": "Sinh Thái Vật Chủng",
  "12588218904099113015": "Phương Húc Liên đoạn 5 - Chiêu cuối bay lên",
  "1258827140955239660": "<Kỹ năng tích lực: Sơn Băng Địa Liệt> Sau khi tích đủ ba cấp, khi đánh trúng mục tiêu chưa ở trạng thái phòng ngự, sát thương tăng 12%, đồng thời bản thân hồi phục 1 điểm chiến ý, hiệu quả hồi phục chiến ý không thể kích hoạt lặp lại trong 5 giây.",
  "12588282023941639313": "Yêu Ước Nhập Môn Sáng Lập Cửu Lưu Môn - Cô Vân",
  "12588371378431260558": "Án Bản",
  "1258837774636040725": "Câu Lan Ngõa Tứ - Khinh Công Phiêu Đới Chuyên Dụng Tiềm Hành 1",
  "12588389347087752848": "Thọ Xương Phường - Hàm Ninh Phường - Tổ Tuần Tra Sĩ Binh 7",
  "12588405795441643501": "Hầu Hiểu Đào",
  "125884546927958775": "Từ Giai Kỳ",
  "12588467594212365355": "Giang hồ Giang hồ ",
  "12588474003983827346": "Điền Dã",
  "12588477276862960558": "Người giàu",
  "12588482259611472049": "Xin lỗi đã làm phiền",
  "12588558256809323186": "Thọ Xương Phường - Phú Nhân",
  "12588570637031977174": "Chọn tất cả",
  "12588579824441028314": "Bổ Khoái (Đao) Cấp 2 - Khai Phong Tuần Cảnh",
  "12588589478981327067": "Thược Dược 01",
  "12588592507841366605": "......Thương Đại Phu",
  "12588637944727338163": "Cột tổ chim.",
  "12588670184554120975": "Thực hiện hành động tư thế, có thể dùng để giao tiếp xã giao.",
  "12588701153284982021": "Kiểm Tra · Thỏa Mãn Điều Kiện Tiếp Nhận Nhiệm Vụ",
  "12588750606471748778": "Đại Hiệp Thí Luyện - Hiệp",
  "12588775536262335381": "Mũ, Giáp ngực, Giáp ống chân, Giáp cổ tay",
  "12588863327586546171": "Di chuyển cơ bản",
  "12588948140080377377": "Nghe lời ngươi nói, các thầy thuốc ở Cục Huệ Dân Hòa Tế đều đến đây vào buổi tối sao? Nhưng đây không phải là thư phòng sao?",
  "1258897453513233417": "Chu Vũ Lâm",
  "12589013821543546026": "Được khen quá lời! Nhưng vừa nãy khi sử dụng, ta phát hiện đơn thuốc này có phải là một đoạn còn thiếu không?",
  "12589055317023351218": "Ám Ong Truyền Nhụy",
  "12589069361116312284": "Thăng Bình Kiều Nam - Vương Gia Ti Phả Phố - Vương La Minh",
  "12589072477443311080": "Bảo Rương · Khai Phong",
  "12589080554841540981": "Hà Kỷ Hi",
  "12589171933796606922": "Vô Tướng Hoàng nhảy lên cao, phóng ra cuồng phong chân khí tấn công vào vị trí được chỉ định của người chơi.\n\nCách ứng phó: tránh xa người bị chỉ định, người bị chỉ định lăn đi né tránh.",
  "12589192727945864281": "Kỹ năng 32",
  "12589212422364591078": "Lâm tặc Lục Lâm Sơn",
  "12589246225984502474": "Bách nghiệp - Tiệm tắm - Bản thiết kế kiến trúc phong cách số 1",
  "12589280003975573337": "Ức Già Thủy",
  "12589380050739131197": "Trấn Thủ Phục Sát",
  "12589389975320218205": "Bốn",
  "1258940699702354117": "Tặng son phấn",
  "12589414147879225537": "Khai Phong - Nhiệm Vụ Dẫn Dắt Kỳ Trân",
  "12589423474996870428": "Lâm Dã",
  "12589434806488227399": "Bước tiếp theo",
  "12589465371184375563": "Lữ Giai Nam",
  "12589486487901125924": "Tâm lưu",
  "12589512412450641083": "#YMẩu giấy dưới đất#E\nHiệp chi đại giả, vì quốc vì dân. Việc chúng ta làm, đều là vì bách tính Khai Phong. Thế mà ngươi lại... Thôi vậy! Dù sao chúng ta cũng không cùng đường, lần gặp sau nhất định phải cho ngươi biết tay!\n",
  "12589580887491196979": "NPC Bầu Không Khí Khai Phong Xuân Tiết - Nam Lão Niên",
  "12589626088395287954": "Sát thương của lần bắn cung tiếp theo trong 30 giây tăng 50%",
  "12589670570877845985": "Thời hạn Hiệp danh",
  "12589671015386555111": "Kiêng kị lớn nhất khi hành nghề y ở Thanh Khê là không nhận thù lao",
  "12589714955397725159": "Âu Dương Thư Chu",
  "12589719083308843043": "Cành Cây Nhỏ",
  "125897258644028801": "Lần này, đợi ngươi không phải là Tiểu Bình An, mà là một người xa lạ... Tiểu Bình An đi đâu rồi?",
  "1258973751523169140": "Hồ Kiện Lực",
  "1258977446585266212": "Bàn Mạt Chược",
  "12589775308595001400": "Tử Tượng Cư - Khu Thương Phố - Chủ Tiệm",
  "12589866884193125682": "Kết quả là đứa trẻ này còn mang theo bài văn ra ngoài, tôi đã xem hết rồi, đến đây nói không có? Thật quá đáng, tôi thấy nó cố ý!",
  "12589880922979508162": "Miêu Chi Báo Ân - Dấu Chân - Điểm Vị 2",
  "12589887708301640217": "Vậy thì phải tính từ ngày ta sinh ra, ta sinh ra trong khu chợ ồn ào, khi vừa chào đời cả phố chợ đều im lặng, chỉ nghe tiếng sấm sét giữa trời quang ——",
  "12589887969181557213": "Số lượng người thi đấu",
  "12589910571379004553": "Song tu chính quy",
  "12589996618805371710": "Đối thoại",
  "12590003387269796337": "Trúc Lâm",
  "12590003494151501698": "Có thể mua khi [ ] cảnh giới đạt đến cấp bậc {}",
  "12590034918576948135": "Địa lão",
  "12590038224893789172": "NPC Thiếu Nam Kiểm Tra",
  "12590093952698097810": "Manh mối chuyện Thanh Hà",
  "12590129942913890704": "Nhấc lên trên",
  "12590145582207715346": "Ha ha, sảng khoái sảng khoái. Thiếu hiệp nếu có nhã hứng có thể ghé Biệt Quán lần nữa, ta và ngươi lại so tài cao thấp.",
  "12590150695251994985": "Đối thoại",
  "12590188114822195555": "Kỹ năng định âm dừng chiến",
  "12590189010536842373": "Nước lạnh băng, trên mặt nổi cánh hoa.",
  "12590218884746947062": "Chuột kỳ quái 10",
  "12590230940382481083": "Dùng để dựng nhà.",
  "12590256395956774885": "Ngỗng danh tiếng xa",
  "12590259016687925253": "Long Quỳ Thảo",
  "12590283399745563034": "Lựa chọn hiện tại đang bị <{name_pre}> chiếm dụng, có muốn đổi thành <{name_new}> sử dụng không?",
  "12590315042631906362": "Trên #a66829 Đan Nhai#E có một người đàn ông đang cười lớn không ngớt, không biết hắn gặp phải đại hỉ sự gì...",
  "1259033385846467596": "Sinh Thái Vật Chủng",
  "12590385090734806854": "Bộ Yến Hoa cấp 61",
  "1259041242927900450": "Chậu hoa này tuy chỉ là chậu cỏ, nhưng hình dáng lại rất tốt lành, nếu mua về nhà trồng, cũng có thể mang lại điềm lành.",
  "12590419973977842781": "Điều tra",
  "12590437883035695238": "Giao chiến với khách giang hồ hiện thân",
  "1259044791128786778": "Bác Vật Điều Mục 13, Phần Thưởng Hạng 3",
  "125904657057586158": "Chu Vũ Lâm",
  "12590487985797974299": "Nhìn cha già gặp nạn mà khoanh tay đứng nhìn",
  "12590523917291533982": "Đàm thoại",
  "12590539325439090645": "{3}\nTa tại {0} mắc bệnh {1}, sau được danh y {2} chữa trị, cuối cùng khỏi bệnh.",
  "12590555377451270912": "Điểm số cao nhất",
  "12590594206022814692": "Nhưng phải suy nghĩ kỹ nhé, lỡ chuyến này thì không có cửa hàng nào khác đâu!",
  "12590599599917966158": "Búa to búa nhỏ",
  "12590619063980100489": "Chung Yến Nhiên",
  "12590623046113741514": "Nơi sinh sản tự nhiên của các loài cá, nơi sinh sống của nhiều loài cá đa dạng, nuôi dưỡng nhiều ngư dân sống gần đó.",
  "1259065936900982414": "Chúng ta đã bố trí giường ở lầu hai, có thể cho khách nghỉ ngơi.",
  "12590696710916425437": "Thâu Sư - Tam Canh Thiên - Đệ Tử 1 - Canh Gác",
  "12590706559731784358": "<Tấn công Khiếu Tơ Tằm tối thiểu|780|#C|151> tăng, hiệu quả tăng theo cấp độ chế độ đơn người (Hiện tại: #Y{0:.1f}#E điểm).",
  "12590711771295275955": "Đỉnh Tháp Hà Hoa - Hà Hoa",
  "12590729145551124353": "Cấp một",
  "12590746113054211678": "Hàn Thiên Dạ - Tường Vô Hình",
  "12590801210226173663": "Đang nhận",
  "12590816721339776114": "“Miệng than vãn” và “Miệng Sắt”",
  "12590847246887817266": "Khai Phong Kiếp Ngục - Tù Phạm 8",
  "12590864722506301315": "Lục Trác chuyển nhượng cho du hiệp một cây pháo hoa Hoa Thiên Thụ còn mới chín phần!",
  "12590875050329288517": "Lời nhắn (0)",
  "12590902745505705459": "Khách quan muốn hỏi bí liệu này là gì sao? Cái này ta không thể nói được, nói ra thì sẽ không linh nghiệm nữa!",
  "12590914278761015399": "Bàng Mãng Tử",
  "12590971091712376955": "Ngự Uyển Bắc - Du Nhân 1 - Ngự Uyển Bắc - Tựa Bên Hồ Công Viên",
  "12591003820191142115": "Cầu nguyện gửi gắm",
  "12591042854895281225": "Mục Bách Vật Chí 45, Phần Thưởng Cấp 1",
  "12591062924383173914": "Nhận được sau khi hoàn thành kỳ ngộ 「Phật Hoa và Chuột · Hạ」",
  "12591064667404661773": "Dế Mèn",
  "12591076648582579162": "Thái Nhạc Đài - Tinh Viên 1",
  "12591118994483867318": "Đối thoại",
  "12591131044326562104": "A Ngũ, đứa út trong gia đình trộm cắp, là con út trong nhà, tuổi còn thơ, chưa hiểu sự đời.",
  "12591142412797530407": "Sử dụng sau khi nhận được danh hiệu hiệp khách 【Đấu phá thương khung】",
  "12591152376426669582": "Sinh Thái Vật Chủng",
  "12591200174653014000": "Hành hiệp trượng nghĩa hàng tuần, cần lấy đủ Tứ Hải Thiếp để chứng minh nghĩa hiệp!",
  "12591207371700553279": "Trần Khải",
  "12591216030560457170": "Tài nguyên tinh nguyên cần để giải phóng kỳ thuật, có #Y100%#E xác suất nhận thêm #Y1#E điểm khi hoàn thành hành vi hồi phục được chỉ định.",
  "12591240208029749054": "Công phu này",
  "1259124382829821415": "Văn Cao có vẻ không vui, cái rương này rõ ràng là ông ta tìm thấy trước.",
  "12591273831237869022": "Ngũ Âm Khởi Thái Bình",
  "12591305233216939658": "Chủ quán tại xưởng",
  "125913392458645058": "Cô bé",
  "1259134634599144641": "Phàn Lâu - Pháo Hoa Cỡ Nhỏ - Vút Trời Hầu",
  "12591369838222444172": "Đặt xuống bình rượu",
  "12591379046988979667": "Nóng chảy mỡ, chịu sát thương bỏng liên tục",
  "12591379146646660273": "Bạch Nghĩa",
  "12591402261910182580": "Nuôi cá phát triển thịnh vượng, cá con lớn nhanh, cá thịt cung vượt cầu, #YCanh Cá Bạch Ngọc Hà#E giảm giá #Y{prop}#E.",
  "12591404456012862851": "Thiếu Nữ NPC Thử Nghiệm",
  "12591414629390917872": "Bạn bè, huynh đệ, tỷ muội gì cũng được, cứ đến cả đi! Gì cũng được! Đừng ngại ngùng như trẻ con.",
  "12591427273580415997": "Sử dụng vật phẩm này, có thể nhận được ngoại hình tương ứng.",
  "12591539680870488380": "Tạm được",
  "12591575105830308583": "Quảng Trường Canh Cổng - Đứng Gác",
  "12591602929805241874": "Phần thưởng tiến độ",
  "12591603456888281543": "Điều tra nguồn gốc tiếng hát -- Quan tài đá",
  "12591648768114659883": "Thương tích nội bộ",
  "12591683940310236800": "Khu Vực Xung Quanh Mạch Hành 22 - Thư Mộng Dao Lén Nhìn - Đơn Bạch",
  "12591718403043198469": "Quái Vật Cứ Điểm - Quan Binh Đại Tống - Cờ Hiệu Kèn Trống (Đen",
  "1259177985952721511": "Hả? Sao lại thế này, ai ra tay?",
  "12591815012305928154": "Đã lĩnh hội Vạn Tượng",
  "12591867535777327548": "Phòng Chí Cường",
  "12591915913148389294": "Ông trời... không công bằng lắm.",
  "1259200065905023877": "Trang trí bàn ăn gì, đương nhiên phải hỏi chủ nhà muốn ăn gì.",
  "12592031068952072728": "Quay về nhà ông đào",
  "12592084186255354570": "Lực lượng chiếm đóng: Lục Lâm",
  "12592090996129404716": "Bảo Rương",
  "12592114016203766868": "Hừ, bọn ta Thanh Viên (Lê Viên) luôn một lòng một dạ, sẽ không làm người mình thích đau lòng!",
  "1259211693265900606": "Trên núi nhiều rắn rết, thí chủ đi qua bụi cỏ dưới gốc cây cần phải chú ý nhiều hơn.",
  "12592123891508193859": "NPC Bách Vật Chí Bác Lãng Sa - Hoàng Đại Ca",
  "12592138484438391511": "Dế Mèn",
  "12592191938663721530": "#Y Vô Ưu Bang Tinh Anh#E擅 dùng #Y lựu đạn khói#E che khuất tầm nhìn của địch, sau đó dựa vào thính giác của bản thân để phán đoán vị trí đối phương, tiến hành tấn công.",
  "12592194393089280175": "Sát thương tấn công nhẹ và tấn công nặng tăng #G15%#E",
  "12592202187627009875": "Vô Danh Kiếm Pháp - Tăng sát thương võ học",
  "1259226264339501278": "Đại Thế Giới - Lục Lâm - Thảo Tặc - Trường Thương - Yếu C",
  "12592278647544114126": "Ngươi mới say đó, ợ...",
  "12592281967034573377": "Khởi hành đến 【Thiên Phật Thôn】, và dừng lại 30 giây",
  "12592306766222930686": "Thanh Hà Gian Chương - Cái Bàn",
  "12592332118302922877": "Trong Lò Luyện Thử Nghiệm Phá Hủy - Một Cái Khiên 2",
  "12592339569122946069": "Kết giao bạn bè",
  "12592346960341654186": "Trời đất huyền hoàng vũ trụ hồng hoang nhật nguyệt... Tinh tú...",
  "1259236736822607171": "Kỳ Ngộ Trĩ Tử Giang Hồ - Thôn Dân",
  "12592370032269706263": "Sát thương tối đa của kỹ năng tích lực đoạn hai",
  "12592508208980303992": "Đàm thoại",
  "12592522350202197571": "Cấp độ khám phá Thanh Hà",
  "12592572615100287265": "Hắn đã nhận lệnh đi Yến Nam, vậy hãy để ta thay hắn lắng nghe.",
  "12592573014294308078": "Nhất Diệp Bình Sinh 2 - Thiên Kinh Ngạn Đông Độ - Tấm Nền",
  "12592638736850624832": "Bị phát hiện rồi, không có ai nghĩ đến việc chạy trốn trước, mà trực tiếp nhắm mắt phó mặc số phận sao?",
  "1259264038392943800": "【Ngục Giam - Chế Tạo】 Đống Gỗ (Không Tương Tác)",
  "12592652539721455545": "Võ Thành Vương Miếu",
  "12592665284900832286": "Giang dương đại đạo Y Đao đang tìm kiếm tung tích của Hàn Hương Tầm, hãy tự bảo vệ mình, sau đó tìm cách thoát khỏi hắn.",
  "12592672178301330968": "Táo Chua",
  "12592699691647360197": "Phần Thưởng Điểm Danh Cảnh Điểm",
  "12592744154758602390": "Tụng Thư",
  "125927613196561305": "Ta",
  "12592770384652002170": "Không lưu và thoát",
  "12592874990408464930": "Trương Chấn",
  "12592951610207300022": "Hoàn thành thu thập vật phẩm quý hiếm trong sinh hoạt để nhận nguyên liệu, cần tiêu hao thể lực.",
  "12592976316122657621": "Diệp Vạn Sơn",
  "12592991212263787633": "Trương Tiêu Nặc",
  "12593041904469468171": "Giang Hồ Khách",
  "12593053415746442138": "Thiên Lai Đỗ",
  "12593060058665185062": "Đối thoại",
  "12593068196435164035": "Chu Vũ Lâm",
  "12593079276334879111": "Lư Lan",
  "12593081158888585463": "Bảo Rương",
  "12593128730414470964": "Bắt đầu từ năm {0} tháng {1} ngày {2}",
  "12593141089806463751": "Mời vào liên đội",
  "12593163717757105093": "Cảnh Uẩn",
  "12593169700107513537": "Chắc là không có ai ở Tắc Hạ Học Cung làm đồ vật ở nơi lạnh lẽo như vậy đâu.",
  "12593188381235689996": "Kim…… Lá cây ư?…… \"Lá vàng\" tết bằng rơm rạ…… Cái này……",
  "125932021762385845": "Vô Tâm Cốc Học Lén - Người Kén",
  "12593212992691249514": "Sách Cũ Kỹ 1",
  "12593222316810094697": "Trương Liên Hâm",
  "12593259472875930100": "Sửa đổi",
  "12593279021716939780": "Nhậm Khoan",
  "1259329599282808831": "Xuất Kiếm · Nhất",
  "12593318934741924204": "Thu thập hổ phách",
  "12593374916610890277": "Đối thoại",
  "12593384053779925229": "Tiểu lâu vân hoa, pha hương múa ước; Nhược lan gảy đàn, quần anh hiến nghệ.",
  "12593574815031903544": "Đại Thế Giới - Tú Kim Lâu - Đệ Tử Tuyệt Âm Bộ - Cung Tiễn - Yếu B",
  "12593609729809002277": "Dê Núi",
  "12593626238174296356": "Họa Phảng Hồng Bao Phần Thưởng 1 - Thử Nghiệm",
  "12593642996394743683": "Tam nương, người chân bùn chúng ta không có bản lĩnh gì, nhưng phải kiếm được cái khí thế này!",
  "12593673021917903862": "Chọn bệnh, sử dụng thuốc để chữa!",
  "12593729027794542022": "Phòng Chí Cường",
  "12593793979769137093": "Đại Tống Phủ Nha",
  "12593825299750465771": "U Túc",
  "12593863234293718028": "Gã ăn mày điên",
  "12593887199385394958": "Những đại nhân vật giang hồ như chúng ta sao có thể tùy tiện tiết lộ thân phận? Nếu ngươi không cho mượn, ta đi tìm người khác đó nha.",
  "12593891870525898404": "Dịch dung cùng nhau",
  "12594015012714486569": "Phúc Bồn Tử",
  "12594073852998036692": "Cành Cây Nhỏ",
  "12594128357419484428": "Trảm Phong · Nhất",
  "12594149230633551703": "Triệu Vĩ Nghiệp",
  "12594162326457980464": "Lắng Nghe Xuân Náo",
  "12594169067802433271": "Bên Ngoài Lò Luyện - Kho Hàng - Tường Không Khí",
  "12594182751180869360": "Ngự Uyển Nam - Trên Lang Kiều Ngắm Cảnh 2",
  "12594219615509381936": "Chu Vũ Lâm",
  "1259426778229325104": "Điền Anh",
  "12594271559925951658": "Bật lên",
  "12594292424751622385": "Hoàn thành kỳ ngộ",
  "1259430059949579009": "Tọa Vong Đạo",
  "12594316461279451146": "Nhiều lần vượt ải",
  "12594330670715656076": "Sinh Thái Vật Chủng",
  "12594339767811256588": "Truy nã - Kinh doanh",
  "12594408524911485853": "Gà Hà Điền (Gà Mái)",
  "12594507922997643516": "Lương Tử Hàn",
  "12594519146585715891": "Tạc đất",
  "12594521655707623967": "Úc Châu",
  "12594528824001484020": "Biến chứng cấp tính",
  "12594559174992921103": "Chỉ là... hắn định giá thuốc quá rẻ, làm sao duy trì được hiệu thuốc nhỉ?",
  "12594562728570238725": "Miễn trừ một điểm quyết toán nhất định",
  "12594673116522318109": "Long Quỳ Thảo",
  "12594699142164213629": "Vu oan - {}",
  "12594713508072531923": "Chuyển dần",
  "12594751474445220824": "Phong Thủy Bảo Địa",
  "12594798792947661211": "Yến Tiểu Nhị",
  "12594812831107998917": "Phòng Chí Cường",
  "12594815665071795951": "Sợi chỉ trường thọ dùng để cầu phúc cho trẻ em.",
  "1259481795213280901": "Nếu là đồ của mẹ ta, Dì Ngô... có lẽ là người rõ nhất.",
  "12594820948323515516": "<Chờ ta quan sát một lát đã...>",
  "1259482940596683770": "Sau khi hết đếm ngược sẽ quay về điểm xuất phát",
  "12594837104375776831": "Trương Chấn",
  "12594845342151332328": "Đi tới đồng bằng chụp ảnh rồi tải lên",
  "12594846339919036096": "Bọn đạo tặc đang mưu tính cướp bóc.",
  "12594874252684099384": "Khâu Nguyệt",
  "12594921481792090898": "Bích Thủy Vân Đào Công Đức Bi",
  "1259492172450191884": "Cổ Tư - Đại Viện - Bách Tính 9",
  "12594938893744575579": "Sử dụng Thiên Cơ Khảm để thực hiện nhiều đòn tấn công tầm xa nhiều đoạn.",
  "12594972547784903727": "Bắt đầu",
  "12594977552492260544": "Khu Cửa Hàng Câu Lan 4 - Tấm Nền Tĩnh",
  "12594991764530168764": "Ghi nhận sau khi giao túi vải cho Hồ Bất Ngôn",
  "12595076854474600809": "Công nhân làm việc tại Hàng Mạch Thừa Ân ở Mạch Hương Tập.",
  "12595079127525386725": "Khinh Khấp - A Thương 1",
  "12595107195732388015": "Sinh Thái Vật Chủng",
  "12595115251413067512": "Thiên Hạ Võ Học",
  "12595153869866988951": "Bảo Rương",
  "1259515619157365154": "Vạn Sự Tri - Vật Quan Trọng - Lâm Nương",
  "12595158156719520808": "Vài căn nhà tranh tự thành làng, tiếng cối giã gạo vang vọng cả ngày.\nNắng lạnh sắp lặn sương mù giăng khắp, nơi nào nhân gian cũng có Đào Nguyên.",
  "12595176405997016494": "Trong Giác Môn - Bình Dân 3",
  "12595187987534957654": "Ghi lại sau khi giao bản vẽ máy phát nổ cho Đường Ký An",
  "12595214974459689933": "Khu vực lên ngựa của NPC Tiệm Xe Ngựa 23",
  "12595222102127456164": "Sơ Kiến - Tiểu Nữ Hài",
  "1259522636388612285": "Thử mặc",
  "12595241517645962666": "Tiêu diệt hết tất cả Phá Giới Đầu Đà"
}