{
  "10911723734825362907": "Lưu Minh Sách",
  "10911724642997155335": "Trịnh Nguyễn Khuẩn Ti",
  "10911758948043620285": "Đương nhiên không phải, lão phu hôm nay sẽ dạy cho ngươi một chiêu, ngươi nhìn cho kỹ!",
  "10911792700367428120": "Thiên Đột - 3",
  "1091187677083313948": "Lối Chơi Nhà Tắm - Phùng Bán Sơn",
  "1091189531856907469": "Nước sắp rút rồi…… A Ngư…… Buông bỏ đi……",
  "1091192008495384574": "Thử Nghiệm Ngoại Quan Ngẫu Nhiên",
  "10911960058944553322": "Chu Vũ Lâm",
  "10911973180976352360": "Sửa đổi tên nhóm",
  "10912012278894457393": "Bộ trang phục",
  "10912046552131426750": "Sau khi mở có thể ngẫu nhiên nhận được một trong các trang bị Ngọc Đẩu hoặc Dịch Tướng bộ đồ cấp 56, phẩm chất cao nhất là tím, xác suất phẩm chất tím tương đối thấp, và một quyển tâm đắc Minh Kim Hồng.",
  "10912078723929933528": "Sinh Thái Vật Chủng",
  "1091209468887830481": "Cấm thuật Mặc Môn có thể mở hoặc đóng, chúng ta không rõ. Nhưng ở ẩn nơi đây, ngày đêm nghiên cứu, Vạn Tượng Mê Tung hoặc có thể tiến thêm một bước nữa, bèn ghi lại những suy nghĩ của chúng ta, chỉ mong cùng nhau nghiên cứu, hoặc có thể thay đổi ít nhiều về Đạo Mặc Sơn.",
  "10912137549667698789": "Thiếu hiệp, giúp ta một việc, nhất định phải đi tìm sư huynh Lâu Bách Xích của ta, cũng ép tỷ lệ thắng của hắn xuống một chút.",
  "10912155069141007742": "Mười năm trồng dâu, mười năm dệt lụa. Một tấc áo, một tấc máu. Một vụ án mạng liên hoàn bắt đầu từ bộ áo dệt từ thiên tằm hàn, đằng sau rốt cuộc che giấu bí mật gì?",
  "10912190631051050547": "Địa vị Cửu Lưu Môn",
  "10912212825486337511": "Hoàng Lạc Tư",
  "10912235502299286860": "Trì Lẫm",
  "10912236890393276396": "Cừu Kim Hàn",
  "10912239347066713104": "Sinh Thái Vật Chủng",
  "10912261914859351335": "Chu Vũ Lâm",
  "10912294737690128882": "Tăng 20% tốc độ bay của phi tiêu",
  "1091238143761223863": "Cẩn thận một chút, đây không phải vườn nhà ngươi đâu.",
  "10912383628476171812": "Mộc 3",
  "10912398358800467844": "Tấn công Minh Kim tăng. Phần thưởng sát thương Minh Kim có thể tăng thêm dựa trên tấn công Minh Kim tối đa.",
  "10912428058429306966": "Màu sắc",
  "10912450377936957853": "Triệu Vĩ Nghiệp",
  "10912458561114372492": "Thiên Thượng Lai - Tiều Phu 4023",
  "10912464964341717482": "Ngưng thần",
  "10912491116911938968": "Có thể đổi trang phục giới hạn",
  "10912535172516505877": "Vương Tử Hiên",
  "10912558282267851714": "Điểm Danh",
  "10912581993524373602": "【Diệp Tử Hí】Ván 5 Người 55 Khí Lượng",
  "10912604452811449415": "Trương Chấn",
  "10912626175712334262": "Để bảo vệ những người trong tầm mắt, ta đã khổ luyện bắn cung mấy năm nay.",
  "10912649074302241729": "Tiến độ văn giải đạt đến",
  "10912657993856744856": "Vậy ngươi có biết ba cái túi tiền này cất ở chỗ nào không?",
  "10912704917178880451": "Hà Điền Kê (Gà Mái)",
  "10912826650152317229": "Ngươi có biết ta nhớ ngươi đến nhường nào không......",
  "10912829407889751419": "Chỉ đổi",
  "10912849541176589783": "Thi Thể Quái Dị Lầu Thêu Vàng 3 - Dùng Cho Biệt Quán",
  "10912860618541135658": "Sinh Thái Vật Chủng",
  "10912899956562367275": "Thái Bình Lệnh",
  "10912949727090821279": "Chỉ cần gảy một dây đàn, Địa Kỳ sẽ thăng. Thổi lên luật ngọc, Thần linh sẽ giáng. Sự thăng trầm của nhân gian, đều nhờ vào một lần gảy đàn của ngài.",
  "10912960452728545143": "Phúc Bồn Tử",
  "10913023177273193910": "Uy danh hiệp khách Kinh Sở giá trị 3 đa tình vô tình",
  "10913063859684329018": "Đang chiến đấu",
  "10913089965406729941": "Lưu khấu",
  "10913100417237487685": "Khu Vực Phố Xá Thanh Hà - Lão Nãi Nãi - 20",
  "10913143232381118501": "Một nữ tử bí ẩn…… Nghe đồn có dung mạo tuyệt sắc.",
  "10913146122803952021": "Lưu Phái Tháp Minh Kim · Hồng Tầng Thứ 9 - Cờ Hiệu Kèn Trống Quan Binh Đại Tống 3",
  "10913151168433790126": "Hoàn thành chuỗi nhiệm vụ có thể nhận được",
  "10913165905369234993": "Thọ Xương Phường - Đông Li Viện - Công Nhân",
  "10913166869536735266": "Trúc Lâm Cựu Cư - Điểm Làm Mới Chiến Lợi Phẩm 477",
  "10913195212816579439": "Nhiếp Ám Hợp Quang · Kim · Uy",
  "10913205239140177252": "Giỏ hoa 1",
  "10913224248632294686": "Võ lâm tạo nghệ không đủ, không thể đăng treo thưởng leo tháp tầng này",
  "10913260957876750805": "Thọ Xương Phường - Thẩm Trạch - Lão Thái Thái",
  "10913268147669116343": "Sinh Thái Vật Chủng",
  "10913278502583595041": "Biệt Quán - Boss - Tường Vô Hình",
  "10913302285609747234": "{} Mở túi đồ để sắp xếp thuốc men",
  "1091330985829599858": "Sinh Thái Vật Chủng",
  "10913312102702407481": "Hà Kỷ Hi",
  "10913351153777063592": "Quản Tuấn Đào",
  "10913385568993301435": "Khanh hiểu lòng ta",
  "10913399512167846340": "Giải Đố Nhỏ - Hắc Hùng",
  "10913411463019668254": "Diệu Diệu Miêu - Thuốc Nhuộm 1",
  "10913479767703698297": "Phúc Bồn Tử",
  "10913513593770489178": "Hồi phục mỗi giây trong phạm vi",
  "10913523751834605342": "Lý Mỹ Thần",
  "10913524383199325378": "Sinh Thái Vật Chủng",
  "10913527112931102204": "Cửa Hàng Hoa Điểu - Trà Lá",
  "10913619130691250682": "Thiếu đông gia, đêm hôm thế này ta không cờ bạc nữa đâu.",
  "10913652390332912129": "Đang bị truy sát",
  "10913690285977311437": "Tìm Chu thúc",
  "10913702343073296825": "Nhấn để đánh ra quân bài đã chọn",
  "1091375621552263241": "Trần Gia Tranh",
  "10913767919424437112": "Bí khăn thêu một trong những miếng, thêu hai chữ “Thường danh” (trả ơn danh tiếng).",
  "10913772263841342568": "Lăng Giai Hân",
  "10913772338644966702": "Tước Thần Bảo Hòm (Vật Phẩm Rơi Ra)",
  "10913777996322336001": "Là đại hiệp thì hãy đến hú, à không, thay trời hành đạo!",
  "10913817478719430469": "Thạch lão đệ —— hắn là người thông minh nhất, cũng là người nhẫn nhịn nhất!",
  "10913818059493707819": "Đi đến Thiên phú",
  "10913924441385990834": "Hỏi thăm Thiết Tâm Giáp",
  "10913936554855861412": "Đối thoại",
  "10913946286852331624": "Chắc chắn là thật, người làng trốn thoát kể lại, những con quái vật đó còn kéo người sống vào trong, biến thành xác khô, thực sự kinh khủng!",
  "10913972004835496246": "【Tâm pháp đột phá · Tam】 Bất kỳ tâm pháp phái nào đột phá đến tầng thứ tư",
  "109139802091085805": "Hỉ Thước",
  "10914004159998843473": "Liệp Cẩu",
  "10914014653604643453": "Điểm sinh ra",
  "1091403781097093138": "Thi Thiên Lai",
  "10914049878971247192": "Phùng Hư Ngự Phong",
  "10914062055559777255": "Trương Tuấn Kiệt",
  "10914067130690958269": " (Người không liên quan? Sao mọi người nhìn ta?)",
  "10914081059260013238": "Lần trước ta muốn uống, các ngươi còn đánh ta! Sao lại để $T(5011)$ uống? Xì— (đi xa)",
  "10914109655459157937": "Cấm sử dụng phụ trợ giải thế",
  "1091414198066353862": "Sinh Thái Vật Chủng",
  "10914143021962823722": "Hồng Câu Cổ Cừ - Khu Nông Điền - Quân Quan Áp Giải Lương Thảo",
  "10914189486906132147": "Tạo Tượng Xứ - Khu Khai Thác Đá - Công Nhân Vận Chuyển 1",
  "10914190765913187116": "Số lượng",
  "10914209592370874820": "Tập luyện thân thể, tập mãi thì người khỏe ra.",
  "10914253874759052254": "Sử dụng vật phẩm này, có thể nhận được ngoại trang tương ứng.",
  "10914294064147181762": "Phạm vi ngắm bắn phụ trợ tăng",
  "10914295252307311648": "Một nhân sĩ giang hồ bí ẩn, nghe nói đang tìm kiếm bảo vật bí mật của Độc Thánh.",
  "10914350635275808554": "Liên tiếp thắng {1} lần trong Chỉ Qua",
  "10914384749513432470": "Linh Hồn - Trịnh Thị Lão Thái Thái 01",
  "10914392508319292815": "Tiền Miêu Miêu",
  "10914396481123799007": "Trương Tuấn Kiệt",
  "10914459020944731595": "Nhật ký Bang hội",
  "10914531145906717965": "Phòng Chí Cường",
  "10914543305170332751": "#Y Túi Thảo Dược#E\nBên trong có một loại dược liệu quý hiếm.\nTiểu nương tử nhà họ Lý thân thể yếu ớt, quanh năm cần dùng thuốc.\nMà trong đó có một loại thảo dược vô cùng hiếm gặp.\nLý Sùng Cử làm lụng vất vả mới nhờ người tìm về được trong thành.",
  "10914551019752093681": "Bàn Dương - Tiểu Kịch Trường Bắn Cung",
  "10914633915720894405": "Phòng Chí Cường",
  "1091468886339749890": "Thanh chắn phòng xả nước",
  "10914704720905860403": "Lãng Trung Ủy Thác - 17 - Bệnh Tật - 1003002 Phế Nhiệt Bệnh - Khó",
  "10914807001682104837": "Khoan đã, hai vị đừng đi.",
  "10914812691513303245": "Giá tiền mát-xa cho khách hàng",
  "10914824640443513425": "Máu nhuộm mặt, hình như quỷ thần, không đoán được đằng sau mặt nạ rốt cuộc là thần thánh phương nào, khiến người sinh lòng kính sợ.",
  "10914827898941303899": "Chẳng mang được mấy vò rượu, tiền bạc cũng chẳng có bao nhiêu, làm chuyến này đúng là phí công vô ích.",
  "10914870779757783828": "Từ biệt",
  "10914918477932674829": "Chung Ly Mạt",
  "10914918893238684693": "Trúc Địch",
  "10914989959662907681": "Thất Phạt Pha - Điểm Làm Mới Chiến Lợi Phẩm 151",
  "1091500318527428983": "Từ trên trời",
  "10915054607524466275": "Đối thoại",
  "10915119363366802478": "Súc Cốt Công - Sự Kiện Giới Hạn Thời Gian - Hoàn Thành Nhiệm Vụ 3 - Sau Khi Sự Kiện Kết Thúc",
  "10915122168728792591": "Nếu ngươi đã khỏe rồi, cứ tự tiện đi đi.",
  "10915127965948679956": "Thang",
  "10915129005309880088": "Tranh cuộn",
  "10915145157661771871": "Thương Lãng Kiếm Phổ cực khó tu luyện. Tuy nhiên, theo lời của các hiệp khách dân gian, [Trích Tinh Thủ] có thể đã nghiên cứu ra Tâm Pháp giải được bộ kiếm phổ này.",
  "10915172721406801467": "Những năm gần đây, hắn ta bí mật qua lại với Vô Ưu Bang, thực ra đều là theo sự chỉ thị của Tiểu Tuyết. Bản đồ này, nếu ngươi xem kỹ, cũng nên thấy được điều bất thường.",
  "10915204143769856992": "【Diệp Tử Hí - Bàn】",
  "10915371996262330916": "Chủ Tuyến Khai Phong",
  "1091537544017181381": "Thiên Phật Tàn Khư",
  "10915443596633401027": "Khách giang hồ",
  "10915444145143089615": "Đẩy lui nàng",
  "10915459356138936379": "Thiếu chủ, có thời gian nhớ ghé chơi nha!",
  "10915472357327623616": "Cung Tiễn Thủ Biệt Quán Yến Vân Tầm Xa (45m)",
  "10915492935778716798": "Khai Phong Du Phố - Bách Tính Lão Nữ - 76",
  "10915595833365351443": "Xóa",
  "10915603941889208655": "Mẫu Tường Vô Hình - Dưới Chân Minh Xuyên Sư Phụ",
  "10915633370843014763": "Ừm... Vì đã biết chìa khóa đại sảnh tổ tiên nằm trên người tên Trịnh Tông Hiền này, ta sẽ đi theo hắn để lấy chìa khóa và tìm hiểu rõ ngọn ngành.",
  "10915679514816735949": "Mọi người đều coi ta là người thường, nhưng ta biết rõ bản thân mình trông như thế nào, hà tất phải ra ngoài làm người khác chướng mắt?",
  "10915694572423493347": "Vui lòng nhập số thứ tự để tìm kiếm",
  "10915697749255210179": "{} có thể #Y chuyển đổi#E mục tiêu bị khóa.",
  "10915702168247536727": "Không rõ...",
  "10915728840311153015": "Hoàn thành chương chính: 「Khai Phong Tân Khách · Khởi Hành」",
  "10915852629615240539": "Tiếu Hổ",
  "10915895586142221151": "【Chính Thức】Bảo Rương Gỗ Tứ Phẩm - Khai Phong (Cự Ly Truy Tung Ngắn)",
  "10915979965283612468": "Khúc Thủy Lưu Thưởng - Hà Đăng 3",
  "10915981282470358523": "Chỉnh sửa",
  "10916139252368852838": "Đối thoại",
  "10916139444639071612": "Nhiễm nguồn bệnh không rõ",
  "10916142317341537528": "Đai lưng bảo vệ cánh tay nửa tay",
  "10916210891017010226": "Thần Tiên Độ Hậu Tai Ương - Quét Dọn Phố Thương Nghiệp Đối Diện - Cư Dân Bạch",
  "10916219499955832794": "Hà Thị Lạc - Bang Chúng Xích Long Đường Giáp",
  "1091630693015242537": "Chiêu mộ thành viên hoàn tất!",
  "10916318794058571865": "Ngũ Âm Kỳ Thái Bình · 8",
  "10916351438990913103": "Hiệp khách hướng dẫn",
  "10916404607781774783": "Tất cả bộ phận",
  "10916407988964670037": "Tổng quan",
  "10916411372333795790": "Thiên Thượng Lai - Đả Thủ Xích Long Đường",
  "10916419022614739672": "Đối thoại",
  "10916420249606069581": "Cư dân chuột",
  "10916458678216971597": "Nhìn bộ dạng của ngươi kìa! Tiệc khai đàn tối mới bắt đầu mà, đợi một lát không được sao?",
  "10916459051958608804": "Diệu Diệu Miêu",
  "10916461325618799053": "Thiếu chủ, xem ra tên côn đồ này thực sự không thông thi thư, chúng ta đổi cách khác khen hắn!",
  "10916506712057349079": "Đang tải...",
  "10916521200667993653": "Lai Sinh Ngạn - Điểm Xuất Sinh 1",
  "10916542920301359677": "Mọi người đồng thanh",
  "10916562295153533476": "Thiếu Nữ NPC Thử Nghiệm",
  "10916654013813296660": "Ngày mai bổ sung hàng",
  "10916684893712183275": "Thương Tùng Tuyết",
  "10916690101738139516": "Vứt bỏ",
  "10916707389228405283": "Ghi lại sau khi trò chuyện với Họa sư",
  "10916763883066292787": "Sinh Thái Vật Chủng",
  "10916777584535277940": "Phong Hòa Thôn - Điểm Làm Mới Chiến Lợi Phẩm 183",
  "10916820807714158562": "Tiểu thí chủ có biết gì là Di Lặc không?",
  "10916824581878943577": "Trương Tiêu Nặc",
  "10916834970258369079": "Hả? Tiêu tiền?",
  "10916841504846849470": "Độ khám phá Khai Phong",
  "10916854137724897379": "Mẫu Tường Vô Hình - Đạo Chủ",
  "10916878325003998633": "Đầm Lầy Luyện Tâm",
  "10916908011128986804": "Trần Gia Tranh",
  "10916993508219056656": "Đánh đuổi thổ phỉ %d/%d",
  "10917015420716913139": "Hứa Đường",
  "10917053369625971733": "Bạch Hoa",
  "1091705678400921795": "Thiên Thượng Lai - Lão Phụ Xích Long Đường",
  "10917069354762382687": "Tam Xà Náo Sỏa Kinh Kỳ",
  "10917088759360316766": "Cứ Điểm Thành Nội - Biện Hà Độ Khẩu - Tiểu Quái Tuần Tra 4",
  "1091711757023232385": "Trả lại bảo vật giấu",
  "10917123082929356126": "Phòng Chí Cường",
  "10917129533963652425": "Mô tả chi tiết chuẩn bị 10",
  "10917134888118837247": "Sử Chân đang tham lam nhặt nhạnh ngọc quyết trong bụi đất, giống như một con chó đói。\nVị Ương Thành đã cướp đi kế sinh nhai của hắn, nhưng giờ đây hắn lại đang giành lấy ngọc quyết bố thí từ kẻ thù nhà họ Ôn。\nNgày xưa, có lẽ hắn sẽ hận bản thân mình, nhưng giờ đây hắn chỉ muốn sống sót。\nHắn đã hiểu ra. Ở thế đạo này, tôn nghiêm chẳng là cái gì, ai có tiền, người đó có thể mua được tôn nghiêm của người khác. Hắn đã quyết định. Hắn không cần tôn nghiêm, hắn muốn sống, hắn muốn dựa vào枚 ngọc quyết này để làm lại sự nghiệp, hắn muốn tiền, rất nhiều tiền, đủ để mua lại tất cả những gì đã mất。\nSau ngày đó, trên phố ít đi một người bán hàng rong tên Sử Chân, Vị Ương Thành lại có thêm một Sử Trận lợi hại.",
  "10917136907764632081": "Chỉ có tổ đội với #Y thành viên Bách Nghiệp#E mới có thể mở thử thách.",
  "10917154735785281174": "Nhậm Khoan",
  "10917169924256522608": "Kẻ lười biếng",
  "10917342730472863057": "Cấp bậc",
  "1091738247936073435": "Rời đi",
  "10917402613351282709": "Tự động giải trừ sau khi rời khỏi Quán rượu Gió cát!",
  "10917405120444106992": "Sư phụ yên tâm, đồ nhi nhất định không làm ngài mất mặt! Cũng cho mấy người cửu lưu môn kia thấy cái tài của \"Chỉ Lưu Môn\" chúng ta!",
  "10917407031479749690": "Chị gái tốt, tài hoa của ta đương nhiên là thật, nhưng hai năm nay ta luôn bị bệnh tai làm phiền...",
  "10917415811120728485": "【Diệp Tử Hí - Trang Trí Bàn】Tửu Hồ (Thuần Mô Hình)",
  "10917423305893232304": "Khuyến nghị Yến Kê",
  "10917494816971417573": "Khu vực khinh công bên trái Miếu Võ Thành Vương",
  "10917540211303454698": "Chế độ đơn nhân đột phá lên cấp năm · Mộng Tưởng",
  "10917548309195428479": "Ý của lão đại là, ngươi phải làm các động tác giống chúng ta, chứng minh ngươi là người của phe mình!",
  "1091759127715458556": "Đây là Đường Tiền! Đem về mau!",
  "10917624128322679632": "Kinh ngạc! Kẻ thù không đội trời chung lại lén lút làm chuyện này trong nhà tắm!",
  "10917635472267779444": "Sinh Thái Vật Chủng",
  "10917639878292091953": "Thất bại",
  "10917663156898104235": "Tử viết: Biết thì là biết, không biết thì là không biết. Vị huynh đài sao phải nhìn tả nhìn hữu mà né tránh, dùng lời lẽ quanh co?",
  "10917681641013811650": "Rời đi",
  "10917714826008260166": "Kiến nghị Yến Kê",
  "10917720395953382718": "Ta nghĩ, trước khi con 'ác quỷ' được gọi là kia phát hiện ra chúng ta, trận tuyết ở đây sẽ đóng băng chúng ta trước.",
  "10917759838441252100": "Thiếu hiệp, cuốn sách này không phải bí kíp võ công gì, ban đầu để ta mang đi thì tốt hơn, cũng coi như một kỷ niệm...",
  "10917782884854865897": "Chủ Tuyến Khai Phong",
  "10917816117900723575": "Kỳ Ngộ - Thực Thể Rỗng Tương Tác - Bắt Khất Cái",
  "10917850054239982660": "Giết hết sạch rồi, có gì để nói nữa",
  "10917864772910395434": "Ưm, đã định rồi.",
  "109178839794018835": "Không thể xây dựng tại nơi này",
  "10917906202329300143": "Đối thoại",
  "1091794978670361242": "Khu vực dưới lòng đất Phật Quang Đỉnh - Phần nối liền cổng dịch chuyển Phật Quang Tháp",
  "10917983292413982407": "Không biết gì cả, như vậy cũng tính là nhân chứng sao?",
  "10917988763108322378": "Cũng không coi như trở về không, nhưng Giải Lợi quyết không thể sống! Con sói phản bội bộ lạc, làm chó cho người khác, đã quên mất nguồn gốc của mình, luôn sẵn sàng cắn ngược một miếng, đúng là nỗi nhục của bộ lạc!",
  "10918016136321514808": "Quá trình phát triển",
  "10918020418880365205": "Chuyện của Thanh nương?",
  "1091803066448292607": "Diệu Diệu Miêu - Đoán Đăng Mê - Hoa Đăng A",
  "10918039334341695518": "Ê, trà bị đổ rồi~ Lão tiên sinh lại đây ngồi đi!",
  "10918106063547703769": "Hộ vệ",
  "10918117872839301497": "Đang lấy dữ liệu... Đang lấy dữ liệu... Đang lấy dữ liệu... Đang lấy dữ liệu... Đang lấy dữ liệu... Đang lấy dữ liệu... Đang lấy dữ liệu... Đang lấy dữ liệu... Đang lấy dữ liệu... Đang lấy dữ liệu... Đang lấy dữ liệu... Đang lấy dữ liệu... Đang lấy dữ liệu... Đang lấy dữ liệu... Đang lấy dữ liệu... Đang lấy dữ liệu...",
  "10918146706995996663": "Lá",
  "10918155261672236505": "Cần tải tài nguyên Thanh Hà",
  "10918167842670326154": "Chiến đấu · Võ Mộ",
  "10918296897748623213": "Tổng quản Tiêu Kim Quật",
  "10918330713658167700": "Vũ Khố · Thiên Quyền",
  "10918366017122170525": "Sao không quyết đoán được nhỉ? Cắt đường làm ăn của người khác như giết cha mẹ người ta. Tên họ Tạ này hồ đồ! Thảo nào anh em ta!",
  "10918401100608025013": "Avatar độc quyền",
  "10918434863721134215": "Ai sẽ phán xét?",
  "10918434870857125839": "Đả Tử Tinh Anh Quái",
  "10918442547230645448": "Thưởng Điểm Bác Vật Theo Loại Mục",
  "10918452417458762643": "Đừng sợ, A Dụ...",
  "10918457392473995020": "Yếu ớt",
  "10918491407130286008": "Sao có thể như vậy, người đó chẳng phải đã chết rồi sao?",
  "10918514666273762075": "Chi Tuyến Cửu Lưu Môn",
  "10918598905309058326": "Tiểu Thụ Chi",
  "10918639284115534999": "Thành phần xây dựng, dùng để dựng nhà.",
  "10918643515673673778": "Trần Khải",
  "10918723125491294996": "Nam NPC Thử Nghiệm",
  "10918805725688258950": "Đối thoại",
  "10918855343532486620": "Sinh Thái Vật Chủng",
  "10918889396501117672": "Tử viết: Quân tử ôn hòa mà không kiêu ngạo, tiểu nhân kiêu ngạo mà không ôn hòa. Nếu trong lòng ngươi thực sự không có gì, tại sao lại cản ta, ngăn cản ta chứ?!",
  "1091890196663189388": "Chứng kiến miệng và bộ phận sinh dục bị ăn mòn, mắt đỏ như mắt chim cườm, củ chân có nốt ban đỏ, v.v.",
  "10918986505456649661": "<Tỷ lệ hội ý|780|#C|23> có thể tăng thêm dựa trên Sức mạnh, hiện đã tăng #Y{0:.1%}#E. Để đạt giới hạn tăng cần #Y14#E điểm <Sức mạnh|780|#C|8>(Hiện tại $STEADY_STR:.0f$)。",
  "10919044518622184699": "Xem kìa! Người hậu sinh này tuấn tú nhất!",
  "10919059698568152674": "Tình cảnh",
  "10919097650848464131": "Trong đầm lầy",
  "10919100297137165748": "Tùy chọn 2",
  "10919119237547691169": "Dược hiệu",
  "10919150418308468884": "Minh Kim",
  "10919171389817850180": "Truyền tống",
  "10919191045066731782": "Mạch Hương Tập - Kiều Thiếu Nhân Ban Đêm",
  "10919231897208451100": "Điều tra",
  "10919252096379653908": "Thủ Quân Thái Nhạc Đài - Thiết Thính (Tương Tác Mô Hình Rỗng)",
  "1091925599458917593": "Đối thoại",
  "10919313849886060826": "Hoàng Lạc Tư",
  "10919338336441125577": "Khúc Thiều",
  "10919372553173689078": "Chế độ hành động",
  "10919383645406109949": "Triệu Vĩ Nghiệp",
  "10919391417935893637": "Khụ khụ, khụ khụ khụ khụ khụ......",
  "10919444718057212491": "Tù nhân",
  "10919470058825716309": "Đối thoại",
  "10919516973959947473": "Đối thoại",
  "1091952091536921952": "「Thiên Địa Luyện Lò」 tạm thời không hỗ trợ liên máy, sắp rời khỏi khu vực này",
  "10919527735248622914": "Cửu Khúc Kinh Thần Thương",
  "10919542230152361655": "Cứ Điểm Đông Nam Hành Doanh - Bảo Rương Tự Chọn Làm Mới",
  "10919559607200073438": "Thiếu chủ gia thích cờ tướng không?",
  "10919566344133100249": "Mẫu Tường Vô Hình",
  "10919615372281927099": "Quản Tuấn Đào",
  "10919627607909637414": "Thưởng Trấn Thủ Bảo Tàng - Thế Giới Cấp 8",
  "10919672232674402024": "Xem ra nhiều năm trôi qua, Đào Học Sĩ vẫn không quên khúc《Xuân Quang Hảo》kia, cũng không quên nỗi khổ phải chịu trên người Tần Nhược Lan.",
  "10919698899028369439": "Có thể dùng để mở khóa và nâng cấp kỹ năng Văn Sĩ.",
  "10919714439735617407": "Khu Hành Chính - Ngựa",
  "1091975927747883989": "Tửu Phùng Tri Kỷ - Mô Hình Đại Thạch Đầu 2",
  "10919774290425516590": "Đang tải",
  "10919787643741948082": "Hàn Ô",
  "10919807723199510767": "Rời người ở cô thôn dưới, đêm khuya nghe tiếng chày cối một hai nhà. Dây leo khô phủ kín mái nhà, trong mười nhà gần như không có khói bếp, Từ Tâm Trấn đã tàn lụi sinh khí. Chỉ có loài hoa Phật màu tím phủ khắp trấn, tỏa ra vẻ đẹp yêu dị.",
  "10919830710003323418": "Lưu Phái Tháp Khiên Ti · Ngọc Tầng 9 - Đại Tống Quan Binh Yển Nguyệt Đao 3",
  "10919889107022742990": "Thiên Hổ Quân",
  "10920039315344225438": "Tiết Vân Vân",
  "1092005931884799336": "Đang tải dữ liệu",
  "10920108865205823440": "Thiếu hiệp có hứng thú không? Tin tức về Ẩn Vụ Lâm, bán rẻ đấy!",
  "1092011308928085055": "Thập cửu đại bả đầu",
  "10920161833468065534": "Phá Vân",
  "10920163807849697650": "Động Khẩu Tú Kim Lâu - Thủ Hạ 3",
  "10920189785370791252": "Thương nhân béo",
  "10920192001125201152": "Công nhân bến tàu",
  "10920219959864837662": "Vi Hoa Đống",
  "10920297901689441024": "Trường Dạ Hữu Hồng",
  "10920298701622661391": "Cơ Quan Phún Thủy"
}