{
  "11040536949603520808": "Trong phòng quả thực có mùi tỏi... Chẳng lẽ #Y thứ này vẫn còn trong nhà #E?",
  "11040577496388712081": "Vương Trị",
  "11040700234896042961": "Hoang Thạch Lâm - Điểm tái sinh chiến lợi phẩm 450",
  "11040709819929702696": "Viên Quyền Vĩ",
  "11040748884210612506": "Phật Quang Đỉnh - Điểm tái sinh chiến lợi phẩm",
  "11040813146632589109": "Hà Kỷ Hy",
  "11040833170819076386": "Phật Quang Đỉnh - Đá chặn đường cuối thủy lộ",
  "11040840154420483227": "Phan Cốc Mặc Điếm",
  "11040849165468539281": "Bảo rương · Khai Phong",
  "11040897545233621687": "Đang lấy dữ liệu",
  "11040901080757110970": "Hạnh Nhi",
  "11040911625703104427": "Bọn thổ phỉ Long Hổ Trại ngưỡng mộ danh tiếng Tam huynh đệ Long Hổ Báo, tìm đến nương náu nhưng rồi thất vọng rời đi.",
  "11040992031293819184": "Viên Quyền Vĩ",
  "11041024290199697120": "Thạch khối",
  "11041042808952517727": "Điều tra",
  "11041129000449315597": "Tăng 10% Phòng ngự ngoại công.",
  "11041143000822548308": "Nhất Diệp Bình Sinh 3 - Thiên Kinh Ngạn Đông Độ - Tấm nền tuần tra",
  "11041255046258806049": "Huỳnh hỏa trùng level",
  "11041322449106372199": "Trái",
  "11041344452764910739": "Đang tiến hành lối chơi",
  "11041346470914491896": "Than phiến 2",
  "11041387340845867645": "Quyển bốn - Điêu Lan Kiếm Ảnh",
  "11041387639348161641": "Lưu Phái Tháp Khiên Ti · Ngọc Tầng 2 - Hòa thượng Nguyệt Nha Sạn 3",
  "1104140850800024411": "Vũ Nhung Thảo - Đằng Mạn Tường 5",
  "11041418419765444883": "Xúc Cúc Trường - Ngư Giải Hành - Thực khách",
  "11041443087300047698": "Tào Bang Bang Chúng NPC - Khán giả cầm đuốc 2",
  "11041476045407453675": "Khả năng phòng ngự chống lại #H Ngoại Tà Bệnh Tật (bệnh thương ngoài da) #E khi Thiếu Hiệp treo bầu chữa bệnh, thuộc tính càng cao, sát thương tinh khí nhận được càng thấp.",
  "11041479877280184635": "Vạn Cổ Nhất Nhân Điện - Thạch đăng",
  "11041497823815194048": "Thông sam đổ rủ dựa vách núi",
  "11041542033622197565": "Lại đây, đây là thân tháp ông đã làm xong, cháu cầm lấy, ông dạy cháu cách sửa tháp cho tốt.",
  "1104157958786150977": "Hoàng Lạc Tư",
  "11041621505656612736": "Thái Luân",
  "11041627880438286583": "Hồng Lục Song Quỷ",
  "11041686496578925195": "Biểu cảm",
  "11041735860121400062": "Ta chưa từng nói chuyện với nàng, nàng ấy đến cũng một mình, đến lầu chuông ngồi. Nhưng ta thấy mỗi lần nàng đến đều có vẻ buồn rầu, chắc là có câu chuyện gì với cái lầu chuông này đi.",
  "1104174691927591587": "Hoa Hải - Điểm tái sinh chiến lợi phẩm",
  "11041810971685225976": "Hoàng Lạc Tư",
  "11041818302571706771": "Thành phần kiến trúc",
  "1104184951651126375": "Bức tường người ở đường trên",
  "11041861092624593028": "Phòng Chí Cường",
  "11041904955243964138": "NPC nhận phiếu giảm giá",
  "11041958168957146060": "Thiên Kim Bí Yếu Một",
  "110419600139496148": "Ngày cuối cùng",
  "11041970596775244491": "Vòng tay bạc",
  "11041972055240581610": "Lương Tử Hàn",
  "11041973344559238515": "Âu Gia Hạo",
  "11042107053885700991": "Có thơm không? Đây là “Kim Ngọc Canh”, ta nấu bằng khoai mỡ và hạt dẻ đó!",
  "11042131072115038015": "Đông Lăng Qua",
  "11042156177669450939": "Đoạn Một",
  "11042224352932061971": "Thiên Tuyền nước tương kiểm tra giá trị kỷ luật 3 - Vi phạm nghiêm trọng",
  "11042233566431896669": "Mỗi lần gây ra #YTrị liệu hội tâm#E, đều có thể nâng cao #YHiệu quả nhận trị liệu#E của mục tiêu, đồng thời lượng trị liệu của bản thân cũng được tăng lên.",
  "11042260644743098659": "Đang lấy dữ liệu...",
  "11042268373514997821": "Kết quả là, Vương tướng công đã mời được Liên Minh Mộc Thạch là ta và Thẩm Khai Sơn! Không tốn một xu tiền nào để mua gỗ của những thương nhân kia!",
  "11042287330483691283": "Hoa bìm bìm",
  "11042327350401305019": "Bồ Đề Khổ Hải - Điểm tái sinh chiến lợi phẩm",
  "11042353455318802741": "Xuân Thu Biệt Quán - Điểm tái sinh chiến lợi phẩm 183",
  "11042388359527697673": "Tưởng lệ Bách nghiệp",
  "11042441544034437267": "Thiên Thượng Lai - Đả thủ Xích Long Đường",
  "11042445704026775044": "Bộ trang bị Giang Ngưng",
  "11042448300010251698": "Phòng Chí Cường",
  "11042457387327095837": "Dịch Thủy Ca",
  "1104246740880249": "Hà Điền Kê (Gà trống)",
  "11042512790124108069": "Đa tạ đại hiệp, Hạ Bất Lai cảm ơn vô cùng!",
  "11042524536977396244": "Lâm mô Kiếm pháp Tình Tuyết",
  "11042541982501337019": "Tưởng lệ Đoạn vị 2",
  "11042588209036520934": "Dịch võ kỹ",
  "11042611810438285965": "《Đại Học》",
  "11042625135112353513": "Trở về lối vào",
  "11042676617456414372": "Chỉ da lâu dài lặp lại chịu kích thích nhiệt nguồn không đủ gây bỏng mà hình thành bệnh chứng.",
  "11042691958603499760": "Thành phần Khinh công - Dây thừng đến Sử đại nhân - 30-25",
  "11042696641476633709": "Đóng",
  "11042718680628964997": "Trần Tiểu Thiết - Khai đàn yến",
  "11042737323076538801": "Long Quỳ",
  "11042752090111750079": "Đao Mạc nặng mà lực đánh mạnh, vung ra hơi chậm. Nhưng uy lực của nó rất lớn, có thể phá đơn thương độc mã, cũng có thể quét ngang tám phương. Người khác đối chiêu với nó, như kiến bò núi, khó hòng ngăn cản được thế của nó.",
  "11042761402340271528": "Bầu không khí Vũ Y Lâu - Ngữ âm 12 - Nữ thị giả 2",
  "11042841316077235783": "Bất khả Giải Thế (Hắc Kim Kỹ)",
  "11042852047339060823": "Còn những nội dung còn lại…… Ta nghĩ, cho dù ta và Địch Húc, và Tòng Uẩn hợp lực cũng không làm được, ta tin rằng các hậu bối như Nhậm Tinh, cũng sẽ thay chúng ta làm được.",
  "11042887790919002118": "Hái cành hoa hạnh",
  "11042923240849215237": "Thường Bình Thương Thủ Vệ",
  "11042962535675943684": "Nhiệt độ đột ngột lạnh hoặc nóng gây ra",
  "11042966924568589283": "Trượng kiếm · Nhị",
  "11043017250970128955": "Thế giới đẳng cấp - Tú Kim Lâu - Hắc y nhân (cầm đuốc)\\nTuần tra động tác tùy chỉnh: Có",
  "11043022896773027822": "Không thể tạo đội thám hiểm, bản này không tồn tại",
  "11043089593050076358": "Đối thoại",
  "11043134908927669965": "...Khụ. Bà nội Đỗ, những người bà giới thiệu cho ta đều là... người ở dưới à?",
  "11043213299258701801": "Ha, ngươi cũng cho rằng Hoa Gian Thập Nhị Cảnh Hỏa Thụ Ngân Hoa chỉ chính là cây hoa này sao?",
  "11043283433296950189": "Bạch Mục Túc",
  "11043340687207141768": "Mộc diên đa nhân",
  "11043354823112770457": "Nhanh nói đi mà, nhanh nói đi mà!",
  "11043375347420696001": "Mở khóa cấp 32",
  "11043379465771192354": "Mất lượng máu hiện tại",
  "11043419521437472918": "Trần Hiểu Hàn",
  "11043452304006172056": "Tiến độ xây dựng cứ điểm Bách Nghiệp: #Y60%#E!",
  "11043465743514371403": "Treo thưởng {}",
  "11043574806871368452": "Đi đi! Biến đi cho ta! Con chó ngu xuẩn, chó ngốc này!",
  "11043616344783816487": "Chuyển thanh phím tắt",
  "11043643705123019304": "Chọn bộ đồ tắm",
  "11043741732126471834": "NPC thiếu nam thử nghiệm",
  "11043777758343054379": "Giang hồ nhân",
  "11043863052455000037": "Thiên Tuyền - Thi thể bên ngoài 1",
  "11043931100667686220": "NPC bầu không khí Linh Hạnh Thôn - Tô Hợp",
  "11043934252727327819": "Một cuốn bí văn, trăm loại tinh yếu. Thuật giang hồ kỳ lạ, đều gói ghém trong đó.",
  "11043937982716537999": "Bức tường vô hình chiến đấu giai đoạn hai",
  "11043963418489866284": "Giá này xem ra cũng 'tốt' lắm à nha...",
  "11044041666290977013": "Tăng công kích phá trúc",
  "11044120825342701501": "Báo lá cải - Phủ trạch ăn vạ - Lão gia",
  "11044159953386838904": "Thành phần xây dựng, dùng để dựng nhà.",
  "11044176796050036772": "Mơ đỏ lay",
  "11044248019640982546": "Chế tạo cấu kiện, dùng để dựng thuyền hoa.",
  "11044265609122557446": "Nhưng mà, quy tắc trong lầu này, có được thì ắt có mất, quý nhân phải để lại chút gì đó mới được.",
  "11044374006589986266": "Tăng sát thương lên Tiểu Thập Thất trong chiến đấu lên #G15%#E",
  "11044390215511896774": "Giá trị sinh mệnh lực lực chiến",
  "11044401388131005551": "Nhất Diệp Bình Sinh - Cách chơi nấu ăn - Thanh Hoè Nộn Diệp",
  "11044420090485726437": "Âm binh mượn đường",
  "11044478975554115938": "Tham gia cuộc trò chuyện hai người",
  "11044497943788043736": "Tiền nhai 4 - Bình dân 6 - Trò chuyện",
  "11044516182898739049": "Tử viết: Ngu mà thích tự mình làm chủ, hèn mà thích tự mình chuyên quyền. Vị huynh đệ hành sự độc đoán, lời nói nông cạn. Làm sao có thể có luận điểm công bằng, khiến người ta tin phục?",
  "11044527737499796737": "Hỏi bọn họ đang làm gì",
  "11044541520241313130": "Nam Cực Động vật",
  "11044557528258982756": "Dạ tập",
  "11044645127874490092": "Xuân Túy",
  "11044672555453910159": "Ngọc Môn Quan",
  "11044743119449138484": "Lưng phải",
  "11044826441669472321": "Vạn Thắng Trấn - Quan binh Đại Tống: Vương Ngạn Tổ",
  "11044840964378295114": "Mở: Trong chế độ liên kết, cho phép khách ghé thăm, kẻ truy sát tấn công các cấu kiện xây dựng trong thế giới đơn của mình.\nTắt: Trong chế độ liên kết, cấm khách ghé thăm, kẻ truy sát tấn công các cấu kiện xây dựng trong thế giới đơn của mình.",
  "11044869660556739966": "Phó bản tân thủ - Ngựa xám 1 có yên cương",
  "11044903641336928435": "Hướng dẫn ngắm bắn",
  "11044909024264220009": "Lý Gia Đống",
  "11044914052871528027": "Tiểu nương tử",
  "11044944509040511914": "0 mở khóa nhiệm vụ Bách Hiểu",
  "11044963954641004243": "Nghe mãn suy",
  "11044972933219992268": "Ôi, khó quá!",
  "11044999723754537172": "Nhiệm vụ Giác Chướng Lâm",
  "11045002823646750112": "Bảo rương",
  "11045023391919922498": "Thập Lục Ngõ",
  "11045030858537331498": "Cần hoàn thành nhiệm vụ hướng dẫn 【 Văn Sĩ 】",
  "11045051295735707183": "Cẩn thận chút, Thiếu Đông Gia.",
  "11045086390131193096": "Sinh thái vật chủng",
  "11045093596051595855": "Sau khi mở khóa chế độ nhiều người chơi sẽ mở khóa hệ thống đồng hành",
  "11045129120062816138": "Trần Khải",
  "11045148776018428507": "Tàng Hiền Cương - Điểm tái sinh chiến lợi phẩm 183",
  "11045154056439900834": "#ffc89cXóa bỏ#E khả năng kháng trị liệu bằng khí trị bệnh tật của lượt hiện tại",
  "11045197424122284788": "Tưởng lệ Bách nghiệp",
  "11045229098634729426": "Bảo rương · Thanh Hà",
  "11045238258440348744": "Sinh thái vật chủng",
  "11045295181269985696": "Truy Phong Kích",
  "1104532561237351266": "Thông thường",
  "11045327557911555246": "Hỏi thăm",
  "11045372503300101611": "Đang xem trước",
  "11045388546704727175": "Chiến lệnh tệ 2",
  "11045449911089269602": "Bách Mục Liên - Bách Thảo Dã 4",
  "11045479937030493984": "Độc Sơn Ngọc",
  "11045481440359003803": "Thử nghiệm - Bách nghiệp tăng Phồn vinh độ",
  "11045482590989067125": "Tổ chức Bách Nghiệp xây dựng thêm thành phần mới 238",
  "11045562912288669938": "Mèo Mèo · A Lưu",
  "11045584763178400563": "Trọng thương",
  "11045586781189518398": "Than ôi, theo Bang chủ Hà... đi về phía Bắc, không biết đi làm gì, đã hơn hai năm rồi không thấy về.",
  "11045623619874091431": "Đại Hòa thượng, những đồng tử thử y đó thật sự chỉ mặc một bộ Thiên Tàm Y là có thể sống sót qua các chiêu thức sát thủ sao?",
  "11045647438956770199": "Thực thể Trình biên tập Phó bản",
  "1104566017411712965": "Chính thức thành lập",
  "11045668878196954313": "Thiếu hiệp, thay vì dựa vào lòng tốt để vớt cháy mà chỉ làm tạm thời, không bằng dứt khoát ra tay \"đốt đáy nồi\" (nói chậm từng chữ).",
  "11045669213354452942": "Thiên Phật Thôn - Điểm làm mới Chiến lợi phẩm",
  "11045669386100097314": "Tiểu Thụ Chi",
  "11045725118344333755": "Thiên Nhai Khách - Bác Lãng Sa",
  "11045730585477789989": "Phần thưởng Thanh vọng Khu vực",
  "11045832414611677291": "Đã muốn kết duyên mới, cần phải giữ gìn quy tắc 'Tương Vong Giang Hồ'. Tiền bối của môn phái ta từng nói chữ tình là thứ khó dò nhất, cùng nhau sống sót dễ dàng, tương vong giang hồ nào có dễ dàng như vậy.\nBị mắng cũng được, bị làm ngơ cũng vậy, đây là điều ngươi cần phải đối mặt, mong ngươi trân trọng, cẩn thận.",
  "11045865138598570711": "Như ảnh tùy hình",
  "1104587575422813680": "NPC Bối cảnh Phong Hòa Thôn - Cửa thôn - Yến Mặc",
  "11045878304960263337": "Bình Biên Sách Bí Giáp",
  "11045893920521148961": "Hoàng Lạc Tí",
  "11045904033593660538": "Vô Tâm Cốc Đạo Sư Chỗ Ngồi Xổm Khu Vực",
  "11045904572711531936": "Liễu Phố - Bình dân 18",
  "11045957070384839277": "Lý Gia Đống",
  "11045961617125282412": "Lời đại ca nói đều có thể thành",
  "11045964661974231299": "Quản lý thành viên",
  "11045999428013090076": "Thọ Xương Phường - Quân Khí Giám - Võ quan",
  "11046005079144465000": "Giáp",
  "11046024455308212259": "Gà lông đen",
  "11046042769291516981": "Lời mời đã được gửi, vui lòng đợi người chơi khác tham gia.",
  "11046052067791101805": "Gây 75% Đả Kích.",
  "11046121537511990277": "Bảo rương Nhất đẳng",
  "11046137332886083221": "Ta suy nghĩ kỹ hơn một chút",
  "11046147139705575211": "Đa tạ! Đa tạ! Thiếu Đông gia hiệp nghĩa trượng nghĩa! Khí vũ bất phàm! Nhất định sẽ toại nguyện!",
  "11046165557247231713": "Thử nghiệm Phá vỡ trong Lò Luyện - Thùng vũ khí 1",
  "11046180466692206313": "Trường Can Binh Khí",
  "11046181853616462852": "Thương nhân/ Nha nhân/ Dân chúng 2",
  "11046218383388508853": "Phù Liên Nhi",
  "11046230456733312005": "Ối chà, thanh niên, có phải không có \"Mộ Vân Bội\" nên không dùng khinh công được à?",
  "11046246142947273995": "Lục Tật Quán Địa Hạ - Bối cảnh 4-3",
  "11046302215103235394": "Khai Phong Phủ - Đại sảnh - Bách tính 14",
  "11046373470948453723": "Sinh thái Vật chủng",
  "11046382354342052317": "Vạn Toàn Chi Xí - Tương tác trống khi đi vệ sinh 10",
  "11046472341339699081": "Chỉ tiếc... không khéo rồi. Hôm nay gặp chút chuyện ngoài ý muốn, đêm hội đèn lồng này... e rằng phải để dịp khác rồi.",
  "11046507979693860033": "Thực thể Nguồn sát thương Cơ quan Trường mâu",
  "11046518907738229358": "Đoái Hoán Tệ *27",
  "11046520837919576194": "Danh tiếng tan nát",
  "11046537883576564687": "Người lái đò từ trên trời ở Bác Lãng Sa, kiếm sống ở Lâm Tân Độ.",
  "11046586099923209414": "Thời gian thu nhập",
  "11046657431218672013": "Thiên Địa Vạn Lai",
  "11046665467947223958": "Túy Hoa Âm - Dưới phải 6",
  "11046676641601519410": "Hồng Trần Vô Nhãn - Tân nương",
  "11046684802320428951": "Trần Khải",
  "11046730881922394898": "Phòng Chí Cường",
  "11046779341939913761": "Có muốn tiêu tốn {} để chơi thêm một ván nữa không?",
  "11046811402568118605": "Xem ra Phúc Bảo hoàn toàn bình thường, vậy là tốt rồi. Hy vọng sau này hắn có thể sống cuộc sống bình thường.",
  "11046842026476882328": "Trần Khải",
  "11046843664144926209": "Khách B",
  "11046848345544359168": "Tìm đến nơi đóng quân của bang Vô Ưu ở Giác Môn Lý",
  "1104684839648809964": "Tâm pháp Tán bản *2",
  "11046874980214937611": "【Chính thức】Bảo rương Mộc chế Tứ phẩm - Khai Phong (Không có dấu vết)",
  "11046889409995075597": "Trương Chấn",
  "11046892325390043170": "Được mất của ván này",
  "11046930606490281732": "Người ở đây nói, Đào Nguyên ở trên Thiên Niên Độ, Thần nữ sẽ hiển linh vào ngày gió lớn, dẫn cả làng bay đến Đào Nguyên.",
  "11046932479323076610": "Vào mật thất, tìm Bí quyết kiếm Thương Lãng.",
  "11046938988993810715": "Vũ Y Lâu - Điền đầy Bối cảnh",
  "1104694029088477767": "Mạch Hương Tập - Bình dân",
  "11047029841050903378": "Kẻ câu cá",
  "1104703020651906253": "Trạng thái hiện tại không thể thực hiện thao tác này",
  "11047042809497896904": "Đại nhân…… Ngài đã thu hết tiền của Đường Tiền, chúng ta phải sống sao đây nè?",
  "11047131460512855841": "Ngươi lén lút nhìn lâu như vậy, nhìn rõ đề bài chưa? Có cần ta đứng dậy, cho ngươi nhìn một cách thoải mái không?",
  "11047155533581663138": "Thăng cấp địa vị môn phái",
  "11047184917553354708": "Nhất Diệp Bình Sinh 2 - Phông nền Tuần tra",
  "11047242604566616787": "Tô Tam Nương",
  "11047315784044343614": "Mờ động",
  "11047354986866883606": "Từ Tâm Trấn - Độc hoa 14",
  "11047362258538483083": "Nhấn giữ để chuyển đổi Cung tên",
  "11047412697969634228": "Từ trên trời rơi xuống",
  "11047459508487412996": "Mã não 1",
  "11047467487651662968": "Vật liệu Kiến tạo",
  "11047530824600934919": "Diệu Diệu Miêu - Quỷ hỏa",
  "11047541092598264211": "Tuyết Sơn Đống Lửa",
  "11047544396336975289": "Không có rượu, vẫn cứ thiếu đi chút gì đó.",
  "11047545577604647777": "Trương Tăng Huy",
  "1104759443383352466": "【Diệp Tử Hí】Câu Lan Ngõa Tứ - Tửu lầu - Lương Sinh - Đồng hành",
  "11047638319205553524": "Bố cục",
  "11047706807894491258": "Triệu Vĩ Nghiệp",
  "11047706948678189302": "Người câu cá",
  "11047721396158740076": "Chu Vũ Lâm",
  "1104773999637327080": "Thu thập",
  "11047740180009330383": "Các kỹ năng học được có thể xem hướng dẫn sử dụng",
  "11047760956600966442": "Mẫu đơn",
  "11047765602950941330": "Lý Tạc",
  "11047818022186519050": "Triệu chứng bệnh do độc của Xạ Công xâm nhập cơ thể. Xạ Công còn gọi là Ngự, Đoản Hồ, Thủy Hồ, Thủy Nỏ, v.v., các thư tịch cổ ghi chép không thống nhất, có người nói là hồ ly, có người nói là con ba ba ba chân, có người nói là một loại bọ cánh cứng có cánh, có thể phun xạ khiến người bệnh, giống như một loại ký sinh trùng dưới nước.",
  "11047875740010124067": "Ân Kiến Sầu",
  "11047885289487330618": "Liên kết thành công",
  "11047914588820930216": "Xin từ biệt",
  "11047997720509510746": "Phản kịch",
  "1104800363100871345": "Chủ quầy nhận ra không đồng lòng?",
  "11048027342101368485": "Thạch khối",
  "11048039035013369141": "Lễ khí uống rượu cổ xưa, thịnh hành thời Thương Chu, có chân tròn, miệng loe ra như kèn, thân dài, miệng và đáy đều hình loa kèn, dáng giống như Tôn. Có loại thân tròn và thân vuông, có mũi kích và không có mũi kích. Thời Tống thường dùng đồ sứ mô phỏng nó.",
  "11048064703300784277": "Thiên Phật Thôn - Thê tử Hành lang",
  "11048091130748975718": "Lăng Giai Hân",
  "11048106621600553995": "Khối đá chữ \"Thủy\"",
  "11048160200622801434": "Có rời khỏi Phong Sa Tửu Quán không?",
  "11048168454113456706": "Dơi…………Dơi à?",
  "11048181407415089618": "Địch Hung tuy cần cù, nhưng do thiên phú kém nên học tập bị tụt lại phía sau. Luôn hy vọng có thể thi vào Thái Y Thự, hắn cho rằng thang thuốc này là bằng chứng cho sự thất vọng của mẹ và những người lớn tuổi khác đối với hắn. Không biết liệu hiểu lầm này có được hóa giải không, sau này nên về nhà hắn xem xét lại.",
  "11048199093357079848": "Đạo sư - Cô Vân đệ tử 1 - Canh gác",
  "11048206644251460890": "Tử Chung",
  "11048220615291517846": "Nhậm Chúng",
  "11048290314945005416": "Lương Tử Hàn",
  "11048306910410093301": "Phù ca? Ông nội của ngươi ở đằng trước, chúng ta phải đi về phía trước đấy—",
  "11048319895463507630": "Trương Tuấn Kiệt",
  "11048330186071731881": "Chiêu tài",
  "11048331075101834343": "Về Y Quán",
  "11048378097405618371": "Tiểu công trong khúc phòng Thần Tiên Độ, ban ngày làm việc quần quật, tất cả đều vì làm ra Ly Nhân Lệ.",
  "11048385452644883507": "Nhấn để chuyển sang chế độ xây dựng",
  "11048393915684327438": "Phòng Chí Cường",
  "11048405384546445117": "Đang tải...",
  "11048446216283772696": "Đánh",
  "11048448333043803127": "Yên Sư·Thần Công",
  "11048459822329311517": "Tiểu ngốc nói, là Quỷ nương tử lấy đi con búp bê này.\nTuy nghe có vẻ khó tin,\nNhưng làm sao con búp bê này lại xuất hiện trên mái nhà không người lui tới?",
  "11048466337738705411": "Mẫu Tường không khí",
  "11048467387730825821": "#YTấn công#E Cái chuông vàng, làm nó rung động phát ra sóng âm, từ đó gây ra cộng hưởng với vòng ngọc vật liệu đặc biệt trong phạm vi nhất định.",
  "11048486049845589829": "Điền dã",
  "11048538977066381446": "Âu Gia Hạo",
  "11048540463549898704": "Tha thứ",
  "11048555377362399446": "Túy Hoa Âm",
  "11048566967436070356": "Phần thưởng trị liệu",
  "11048574848632358440": "Bàn luyện đan",
  "11048580424607161403": "Cổ đông",
  "11048589378357007560": "Tất cả đạo cụ",
  "11048636120474881012": "Bảng Mẫu",
  "11048651514632174592": "Thanh Hà",
  "11048657425097166672": "Có thể nhận được một loại tâm đắc thông dụng màu xanh lam ngẫu nhiên.",
  "11048672503848612140": "Khả năng câu cá",
  "11048763413051249248": "Sinh thái Vật chủng",
  "11048807497388656295": "Người Khai Phong, nhà ở Phường Thọ Xương, tài sản khá giả.",
  "1104881525655844830": "Giày dép",
  "1104881593956054251": "Lộn ngược",
  "11048818446763743928": "Cướp phỉ",
  "11048857194698333159": "Đống rương dùng để giải đố Phá vỡ",
  "11048891421869337767": "Vạn Sự Tri",
  "11048910398008783289": "Phòng Chí Cường",
  "11048920054991868785": "Thạch khối",
  "110489428924028072": "【Hoạt động】Trong hoạt động Vạn Vật Hữu Số, tích lũy nhận được 600 điểm",
  "11048947119211688738": "Chu Lộ",
  "11048969642093837116": "Phần thưởng Bách nghiệp",
  "11048974599795176845": "（Nhỏ giọng）Đầu mối? Không thể nào, ta là học cách ghi sổ sách theo Nhậm Bình Chiêu mà...",
  "11048980130394136954": "Chiếm vị",
  "11048985068427106317": "Ta tin."
}