{
  "12802785554853820354": "Vương Trị",
  "12802787829404981225": "Quan ải 3001_2, 3",
  "12802811816840146381": "Hoa Trung Thừa",
  "12802897535040466880": "Tại hạ đã lâu chưa đến Khai Phong Thành, không rõ vị trí cụ thể của sàn đấu này, nhưng thiếu hiệp có thể hỏi người đi đường ở Khai Phong về chuyện này.",
  "12802926621105212144": "Bất Tiện Tiên - Điểm làm mới Chiến lợi phẩm thêm mới 129",
  "12802933143618254831": "Hải Vô Lượng",
  "12802957011393145785": "Lướt nhanh trên không",
  "12802957536791122072": "Trương Lộ",
  "12802981956595817731": "Đang tải",
  "12803022710513730875": "Nam đệ tử Thiên Tuyền",
  "12803054416942621222": "Hoàn · Liệt Thạch Uy Tím 3",
  "12803086625407502919": "Ô Quy",
  "12803089391961315412": "Trong thành Khai Phong",
  "12803119726611884979": "Lối vào động Tú Kim Lâu - Tiểu đầu lĩnh",
  "12803126037095704998": "Đối thoại",
  "12803132054815164014": "Linh kiện Thủy Trá - Cửa đập",
  "12803147559349771206": "【Kỳ thuật - Ưng Trảo Liên Quyền】Thịt",
  "12803187338861328120": "【Diệp Tử Hí】Phi Hoa Độ - Phùng Minh Phi (Ba người) - Đồng hành chơi",
  "12803188396227692666": "Khoan đã, giải thích rõ ràng hơn đi, rốt cuộc chuyện này là thế nào?",
  "12803231426400032214": "Hãy nghĩ xem, khi có một kẻ nào đó, vì sự nghiệp của ngươi mà cam tâm tình nguyện hy sinh, thì ngươi—phải làm gì cho hắn?!",
  "12803295142964893185": "Xuân Tiết - Bàn dài thấp",
  "12803328519584357178": "Chỉ có công xưởng mới có thể tiến hành sản xuất",
  "12803371113864039693": "Địa Lao Dung Lô - Đệ tử Cửu Lưu Môn",
  "12803483686882711984": "Thanh nhiệt giải độc",
  "12803519451507909498": "Xây dựng các bộ phận, dùng để dựng thuyền hoa.",
  "12803569995788766555": "Khu vực Bách Thảo Dã, dường như luôn có một đứa trẻ thích lén xem người khác đánh nhau... Theo lời nó tự nói, nó đang tìm người kế thừa tuyệt học truyền gia của nhà nó.",
  "12803606437392884932": "Thứ hạng bảng phái hiện tại:",
  "12803665898286262249": "Đạo sĩ Kiến Long Quán",
  "12803674631671466960": "Thập bộ sát nhất nhân",
  "12803676932783373670": "Bách Nghiệp - Nhà tắm - Tổ hợp kiến trúc phong cách số 1",
  "12803677915962095379": "Cấp độ Thế giới - Phật Gia Trại - Tửu Nhục Hòa Thượng (Nguyệt Nha Xẻng)\\nĐộng tác tuần tra tùy chỉnh: Có",
  "12803698679355415598": "Đối thoại",
  "12803771312119502966": "Tường không khí biên giới Bình đài 24",
  "12803804157433173116": "Bách Nghiệp Khởi Đầu",
  "12803819115407518475": "Ôi, có người đến rồi, còn là một mỹ nhân cơ à~",
  "12803820124240822448": "Bách Nghiệp tổ chức xây dựng thêm thành phần 819",
  "12803874947528668388": "Kháng Mệnh Kim",
  "1280388434554479387": "【Chính thức】Bảo rương Nhị phẩm bằng sắt - Thanh Hà",
  "12803930432420966540": "Kéo",
  "128039330406164015": "Bác Lãng Sa - Vạn Thắng Trấn - Tiểu Nê Thu",
  "12803990847652444384": "Có muốn khôi phục tất cả #Y khung ảnh đại diện #E về mặc định không?",
  "12804077977483698043": "Hầu Hiểu Đào",
  "12804095597409369257": "Vật chủng sinh thái",
  "12804099006753681542": "Không phải Đường Chủ thích sao! Ta mới mười tám tuổi, vẫn còn nghĩ đến việc đi lên nữa.",
  "1280415108699935695": "Lục Văn Tín",
  "12804183780179994671": "Hiệp khách giang hồ vang danh",
  "12804292957354517207": "Diễn tập đối thủ mạnh",
  "12804311402042807816": "Phát đoạn đối thoại",
  "12804350513320141146": "Đây là một phần truyền thuyết xa xưa của Thanh Hà,\nNghe nói Phật tử thành tâm sẽ không bị biển khổ vô biên xâm thực,\nĐến được bến bờ kiếp sau –\nCó lẽ đây là nguyên nhân Khai Tát Phật Khố được khai quật.",
  "12804351713735995717": "Tỉnh táo đầu óc, miễn nhiễm độc khí",
  "12804356243441665496": "Khóa góc nhìn",
  "12804391394407069757": "Hoàng Lạc Tư",
  "1280443798501890405": "Sao gầy thế này…… Thảo đầy đất, tại sao ngươi chỉ hí mà không ăn miếng nào vậy?",
  "12804447643478524047": "Nhất Diệp Bình Sinh - Nấu ăn 2 - Hòe Diệp Dậu thời",
  "12804508363682107377": "Kế hoạch viết kế hoạch viết kế hoạch viết kế hoạch viết kế hoạch viết kế hoạch viết kế hoạch viết kế hoạch viết kế hoạch viết kế hoạch viết kế hoạch viết kế hoạch viết",
  "12804560174620394199": "Tường không khí Vô Tướng Hoàng",
  "12804613360779365486": "Kiểu tóc",
  "12804633904550099411": "Quỷ Thị Xạ Phúc",
  "12804679114961230104": "Vô Danh Thương Pháp",
  "12804744564800377173": "Đại nhân, ngài mời ngồi.",
  "12804753537505667825": "Hầu Tử 7",
  "12804806652706520255": "Hoàng Lạc Tư",
  "12804853971049179893": "Văn bản thử nghiệm 12345",
  "12804871618750637429": "Đai váy lót",
  "12804886331790834665": "Tôn Hạo Thanh",
  "12804901087272065182": "Bắt lấy hắn!",
  "12804919221923029865": "Trương Tuấn Kiệt",
  "12804960119810439808": "Anh Vũ",
  "12805019536215128780": "Muốn lang thang giang hồ",
  "12805022582656063697": "Trong vòng 4 phút, tiêu diệt #Y%s#E",
  "12805040248763489191": "Túy Hoa Âm - Nữ nhân phụ trợ không khí vòng ngoài - Thời điểm pháo hoa",
  "12805041199530203721": "Đi đến",
  "12805072153844298220": "Đuôi dẹt",
  "12805081422647882817": "Nhất Diệp Bình Sinh - Hoàng Chỉ",
  "12805154001926682873": "Quân doanh Dung Lô - Mã Cứu - Cung tiễn thủ",
  "12805156341713557937": "Xem trước phần thưởng",
  "1280516074517310797": "Tiết Vân Vân",
  "12805186415471248156": "Vô Danh Thương Pháp · Tăng sát thương kỹ năng võ học",
  "12805187127191708973": "Chờ Thủy Đàn xuất hiện",
  "12805190901411887520": "Kỳ lạ...",
  "12805194586957314266": "Bao tải chứa cuộn tranh, tiếc là chủ nhân mua nó <Sa Tác Vũ|30093|#Y> đã say mềm tại Thập Tam Gian Lâu.",
  "12805208927261860405": "Đại Đầu Toán",
  "12805232281945212810": "Thêm vào",
  "12805308307014183265": "Cô gái kia...",
  "12805406263029330901": "Sáo của người không mặt",
  "12805420588427579535": "Đệ tử tiếp dẫn Thiên Tuyền kiêm chức phát đạo cụ",
  "12805553411810286141": "Bảo rương Tam phẩm Tửu Nhục Sơn Lâm 4",
  "12805575275071023189": "Mao Lư (Gia Lư ngoan ngoãn tại chỗ)",
  "128055835661230072": "Cừu Kim Hàn",
  "12805601815958985248": "Tích tụ",
  "12805617210181785343": "Rất ngọt",
  "12805634791048353652": "Nhậm Chúng",
  "12805666984793174179": "Độc Tinh",
  "12805794228718968824": "Kim Sí Tước",
  "12805828593150110914": "{2}\nThân có chút bệnh, qua chẩn đoán của danh y {0}, bệnh ta mắc phải là {1}.",
  "12805832484799370278": "Trong miếu tướng quân, một lão già đang học theo tư thế ếch bò dưới đất, chẳng lẽ ông ta đang luyện võ công kỳ lạ nào đó?",
  "12805834912715145072": "Tiền tệ vẫn đang lưu thông, có thể giao dịch hàng hóa.",
  "12805849618505325682": "Hoàn thành {1} lần nhiệm vụ Trừ Tà trong sương mù",
  "12805902237456553270": "Quan ải Thoại thuật",
  "12805922786113123490": "Ngô Giá",
  "12806015431486586880": "Chậc, ta đâu có tin, người lớn các ngươi chỉ thích lừa trẻ con. Chúng ta đều biết, Diệp Tử Hí không cha không mẹ.",
  "12806019470305422078": "【Mã số thành tựu 701003】Thưởng thành tựu",
  "12806032139020971535": "Điểm thời tiết Địa Kim Động 18",
  "12806083320893077111": "Ngoại hình",
  "12806090233972319927": "Mặc vào",
  "12806104082044830941": "Ông lão",
  "12806154591190655038": "Hoang Thực Lâm - Điểm làm mới Chiến lợi phẩm 69",
  "1280623750864112262": "Hoàng Thử Lang",
  "1280626149565356234": "Cỏ thuốc có thể thu thập",
  "12806316087415636481": "Sau khi kích hoạt #R【Thiên Lôi Khai Ngộ · Hồng】#E\nSử dụng #YKỹ năng tích lực#E gây ra sát thương lớn",
  "12806324535275518290": "Một người giang hồ thần bí……",
  "12806353410046215169": "Cứ điểm Đại đống lửa",
  "12806411489599112411": "Triệu Vĩ Nghiệp",
  "12806437473489076744": "Chỉ dẫn nhập môn Tam Canh Thiên",
  "12806469563210792337": "Hội chứng gãy khớp xương ngón tay, thường do té ngã, đè ép gây ra. Vùng bị thương sưng đau, chức năng chi thể mất một phần hoặc hoàn toàn, thậm chí xuất hiện biến dạng và cử động bất thường.",
  "12806489534158932823": "Không rõ lắm...",
  "12806510093578369473": "Tuy Ngũ Đại Thập Quốc là thời loạn lạc, vẫn có nơi thái bình, mọi người cùng uống rượu, chơi ném bầu, hoài niệm về những năm tháng thịnh thế, trong niềm vui này, dần sinh ra các kỹ năng ném bầu như ném ngược lưng, ném bầu dũng mãnh.",
  "12806511889253166832": "Thành phần kiến trúc",
  "12806539940517989646": "Tham gia hoạt động tối thiểu #ffc89c000Trường Minh Châu#E có thể mua #ffc89cKhoái Tái Phong#E. Lên cấp nhận thưởng #ffc89cLĩnh Âm#E.",
  "12806579530998243827": "Vạn Bân",
  "12806655421788174257": "Uông Tiểu Hãn",
  "12806681706437472262": "Đối thoại với Mai Xuyên Ất",
  "12806683071277988362": "Bảo rương · Thanh Hà",
  "12806695052012906000": "Đáp án nhất trí",
  "1280670764291014908": "Ở chế độ này, trò chơi sẽ nghiêng về #Ytrải nghiệm cá nhân#E hơn, Du Hiệp có thể đắm chìm hơn trong việc khám phá thế giới mở một mình mà không bị làm phiền bởi giao tiếp xã hội.",
  "128067738021025016": "Bảo rương",
  "12806801726261459653": "Đối thoại",
  "12806811969513744389": "Thử nghiệm thang máy",
  "12806825235007741760": "Thái Bình Chung Lâu - Điểm làm mới Chiến lợi phẩm 25",
  "12806875483527643565": "Chu Vũ Lâm",
  "1280692003722341639": "Thành phần Kiến Trúc",
  "12806927806231899049": "Giường rượu",
  "12806955398874109065": "Mô hình rỗng - Tương tác mở cách chơi Thiên Bình - Câu Lan Ngõa Tứ",
  "12806978952522776437": "Tiểu tử, lại đây thử mở cái cửa này bằng chìa khóa này xem.",
  "12806988916845426288": "Đạo cụ Phật Quang Đỉnh",
  "12807024982659164378": "Giòn ngọt",
  "12807054845505470270": "Từ Tâm Sơn Viện - Điểm Hồi Sinh Chiến Lợi Phẩm",
  "12807108162591118867": "Tiểu bản đồ Kim Minh Trì - Mật đạo tầng 2",
  "12807110348993057042": "Trung Sơn Di Chỉ - Công Tắc Khởi Động Phân Thủy Cơ Quan",
  "12807121319146414184": "Hoàng Cải",
  "12807162314184673002": "Đối tượng mượn đang sử dụng Miếng dán thử trang phục, không thể mượn",
  "12807183478578037333": "Không rõ...",
  "12807188928882649468": "Khử răng cưa",
  "12807219420816533543": "Mua cái chết",
  "12807311647580438564": "Nghe nói trước đây có một đệ tử Thiên Tuyền 'mượn' một xe bạc từ nhà địa chủ, nhưng vì đường trơn bùn lầy nên bị tay chân của hương thân thuê bắt được. Cho nên, muốn giàu thì phải làm đường trước.",
  "12807334461528832890": "Dây giày bốt quần",
  "12807345491447695259": "Đông Lăng Qua",
  "12807346382081516995": "Vũ Y Lâu - Bầu Không Khí - Lời Thoại 3 - Xa Phu",
  "1280736310867107959": "Trương Chấn",
  "12807394796788726881": "Đại giảng đường của Đại sư Cửu Lưu Môn, thu phí năm ngàn lạng bạc, sao có thể là lừa đảo chứ?",
  "12807397472112901484": "Bách Hoa Nữ Tử Áo Đen - Hội Tiết Viên",
  "12807470917837448233": "Phi Mao Thối",
  "12807486128331741837": "Dập tắt",
  "12807501406277284611": "Nợ tiền trả tiền, có nợ rượu thì phải làm việc...",
  "12807532507218452485": "Bảo Rương",
  "12807574463400158737": "Thọ Xương Phường - Sài Thán Vụ - Người Hầu",
  "12807583980620579354": "Suy nghĩ kỹ lại, thật nực cười.",
  "12807625621010065844": "Khai Phong Phủ - Đại Sảnh - Bách Tính 7",
  "12807636726717110514": "Đối thoại",
  "12807708480738862083": "Trình Chiêu",
  "1280771564505169966": "Vẻ mặt hắn dường như có một khoảnh khắc tỉnh táo,\nĐại Thành mang cá canh chua đã nấu xong ra,\nHắn ngồi đó húp từng miếng cá canh chua,\nDần dần trở nên yên tĩnh,\nChỉ còn Đại Thành lầm bầm, dường như muốn nói gì đó.",
  "1280771608789439323": "Yên Hoa 2",
  "12807762042353720763": "Lưu Phái Tháp Khiên Ti Ngọc - Tầng 2 - Túy Quyền Tinh Anh 1",
  "12807769696525101245": "Huyền Giáp Quân",
  "12807805238719760851": "Quyền lợi chiến lệnh đặc sắc",
  "12807826048080430194": "Nhận phần thưởng dùng một lần 350 Trường Minh Ngọc",
  "12807828767397678071": "Hành Đương - Bầu Không Khí - Lâu La Tú Kim Sở - Tương Tác 2",
  "12807848233090295472": "Tương Tác Mao Xí 11",
  "12807886625028684156": "Du Hiệp có thể làm động tác giả vờ nhập định, nhưng thực tế sẽ không tăng trưởng năng lực.",
  "12807962711858079208": "Tăng <Sát thương lĩnh hội | 780 | #C| 156> 5.2%.",
  "1280796945957119902": "Đang tải dữ liệu",
  "1280799233627377658": "Không có chuyện gì, cáo từ",
  "12808019449317660419": "Thập Nhị Tái Ân Thù - Từ Đường Thực Thể Rỗng - Tương Tác Bài Vị 1",
  "12808045874569446884": "Sơ đoạn",
  "12808047619323630260": "Người qua đường",
  "12808127233886281210": "Thừa Ân Trấn - Lộ Tiến Thôn - Nói Chuyện 3",
  "12808151917953237523": "Giày",
  "12808173684265727691": "Đối thoại",
  "12808177749363499398": "Thái Bình Chung Lâu - Điểm Hồi Sinh Chiến Lợi Phẩm 44",
  "12808200042156060015": "Không Khách Nhân",
  "1280820252013321473": "Khi sử dụng kỹ năng phản đòn phòng ngự thành công gây sát thương lên mục tiêu, bản thân nhận được hiệu ứng Cường Tráng trong 1.5 giây và hồi phục 30 điểm thể lực.",
  "12808204641704814677": "Nhà ở đặc sắc vùng Lâm Thủy, nhà sàn làm bằng tre gỗ, có thể chống mưa lũ.",
  "12808213722909085347": "Văn sĩ tiễn biệt bạn bè ở đình liễu phía Nam cổng Khai Phong.",
  "12808225994210180272": "Tinh Thiết",
  "12808294231970752132": "Thiên Lai Thượng",
  "12808305952975359565": "Phần thưởng nhiệm vụ đã nhận hết",
  "12808397025938834722": "Dân chúng ở phố Nam Môn, đến Lâm Đài làm tạp dịch.",
  "12808410760226133570": "Thư lại",
  "12808443565753386502": "Đang quan chiến",
  "12808475311837568607": "Chu Vũ Lâm",
  "12808615193260460091": "Khai Phong - Kiều Bắc Phố - Liễu Tương Nhiên",
  "12808663665996441846": "Khai Phong Phủ - Hậu Viện - Quan Binh 10",
  "12808672805471654588": "Một loại thuật xem tướng, quan sát diện mạo của người để suy đoán cát hung họa phúc của họ.",
  "12808679645371998213": "Dung Lô Nội Phá Toái Trắc Thí - Mộc Cự Mã",
  "12808718147877983512": "Mũi tên",
  "12808757877742562735": "Lão phu không thèm chấp nhặt với bọn ăn trộm vặt các ngươi, muốn lừa lão phu giao ra thủ sao? Mơ đẹp lắm!",
  "12808760922535530207": "Phòng Chí Cường",
  "12808777775158648549": "Được, ta đồng ý với ngươi. Nhưng vợ ngươi ở đâu?",
  "12808781802138136023": "Boss Không Khí Tường: Đoản Biên",
  "12808809995525956591": "Không rõ ràng...",
  "12808978732442312657": "Khai Phong - Thừa Ân Trấn - NPC Nam Tuần Tra 1",
  "1280900715350389000": "-----Trạng thái quy trình-----",
  "12809017217516331557": "Trong trận này, kháng Ngôn Linh tăng, tối đa cộng dồn 6 tầng",
  "12809058803728859228": "Vạn Cổ Nhất Nhân Điện - Thực Thể Rỗng - Dưỡng Ngư Nhân",
  "1280908417557936201": "Hu hu... Người tốt khó tìm quá...",
  "12809091038037389538": "Số người chụp ảnh không đủ",
  "12809098053426689084": "Ngươi, ngươi, ngươi——",
  "12809101332571005934": "Chuẩn bị Tứ",
  "12809169508129330188": "Mẫu Bản Không Khí Tường",
  "1280918678321826349": "Diễn Võ 3V3",
  "12809187424990491906": "Đối thoại",
  "12809203211250892892": "Tiểu đồng lo lắng cho an nguy của chủ nhân, nhưng vì thân phận thấp kém nên không thể bước vào Thời Lâu. Mau nhanh đến địa điểm yến tiệc, xác nhận có xảy ra chuyện ngoài ý muốn nào không.",
  "12809254677209793538": "Trần Gia Tranh",
  "12809266679120837824": "Hot",
  "12809288529447919566": "Lưu Minh Sách",
  "12809302522269207220": "Lát nữa ta sẽ đi trước, ngươi hãy khởi hành sau một lát.",
  "12809323529872225038": "Giảm sát thương thủ lĩnh Thanh Hà",
  "12809324409826891987": "Trấn Diêm Ngục",
  "12809360360027260413": "Tủ ký ức Tùng xanh",
  "12809415630328517156": "Trắc Thí - Ngã Xuống Hóa Hộp - 2",
  "12809448273781134835": "Giới hạn tuyến ảo cảnh: Cấm ra",
  "12809490804415667087": "Bảo Châu*200, Trường Minh Ngọc*200",
  "12809520955618104662": "Kháng Khiên Tơ",
  "128095466390131791": "Triệu Nhị",
  "12809563752241442381": "Khụ khụ... Ta đoán... thứ ngươi tìm kiếm... khụ... được giấu trong mật thất...",
  "12809585630496010974": "Tài nguyên tinh nguyên cần thiết để sử dụng kỳ thuật, khi hoàn thành hành vi hồi phục chỉ định, có #Y100%#E xác suất nhận thêm #Y1#E điểm, trong đó khi lấy tinh nguyên thông qua tấn công, bị đánh và xả lực thành công thì sẽ không nhận được hồi phục thêm.",
  "12809639722572547820": "Cao sơn lưu thủy ngộ tri âm, gảy đàn đối tấu tiêu sáo vang",
  "12809649439971978006": "Dung Lô - Luyện Binh Trường - NPC Điền Sùng Bầu Không Khí 10",
  "12809655472800184788": "Thần Tâm Giám Vô Tướng",
  "12809728343656644379": "Viên Quốc Chấn",
  "12809746528883150827": "Tiểu đệ Ất",
  "12809821802484597576": "Phần Thưởng Tặng Lễ NPC - Lễ Bao Cao Cấp Tam Cấp - Phệ Lộc Nhục",
  "12809827085779341906": "Bá thể",
  "12809867848538497146": "Thạch Hạo",
  "12809940335440578642": "Hướng dẫn lối chơi",
  "12809944110818437318": "Trong trận chiến với Diệp Vạn Sơn, sát thương và hồi máu gây ra tăng #G10%#E",
  "12809961552932446173": "Gấu lớn",
  "12810083551869604034": "Công Thức · Nấu Tùng Linh",
  "1281010532349826376": "Thao tác Đao Cương · Sắc",
  "12810173164679942824": "Sơn Kê - Giữa Thượng Nhị Mã Phu và Phong Vô Nhai tại Hoàng Phong Lâm",
  "12810214707819922309": "#Y{0}#E#E đã từ chối yêu cầu liên thông của ngươi",
  "12810230781348911188": "Thì ra là Phi Phi à…… Phương thuốc thì dễ nói, nhưng ta nghe nói gần đây Đồng Lý quả thực có chuyện kỳ lạ, có lẽ không phải do ngươi nghĩ nhiều.",
  "12810264394774443711": "Khai Phong Tây Giao - Vương Tẩu",
  "12810264780093770340": "（Đã gửi）",
  "12810269461576100686": "Cơ Khí Nhân Anh Hùng Trủng - Mộc Trang Đàn Đao",
  "1281031505252864895": "Long Quỳ Thảo",
  "12810400772305180052": "Ngả về trước",
  "12810416810107306190": "Bệnh tật phát tác, gây sát thương nội tà trung bình!",
  "12810433667376254047": "Thạch Khối",
  "12810467344984642690": "Bị thuật Linh Tê gây ra",
  "12810490357098626923": "Chu Cúc",
  "128105085959527532": "Thứ tự ngành nghề",
  "12810544218322904096": "Đến nơi chưa từng nghe tiếng chuông, ta muốn mang khúc nhạc này đến nhiều nơi hơn nữa.",
  "12810575866884160269": "Trắc Thí NPC Thiếu Nam",
  "12810614110972636759": "Phòng Chí Cường",
  "1281065462421693456": "Thiết Tú Cầu",
  "12810666934419680246": "Mở khóa khi đạt cấp 51",
  "12810672868777545709": "Cây phát tài",
  "12810673530492282901": "Đang tải dữ liệu",
  "12810683252711160003": "Cơ Sở Luyện Dược Đài",
  "12810697930417691973": "Dân làng Phong Hòa Thôn",
  "1281069921856547572": "Vạn Sự Tri - Không phải sợ! Là tôn trọng! - Ngô Tuấn",
  "12810815531381326826": "Thạch Khối",
  "12810840626449123206": "Trừ Tà An Thần",
  "12810859619723075534": "Khách uống rượu",
  "12810879016605097236": "Tôn Hạo Thanh",
  "12810888635354593120": "Sau khi đặt xô nước xuống mới có thể dọn dẹp phế tích.",
  "12810939369692261854": "Anh Vũ - Mục Tiêu Bỉ Thí",
  "12810966759576515136": "Chức Cơ",
  "12810974757736222509": "Chú ý dưới chân, tránh phạm vi lửa cháy",
  "12811000756317059684": "Bị vu oan trộm khoáng thạch",
  "12811001751862631685": "Vật phẩm bạn sở hữu không đủ!",
  "12811014392059226530": "Nếu \"Can khí uất kết\" thì can không đạt được sự điều đạt, biểu hiện là tinh thần uất ức, đầy ngực và đau hông; nếu can khí phạm vị xâm phạm tỳ, thì biểu hiện là bụng đầy, ợ hơi, không muốn ăn. \"Khí uất hóa hỏa\" thì can hỏa bốc ngược lên, biểu hiện là miệng khô, miệng đắng, đau đầu, cáu gắt, đầy ngực và căng tức hông. \"Đàm khí uất kết\" thì cổ họng dường như có vật nghẹn, khạc không ra, nuốt không xuống. \"Uất lâu thương thần\" thì doanh huyết hao tổn, tâm thần không được nuôi dưỡng, biểu hiện là tinh thần mơ màng, buồn khóc, mệt mỏi. \"Âm hư hỏa vượng\" thì hư hỏa bốc lên, biểu hiện là hoa mắt, hồi hộp, phiền não dễ nổi nóng, mất ngủ.",
  "12811018773564640639": "À, không phải sao? (Ngượng ngùng.jpg)",
  "12811052457440510127": "Mông quyết định đầu,\nĐã đến chỗ này, thì không còn suy nghĩ gì khác ngoài phân……",
  "12811081508743772568": "Vọng Xuyên Bình",
  "12811094515130087913": "Mèo mèo · Thiên Thiên",
  "12811100048575926879": "Đối thoại",
  "12811146123338573619": "Trường Minh Ngọc*50",
  "12811151041799396455": "Cảnh Mở Màn Video Thủ Bộc",
  "12811221580339667240": "Bồ Đề Khổ Hải: Đặc Hiệu Nổi Bong Bóng 12",
  "12811273390489131451": "Trắc Thí - Bách Nghiệp Phân Hồng - 6000;10000 Đương Kim Đương - 30;60 Cá Nhân Nghiệp Tích",
  "12811431336248964456": "Án Phát Hiện Trường - 2 - Chứng Vật 2",
  "12811438234823035198": "Thiên Thượng Lai Chiến Trường - Phá Thuyền 1",
  "12811448065318592099": "Bàn thờ đốt lửa",
  "12811452254182968541": "Đánh nhẹ",
  "1281146124034428962": "Khách vây xem",
  "12811575539371123008": "Thời gian còn lại lớn hơn {}",
  "1281159382573669749": "Sau khi Ông Chủ Ác Quỷ nói xong, liền lung lay đi về phía bờ sông.\nKhoảnh khắc tiếp theo, quả nhiên không ngoài dự liệu—ông ta ào xuống dòng nước Hoàng Tuyền.\nNgươi đang định nhảy xuống cứu ông ta, thì thấy ông ta ào lên trở lại.\nÔng ta cười với ngươi, rồi ngã nhào xuống trước mặt ngươi.\nMiệng vẫn còn lẩm bẩm món cá canh chua của ông ta.\nNgươi bất đắc dĩ, đành quyết định, thay ông ta câu được con cá mà ông ta muốn.",
  "12811602101375049557": "Đạo Long",
  "12811605584085999728": "Thiếu hiệp có thể dùng Khinh Công và Phi Diễn Tẩu Bích, cũng có thể đi trên núi của Thanh Phong Các.",
  "12811605857912612664": "Túi vải mang theo",
  "12811644050543515448": "Ma Đại",
  "12811649458569586512": "Đứa con của ta và Hương Thu à! Đứa đầu tiên tên là Đường Cao, đứa thứ hai tên là Đường Hồ Lô, đứa thứ ba sẽ gọi là...",
  "12811690713809045611": "Vậy ta phải tìm họ bằng cách nào?",
  "12811717516123355435": "Vì sao ngươi lại thích Phá La Quan Âm đến vậy?",
  "12811750063429713540": "Dưa tươi, dưa thượng phẩm! Bảo đảm tươi ngon, mau đến ăn dưa đi!",
  "12811837041512391300": "Hải",
  "12811915308856195060": "Kỳ lão nhị",
  "12811933020236660831": "Đều tại ngươi! Khiến ta không giành được vị trí ưng ý nhất..."
}