{
  "11164852104798640888": "Trịnh Ngạc giai đoạn hai - Kỹ năng 17",
  "11164853485792219272": "Bản rừng mờ mịt, đã bắt đầu từ bảy năm trước bệnh lây lan rộng tới phía đông Nam.",
  "11164862151952171325": "Xương sống của nàng ta, ta muốn",
  "11164862424953999897": "Vô Ưu Thảo",
  "11164866113563991804": "Về việc rút lại văn kiện ngài yêu cầu, đã được xử lý xong. Nay xin thông báo, mong ngài yên tâm.",
  "11164901852219824683": "Thiên Hạ Tranh Minh 5V5",
  "11164911549875930113": "Đây là nơi cao nhất và xa nhất ở Khai Phong Thành sao?",
  "11164913871779038788": "Này-- thả ta xuống! Có người tốt nào giúp một tay không?",
  "11164924769275744011": "Ba vị tôn thần được thờ phụng trong Đạo giáo đại điện được gọi là \"Tam Thanh\", bao gồm Ngọc Thanh Nguyên Thủy Thiên Tôn, Thượng Thanh Linh Bảo Thiên Tôn, Thái Thanh Đạo Đức Thiên Tôn.",
  "11164929268048807398": "Khách tại Túy Hoa Âm",
  "11164934680060900169": "Tâm Hồ Thạch Kiều",
  "11164935188948515338": "【Nghiêm Thị Ốc】Bảo rương tại địa điểm đi qua trong nhiệm vụ Kỳ Ngộ",
  "11164949850286849107": "Rời khỏi phòng ngủ của Triệu Phổ",
  "111649891990098215": "Lưu Gia Thu",
  "11165032097858077927": "Mục tiêu đã ngoại tuyến!",
  "11165110451166098811": "Ta cũng được mở rộng tầm mắt, lại có người bao trọn cả Quần Anh Hội. Đúng là người giàu tiêu tiền như nước, người nghèo than trời khóc đất.",
  "11165112860080242867": "Quy trình tân thủ môi trường lạnh",
  "11165115889907647408": "Dân làng thoi thóp",
  "11165140617326131430": "Thứ như vậy, ngươi lại nhẹ nhàng giao cho ta xem.",
  "11165146446767135015": "NPC Bầu Không Khí",
  "11165148287523464512": "Chết lần thứ hai trong trận chiến với thủ lĩnh Pi Ảnh · Mạc Khởi",
  "11165211919005018328": "Thọ Xương Phường - Y Sĩ",
  "11165232328105639430": "Thành Nam Hữu Tương Tuần Kiểm Ty - Chính Môn - Cấm Quân",
  "11165251433983930897": "Liễu Phố - Bình Dân 11",
  "11165288237118149558": "Năng lực hái cỏ có chút thành tựu, nhận được phần thưởng Vinh dự.\nDanh xưng tạm thời chưa mở, xin hãy chờ đợi.",
  "11165435495026207909": "Nghe nói các mỹ nhân trong Phàn Lâu đều là tiên nữ, nếu không sao nàng ta lại biết bay chứ, hệ thống này khó quá",
  "11165506508468697081": "Trong chiến trận Bách Nghiệp, tấn công Minh Kim tăng",
  "11165520029903810276": "Nhiều chuyện, lẽ nào trong thế đạo ta muốn",
  "11165574686587862510": "Bạch Lộ",
  "11165579390118883650": "Nghe nói chưa? Có kẻ trong giang hồ bỏ tiền mua lấy cái đầu của người sắp chết!",
  "11165588897464052948": "Họa ảnh Tình Cảm · Tường Lân dâng lễ",
  "11165596271359686594": "Đệ đệ, đừng nói chuyện này nữa. May mắn thay, danh tiếng của các vị nghĩa sĩ Yến Bắc Minh rốt cuộc cũng không bị chôn vùi dưới lòng đất.",
  "11165637898726660439": "Phải không... Hy vọng kiếp này, nàng có thể tự do...",
  "11165641108688799346": "Các đệ tử Vô Ưu Bang trước mặt đang hung hãn tới đây, mau đánh bại chúng để thoát khỏi tình thế khó khăn này.",
  "11165711179378961102": "Có lĩnh phần thưởng không",
  "11165741072046431554": "2 người",
  "11165773693260779934": "Tay nghề của người lái đò cũng không tệ, sao không đi xem náo nhiệt một chút?",
  "1116578826113487237": "Phi Hoa · Tam",
  "11165826291314511844": "Vũ Nhung Thảo Loại 2 - Giới Hạn Thời Gian 8s",
  "11165833549536893977": "Bóng da/kịch rối - Phần thưởng leo bảng Mạc Vô Thương Đăng",
  "11165833986077954432": "Đã xem qua",
  "11165841376106775223": "Phong Hống",
  "11165850910225142427": "Những ghi chép khi khách thiên nhai ngao du giang hồ",
  "1116593061420785461": "Lấy ra",
  "11165934590465731772": "Quỷ thị tử giải đố hang động",
  "11165939827904394891": "Nỗ Cơ AI - Nỗ Hậu Cần Binh - Đoản Kiều",
  "11165940603726192977": "Xây dựng cấu trúc, dùng để dựng thuyền hoa.",
  "11165943945265226141": "Đạo trưởng, tại hạ muốn cống hiến chút sức mọn cho Thái Nhất Cung, xin đạo trưởng đừng chê.",
  "11165952711487146828": "Tổ chức bí ẩn trong doanh trại dường như đang điều tra bí mật của Thần Tiên Độ, mục đích của họ là gì?",
  "11166012806343294435": "Hà Kỷ Hy",
  "11166043688777202374": "Người chủ phòng kết nối đã xóa bạn, không thể kết nối",
  "11166059754399680543": "Con đường tìm kiếm hiệp khách",
  "11166085509630749209": "Tạm thời không có đạo cụ có thể chuộc",
  "11166096345318694287": "Tơ trúc nhã vận",
  "11166128944553056094": "Dế",
  "11166158571211265328": "Thiện nam tử đến vào đêm khuya, có việc gì vậy?",
  "11166187511651020563": "Phòng Chí Cường",
  "11166192004172544396": "Quỷ Phàn Lâu Dùng Để Kiểm Chứng - Tầng Hai, Tầng Ba 38",
  "1116621691778018729": "Trần Khải",
  "11166224437433792147": "Màn pháo hoa",
  "11166274632074763291": "Ngưỡng mộ Lý Bạch, thường tìm người ném lao cầu mong viết ra danh thiên cổ truyện. Kỹ thuật ném lao vượt xa công phu bút mực. Uống năm chén rượu thì ngã, ném lao thỉnh thoảng trúng một hai.",
  "1116629937007736013": "Nhưng đây thực sự là giấc mơ thời trẻ của ta... Muốn lột xác thành bướm, bay khỏi chốn quê mùa này, để xem sự phồn hoa của nhân thế...",
  "11166333342988968622": "Hỏi nguyên nhân",
  "11166372812526964782": "Mẫu Tường Vô Hình Trong Quỷ Thủ Động",
  "11166392548254298893": "Thú vui",
  "11166399807447510117": "-----Thông tin thao tác-----",
  "11166427670784486752": "Trần Gia Tranh",
  "11166437005521425783": "Xem Trước Ngoại Quan",
  "111664597809397645": "Khử trùng hóa độc",
  "11166490047116567205": "Chỉ số thủ luật",
  "11166497662158377634": "Cửu Lưu Môn trú địa · Cấp 4",
  "11166500555561594866": "Hàn Lạnh cấp hai",
  "11166513014437207206": "Biệt Quán - Boss - Tường Vô Hình",
  "11166529516529456071": "Nhận 3 lần bố thí tiền mặt khi ăn xin",
  "11166543333555894030": "Yến Sào Thảo",
  "11166587846553819379": "Ta đã làm chuyện gì đáng xấu hổ thế này, mà ngươi đến mở miệng cũng không nói được?",
  "1116660939086351295": "Trương Văn Thanh",
  "11166679255370608767": "Sự kiện gây ảnh hưởng nghiêm trọng đến tinh thần",
  "11166684320176332576": "Quan y của Hàn lâm Viện, không rõ tên tuổi...",
  "11166692520729804530": "Tiểu Thạch Khối",
  "11166806184504348950": "Hoa khai khả trích trực tu trích",
  "11166823920441764694": "Ổ Khóa Không Mở Được",
  "11166892965169387501": "Bảy cấp",
  "11166896337008411233": "Quyền lợi kinh doanh",
  "11166921105396518221": "Thừa Ân Trấn Thôn Dân - Tạ Lan Chi",
  "11166938889717162833": "Anh Vũ - Mục Tiêu Tỷ Thí - 2",
  "11166957866735123795": "Dế",
  "1116700907349587401": "Hình thành lá chắn cố định #Y200#E điểm.",
  "11167045696011510858": "Vật phẩm chiếm dụng bản đồ đoạn 410003~410999",
  "11167049359955107062": "<Thanh Sơn Chấp Bút|781|#C|10102> Võ học kỹ có thể trực tiếp dịch chuyển đến trước mục tiêu có giá trị mất cân bằng lớn hơn 50 để tấn công.",
  "11167100186107002845": "Búa to búa nhỏ",
  "11167110426110058244": "Lý Gia Đống",
  "11167119985228588725": "Đa tạ thiếu hiệp thông cảm... Có những bức ảnh này, tờ báo nhỏ của ta cũng đã chuẩn bị xong xuôi mọi thứ, chỉ còn thiếu tiêu đề thôi.",
  "11167243804624607332": "Hạ Vạn Xuân",
  "11167250921332865315": "Nhuộm highlight",
  "11167319902977809303": "Ôi, hôm qua hắn lải nhải cả đêm, cái đầu ta giờ vẫn còn ong ong đây.",
  "11167325820469838201": "Phần Thưởng Điểm Bác Vật Theo Danh Mục",
  "11167340677159163073": "Đại hiệp thật sự đang tranh luận với ta sao? Ngươi và ta chỉ là những cái tên đại diện cho sự tồn tại trong thế gian, lấy đi cái tên đó, ngươi không phải là ta, ta không phải là ngươi sao?",
  "11167360445504668079": "Tử Hoa",
  "11167373173657152437": "Trường Hưng Tập - Ngựa Bầu Không Khí 4",
  "11167381848841912801": "【Hoa Triều Tuyệt Nghệ】 - Quần Chúng Bầu Không Khí 1",
  "11167405161699509494": "Trước tiên hãy dọn dẹp bên trong cho sạch sẽ, Tông Hiền buổi tối còn phải chiêu đãi mọi người tới, bàn bạc chuyện dưới nhà thờ tổ.",
  "11167441445552607038": "Hướng Kính Cách",
  "11167461457785169675": "Thời gian bỏ phiếu",
  "1116749089183665869": "Dịch Võ",
  "11167500111568359746": "Nhất Diệp Bình Sinh - Khu Thương Phố Tây Phường - Bảng Nền - Lưu Manh",
  "11167544744367899870": "Văn Lại Chi Thanh - Tiểu Ốc Sọc",
  "11167570695580910507": "Lục Quy",
  "11167584680438227393": "Phương thời nghỉ",
  "11167594430178457966": "Khai Phong Chủ Tuyến",
  "11167599704392762651": "Công thức · Thịt bò hầm cay",
  "11167607442447651078": "Biệt Quán - Boss - Tường Vô Hình",
  "11167613241139888817": "Ngoài Điểm Quang Nguyên",
  "11167698382597981301": "Đầu lĩnh sói xám",
  "11167711478458620713": "Kỳ Ngộ Người Thừa Kế Mỹ Thực - Dấu Chân",
  "11167789852158531716": "Thôi vậy, cũng không thiếu ngươi một người, nguyên liệu đó... là lá của cây bất tử truyền thuyết.",
  "11167793741636271786": "Xin cáo từ",
  "11167806281459860781": "Giải Vô Gian - Gấu",
  "1116783649414865733": "Gọi là Tự Nhất...",
  "11167860340610464250": "Hậu Phố - Dọn Dẹp Nhà Cửa",
  "11167866153866093610": "Đang tải",
  "11167904619255079731": "Tìm Tôn Thái Công",
  "11167944880834077047": "Ngửa ra ngoài",
  "11167951200282340184": "Nhiệt bệnh",
  "11167985670187051135": "Quách Vũ Ngang",
  "11168044399955768828": "Giang Hồ Nam - Ngẫu Nhiên",
  "11168065980971138815": "Chiến Trường Tứ Huynh Đệ - Đại Sơn",
  "1116807798025346472": "Trần Gia Tranh",
  "11168164172124990511": "Nguyệt Nga, cái tính ghen tuông này của nàng, bao giờ mới sửa được?",
  "11168204533739269155": "Lăng Giai Hân",
  "11168281280955063509": "Thiếu hiệp khách khí rồi, ngày sau có duyên có lẽ chúng ta còn gặp lại.",
  "11168286096769587517": "Vô Danh Tướng Quân - Tạo dựng",
  "11168297821997776742": "Đi tới trang môn phái",
  "11168299434633928138": "Một phong thư trưởng lão dính vết máu…… Lực xuyên qua giấy, dường như có việc gấp!",
  "11168330115765833230": "Bảo Rương · Khai Phong",
  "11168395270871567025": "Tỉ lệ trúng chí mạng|780|#C|21> tăng, hiệu quả theo cấp độ chế độ đơn người (hiện tại: #Y{0:.1%}#E).",
  "11168435206691713598": "Trong lối chơi Phá Quân Sát Tướng, giới hạn máu tối đa #Y+2.25%#E; Tu vi cấp #Y5#E, #Y10#E, #Y15#E sẽ lần lượt mở khóa hiệu ứng đặc biệt",
  "11168443116069261421": "Noãn Thạch",
  "11168496166230361298": "Thi Thiên Lai",
  "1116851876882773118": "Cắt để trị vĩnh viễn",
  "11168632203558287939": "Thống kê dữ liệu",
  "11168633039316016171": "Khi bản thân đang chịu trạng thái bị đánh, sát thương nhận vào giảm 28%.",
  "11168665411995000217": "Thất Phạt Pha - Điểm Làm Mới Chiến Lợi Phẩm 473",
  "11168728783085472459": "Giang hồ nhân? Loại giang hồ nhân nào?",
  "11168748585242871165": "Bát Phương Phong Lôi",
  "11168771288968634537": "Tễ Vũ Lâu - Đình Bảng Cáo 4 - Giang Hồ Nhân Chiêu Khách - Đơn Bạch",
  "11168793623096264964": "Cường Hóa Kim Ngọc Thủ - Kim Chinh",
  "11168812032011136927": "Nền móng bình thường.",
  "11168834121306142801": "Bàn Đấu Địa Chủ",
  "11168852206829142627": "Tu luyện Ngũ Cầm Hí tâm thần không vững, lạc mất bản tâm",
  "111688668048890912": "Ân nghĩa là trước, hoàn tình là sau. Lấy thẳng để báo oán, thiên đạo tuần hoàn còn!",
  "11168890936051140802": "Thao tác thêm ghi chú quá thường xuyên, vui lòng thử lại sau",
  "11168922331697993356": "Mức tối đa khí huyết",
  "11168926479605437130": "Trương Nương Tử",
  "11168936548338304249": "Đứng lại, ngươi là ai? Đến làm gì?",
  "11168945816497034755": "Người chơi hỏi bảo vệ về việc vào thị lâu xem, được bảo vệ thông báo bên trong đang chuẩn bị về Đường, canh gác nghiêm ngặt. Đề nghị người chơi dạo quanh khu vực lân cận.",
  "11168965173004008030": "Đang tải dữ liệu",
  "11169017500237104188": "Hoa Hải - Điểm Làm Mới Chiến Lợi Phẩm",
  "11169076731440756065": "Nhiệm Vụ Dẫn Dắt Dịch Dung Khai Phong - Họa Tượng",
  "11169077922232329931": "Thiên Phật Thôn - Điểm Làm Mới Chiến Lợi Phẩm",
  "11169136006934241010": "Tổng đầu tư",
  "11169215704822953925": "Mất mục tiêu",
  "11169238438670378387": "Không hối hận sao?",
  "11169243829108957822": "Bản Đồ Thử Nghiệm Cửa Ải",
  "11169270924638401995": "Linh Chi",
  "11169277311892768996": "Gây sát thương Đả Kích 150%",
  "11169283004195891547": "Tướng Quân Từ - Điểm Hồi Sinh Chiến Lợi Phẩm",
  "11169296928701281614": "Thiên Thượng Lai - Tiểu Phiến 4021",
  "11169319004817611635": "Khai Phong Phủ - Đại Môn - Bộc Nhân 20",
  "11169326103015061457": "Trọng thứ hai",
  "11169340112659101703": "Mỗi trận 5~10 phút",
  "11169405804089207330": "Vô Danh Quái Dược Phối Phương · Nhị Đái Hỏa Tiễn",
  "11169412028924862529": "Trương Tuấn Kiệt",
  "11169418957405669629": "Đẹp hay xấu... ta đã không phân biệt được rồi... Bất kể đúng sai... Tất cả những điều này nên kết thúc...",
  "11169421138487473488": "Có đặc biệt không? Có thú vị không? Có đáng yêu không?!",
  "1116942143587022617": "Chú ý vị trí Mộc Uyển! Chuẩn bị khiêng thùng!",
  "11169425342153306127": "Dân thường ở cửa Giác Môn.",
  "11169449490778714618": "Tăng tốc",
  "11169502178604282648": "Kinh dị máu me",
  "11169509215956867860": "Vũ Y Lâu - Tư Thập Nhị",
  "11169509607806661068": "Thiếu hiệp, không biết nha hoàn ở đây ở đâu?",
  "11169589217546158061": "Đúng là ba thằng ngốc có văn hóa, cho ma vương cũng phải sợ",
  "11169600948546683359": "Miêu Chi Báo Ân - Tước",
  "11169631759124860099": "Không Khí Tường Mô Bản - Đạo Chủ",
  "1116966978862879051": "Hoa Gian Khách",
  "11169670524534415651": "Bất Tiên Tiên",
  "11169680652208986245": "Bảo Hạp",
  "11169710941654063455": "Tranh Phong 2v2",
  "11169747754549714048": "Bảo Hạp Trang Bị Cấp 5 Y Khâm (Tương ứng Khu Vực 1-5)",
  "11169749516797146239": "Phòng Chí Cường",
  "11169781501959174336": "Đang trong quá trình ghép đôi",
  "11169813417450965126": "Viên Quốc Chấn",
  "11169858455244910736": "Lấy thịt cá tươi, làm thành sợi mì mỏng, hầm thành canh. Nhìn có vẻ bình thường. Nhưng canh thanh vị đậm, mì dai mà dẻo, hương cá ngào ngạt.",
  "11169864356566088348": "Vô sỉ......",
  "11169876641185623265": "Trần Chu Bạn",
  "11169888994484583259": "Ở Bách Thảo Dã có một kỳ nhân tên Nghiêm, nghe nói ông ta biết Kim Ngọc Thủ? Hay là đi xem thử.",
  "11169902240102945020": "Thọ Xương Phường - Sĩ Binh",
  "11169933372966615495": "Cái này ngươi không hiểu rồi chứ? Món cá sống này nha, phải tươi sống mới là ngon nhất!",
  "11169945165046822523": "Thắt lưng",
  "11169991498485419584": "Hồ Hoặc",
  "1117004360565871060": "Cự Kình",
  "1117007626484603275": "Nhưng y sĩ không công, y sĩ lấy gì sinh sống? Nếu y thuật không thể duy trì sự sống, y thuật truyền thừa bằng gì? Nếu y thuật không thể duy trì sự sống, bệnh nhân lấy gì sinh tồn?",
  "11170119802701114234": "Mã Đầu Khu - Tĩnh Thái Bối Cảnh Bản",
  "11170214480393699789": "Tìm manh mối bên ngoài nhà",
  "111702171955451932": "Không có việc gì, cáo từ",
  "11170289996930058933": "Tôn Hạo Thanh",
  "1117030664910073979": "Nam Chước công tử - Kiếm ảnh",
  "11170347913294847581": "Tỷ lệ đóng góp",
  "11170370087071947753": "Nguồn sáng điểm",
  "11170404223339858882": "Thâu Sư - Tam Canh Thiên - Đệ Tử 1 - Trạm Cương",
  "11170432354040143729": "Thi Thiên Lai",
  "11170455912949175703": "Triệu Vĩ Nghiệp",
  "11170576540920819427": "Hoàng Vũ",
  "11170612478661271776": "Kim Minh Trì - Kim Ngọc Thủ Cơ Quan Tỏa - Thông Đạo Tứ",
  "11170613193618379355": "Tiên sinh Hàn Vi đích thực từng là một trong hai mươi tư hoa tín phong của Túy Hoa Âm, năm đó ông đột ngột qua đời, chúng ta đồng môn đều rất đau buồn.",
  "11170656836212870493": "Sinh Thái Vật Chủng",
  "11170668900314453494": "Nhậm Tuấn Lâm",
  "11170713649036559526": "Sao, ngươi có ý kiến gì à?",
  "11170738086852139899": "Xem Quái Từ",
  "11170772203668771528": "Hồ Tiểu bày tỏ lòng cảm ơn với ngươi, bắt đầu suy nghĩ kỹ lưỡng.",
  "11170802378557580382": "Dung Lô - Khinh Công Tổ Kiện - Thiết Thùng",
  "11170811403877133225": "Thanh Long Tằm",
  "111708127972778296": "Tuần Tra Quan Binh 2",
  "1117082550790499590": "Tiểu Thụ Chi",
  "1117083821963842844": "Sử dụng vật này, có thể nhận được ngoại hình tương ứng.",
  "1117084620968017584": "Theo hẹn ẩn mình vào Thiên Thượng Độ, cần tìm người làm nội ứng tương trợ.",
  "11170856611611728333": "Ngươi! Ngươi làm gì vậy! Hôm nay ta xui xẻo lắm rồi, có kẻ đã cướp đồ của ta!",
  "11170875908315897678": "Đối thoại với thôn dân hiếu kỳ",
  "11170899563313959147": "Vậy thì dọa một phen",
  "11170906238753937303": "Thuộc tính thế có thể tăng thêm Ngoại Công kích tối đa.",
  "11170911370745798806": "Đăng ủy thác",
  "11170942050496629191": "Lục Sấu Tử - Bất Tiện Tiên Đại Đường",
  "11170989994360102146": "——《Hoàng Đế Bát Thập Nhất Nan Kinh - Kinh Mạch Chẩn Hậu》",
  "11171020325409794079": "Sinh Thái Vật Chủng",
  "11171028591452184168": "Thọ Xương Phường - Phú Nhân",
  "11171049384675932857": "Phòng Chí Cường",
  "11171070016274193736": "Lá cây này ngươi lại kiếm được ở đâu vậy?",
  "11171087594090087398": "Đoạn ba",
  "11171093449125962825": "Du hiệp thân mến:\nPhần thưởng điểm danh hàng ngày trên ứng dụng nhỏ WeChat đã được phát, xin hãy kiểm tra.",
  "11171135385433621910": "Bộ bàn ăn - Nhà hàng 1",
  "11171142073482193685": "Túi tiền",
  "11171142267468055091": "Triệu Vĩ Nghiệp",
  "11171165069468074235": "Ta đang nghĩ nhân lúc hắn sốt ruột, có thể ép giá mua lại không, nhưng vẫn còn thiếu một chút...",
  "11171167917870562137": "Lão Kim Chi Phụ - Khi ở hồi thứ nhất của tuyến chính, lúc đưa tiền cho Lão Kim, chọn đưa toàn bộ",
  "11171241502099814288": "Thứ vô dụng không phải là sách... mà là con người.",
  "11171242019958591007": "Cúc Cúc",
  "11171327307778455741": "Rái cá",
  "11171366911215654847": "Sinh Thái Vật Chủng",
  "11171369149612491800": "Ra tay.",
  "11171371590914827920": "Lục Văn Tín",
  "11171385139639821162": "Thiếu Đông Gia, mau vào đi, chú Mễ và mọi người đều nhớ huynh đó.",
  "11171523115547532291": "Cố Định Chướng Ngại Vật - Thạch Nhân 1",
  "1117155624187208227": "Đà",
  "11171613921874586844": "Thế Giới Đẳng Cấp - Lục Lâm - Thảo Tặc (Đơn Đao)\\nĐộng Tác Tuần Tra Tùy Chỉnh: Có",
  "1117166159203729439": "Nhiệm Vụ Ủy Thác Thu Thập Khoáng Thạch",
  "11171684372689405303": "Trần Gia Tranh",
  "11171728239950888974": "Rượu thịt ở Kỷ Vũ Lâu này thật quá đắt, mùi vị cũng tệ!",
  "11171734870182259985": "Lương Đống",
  "11171759498207725635": "Dao khắc",
  "11171786968946418440": "Đệ tử Cửu Lưu Môn",
  "11171808960122540352": "Biệt Quán - boss - Không Khí Tường",
  "11171867291820304410": "Võng Dị Siêu Cấp Hội Viên v4 - Nguyệt Hoạt Dược Lễ Bao",
  "11171869391028596580": "Kiến Long Quan - Đạo Phúc",
  "11171903516977373486": "Cuốc chim",
  "11171926713546315944": "Tà khí chưa trừ, quẻ thuật đo được sẽ bị sai lệch. Vấn đề của thiếu hiệp, tiểu đạo e là không giúp được rồi. Trừ phi…",
  "11171930912886613353": "Trương Chấn",
  "11171944936860667078": "Điều tra",
  "11172030117572458651": "Hổ Phách",
  "1117203197265859894": "Vũ Sư Nhân",
  "1117204568336576648": "Mong muốn có một kế hoạch hoàn hảo để đảm bảo nhiệm vụ không sai sót chút nào",
  "11172061925978649733": "Chủ Tuyến Quan Khải Y Đao Thị Ý",
  "11172062142389385407": "Chí Tử Giang Hồ · Bốn",
  "11172079907139527465": "Có người đang kêu cứu ở Thái Nhạc Đài, rốt cuộc nơi này đã xảy ra chuyện gì?",
  "11172204415773545557": "Tham gia lão hiệp tốc độ cao, có thể hoàn thành nhiệm vụ",
  "11172259624016897297": "Chu Vũ Lâm",
  "11172290030075298534": "Thái giám khoang Thọ Xương Phường.",
  "1117230948932434333": "Lớp lót trong",
  "11172351301601446144": "Hạ Giang Đình",
  "11172391897798425717": "Diệt cứ điểm, hoặc dùng thân phận Văn Sĩ tiến vào cứ điểm hoàn thành thử thách, đều có thể nhận được phần thưởng thông quan lần đầu. Khi tâm lực đủ mạnh, có thể nhận phần thưởng thảo phạt.",
  "11172394722913138209": "Lời cai ngục #Y{}#E",
  "11172433797715952195": "Sát thương Chân Khí gây ra cho đối phương tăng #Y20%#E, duy trì 6 giây. Trong thời gian hiệu ứng, #YPhá Vân#E sẽ thay thế bằng #YBăng Sơn#E.",
  "11172465795825816360": "Hoàn thành nhiệm vụ chính chương «Dã Từ» nhận được",
  "11172611508238343594": "Kỹ năng 2 - Phi Trần Dẫn Biến - Khu vực độc sương 26",
  "11172648945895469309": "Khách ở Túy Hoa Âm",
  "11172714866277602295": "Nghe nói nơi đây từng có Thỏ Hát Múa Bay xuất hiện. Thiện nam, vị Thỏ Hát Múa Bay vốn là linh thú tấu nhạc trước Phật, cùng với Già Lăng Tần Kỳ đồng xuất từ Cực Lạc Thiên...",
  "11172826286653578712": "Nhận sát thương thuộc tính {1} {2}%",
  "11172843570628773259": "Bảo Hạp · Khai Phong",
  "11172862204178763731": "Trời ơi...... Giúp ta rửa đao?",
  "11172864847892988673": "Kiều Trang Trắc Thí Tưởng Lệ",
  "11172905517183057090": "Kiếm Mô Hình 1",
  "1117295752819796510": "Tôn Hạo Thanh",
  "11173017501081906568": "Triệu Đắc Hậu",
  "1117303586498640255": "Khách ở tiệm bánh Thọ Xương Phường, tiểu nương tử nhà phú quý Thọ Xương Phường.",
  "11173114451476422137": "P3 - Hữu - Phát Xạ Hoàn Hữu",
  "11173117378641311301": "Tuyết Mãn Xuyên",
  "1117313006517256624": "Diễn Võ 3V3",
  "11173142615361350797": "Lý Tầm Hoan",
  "11173171545591758080": "Trường Minh Ngọc 50",
  "11173268787692323978": "Trực tiếp hành động",
  "11173282632342990980": "Một, hai, ba, bốn……"
}