{
  "10243363072584573038": "Khả năng hái cỏ có đột phá, có thể sử dụng mồi câu mới.",
  "10243449636204663557": "Trương Chấn",
  "10243472410003221488": "Wow, nương ơi, người đó vừa nãy một cái đã nhảy lên mái nhà, chạy vào tiệm nước hoa rồi kìa, giỏi quá!",
  "10243488547627631201": "Chú Mễ tỏ ý cảm ơn, bắt đầu suy nghĩ kỹ lưỡng.",
  "10243503118737841215": "Làm việc thiện có thể làm rạng danh tổ tiên, có thể mang lại tương lai tốt đẹp cho con cháu! Đối với ngươi mà nói, đây chính là một việc thiện a.",
  "10243503416794370617": "Vì vậy Quan gia quyết định mở kho tiền",
  "10243608633984636578": "Còn bắt ta tự mình cho ngựa ăn sao?",
  "10243648045084321217": "Đạo chủ",
  "10243682941460273853": "Chu Vũ Lâm",
  "10243707923748171245": "Trảm Phong · Tam",
  "10243711942895663514": "Sinh Thái Vật Chủng",
  "10243729566325232339": "Kẻ Lạ Mặt",
  "10243798067358452330": "Vương Trí Siêu",
  "10243837152777246556": "Thiếu hiệp, đã lâu không gặp.",
  "10243870238153483559": " Thông thường 4 tầng",
  "10243899814022705426": "Đông trùng hạ thảo",
  "10243903224960048859": "Từ Tâm Trấn",
  "10243906314031344934": "Hủy bỏ",
  "10243999253464658385": "【Ngục Giam-NPC】Tù Nhân-Đàn Cầm",
  "10244064802683286873": "Hư rồi, sao lại khóc to hơn rồi!",
  "10244110040906380556": "Nhất Diệp Bình Sinh-Khu Phố Đại Lộ Nam Môn-Khách Hàng Tiệm Ngọc Khí 3",
  "10244144754894364420": "Lưu Minh Sách",
  "10244151580202535824": "Chén Tiên Độ, cứ điểm nhỏ",
  "10244204158021033707": "Trần Thắng",
  "10244230596224893809": "Chủ Quán Dù Giấy",
  "10244231721545519915": "Phúc Bồn Tử",
  "10244247168667206323": "Triệu Tơ Lộ muốn vào vườn đào, hãy luyện tập lời thoại với cô ấy (Vượt qua nếu trả lời đúng năm câu)",
  "10244256938612938748": "Khu Trung Chuyển Thái Thương Túc đến Mạch Hương Tập NPC Bầu Không Khí-Xuân Hoa",
  "10244272042269430996": "Kỹ năng câu cá đã thành thạo, nhận được phần thưởng danh dự.\nDanh xưng tạm thời chưa mở, xin hãy kiên nhẫn chờ đợi.",
  "10244315656106194193": "#P Thiên Thời Dư Ảnh · Phong#E",
  "10244369548370572659": "Chủ quán, cho ta một phần... Ôi, đây không phải là Uông Phúc Bảo sao? Đây là đồ tốt sao?",
  "1024437901590306931": "Khai Phong-Bác Lãng Sa-Vạn Thắng Trấn-Vạn Thế Tri 1 Trao Đổi Tương Đương-Bầu Không Khí Nội Thất Vương Bình-Thư Quyển-Bầu Không Khí",
  "10244381012844394482": "Tuần Tra Viên Thử Nghiệm",
  "10244463776849892365": "Chẳng lẽ, ngươi cũng là người cha mẹ ta phái đến khuyên ta?",
  "10244591022836857345": "Giải đố thành công",
  "10244644079021614668": "Độc mục",
  "10244675628834310616": "Phương Húc",
  "10244677835497434837": "Hà Kỷ Hy",
  "10244689027807469042": "Những người trước mắt này cũng là những hiệp khách nghĩa sĩ từng chống lại người Khiết Đan hơn mười năm trước? Bây giờ lại xuất hiện ở đây... ừm, lại là mùi hương hoa đó, quả nhiên liên quan đến nó...",
  "10244705810050007858": "Vị trí của Thiếu Hiệp {} linh khí đang dâng trào, xin hãy chiêm ngưỡng Ngũ Cầm Hí của hắn/cô ta!",
  "10244716964656131471": "Viên Mẫn Hồng Hạo",
  "1024484696228650736": "Di Chỉ Trung Sơn-Quạ Sân Khấu Nhỏ",
  "10244849379155504002": "Rút Thẻ-Hòa Minh Thương Điếm",
  "10244849896730070849": "Dẫn dắt · Đổi tám bát",
  "10244883100257072944": "Trong trận này, hiệu quả công kích lời lẽ của đối phương giảm 3.4%, tối đa cộng dồn 6 tầng.",
  "10244906132020531237": "Tự động hoàn thành",
  "10244913173223173826": "Bồ Đề Khổ Hải: Thạch Tháp Tội Nghiệp",
  "10244951435687248168": "Váy có hoa văn thắt lưng",
  "10244965420199436073": "Trịnh Thái Hạc",
  "10244979874841002119": "Phần Thưởng Điểm Vật Phẩm Bách Khoa",
  "1024507433777831124": "Được rồi, ta nghỉ ngơi một chút, chỉ nghỉ một lát thôi... Hay là làm tiếp một lát nữa!",
  "10245087916271573396": "Quách Hân",
  "10245107114729248770": "Làm gì cũng được, miễn là đồ mới thì đều dễ nói. Đau đầu nhất là sửa đồ, đặc biệt là sửa nhà, đừng nhắc tới phiền phức thế nào!",
  "10245143316856649113": "Giảm sát thương lời nói cứng rắn",
  "10245173936828512068": "Thời gian dự kiến hoàn thành",
  "10245204604582143220": "Hoàng Lạc Tư",
  "10245227605625468895": "Phong Văn Tiễn · Mật báo của kẻ trong bóng tối",
  "10245246506999983916": "Thịt thỏ mà thợ săn nhờ ngươi chuyển cho Trương Đao Sẹo.",
  "10245252370694563713": "Đan Nhai-Điểm Hồi Sinh Chiến Lợi Phẩm 309",
  "10245267936172265760": "Không rõ...",
  "10245285814940605592": "Thái Thương Túc-Thường Bình Thương-Trấn Thủ-Thực Thể Rỗng-Mở Cửa Lao",
  "10245360131401212367": "Uống rượu, chỉ biết uống rượu! Đợi đến ngày ngươi làm hỏng đại sự, xem ngươi giải thích thế nào!",
  "10245362269439660462": "Quái Vật Xem Kịch Hộp Lưỡi Hái",
  "10245416945703520356": "Xuân Tẫn Sơn Không",
  "10245461677458025277": "Đội này",
  "10245466243050029309": "Khối Đá",
  "10245528531661436775": "Ăn uống",
  "10245552865020123567": "Bầu Không Khí Vũ Y Lâu-Thị Nữ",
  "10245632900562235851": "Trần Hiểu Hàn",
  "10245647052428164635": "Ư... mau... đi báo tin... có người...",
  "10245697728304047282": "Ta đương nhiên có chuẩn bị rồi.",
  "10245697920254698702": "Thọ Xương Phường-Lý Trạch-Quý Phu Nhân",
  "1024571035376139958": "Thêm thành viên",
  "10245739029101959736": "Ông già này đang nói gì vậy...",
  "10245740834963277527": "Võ học",
  "10245753438505851171": "Thiếu hiệp cũng đến Thanh Hà du ngoạn sao?",
  "1024578395533313034": "Cổ Tư-Bậc Thang-Văn Sĩ 11",
  "10245806605261867288": "Tĩnh Định Thuật",
  "1024580946234894192": "Xem",
  "10245830982980665260": "Đại hiệp quả nhiên có bản lĩnh, lần này ta có thể mang người về giao nộp rồi!",
  "10245851005865499115": "Nhớ lại năm đó, cha ta, cũng chính là tổ sư sáng lập tuyệt học truyền gia của nhà ta, chính là khởi nghiệp từ bộ thương pháp này, xông pha giang hồ, trở thành một 'cái phễu' của giới võ lâm!",
  "10245853822026083336": "Trạm Khẩu Bàn Xa-Thủy Lực Cơ Quan 3-Thủy Trùy",
  "10245860189659864444": "Chương 1 · Chế tạo Mũi tên nổ hoàn thành",
  "10245945162047142998": "Cảm ơn ông chủ đã ban tặng, tôi đã khắc ghi ơn huệ lớn này!",
  "10245975508394940419": "Đứng từ đây nhìn lên cao, có thể thấy được Khai Phong và sông ngòi.",
  "10245985659929095610": "Thanh Hà Du Phố Xung Quanh-Nữ Tử-65",
  "102460355198993017": "Hổ Phách (Nguyên Khối)",
  "10246037532105538329": "<Tỷ lệ hội ý trực tiếp|780|#C|150> tăng 2.3%.",
  "10246058352022763081": "Đoán vật đơn nhân",
  "10246103088895540168": "Trong ngục",
  "10246104194949495356": "Trộm Học-Vô Tâm Cốc Thay Thế-Canh Gác",
  "10246141901609779122": "Thiên Địa Vạn Lại Khí Đoàn-(Biển Hoa",
  "10246248938441800146": "Lưu Minh Sách",
  "10246252107115161282": "Hành sự kín đáo trong Tương Sa Tửu Quán, đã thay đổi ngoại hình ngẫu nhiên, tên ngẫu nhiên.",
  "10246268194533347074": "Bách Nghiệp Phần Thưởng",
  "102462924851366134": "Thanh Khê luyện võ mật quật, có thể học trộm võ học",
  "10246314298640366657": "Hai mươi",
  "10246316202071593087": "Ối dà ~ Sao lại có người bay từ trên trời xuống thế này, ối dà ối dà, làm ta sợ chết mất!",
  "10246327175835463112": "Hận tương tư chẳng bằng biển có tín, tương tư mới thấy biển chẳng sâu.\nMột chút tâm ý, xin nhận lấy.",
  "10246331802679765435": "Quản Sự Chợ Người Phiên Bản Thứ Hai 12.4",
  "10246358728647032727": "Nấm",
  "10246370718986606389": "Chó Bầu Không Khí 3",
  "10246501812775782759": "Hắn chỉ cướp ngọc bội",
  "10246504403718925561": "Mảnh mã não đỏ",
  "10246508451388697658": "Phòng Chí Cường",
  "10246525587114316664": "Dân làng",
  "10246537261104245963": "Lan can người đẹp",
  "10246538752698954195": "Giảm sát thương ngoại công, tăng công kích minh kim",
  "10246611956343164580": "Nàng từng có tính khí giống Trái Tiêu sao? Thật khó tưởng tượng. Nhưng... chị em tương tự, lại có vẻ rất hợp lý.",
  "10246642513584081266": "Yến Kê Bách khoa",
  "10246669207861582044": "Đang tải dữ liệu",
  "10246760536735648494": "Không biết Trường hôm nay có ở đạo quán không...",
  "10246762604231675750": "Đang tải",
  "10246830693594274742": "Cấp Độ Thế Giới-Quan Binh Đại Tống-Trọng Giáp Yển Nguyệt Đao+Cung (Có Thể Chỉ Huy Tiểu Binh Bắn Cung)",
  "1024683617905502422": "Trộm Học-Bầu Không Khí Tọa Thiền",
  "10246935318569283463": "Hội Võ 3V3",
  "10246973275985026753": "Tăng thuộc tính Minh Kim",
  "10246975145394321258": "Viên Quốc Chấn",
  "10246994924434306944": "Người trong tranh",
  "1024702572469284648": "Tinh Anh Túy Quyền Phật Gia Trại",
  "10247025790135353549": "Đang tải",
  "10247039528212107167": "Đối thoại",
  "10247065816416861228": "Huỳnh Uyên-Đầu Lâu Hươu (Lam)",
  "10247084173161056918": "Quân quan nhà Tống",
  "10247107592789097563": "Vỗ cánh",
  "1024712702266334359": "Tăng Tuấn",
  "10247163625330755474": "Đang tải",
  "10247190666830766091": "Người ta nói: “Không có pháo hoa chủ thì không thành vũ, không có Giang tiên sinh thì không thành khúc, không có Nam Chúc công tử thì không thành từ.”",
  "10247194447220640979": "Ta là người của Thiên Nhai.",
  "10247223843401791631": "Phần thưởng không bị thương",
  "10247250891766042398": "Cần đi đến Chế độ nhiều người chơi",
  "10247273480416477591": "Đạo Hỏa Trạch",
  "10247338203928978737": "Ha, nói mạnh ai mà không biết? Đuổi kịp rồi hãy nói ~",
  "10247342566172446486": "Yến Vân Biệt Quán 3 Vành Đai 4-Đuốc 1-Biểu Diễn",
  "10247351829466832527": "Ê... Đồ đâu... Rõ ràng vừa nãy còn mang theo bên mình...",
  "10247371375091400903": "Sinh Thái Vật Chủng",
  "1024737382361704917": "Tăng {PRO_ATK_E} điểm tấn công Phá Trúc.",
  "10247396982929745609": "Đi đến Chế tạo",
  "10247401897494744811": "Không phải người mà thiếu hiệp chọn làm hiệp duyên trong đội, không thể hủy bỏ quan hệ.",
  "10247430649637779805": "Phòng Chí Cường",
  "10247450431236401073": "Cận Cửu Ca",
  "10247513464932341917": "Nhấn giữ {} để sử dụng",
  "102475259577325358": "Hạ Giang Đình",
  "10247532377569311096": "Khu Hành Chính-Thượng Triều-Thủ Lĩnh Quan Binh Đại Tống Canh Gác",
  "10247550168942385992": "Lương Đống",
  "1024761538005990438": "Sinh Thái Vật Chủng",
  "10247634147219184777": "Lý Quân",
  "10247742565615843025": "Hoàng Lạc Tí",
  "10247785304580739391": "Ta suy nghĩ thêm chút",
  "10247798624279048874": "Trương Tuấn Kiệt",
  "10247799476585018498": "Thược Dược",
  "10247841313786992768": "Yến Sào Thảo",
  "10247891036026078044": "Hiệu Ứng Đặc Biệt Khinh Công Phiêu Đái - 0.5 Lần",
  "10247910006741150100": "Ồ? Trên đời này lại có người dám nhận lời thách đấu, có phải muốn 'đọ tên' với tiểu gia ta không?",
  "10247978539245764750": "Tăng sát thương điểm yếu Cung tiễn",
  "10248004290997215024": "Hai vị - hai vị -",
  "10248059210779429450": "Uông Tiểu Phiền",
  "10248071317116615334": "Tiễn Tháp",
  "10248090821209430080": "Nhìn cái gì, đi đi, đừng quản chuyện bao đồng.",
  "10248097771903299600": "Bách Nghiệp - Xây dựng - Thành phần mới 118",
  "10248102022940345394": "Chỉ Qua 1V1",
  "10248102967262493834": "Hay là, ngươi cũng muốn đến thử một chút?",
  "10248110477424044219": "Phù Cảnh Hành Chu",
  "10248152558713334792": "Trịnh Trạch - Cường Lực Hỏa Tiễn Binh",
  "10248154269556169613": "Vô Diệp Thư · Quyển Một",
  "10248172622638837294": "Lương Tử Hàn",
  "10248292561312500206": "Đây là……",
  "10248328738657966758": "Bia sao",
  "10248345413405865977": "Con đường phía trước, phải dựa vào chính mình.",
  "10248346219798915791": "Cơ Quan Ốc - P3 - Nghịch Chuyển Trường Lang 3X1 Bình Đài - Tung Hướng Tam Liên Lạc 01",
  "10248363626502854958": "Khoan đã, để ta nghĩ xem...",
  "1024846118339834131": "Chu Vũ Lâm",
  "1024854062275583886": "Mười hai năm ân oán",
  "10248573391940726270": "Xuân quang rực rỡ, đường xá xa xôi, khách quan, thuê một con ngựa nhé?",
  "10248577753323923947": "A Liên",
  "10248590706644732239": "Cố nhân giang hồ: Phủ Tử",
  "1024863877236248644": "Không có việc gì, cáo từ",
  "10248649018193554394": "Hoa Trung Thừa",
  "10248678239140297057": "Thiên Nhai Khách",
  "10248691282876948508": "Xem Hoa Gian Tập",
  "10248717771707073373": "Xạ Tiễn",
  "10248728005003393704": "“Giang Yến nhớ lại những ghi chú trong sách, chỉ cảm thấy đầu đau buốt. Kiếm pháp này đại khái không thể trả lại cho sư môn được nữa.”",
  "10248733658160279711": "Trần Gia Tranh",
  "10248736952368340514": "Thời tiết đặc biệt",
  "10248737177244174259": "Vô Ưu Động - Một Phong Thư Khác Của Kỳ Lộ Nhân",
  "10248740439268270865": "Trúc Duẩn",
  "10248783812176246608": "Cân bằng trọng tâm",
  "10248799100748576896": "Trương Dư Hi",
  "10248803168650690457": "Lập tức đốt hủy Âm Văn Sách",
  "10248804859180388164": "Đánh dấu sát thương Chân Khí",
  "10248837710481132670": "Bộ đồ đầy đủ thế này, khó tìm trên thị trường!",
  "1024891600111602750": "Lý Trạch Hạo",
  "10248935209526293669": "Khai Phong Phủ - Đình Thi Phòng - Quan Binh 1",
  "10248977100096849235": "Súng",
  "1024905051173519146": "Miêu Miêu Miêu bắt đầu trình diễn khúc phổ",
  "10249051040867056016": "Giám Thính Huyết Lượng Quái Vật",
  "10249062556297959143": "Đang tải",
  "10249071452005044589": "Hương khách Ngô Khởi Vân tố cáo rằng ngươi trộm săn bắt động vật do người khác nuôi dưỡng, thủ đoạn vô cùng tàn nhẫn.",
  "10249083332539026858": "Tìm đội",
  "10249119848457165321": "Cứu... ta...",
  "10249137649481107837": "Thuyền lớn tuy đã đóng xong, nhưng quân lương cũng đã tiêu hết. Triều đình đang tìm cách gom bạc, Tướng quân Dung thực sự rất lo lắng, ngày ngày dẫn người sửa chữa Lỗ Ban từ cầu phúc đấy.",
  "10249165838813241624": "Phàn Lâu Tân Khách I - Trung Niên Nam Tính",
  "10249167731478071974": "Độc Sơn Ngọc",
  "10249173306204000951": "Chủ sự, không hay rồi! Đàn tỳ bà của Phi Sương công tử vừa bị trộm mất...... Vệ binh đã vây kín lối ra vào rồi!",
  "10249182270366327295": "Xuân Tiết - Đăng Lung Giá - Lâm Quyên Tú",
  "1024919351141855723": "Vô Tướng Hoàng dốc sức vung lưỡi hái khổng lồ, đẩy kẻ địch trong phạm vi siêu lớn về phía trước, đồng thời tạo ra khu vực sát thương gió gây sát thương lên kẻ địch trong đó, mỗi lần thi triển sẽ khiến phạm vi gió mở rộng.\n\nCách ứng phó: Mọi người tránh xa khu vực gió, nhanh chóng giải quyết!",
  "10249197925247854198": "Tấn công",
  "10249211769180587854": "Trấn Thủy Quỷ Ông",
  "10249235674381968379": "Đấu trường Vô Tướng Hoàng Phong nhiều người",
  "10249290231678103062": "Tống Chi",
  "10249327648438396167": "Bị {} đánh bại",
  "10249332134272326419": "Hậu duệ nhà họ Chu ở Từ Tâm Trấn, vợ của Phan Định Định.",
  "10249373142059461610": "Trong trấn có tổng cộng bốn họ lớn, chỉ có họ Dương là không có trên những hình nhân này. Xem ra kẻ đặt lời nguyền có liên quan đến nhà họ Dương này——",
  "10249383405287845738": "Ứ Nê - Trung",
  "10249485977462625588": "Lục Trường Nhạc",
  "10249495851956095546": "Người giang hồ mà ngươi chở hôm qua, sao rồi?",
  "10249501797531182006": "Mô Hình Ngẫu Nhiên - Giang Hồ Nam - Cố Định",
  "10249509017307088354": "Giang Biệt Hạc",
  "10249509733984235468": "Lạp Chúc",
  "10249536223759629178": "Phần thưởng hiện tại đã nhận, không thể nhận lại",
  "10249547562498607162": "Sau khi gia nhập môn phái, người chơi cần tuân thủ các quy tắc môn phái tương ứng.\nTham gia #RChủ môn quy#E có thể nhận được lợi ích, vi phạm #RGiới hạn môn quy#E sẽ bị trừng phạt.",
  "10249549027172253454": "Cơ Quan Ốc - P4 - Toàn Chuyển Tường 02",
  "10249583911719724814": "Đều là lỗi của ta, không nên về muộn",
  "10249629366367229451": "Đây chính là quái vật được Vô Ưu Bang nuôi dưỡng. Hắn xem ngươi là kẻ xâm nhập, ngoài việc đánh bại hắn, ngươi không còn đường nào khác.",
  "10249639347754828810": "Điều kiện mở",
  "10249721294905025845": "Điền Kiến",
  "10249826587592725804": "Câu Lan Tăng Bổ 1 - Tĩnh Thái Bối Cảnh Bản",
  "10249843161879952299": "Kết giao bằng hữu",
  "10249868497536861670": "Nhóc con! Muốn vào học lỏm nghề phải không, lại đây ta dạy cho.",
  "10249882427386245842": "Lưu Phái Tháp Liệt Thạch · Quân Tầng 7 - Vô Ưu Bang Trọng Chuy Tinh Anh 1",
  "10249886034646562318": "Mạnh Tử",
  "10249969580553706567": "Bạch Tố Trinh",
  "10250034714788013441": "Diệu Diệu Miêu - Phật Tượng Xoay Tròn",
  "10250055235893862489": "Ăn uống không sạch dễ mắc bệnh, bụng tích nước khó hồi phục, lâu ngày sẽ sinh lỵ tật.",
  "10250113958913768404": "Rời Giác Chướng Lâm an toàn",
  "10250174601729973358": "Lông hình chiếc lá của chim, trắng như tuyết.",
  "10250211665278081935": "Bát khổ nhân sinh, sinh, lão, bệnh, tử, ái ly biệt, oán tằng hội, cầu bất đắc, ngũ uẩn dệt thịnh. Ba canh giờ lập Thất Khổ Lệnh, tượng trưng cho các khổ trong Khổ Đế trừ Ngũ Uẩn Dệt Thịnh. Cầu bất đắc chính là vị trưởng lệnh thứ bảy.",
  "10250261733351742908": "Hả? Để tôi ngửi xem... Đúng là...",
  "10250342932416421837": "Thọ Xương Phường - Điếm Phố a Tửu Lâu - Tiểu Nhị",
  "10250349903782202053": "Tăng thuộc tính Liệt Thạch",
  "10250369298170368431": "Mười",
  "10250419317111238398": "Vô Tướng Hoàng liên tục vung đại đao về phía trước gây sát thương.\n\nCách đối phó: Đừng vội vàng tiếp cận, Vô Tướng Hoàng sẽ thực hiện nhiều lần đánh.",
  "10250435023688390156": "#RSau {0} lượt đối thoại mới có thể nhận ra! Nếu đối phương là người chơi khác giả mạo, thì thắng ngay lập tức!#E",
  "10250447185561889392": "Bạch Mộc Túc",
  "10250454878157982211": "Thành viên Thanh Giao Đường",
  "10250476240600987381": "Hồng Câu Cổ Cừ - Bắc Đoạn - Trương Ngu",
  "10250480377296213247": "Dùng thuốc",
  "1025053556225719249": "Dân chúng Lăng Hạnh Thôn",
  "10250563658859907624": "Đội viên rời nhóm sẽ khiến toàn đội #Y nhiệm vụ thất bại#E, có chắc chắn không?",
  "10250568952892923704": "Giới thiệu không được để trống",
  "10250590992600143202": "Nói chuyện với Dương Thốn Giao",
  "1025060009890143298": "Thiên Thượng Lai - Thiết Tượng 4011",
  "10250604557489645266": "Lo lắng là bệnh, sợ hãi cũng là bệnh.",
  "10250632923676015991": "Lưu Gia Thu",
  "10250636672051109166": "Đối thoại",
  "10250645627797881752": "Điên cuồng",
  "10250666702415796800": "Trần Gia Tranh",
  "10250701121693243696": "Liếm móng",
  "10250731061743515310": "Quán trà Nhất Khâu Quỷ",
  "10250760861826695016": "Thư gửi Bả Đầu · Một",
  "10250777544639853953": "Độ Khó 2 - 8 Trường Minh Ngọc",
  "10250786459437535070": "Tìm địa điểm hồi ức",
  "1025084282441115807": "Kéo không nổi nữa, kéo không nổi nữa — Những người dưới cầu tránh ra, đừng chạm vào xe!",
  "10250922634390172669": "Biên giới",
  "10250933519589655952": "Thường xuất hiện bên hồ Ngỗng vào lúc nhàn rỗi.",
  "10250943062286232141": "Linh kiện xây dựng, dùng để dựng thuyền vẽ.",
  "10250981429310986745": "Hư Ảnh Văn Quan Hữu 2",
  "10250998025536387572": "Dữ liệu đang tải dữ liệu đang tải dữ liệu đang tải dữ liệu đang tải",
  "1025100247424400102": "Giảm sát thương",
  "10251005286991660730": "Hoàng Đồng - Nguyên Khối",
  "10251047173034387604": "Khu vực biển báo đường chính Thiên Dạ Lộ 4",
  "1025105814650694578": "Thiên Thượng Lai - Xích Long Đường Lão Nhân",
  "10251149764194169388": "Gia chủ Tạ, gà rừng ta đánh về rồi!",
  "10251163425367710242": "Cặp cánh khổng lồ kia vừa dang ra, che khuất cả trời đất, đám chó Khiết Đan kia còn chưa kịp phản ứng, đã bị Đại Gia Điêu Bát Gia mổ cho kêu la thất thanh, bỏ mũ vứt giáp.",
  "10251164890444190884": "Hồ Tiểu hy vọng có thể thực hiện được ước mơ trở thành đại hiệp ngao du giang hồ.",
  "10251179228995114226": "NPC Bầu Không Khí Làng Phong Hòa - Ruộng Lúa Cạnh Mộ Địa - Nông Dân 11",
  "10251199891582351675": "Đã đạt giới hạn số lần bổ sung",
  "10251235848146905277": "Thương nhân hương liệu",
  "10251237983618376325": "Bản Lưu Trình - Truy Đuổi Chợ Đen - Bổ Đầu Nam Dùng Để Tạo Bầu Không Khí",
  "10251264602591020281": "Khai Phong Kỳ Quái - Yến Oa",
  "10251303513696153795": "Vạn Thắng Trấn - Đại Tống Quan Binh: Đinh Kỷ",
  "10251309798122246296": "Thúy Điểu",
  "10251345612009584342": "Sinh Thái Vật Chủng",
  "1025137725486419193": "【Kỳ】Đệ tử Cửu Lưu Môn lừa gạt Thiên Tuyền Nữ Hiệp vạn kim sau lại nảy sinh tình cảm thật: Vì cô ấy quá rộng rãi với mình.\nMột đệ tử Cửu Lưu Môn sau khi lừa được vạn lượng vàng của Thiên Tuyền Nữ Hiệp đã bỏ trốn, vài ngày sau lại quay về bên cạnh Nữ Hiệp. Tuy vì vậy mà bị bắt, nhưng đệ tử này không hề hối hận, theo lời khai của hắn, hắn đã có tình cảm thật với Nữ Hiệp, vì Nữ Hiệp quá rộng rãi với hắn.\n\n【Kinh】Đệ tử Cửu Lưu Môn vì báo ân, cố ý trộm cắp bị bắt, chỉ là để tăng thành tích cho ân nhân.\nGần đây, một đệ tử Cửu Lưu Môn đã làm gương cho giang hồ về sự trọng ân nghĩa của Cửu Lưu Môn. Đệ tử này vì báo ơn một tên bắt khoá, nhiều lần cố ý trộm cắp bị bắt. Tên bắt khoá này nhờ thành tích của hắn mà sự nghiệp thăng tiến vùn vụt, nhanh chóng được thăng lên làm Đội trưởng Bắt Khoá.",
  "10251382736093898790": "Đang tải dữ liệu",
  "10251383564774594563": "Bao Tự",
  "10251407575185901390": "Chu Nhất Chu",
  "10251420382584946617": "Công tử Vương tốt bụng như thế, không thể để cô gái khác cướp mất được!",
  "10251492396940095243": "Thanh Khê bái sư - Chẩn trị",
  "10251535495601375882": "Xin lỗi, Thiếu hiệp không phải là đội trưởng, không có quyền thao tác.",
  "10251536867727239039": "Điểm này đặc biệt chỉ các vết thương do nguồn nhiệt không đủ gây bỏng lặp đi lặp lại trong thời gian dài.",
  "10251563994736494985": "Hà Kỷ Hi",
  "10251642068456841099": "Sinh Thái Vật Chủng",
  "10251724823447925747": "Nhất Diệp Bình Sinh - Dạ Quy Nhân Võ Quán - Khách Nhân Tiệm Cổ Ngoạn",
  "10251729729740855834": "Sử dụng có thể nhận được danh hiệu [Độ. Thiên Thu mấy anh hùng]",
  "10251829824524903146": "Thuật ngữ · Nhất Chi Xuân",
  "10251838431929770826": "Tải xuống hoàn tất",
  "10251843880852443121": "Đồng cảm +1",
  "10251853641427039490": "Túy Hoa Âm Khách",
  "10251992975365910498": "Ta không thể đi, nếu ta đi rồi, A Trịnh phải làm sao đây?"
}