{
  "11752877924159894694": "Tiểu Thụ Chi",
  "11752900796170834701": "Nhận tiền thưởng từ Lão Kim",
  "11752966438836193433": "<Hãy để ta quan sát một phen trước...>",
  "11753007904464028080": "Trần Gia Tranh",
  "11753012854423822254": "Mộc 12",
  "11753078980946911436": "Đánh bại tất cả kẻ địch",
  "11753104875892796189": "Không... không... luôn ở đây. Ở đây... ấm áp...",
  "11753115911291481696": "Quỷ Thị - Âm Binh Tá Đạo - Âm Binh Tuần Tra - Chung Cực Hiển Hiện - Đội hình 6-5",
  "11753166035888535192": "Trần Khải",
  "11753221645866068678": "Lưu Phái Tháp Liệt Thạch · Quân tầng thứ 8 - Tú Kim Lâu Hắc Y Nhân Cung 1",
  "11753243838583815275": "Sinh thái vật chủng",
  "11753248434093101771": "Tiềm Thủy Chung - Động số 1 Thượng Phù Chung",
  "11753252239422486292": "Ngươi vô tình lạc vào chốn giàu có lụa là này, đang say đắm trước cảnh ca múa rực rỡ trước mắt, bỗng thấy một đệ tử Cửu Lưu Môn vì y phục rách rưới và không có thiệp mời nên bị quản sự trong lầu đẩy ra. Người này vẻ mặt sốt ruột vội vã rời đi, những lời lẩm bẩm tiết lộ rằng lần xông vào lầu này của hắn là vì có một \"nhiệm vụ\" trên người, và nhiệm vụ này dường như liên quan đến \"Lạc Thần\" thần bí.\nNgươi biết, \"Lạc Thần\" chính là biệt danh trên giang hồ của dì Hàm đã mất tích. Vì vậy, vốn chỉ đứng xem, dưới sự quan tâm, ngươi đã đuổi theo nhằm điều tra tung tích của dì Hàm.",
  "1175328547247263966": "Ừm…… nếu phải nói thì là hơi tự tiện làm quen thôi.",
  "11753296347103887630": "Vậy phẩm chất thì sao?",
  "1175331474728683575": "Phòng Chí Cường",
  "11753339733966675835": "Nhấp để vào Nghe Gió Phân Vị, chọn NPC có thể xem #HHộp đồ#E{1}, #HXin#E vật phẩm",
  "11753345803922074872": "Đang tải dữ liệu",
  "1175339426346228890": "Ngươi cũng là người có lòng tốt. Nhưng bệnh của ta, khụ khụ... nói nặng thì rất nặng, dù sao cũng liên quan đến tính mạng. Nói không nặng... khụ khụ... cũng không nặng, dù sao cũng vô thuốc chữa.",
  "11753426437185886557": "Thiên Lai Chi Thanh",
  "11753432337422189023": "Dân Chúng Tìm Thân",
  "11753441837104944971": "Đang tải",
  "11753456681193985093": "Một nông dân ở Phong Hòa thôn, cần cù, chất phác.",
  "11753503300712479074": "Thiếu hiệp, ngươi có nghe nói ở đây có một tay thần xạ không?",
  "11753536506765676226": "Bất Phục Mã Trường - Điểm làm mới chiến lợi phẩm",
  "11753544035826804251": "Tạ Uẩn",
  "11753558238487891962": "【Giới Bi - Truyền Tống】",
  "11753605539183536914": "Người giang hồ Quỷ Phàn Lâu",
  "11753626304245813302": "Cố Vân Chưởng Môn",
  "11753639705685232822": "Hoàng Lạc Tư",
  "11753694861006001896": "Nút chọn nghề sinh",
  "11753700809561631382": "Trường Sinh Vô Tướng",
  "11753742000620182175": "Thức đêm ba ngày chạy hàng: Khai Phong không tin nước mắt!",
  "11753822868157361884": "Mở",
  "11753823175611834205": "Thanh Hà Kỳ Ngộ Nhất Thanh Kiến Phật - Chiếu Mão Khang",
  "11753857967474428698": "Kỹ năng 2 - Phi Trần Dẫn - Đạn độc 26",
  "11753929508689920079": "Ngư Bách Xuyên Tổ tạo không khí 54",
  "11753972395075198096": "Tương truyền ở núi Chung Nam có một đạo sĩ vô danh, ngộ tính cực cao, tính lại tham ăn, đặc biệt thích sự tươi ngon của cá, ăn liền mấy chục năm không chán. Có người khuyên can, ăn thịt không lợi cho tu hành, đạo sĩ vô danh cười nói: \"Ta thích ăn cá là để cùng hắn tu đạo, ngày sau cùng nhau đến tiên phủ.\" Đạo sĩ già rồi, sắp chết đến nơi, chợt có một giấc mơ, trong mộng sơn linh hóa hình, trách ông không công bằng, chỉ thân thiết với cá, đưa hắn bay lên. Đạo sĩ tỉnh dậy, vào trong núi, hái hết các tiên linh trong mộng, nấu cùng canh cá, hương thơm ngào ngạt. Đạo sĩ vô danh, ngộ tính cực cao, tính lại tham ăn, đặc biệt thích sự tươi ngon của cá, ăn liền mấy chục năm không chán. Có người khuyên can, ăn thịt không lợi cho tu hành, đạo sĩ vô danh cười nói: \"Ta thích ăn cá là để cùng hắn tu đạo, ngày sau cùng nhau đến tiên phủ.\" Đạo sĩ già rồi, sắp chết đến nơi, chợt có một giấc mơ, trong mộng sơn linh hóa hình, trách ông không công bằng, chỉ thân thiết với cá, đưa hắn bay lên. Đạo sĩ tỉnh dậy, vào trong núi, hái hết các tiên linh trong mộng, nấu cùng canh cá, hương thơm ngào ngạt.",
  "11753999740007128401": "Thần Tiên Độ Đấu rượu Thổ Thôn Dân (Hiệu dụng)",
  "11754054848726800935": "Kê",
  "11754065912072102955": "Phi Tướng Đoạn Thủy",
  "11754068944508472526": "Chu Vũ Lâm",
  "11754090150486183154": "Cơ bản",
  "11754107561728388293": "Đinh Kỷ Văn",
  "11754132850044803865": "Rượu hoa cúc.",
  "11754143066742333792": "Không Khí Tường - Ngoại Vi",
  "11754151062879764434": "Mộ Từ",
  "117543089887615318": "Trò chuyện với Tòng Thập Hương",
  "11754326504896190907": "Hoàng Lạc Tư",
  "11754344204042976073": "Lưu Minh Sách",
  "11754418785044412089": "Vui mừng khôn xiết",
  "1175443830104954446": "Cao thủ giang hồ Vạn Sự Tri Thư Ái",
  "11754445166980755791": "Số",
  "11754492055433474458": "Ái Khốc Quỷ Vạn Sự Tri Thối Sắc Trường Mệnh Lũ",
  "11754503779496195195": "Lưu Phái Tháp Phá Trúc · Phong tầng thứ 9 - Đại Tống Quan Binh Kỳ Chí Hiệu Giác 3",
  "11754509755865892033": "\"Người phương Nam, lấy nếp và gạo, trộn với các loại thảo dược làm bánh. Ngửi thì thơm, nhai thì cay, cầm trong tay thì rỗng và nhẹ, đây là loại bánh ngon nhất. Ta ban đầu lấy bột trộn với nước gừng, hấp cho nứt mười, xâu lại phơi gió, càng lâu càng cay, đây là tinh hoa của loại rượu này.\"",
  "1175452657119782164": "Ngươi đưa tay đỡ hắn dậy — một mũi đao sắc bén xé gió lao tới, ngươi vung kiếm đỡ lấy một đòn.\n\"Hà Bá\" đột nhiên ngẩng đầu, mắt lộ tinh quang, hắn cuối cùng cũng đợi được, người hắn chờ đợi...",
  "11754601320129667699": "Không rõ",
  "11754603093170852469": "MSD Thiên Công Địa Quật 005-P3 Kim Chế Nhất Phẩm Bảo Tương",
  "1175460693913410705": "Hôm qua rõ ràng ta không... là người đó! Ồ, nhìn trí nhớ của ta này ha ha ha, các ngươi lấy được thuốc giải là tốt rồi.",
  "11754617913850333540": "Giang Hồ Nhân - Hiệp Khách Nữ",
  "11754686289717988793": "Bất Tiện Tiên - Điểm làm mới chiến lợi phẩm thêm mới 359",
  "11754710676444484209": "Hôi Thố",
  "11754792996676127856": "Hẻm thứ mười sáu",
  "11754808911048087720": "Du Nhai Ném rau - Lão nhân nam - 55",
  "11754834650641128285": "Sinh thái vật chủng",
  "11754869675693435581": "Sinh thái vật chủng",
  "11754872580806342906": "Nhất Diệp Bình Sinh - Dạ Quy Nhân Võ Quán - Tấm nền - Khất Cái",
  "11754951453238879928": "Bản tính tham tiền, vì tiền mà cực kỳ keo kiệt những món lợi nhỏ.",
  "11755030151312052338": "Nhìn xem, xem xem! Cuộc thi đấu vật hấp dẫn và kịch tính nhất toàn bộ Khai Phong Phủ!",
  "11755035238707680389": "Phòng Chí Cường",
  "11755112930494519065": "Nâng độ khám phá khu vực đến",
  "11755115582217161965": "Vương Xuân Hoa",
  "11755117657391838672": "Sinh thái vật chủng",
  "11755235774192366775": "Nội Môn Đệ Tử",
  "11755237081056742253": "Khí độc thường thấy trong nơi sản xuất Mộng Khôi, hít thở quá nhiều sẽ nguy hiểm đến tính mạng.",
  "11755257296732772455": "Thế giới đẳng cấp - Phật Gia Trại - Tửu Nhục Hòa Thượng (Cung)\\nTuần Tra Định Chế Động Tác: Hữu",
  "11755296926837843545": "Cuộc phiêu lưu sẽ tiếp tục",
  "11755307915048245891": "Hiệp khách vùng Khai Phong mười lăm năm trước ——",
  "11755355782342867434": "Dương Thốn",
  "11755372908107882491": "Đối thoại",
  "1175538087635821289": "Chứng kiến da dẻ dày dặn, hoặc cơ bắp đau nhức, lâu ngày không khỏi, cũng có thể dẫn đến tay chân không tự chủ.",
  "11755404806039293100": "Định thân",
  "11755425714342420594": "Thấp",
  "11755444565569448737": "Ta tuyệt đối không để một người đơn純 như ngươi bị nàng ta dụ đến Túy Hoa Âm!",
  "11755447725638636510": "Mạc Kim Hiệu úy · Phần hai",
  "11755465246897601635": "Ta đương nhiên biết rất khó, cho nên... ta không phải đang tìm cách sao!",
  "11755486851022605810": "Phòng thì nghỉ",
  "1175553386433909241": "Di động đao phiến hãm tịnh",
  "11755551146631768086": "Điền sung dụng Sĩ binh tháp lâu Tuần tra 6",
  "11755555893564075531": "Vi phạm pháp luật",
  "11755590123354419429": "Cấp bậc không đủ, chưa mở hệ thống bang hội!",
  "11755636456248337893": "Kim Minh Trì - Phá toái thuyền chỉ",
  "1175566361953786625": "Ha ha, thiên hạ rộng lớn, nơi nào mà không đi được? Chúng ta tự đi đến nơi cần đến.",
  "11755684644027856578": "Đồ đàn bà thối…… hại ta…… không về được nhà…… hụ……",
  "11755690737260211048": "Bà La Hoa - Chân (Thử nghiệm)",
  "1175569928489871107": "Hoa Trung Thừa",
  "11755727151827575041": "(Chuyên dùng để thử nghiệm) Khí huyết tối đa trị tăng thêm 100000, vĩnh cửu sinh hiệu.",
  "11755748334362721231": "Hiệp khách tài năng xuất chúng! Lại có thể tìm được vật phẩm này!",
  "11755752327561595260": "Cửa hông?",
  "11755758414029370703": "Ai?!",
  "11755760560174060525": "Tang Hồn Lâm - Chiến trường ăn gà - Thương nhân chiến trường - Cố định",
  "11755800752837446933": "Đổng Xuân Văn",
  "11755805452683733767": "Thử nghiệm - Bách Nghiệp Thủ Hiệt - Tái Quý Tưởng Lệ Trình Bày - M8 Bản Bổn Lâm Thời",
  "11755806500537378087": "Bắn ra mũi tên có hiệu ứng nổ",
  "11755860534547028065": "Đối thoại",
  "11755861452944426905": "Khổ Hạnh tu 71",
  "1175595240742208608": "Thường Bình Thương - Tiết Bình",
  "11756037384208701155": "Đối thoại",
  "11756048184909647401": "Vào vòng chung kết",
  "11756129945341165428": "Theo lệnh của Phủ Doãn đại nhân, thu nộp tiền nhà Đường!",
  "11756148574529364724": "Lý Truyền Xích Tố",
  "11756228014785616736": "Đang thử luyện, không được rời đi!",
  "11756230431383426561": "{2}\nThân thể có chút không khỏe, theo chẩn đoán của danh y {0}, bệnh ta mắc phải là {1}.",
  "11756260359961562718": "Kiều phu trên núi Ẩn Nguyệt, chứng kiến sự hưng suy biến đổi của Thái Bình Chung Lâu.",
  "1175628348879378656": "Ăn uống không sạch dễ mắc bệnh, bụng tích thủy khó khỏi, lâu không chữa sẽ sinh lỵ tật.",
  "11756283876531647284": "Ngọc Mã Hành - Chiếc túi nhỏ xám xịt",
  "11756294901122419391": "Vô Môn Vô Phái",
  "11756322083744086419": "{2}\nThân thể có chút không khỏe, sau khi được danh y {0} chẩn đoán, bệnh mà ta mắc phải là {1}.",
  "11756382224951566566": "Tiểu hữu gom đủ tiền rồi hãy đến chơi nhé?",
  "11756384936841650437": "Lai Sinh Ngạn Độc hoa 3",
  "11756443655678032351": "Võ Thành Vương Miếu - Quan bế cơ quan",
  "11756449318500998352": "Đối thoại",
  "11756489338109329390": "Nơi có nhiều câu chuyện nhất thiên hạ chính là Trà phường Giang thị, muốn tìm câu chuyện về Kim Diệp Tử và Bất Tử Thụ, đương nhiên phải đến đây.",
  "11756518535954972327": "Thụ nghiệp",
  "11756553464492859654": "Bảo Tương",
  "11756656093170670922": "Túi tiền",
  "11756724317924779780": "Mỹ vị kinh hỉ - Đả hỏa chiết",
  "1175673349749398476": "Đang tải",
  "11756764284369237178": "Bệnh phát tác, gây sát thương nội tà nhẹ, tấn công bệnh trạng tăng nhẹ!",
  "11756782227552427519": "Tiểu Thụ Chi",
  "11756830642193323164": "Phủ nha Đại Tống",
  "11756853469231630689": "Ngựa ngươi xem, ngươi là nam ta cũng là nam.",
  "11756866682519896878": "Cơ bản",
  "11756949908751261435": "Tăng Khí Huyết",
  "11756962590526854138": "Không rõ...",
  "11757011559726298088": "Lục Tật Quán Phức hợp giải mê - Tang Ký Sinh Di Thư",
  "11757029468020052813": "??·Thần tượng khổng lồ bí ẩn",
  "11757034363895096759": "Không cày Đoạn vị tưởng lệ 24",
  "11757046954699983822": "Nghe nói, dưới đáy #HẨn Long Uyên#E của Xuân Thu Biệt Quán, có một tấm #HKhải Thệ Chi Bia#E, nơi đó chứng kiến sự khởi đầu, cũng chứng kiến sự phục hồi cuối cùng của Huyền Kiếm.",
  "11757071274137681251": "Thoại thuật quan tạp",
  "11757075891175283718": "Một loại bệnh chứng do tình chí không thông, khí cơ uất kết gây ra, có phân chia thực chứng và hư chứng. Thực chứng có khí uất, khí uất hóa hỏa, đờm khí uất ba loại, hư chứng chia làm tâm thần bị uất lâu ngày và âm hư hỏa vượng hai loại.",
  "11757089405613676204": "Đại Thế Giới - Lục Lâm - Thảo Tặc - Trì đao - Yếu D",
  "11757124198723443221": "Lục Thải Sơn Kê",
  "11757148620813721065": "Người phụ nữ đó? Ngươi, ngươi đã gặp cô ta? Ngươi đã gặp con gái ta? Nàng ấy ở đâu?",
  "11757149074653418864": "Bảy năm trước, trụ trì Miếu Thiện của Từ Tâm Sơn Viện đối đáp trước ngự trước khi chấn động thiên hạ, Từ Tâm Sơn Viện từ đó trở thành ngôi chùa lớn nhất Thanh Hà.",
  "11757153532566045434": "Kỹ Chấp Ca Định Âm",
  "11757170807623906470": "Phật tử",
  "11757179156679240423": "Ghi nhớ sau khi đối thoại với Chân Bình An",
  "11757203067302365548": "Đối thoại",
  "11757218842750142822": "Triệu hoán Tang tâm bệnh cuồng Đại nga -- Đa nhân mô thức Ma Vương Nga Đản",
  "11757255491716983499": "Không ham muốn người khuân vác nước mắt người lìa xa tiên nhân, rượu say trăng sắp đến, công việc ngày càng bận rộn.",
  "11757283360214454676": "Hồng trần nhuộm máu, về đâu?",
  "11757303509654578881": "Kiến Long Quan - Lâm Xảo Nhi",
  "11757305305129006584": "Phật Quang Đỉnh - Điểm làm mới chiến lợi phẩm",
  "11757357293549530863": "Chức năng sửa đổi xưng hô tùy chỉnh đã tạm thời bị cấm, nếu có thắc mắc vui lòng liên hệ dịch vụ khách hàng",
  "11757393479226353051": "Hoàng Hà Quỷ Quan Hắc Hoàn - Dùng để sửa miêu tả",
  "11757457679450472578": "Tổ chức Bách Nghiệp xây dựng thêm thành phần mới 603",
  "11757489106398006613": "Đối kháng đồng cảm với đối thủ. Khả năng kháng đồng cảm càng cao, mối đe dọa do đối thủ gây ra cho phe ta càng nhỏ.\n(Chuyển hóa từ thuộc tính “Chứng”)",
  "11757517637106189940": "Đêm Hè",
  "11757567042103502308": "Tặng kèm khi mua thời trang Bạch Y Tu La",
  "11757592312365930084": "Kỳ Ngộ Người Trong Giếng - Lý Oa",
  "11757603933353859938": "Nhà xí",
  "11757611636959403502": "Hoan Lang",
  "11757642069963491805": "Vô Tu Đa Đà",
  "11757653307441852707": "Võ Đạo",
  "11757663919688740757": "Kết giao bằng hữu",
  "11757675640011234236": "Thương nhân người Hồ đến từ nơi xa, đến thành Khai Phong để mua sắm những vật phẩm tốt.",
  "11757740827689690369": "Hồng trần nhuốm máu, về đâu?",
  "11757742677723259723": "La Ngũ",
  "11757762730847751961": "Đang tải...",
  "1175784728526835098": "Thụy Đạo Nhân - Boss",
  "11757957835329036023": "Người bán hàng nhanh chóng bày ra bia bắn cung",
  "11757980326769798957": "Thẩm Mạnh Tư",
  "11758008129086487423": "Anh Vũ",
  "11758035083102463416": "Tịnh trần",
  "11758057549257837926": "Chất lượng hiệu ứng",
  "11758067186369401659": "Quả Nhi nói, mang theo... thì... không sợ gặp người...",
  "11758120699678812338": "Bát",
  "11758131499939090101": "Hội họa thư pháp Ngụy Tấn",
  "11758172846498477215": "Ngỗng trắng đầu đen mắt rực",
  "11758180287178726204": "Điệp âm",
  "11758183242336883355": "Cứ đi đi...",
  "11758227333526568017": "Nhìn cây kia.",
  "11758325787145329355": "Quy tắc Tuyệt Chướng Lâm",
  "11758333783466388310": "Bách Nghiệp tổ chức xây dựng thêm thành phần 562",
  "11758390307070628522": "Nhanh lên, cho ta uống hai ngụm rượu của ngươi để trấn tĩnh lại.",
  "11758398339522914749": "Chưa trang bị vũ khí",
  "11758404507761047243": "Bán kết",
  "1175841142038445844": "Sinh Vật Học",
  "11758452170911479098": "Tấu chương bị bác bỏ rồi?",
  "11758453124767796001": "Khiến NPC bỏ chạy",
  "11758456462506115324": "Lấy sương làm quê hương",
  "11758457159362871878": "Sáng lập tổ sư",
  "11758514308979589490": "Triệu Vĩ Nghiệp",
  "11758526699456366768": "Rút bài vượt quá số lần quy định",
  "11758576333806839137": "Đàm thoại",
  "11758588650372938007": "Sinh Vật Học",
  "11758607434705020727": "Trương Thạc",
  "11758607843251041465": "Sinh Vật Học",
  "11758637199153068149": "Trang Đề Cử Cửa Hàng - Bản Di Động - Lý Dục - Nữ",
  "11758731899407924425": "Ấy, ngươi nói cho ta biết, lão bản nhà các ngươi, rốt cuộc là vì sao luôn giữ vẻ mặt lạnh lùng vậy!",
  "11758745389870825424": "Trụ ngang",
  "11758776623067943059": "Làm sao các ngươi vào được?",
  "11758795306229081675": "Lần đầu trải nghiệm Cuộc thi Thu hoạch",
  "11758821222374929064": "Đại Mê Lộc (Cái)",
  "1175883313012217989": "Thái Thương Túc Võ Lâm Lục - Đạt An Thôn - Thủ Mộ Nhân Trịnh Văn Hoán - Đêm",
  "11758850962184714788": "Nấm",
  "11758883373389376637": "Năm tháng khó ghi",
  "11758893983647257796": "Người đó là ai, sao lại nói chuyện với ngựa?",
  "1175889901464512892": "Trần Gia Tranh",
  "11758903306659399749": "{3}\nTa vào năm {0} mắc bệnh {1}, sau được danh y {2} chữa trị, cuối cùng đã khỏi bệnh.",
  "11758912189347048666": "Tị kiếp",
  "11759055701818803231": "Thành tựu theo mùa",
  "11759070875780633322": "Bình Dân - Nữ Nhân Tạp Dề",
  "11759088812577861215": "Đừng đánh ta!",
  "11759102062456059102": "Nam Môn Đại Nhai - Thăng Bình Kiều - Tuần Tra",
  "11759212097632804406": "Cửa hàng hoa#a66829giá rẻ#E của Kiều Hồng Dược có rất nhiều hoa cỏ, mặc dù bình thường bị gà nhà Giả Tứ Xương làm hư không ít, nhưng bà ấy chưa từng truy cứu, chỉ là lần này chuyện tình có vẻ hơi khác biệt.",
  "11759228874080678000": "Thời hạn hiệu lực của Hiệp danh sau khi nhận được là {}",
  "11759292876755051790": "Tám vị tiên qua sông, mỗi người một phép thần thông\nĐối đầu trực diện, ám sát lén lút",
  "11759300651557726256": "Khiên Ti · Ngọc Tháp 5-2 - Bàn Mộng Khôi Tinh Anh - 2 Con",
  "11759336531054602100": "Đối thoại",
  "1175933687606702935": "Y Đao",
  "11759359829714258203": "Mạc Tuấn Nghĩa",
  "11759518560898756964": "Thử Nghiệm Điểm Móc Hộp Xích Sắt (Mặc Sơn Đạo)",
  "11759532466156941699": "Tìm thầy hỏi bệnh",
  "11759587536744846427": "Vậy ngươi muốn, không bằng đưa ca ca Phù đi gặp bác sĩ?",
  "11759591709545669793": "Bần tăng đã sớm đoán được... Ba năm nay bần tăng vẫn không dám xuống núi, chính là vì sợ phải đối diện trực tiếp với cảnh tượng thảm khốc năm đó...",
  "11759615993888752613": "Triều Sinh Mộ Lạc Hoa - Tái Sinh Hoa Bào Đơn Thể - Nhất Tiễn Tam Liên Động Quật Định Chế Phóng Đại Va Chạm",
  "11759647925963758627": "Bội - Tiên Ty Lâm Kim 2",
  "11759681423658684145": "Tướng Quân Từ Tam Phẩm Bảo Tương 8",
  "11759699824963439400": "<Khiêu Tơ Tấn Công|780|#C|151> tăng, hiệu quả tăng theo cấp độ chế độ đơn (Hiện tại: #Y{0:.1f}#E-#Y{1:.1f}#E điểm).",
  "11759732672660237038": "Quay về khu vực nhiệm vụ",
  "11759743090624169561": "Trong đấu khẩu thuật, khi đối phương sử dụng phái #HCuồng Ngôn#E, sát thương #HCông Kích Cuồng Ngôn#E mà ta phải chịu sẽ được giảm trừ dựa trên #HPhòng Ngự Cuồng Ngôn#E của ta.",
  "11759749689955706786": "Sử dụng sẽ học được công thức Bò Hầm Kho.",
  "11759835722823750224": "Thưởng Theo Giai Đoạn Thăng Cấp",
  "1175984278509403230": "Ngoại thương",
  "11759870083118359337": "Giày mềm",
  "11759917186421840427": "Vô Ưu Động - Khán Giả Đại Chiến Quỷ Phàn Lâu - Khu Vực 6-5",
  "11759952435099441852": "—— Tống 《 Thánh Tế Tổng Lục · Quyển 74 · Tiết Tướng Môn · Tiết Tướng Tổng Luận 》",
  "11759996596845527910": "Giang Vô Lãng",
  "11760096766684079836": "Âu Dương Thư Chu",
  "1176010115444356843": "Sát Thủ Cung Tiễn Địch Tập",
  "11760191585294381395": "Nắn xương trị thương",
  "1176019415870241827": "Bất Tiện Tiên - Điểm Làm Mới Chiến Lợi Phẩm Mới Thêm 41",
  "11760208895871209340": "Nhất Diệp Bình Sinh - Dương Liễu Ngạn - Bảng Nền 6",
  "11760263531758569786": "Bàn Thạch Quyết",
  "11760268042639862879": "Đối phương đã say rượu, hãy để hắn tỉnh táo lại.",
  "11760305035444627584": "Cành Cây Nhỏ",
  "11760327816542253840": "Sao có thể! Nguyện vọng năm mới của ta chính là đánh bại con ngỗng lớn bên hồ!",
  "11760387199904265552": "Trần Gia Tranh",
  "11760403202543717676": "Chưa có manh mối",
  "11760443499229452652": "Hồi phục 25% khí huyết trị",
  "11760448404588069030": "Trương Chấn",
  "11760453067894522145": "Trần Thần",
  "11760453748621085892": "Trái... phải... trái...",
  "11760508902442701390": "Cành Cây Nhỏ",
  "11760520171035227425": "Không Khí Vũ Y Lâu - Tư Thập Thất",
  "11760524668738519061": "Ta từ phía sau trấn đi tới, sao nơi kia lại có một căn nhà cũ lớn như vậy, không có người ở?",
  "11760554445025610198": "Trương Chấn",
  "11760571921351231531": "Lý Tử Thần",
  "11760589344393149145": "Thành thị",
  "11760652116328993465": "Sinh Vật Học",
  "11760672995299966915": "Hồi phục mỗi giây kỹ năng tích lực",
  "11760681116262865299": "Hiệu suất thu thập Ngọc Mê tăng",
  "11760711151040901382": "Trần Khải",
  "11760720766824873234": "Bào Văn Húc",
  "11760742853306734285": "Phó Bản Tuần Mới Song Boss - Độ Khó Thường - Boss 2",
  "11760761433712184888": "Nghỉ ngơi",
  "11760802377427567575": "Hoàng Lạc Tư",
  "11760814311255047399": "Sinh Vật Học",
  "11760840677016891381": "Lão bá, ngài có nghe nói chuyện nhà Trương Tứ Lang chiêu công không, không biết ở đây có người nào thích hợp...",
  "11760880607385487704": "Khụ khụ……Đã ta khỏi bệnh rồi, cũng không truy cứu ngươi nữa! Ta đi trước đây, lần sau, à không, vẫn là đừng gặp lại nhau thì hơn.",
  "11760888808369324085": "Cấp Độ Thế Giới - Phật Gia Trại - Tửu Nhục Hòa Thượng (Nguyệt Nha Sạn)\\nĐộng tác tuần tra tùy chỉnh: Có",
  "11760888925597081649": "Phòng Chí Cường",
  "11760903604398088974": "Triều Sinh Mộ Lạc Hoa - Tái Sinh Hoa Bào",
  "11760938256387132493": "Khai Phong - Kỳ Ngộ Trong Giác Môn - Đồng Cam Cộng Khổ",
  "11760938826214851859": "Một tai",
  "11760974067417158143": "Phong Hàn",
  "11761016193976073082": "Trần Thật",
  "11761069255262392388": "Lương Tử Hàn",
  "11761114071342335241": "Thật sao?! Không ngờ ngươi lại là người trọng tình trọng nghĩa!",
  "1176113998558601322": "Cung cấp nguyên liệu cho bất kỳ dây chuyền sản xuất nào của Tổ Chức Bách Nghiệp 1 lần ({0}/1)",
  "11761156771433785990": "Phun lửa",
  "11761167142535562800": "Tư Uất",
  "11761174204761990775": "Người này đang niệm cái gì vậy?",
  "11761189192377574562": "Diệu Thiện Châu - NPC Tạo Không Khí Dương Huyệt",
  "11761195322035028389": "Tải ảnh lên",
  "11761203175497562058": "Một cuộn bí văn, trăm loại tinh yếu. Kỳ thuật giang hồ, đều gói gọn trong này.",
  "1176121901201077042": "Khách Túy Hoa Ấm",
  "1176123034139872148": "Vô Ngã · Nhị",
  "11761264772833954299": "Thử Thách Thùng Thuốc Nổ 3 - Xạ Tiễn Nhất Tinh",
  "11761274048697674528": "Hủy bỏ va chạm",
  "11761310362944150863": "Ngọc Mã Hành - Túi Nhỏ Bám Đầy Bụi",
  "11761347832057060730": "Hắc Y Nhân Cung Tiễn - Xạ Y Đao",
  "11761376482409609377": "Đinh Kỷ Văn",
  "1176138187952383204": "Hoàng Lạc Tư",
  "11761383836283460655": "Linh kiện xây dựng, dùng để dựng nhà.",
  "11761429010271875803": "??",
  "11761434057091608093": "Nhất Diệp Bình Sinh 2 - Cựu Chỉ Tư Nguy Viên - Bảng Nền"
}