{
  "11399462454529456590": "Hiện tại xưởng thợ vừa có đất hoang muốn bán, ngươi có muốn đi tham gia đấu giá không?",
  "11399493210830844363": "Hà Kỷ Hy",
  "11399516591240225788": "Thu thập Hoa Tệ",
  "11399518142839712119": "Cảnh Uẩn",
  "11399543505303597788": "Hoàng Vũ",
  "11399560363063762481": "Quay đi quay lại vẫn ở đây",
  "11399575467451066821": "Hoàng Vũ",
  "11399643557029944943": "Khu Thành Môn - Quan Diêm - Tiểu Lại Vụ Án Đô Diêm",
  "1139965248983516013": "Lưu Dụ",
  "1139965963049960688": "Công nhân",
  "11399659714358068630": "Có thể chế tạo sau khi mở khóa công thức chế tạo",
  "11399665890314343720": "Lương Tử Hàn",
  "11399710155668765604": "Kỳ Ngộ - Cửu Lưu Gì Đó",
  "11399772556597492387": "Trúng huyệt mạch bởi chiêu thức hiểm độc",
  "11399774769907890517": "Điều tra",
  "1139981881418698892": "Dân làng Phong Hòa Thôn",
  "11399880703348012962": "Nhiệm vụ tiền đề không thỏa mãn",
  "11399892256870283930": "Triều Vũ Khinh Trần",
  "11399922376796527739": "Dế Mèn",
  "11399935821032969627": "Chẳng lẽ, là con ngựa này...",
  "11399967218515366670": "Nhận được khi tham gia lối chơi đồng hành, lối chơi liên kết.",
  "11400008182972020811": "Thám hiểm Tuyết Sơn lần nữa 【Ghép đôi tự động】",
  "1140001591817336355": "Chế độ Phong Vân",
  "11400046561868192150": "Khu Đánh Cắp Kỹ Năng Cửu Lưu Môn - Vòng trong 2",
  "11400099656741702788": "Yến Đại Thiết",
  "11400133775752925594": "Kho Hàng - Y Sĩ 4 Tính Sổ - Toàn Ngô Tình Vân",
  "11400161549225576224": "Túy Hoa Âm - Không Khí Lầu Hai Phàn Lâu - Nam Khách",
  "11400249362754422398": "Vạn Thắng Trấn - Phu Vận Chuyển Bang Tào: Sa Đại Tráng",
  "11400288502323154006": "Diêm Phi",
  "11400330099346824291": "Vật phẩm do Đạo sĩ luyện chế, tương truyền có tác dụng kéo dài tuổi thọ, nhưng cũng có không ít đạo sĩ luyện ra Kim Đan bị nổ buồng... Khi nổ buồng uy lực rất mạnh, có thể có công dụng khác.",
  "1140035317086363870": "Phúc Bồn Tử",
  "1140036491342183667": "Đồ trang sức dây thắt lưng",
  "11400377314398186597": "Lọc",
  "11400384779319613607": "Thang Lầu Thái Nhạc Đài",
  "11400387385434697366": "Lục Sắc Sơn Kê",
  "11400437303796201936": "Trường chưa tải trường dữ liệu npc cấu hình G.space._preload_",
  "11400484171099436528": "Sinh Thái Vật Chủng",
  "11400508778661644728": "Số lượng {} quan hệ của ngươi đã đạt mức tối đa, không thể kết bái.",
  "11400617418667761176": "Trấn Thủ Bảo Tàng - Rương Báu Boss - Chiếm Chỗ",
  "11400640846274532245": "Khai Phong Võ Quán - Nội Môn Đệ Tử - Dương Lực",
  "11400684631618671515": "Mục Vật Phẩm 15, Phần Thưởng Hạng 2",
  "1140073788570311810": "Đang tải dữ liệu...",
  "11400738307077877571": "Gia Nhiệt",
  "11400767938318428917": "Không cần không cần, chỉ là việc nhỏ thôi~ Hay là ta nói cho ngươi nghe về kỹ năng làm thơ của ngươi...",
  "11400790382832896974": "Giới hạn huyết khí#Y+3.75%#E",
  "11400793893440273043": "Chu Vũ Lâm",
  "11400852313781158225": "Tam Canh Thiên · Trường Tập",
  "11400920623686811915": "Chu Vũ Lâm",
  "1140093483154696563": "Phong Vân Vô Tướng",
  "11400934868121742479": "Chiếc bánh đường này cứng ghê răng, như thể bị người ta ghét bỏ mà ném ở đây... Nhưng nó lại được đặt ở đầu thôn... Chẳng lẽ là một trong những món ăn bị bọn trẻ bị trộm đi ư, trả lại cho bọn trẻ đi.",
  "11400948294339188386": "Đang tải dữ liệu",
  "11400984990199302411": "Hoa Trung Thừa",
  "1140099287099779772": "Các món ngon khắp nơi",
  "11401013635503420476": "Đề bạt",
  "11401016970472061148": "Trời quang",
  "11401074871527439298": "Cảnh Uẩn",
  "11401192401241187021": "Thi ân lưu thần...",
  "11401201059193157656": "Trấn Thủ Thường Bình Thương - 17.5 - Lối Đi - Điểm Truyền Tống",
  "1140121606721484572": "Trộm Học - Thiên Tuyền - Lính Canh Ngã Ba 8",
  "11401222776231564262": "Cung Tiễn Nỗ Pháo",
  "11401249715070221855": "Đang tải",
  "11401320941057510976": "Chịu thua",
  "11401352329707374175": "Khai Phong Chủ Tuyến",
  "1140138840471569657": "Điền Dã",
  "11401417058880693353": "Ngư Long Mạn Diên - Bảng Nền Tĩnh",
  "11401443589189381636": "Thời gian hồi chiêu: 90 giây.\nChém ra hai đòn chém phạm vi lớn về phía trước gây sát thương lớn, đồng thời bản thân nhận đủ Hỏa Nghiệp và trong vòng #Y10 giây tiếp theo hồi phục 10 điểm Hỏa Nghiệp mỗi giây#E, và tiến vào trạng thái #YPhi Thiên Nộ Tướng#E. Trong thời gian này, miễn nhiễm hiệu ứng làm câm do Kỳ Thuật gây ra, và đơn vị bị Đao Pháp Thiên Nộ đánh trúng đều sẽ nhận hiệu ứng cấm hồi phục #Y6 giây#E.",
  "11401455782719797357": "Hàn Nhĩ Binh",
  "11401507672135484848": "Phủ từ",
  "11401516405840825969": "Tiệm rèn bên sông, trong túi đồ có chứa danh kiếm, thử xem có thể dùng lời nói để xin được không!",
  "11401654877699691947": "Đệm vải",
  "11401671329920885026": "Mẫu Tường Vô Hình",
  "11401674042893706301": "【Hiệu ứng】 Phù thiếp",
  "11401678417967766114": "Vô Ưu Động - Thiếu Nữ Phòng Vô Nhan",
  "1140169604644966005": "Đi đến Đồng Bê Hồng Trần Kiếp",
  "11401730934468823087": "Phu nhân... gia chủ... gia chủ hình như chỉ ngất đi thôi...",
  "11401746208079686456": "Về phía đó!",
  "11401751655012885481": "Vạn Thắng Trấn - Tuần Tra Kim Minh Trì 14",
  "11401781882832388398": "Phúc Bồn Tử",
  "11401798874184641759": "Chở hàng",
  "11401881928421952733": "Hoạt huyết hóa ứ",
  "11401884556546112884": "Ác bụng",
  "11401888832848831738": "Bách Nghiệp của chúng ta đã được thành lập thành công!",
  "11401898247241702449": "Xích Đồng",
  "11401983461844329399": "Ngư (Thay Thế Bằng Ẩn Ảnh Phi Ngư)",
  "11402122907037377241": "Đối phương nhiều lần phá hoại tài sản công cộng, vi phạm luật lệ, không có ý hối cải. Đặc biệt treo thưởng bắt giữ.",
  "11402128947912809155": "Phân chia khu đất",
  "11402173263894775389": "Kim Sang Dược",
  "11402179446007212779": "Chỉ cần rìu trong tay chúng ta đủ khỏe, những kẻ muốn bóc lột dân chúng sẽ không làm được gì!",
  "11402197651658337200": "Trúc Lâm Cựu Cư - Điểm Tái Sinh Chiến Lợi Phẩm 489",
  "11402210482496985222": "Tiểu Chùy",
  "11402283580374496407": "Cật Kê Cửu Trọng Thuần Sắc",
  "11402316999303039045": "Thạch Thời Lục",
  "11402329452211436447": "Đạt đến bậc {} trong sinh kế sẽ mở khóa tự động thu thập manh mối!",
  "11402343405667617226": "Tăng hiệu quả tất cả võ học",
  "11402419004809493839": "Khinh Công Tổ Kiện Tương Tác 20 Mễ",
  "11402499041616698088": "Ngươi canh bên ngoài, ta dẫn những người khác xuống xem thử.",
  "11402527835183575494": "Bảo Tàng · Khai Phong",
  "11402537064823473325": "Âu Gia Hạo",
  "11402560927289361768": "Nham Nhược Cô Tùng Độc Lập, Túy Nhược Ngọc Sơn Tương Băng. Ngọc Sơn Quân Trần Tử Hề ngàn dặm cỡi ngựa, dám đối địch với thiên hạ.",
  "11402581744677997792": "Đối thoại",
  "11402611881669182720": "Vậy xin đa tạ tiền bối.",
  "11402648323954574930": "Trưng Bày Phần Thưởng Hoạt Động Giảm Gánh Nặng Tâm Lực",
  "11402686752338049023": "Dương Trụ Vũ",
  "11402706934885172140": "Thành lập",
  "11402723038324735385": "【Chính Thức】Rương Báu Gỗ Tam Phẩm - Khai Phong (Cự Ly Truy Tung Ngắn)",
  "11402768281408105272": "Đồng Du Tệ *10",
  "1140280909180381393": "Tam Đẳng Bảo Tàng",
  "11402823848295444955": "Cổ Tư - Giai Thê - Văn Sĩ 9",
  "11402870129999205590": "Sau đó ",
  "11402912510234170497": "Thôi, 'ngành nghề chuyên môn' được không! Cho ngươi tùy tiện đụng vào vài cái, không chừng cả xe đều hỏng mất!",
  "11402964649923822951": "Một vò rượu, một vò rượu, uống cạn một chén, tối nay không cần đi! Lại đây nào —",
  "11402972170963237092": "Lục Sắc Sơn Kê",
  "11402975767189173239": "Đánh giá tàng kiếm và khả năng của nhân vật được kéo dài thêm #Y4#E giây, tăng hấp thụ máu thêm #Y10%#E.",
  "11402986788904017148": "Kiểm tra xác thực khách hàng của mã vật phẩm không nhất quán, chấp nhận thất bại",
  "11403003452075400257": "Xác nhận",
  "11403015330296154115": "Thẩm đánh người, ngài không sao chứ? Những bệnh nhân này... Rốt cuộc đã xảy ra chuyện gì?",
  "11403024198506191499": "Văn Sĩ - Luận Đạo Thoại Thuật - Bản Thự Lâm Thời",
  "11403097700100235657": "Hoạt Động Trấn Thủ - 80 Rương Báu Thanh Hà",
  "1140313342506595017": "Dọn món xong",
  "11403191344985028257": "Đệ tử không muốn gả cho tên công tử ăn chơi đó... Xin Thiên Tôn phù hộ đệ tử tìm được người chồng tốt...",
  "11403194072455529820": "Đợi một lát, đại hiệp này sẽ bắt A Lộc đoàn tụ với các ngươi.",
  "11403284435668978513": "Một phím mời liên kết",
  "11403294710942980514": "Vi thần đã thăm dò được thông tin về Khanh Mi Sơn Trang, đặc biệt bí mật báo cáo như sau.",
  "11403320908931728716": "Tiểu Thụ Chi",
  "11403324364251754790": "Hái thảo",
  "11403376936098336468": "Đến Đại Lộ Nam Môn, gặp anh Triệu tiếp tục điều tra.",
  "11403398721177245604": "Mẫu Thân Đứa Trẻ Tiễn Thần",
  "11403417144350338449": "Khổ Hải - Boss - Tường Vô Hình",
  "11403455991092369750": "Đối thoại Lưu Tiểu Sơn",
  "11403487165058261291": "Khai Phong Tây Giao-Bầu không khí nhàn du",
  "11403538690646152458": "Mộc Uyển",
  "11403558015674275174": "Tú bà",
  "11403575346768416515": "S1-Chiến Lệnh Thưởng-Cấp 20 trả phí",
  "11403597785645366870": "Hắn có nói gì với đệ về bản đồ không?",
  "11403612679718351851": "Nhất Diệp Bình Sinh 3-Tư Nguy Viên Cựu Chỉ-Đứa trẻ phông nền",
  "11403612755379994630": "Mọi người tỉnh lại! Có kẻ đột nhập vào phòng riêng!",
  "11403660900845351507": "Y Đao đã hồi phục sinh mệnh cho ngươi",
  "11403684384852150301": "Sinh thái vật chủng",
  "11403742472627864563": "Vũ khí, Hoàn, Bội",
  "11403750759204472915": "Không có CharCtrl!",
  "11403754035514612430": "Xin cáo từ",
  "11403755538409938205": "#ffffff Chất vấn thất bại sớm, lần uống rượu này #E#ff8181 tỷ lệ trúng độc tăng #E",
  "11403758252955972403": "Đi nhận thưởng",
  "11403759657035619627": "Phong thấp tý",
  "11403803899606503953": "Phi điểu truyền thư",
  "11403809964645617169": "Hồ Kiện Lực",
  "1140390493062498850": "Trần Gia Tranh",
  "11403914979424487233": "Khai Phong Phủ-Đại viện-Quan binh 7",
  "11403960734149522790": "Khí độc vào phổi, sinh đờm ho, lâu ngày không khỏi sẽ sinh lao bệnh.",
  "11403967615881666610": "Sinh thái vật chủng",
  "11404015695034516900": "Duy trì {}",
  "11404165660866419929": "An toàn không Phàn Lâu",
  "11404197220981533979": "Sinh thái vật chủng",
  "11404218035677542031": "Trần Gia Tranh",
  "11404226715063126469": "Cá diếc",
  "11404235893228563901": "Hỏi rõ ngọn ngành sự hưng suy của Lục Kỳ Quán",
  "11404244086322136233": "Kim Minh Trì-Mộc uyên tàn phá",
  "11404307428645837131": "Sau khi uống rượu, cảm giác say sẽ dần tăng lên, có thơ rằng: Lấy gì giải sầu, chỉ có Đỗ Khang.\nTình trạng hiện tại: Uống vừa phải để vui, có chút say, nhưng không ảnh hưởng đến hành động, thậm chí tay chân còn linh hoạt hơn.",
  "11404316718036177550": "Đạo tặc mộ",
  "1140431728517890940": "Đột Phá 2-Tú Kim Lâu-Hắc y nhân (Liềm) (Thủ lĩnh)\nĐộng tác tuần tra tùy chỉnh: Có",
  "11404333667585686121": "Khử độc hóa ứ",
  "11404386664860465652": "Giang Thúc Bí Kíp-Doanh Sinh Đẳng Giai",
  "11404424136102290374": "Phúc Chưởng Quỹ",
  "1140448184544948292": "Dung Lô-Dân thường trong bầu không khí cốt truyện chính-Dân thường 3",
  "11404528126703936961": "Nét bút nhòe mực, phía trên bị nước làm ố, có lẽ là nước mắt.",
  "11404565793704659563": "Chiến Lệnh Tệ 2",
  "11404586301740394726": "Khâu Đại ca",
  "11404588393762017219": "Thu nhập Bảo Châu cá nhân",
  "11404625403038069822": "Mê Vụ Tru Tà",
  "11404657280368536110": "Mở ra có thể nhận được bộ trang bị Chim ưng hoặc Ưng Dương cho bộ phận chỉ định, đề cử phái {E}{R}Minh Kim · Ảnh{/R}{/E} sử dụng.",
  "11404657472060593152": "Đồng Tiền Phường Vương Thập Tam",
  "11404658059673321213": "Nhạc cụ gảy",
  "11404662077232061757": "Cành cây nhỏ",
  "11404676115690030899": "Chờ cá cắn câu...",
  "11404696377015578756": "Trống",
  "11404725360713324489": "Ngồi xuống đi…… Nhắm mắt lại, lát nữa sẽ không đau nữa.",
  "1140474706005709829": "Thưởng cấp bậc 4",
  "11404763551099476311": "Thất Phạt Pha-Điểm làm mới chiến lợi phẩm 235",
  "11404783441254904947": "Không bằng dắt ngựa đến phía Đông cầu",
  "11404797926700146653": "Mẫu tường không khí",
  "11404808212828110621": "Bọn chúng đến làm gì vậy",
  "1140482371726132665": "Chúc mừng năm mới. Cái bóng kịch này, ngươi nhìn ra khác biệt chưa?",
  "11404865494381560461": "Hắn nói à, bởi vì có thể quang minh chính đại ra ngoài vào lúc nửa đêm! Thật là...",
  "11404953061109172847": "Phòng Chí Cường",
  "11404956706030825429": "Thừa Ân Trấn-Bầu không khí vây xem BOSS Múa Lân",
  "11404967825660592868": "S2-Chiến Lệnh Thưởng-Cấp 46 trả phí",
  "11404998089519104402": "Tăng <Tấn công vết nứt đá nhỏ nhất|780|#C|151>, hiệu quả tăng theo cấp độ chế độ đơn (hiện tại: #Y{0:.1f}#E điểm).",
  "1140504549982745697": "Dân làng",
  "11405065988534702903": "Đang tải",
  "11405069100014833827": "Dân Tráng Động-Tiểu binh trong động",
  "11405114976597786238": "Trải nghiệm Cờ Phiêu Dao lần đầu",
  "11405157947026689604": "Người phụ nữ đó...",
  "11405196910776516781": "Vũ Nhung Thảo-Tường dây leo 7",
  "11405212312877799014": "Ngô Lập Do là một trong những kẻ lười biếng bị đuổi khỏi Trấn Thừa Ân, đã trộm dưa của Trần Ni Cửu và trốn đi, trong lúc chạy trốn chỉ có thể giấu dưa đi, chờ cơ hội trộm lại. Ngô Lập Do một mực nói mình muốn đến kho lương Thường Bình, thúc đẩy sự việc phát lương, hi sinh cái nhỏ vì cái lớn, sau khi bị ngươi vạch trần thì cầu xin tha thứ.",
  "11405213024608112368": "Hoa Hải-Bảo rương Tứ phẩm 6",
  "11405213739305002603": "Diệu Diệu Miêu-Quỷ Hỏa-Phi Diêm Tẩu Bích giai đoạn mở 2",
  "11405236845331427675": "Đến lượt ngươi khiêu chiến tiếp theo, chuẩn bị sẵn sàng!",
  "11405265679206603587": "Thọ Xương Phường-Hồ nhân/Phú nhân tuần tra",
  "11405276438061203991": "Nơi đây, chỉ mang lại bất hạnh cho người khác...",
  "11405281233546229735": "Viên Quốc Chấn",
  "11405320681960863017": "Trúc Lâm Cựu Cư-Điểm làm mới chiến lợi phẩm 454",
  "11405435212476429203": "Rời khỏi",
  "11405521171987461337": "Thi Thiên Lai",
  "11405523447615870597": "Trịnh Tông Oánh",
  "11405542776987423884": "《Ngọc Thiên》 có răn: “Hoa Lưu, ngựa tốt.” Ngựa tốt màu đỏ, chính là Hoa. Hoa Lưu vốn là ngựa nổi tiếng, một trong tám ngựa tốt của Chu Mục Vương, sau này chỉ ngựa cùng màu, nên ngựa chân ngắn Tây Nam có ngựa thuần đỏ được xem trọng.\n《Hoa Dương Quốc Chí · Nam Trung Chí》 ghi chép: “Trưởng lão truyền ngôn, Điền Trì có ngựa thần, hoặc giao hoan, sinh ra ngựa tốt, dân gian gọi là ‘Điền Trì Câu’, đi năm trăm dặm một ngày.” Thời Đường Tống, 《Man Thư》 lại nói: “Ngựa ra từ vùng phía đông núi Việt Tôn…… đuôi cao, đặc biệt giỏi chạy nhanh, đi vài trăm dặm một ngày.…… Đằng Xung và Thân Tôn cũng có ngựa, kém hơn Tôn. Điền Trì là tốt nhất.” 《Tân Đường Thư · Nam Chiếu Truyện》 cũng ghi: “Phía tây Việt Tôn có đất cỏ tốt, sản sinh ngựa giỏi, đời gọi là ‘Việt Tôn Tuấn’. Sinh ra như ngựa con, đến năm thứ nhất, dùng cỏ mịn trói lại, cho uống nước gạo, bảy năm có thể dùng được, đi vài trăm dặm một ngày.” Mã Điền chính là ngựa chân ngắn, vì sinh ra ở Điền Trì, nên gọi là “Ngựa chân ngắn Tây Nam”.\nNgựa chân ngắn Tây Nam thân hình cực nhỏ, tứ chi thon, cổ ngắn đầu thẳng, mắt to trán rộng, móng nhỏ mà chất rắn, sở trường sức bền, dùng để cưỡi, kéo, thồ đều được, là giống ngựa phổ biến nhất ở Tây Nam.",
  "11405561607600443455": "Sau khi đoạt được Mộng Lâm Bí Bảo, chúng ta sẽ đi ăn uống linh đình ở Quỷ Phàn Lâu, sống tiêu dao khoái hoạt!",
  "11405571784467299894": "Mã kiểm thử",
  "1140560423077585335": "Đây là nút thắt trong lòng ngươi sao?",
  "11405694740104746657": "Lại là một người ở tầng trên? Không phải, đây là Cửu Lưu Môn...",
  "11405721060306078149": "Câu chuyện \"Thân ở Tào Doanh lòng hướng Hán\" nói về ai?",
  "11405731221282189237": "Đối thoại",
  "11405767925191902575": "Ngân Hoa Lạc Vị Ương",
  "11405816263040578057": "Lã Quân Chi",
  "1140581650584921280": "Nói đến... đêm đó ta có thấy một bóng người. Một lão đạo cưỡi lừa, kỳ quặc, nửa đêm cưỡi lừa đi lung tung, con lừa dưới thân không biết từ đâu ra, nhất định là lão ta đã trộm con lừa của ta!",
  "11405846687635812544": "Lý Nha",
  "11405904586208412822": "Thời gian vô địch của kỹ năng né tránh kéo dài thêm 50%, sau khi né tránh chính xác hồi phục 5% lượng máu tối đa.",
  "11405982609318049661": "Hô hô hô, chẳng phải nó ở trong nước sao? Vung cần câu, dễ dàng lấy được.",
  "11406000073665867073": "Tính tình đại biến",
  "11406078689685903059": "Thiếu hiệp chưa gia nhập môn phái tương ứng",
  "11406085127600268895": "Kỷ Thập Cửu",
  "11406119702869181179": "Vân Tiểu Yêu",
  "11406123697181351107": "Kẻ ngốc sẽ đuổi theo ngọn lửa đó, giành lấy con bướm kia, nhưng nàng ấy đã chạy ba năm rồi mà vẫn không giành lại được.",
  "11406139605713971436": "Giảm sát thương - Hận Vô Cực",
  "11406154461574296953": "Hộp xích sắt điểm treo thử nghiệm (Mặc Sơn Đạo)",
  "11406220494525697545": "Trục tà an thần",
  "11406239217248825504": "Cuộn tay của Tứ Gia...",
  "11406253188065905506": "Chủ quán nhận ra chiếc túi thơm này à?",
  "11406296711434291493": "Đang tải...",
  "11406458435041271952": "Thọ Xương Phường-Khu thương phố-Tiểu nhị",
  "11406496056049389193": "Chỉ Qua",
  "11406496942479569848": "Thanh Huyền",
  "11406514248744680156": "Nhặt",
  "114065285392368664": "Khai Phong Ám Tuyến Quỷ Thị Lương Đạo-Giang hồ nhân 2",
  "11406594123603028548": "Đối thoại",
  "1140662113712139540": "Phong Khí Nội Động",
  "11406623660980408931": "Nhận được",
  "1140669509567812816": "Bát đoạn",
  "11406722268518934199": "Đang tải..",
  "11406731701973753473": "Hai tay trong gió",
  "11406756182304704748": "Khách lầu trà-Giang hồ nhân-Vương Vũ",
  "1140676844500259342": "Khoan đã! Thiếu đông gia, chẳng lẽ ngươi đến để moi lời ta đó à?",
  "11406802876778735330": "Xin cáo từ",
  "11406861000258616097": "Lục A gia",
  "11406868098612165895": "Sinh Kim âu ở đây",
  "11406869093085895174": "NPC trị liệu Thiên tai",
  "1140689514129293498": "Người câu cá ngoài việc không câu được cá, thì cái gì cũng có thể câu được. Chi bằng nghe ông ta kể chuyện của mình. (Sau khi thành công có thể kết giao với người này, nhận quà tặng Cố Nhân hàng tuần.)",
  "11406927354129150373": "Âu Gia Hạo",
  "11406937704578070554": "Tải",
  "11406952299344289592": "Vua miệng lưỡi",
  "11406963376407038513": "Trốn tìm-Đứa trẻ 2",
  "11407024891553464780": "Hướng dẫn đóng vai",
  "11407085989974799033": "Viền báo hoa văn viền báo hoa văn viền báo hoa văn viền báo hoa văn viền báo hoa văn viền báo hoa văn",
  "11407130965179818574": "...Ta nghỉ ngơi đủ rồi! Thử lại lần nữa xem sao!",
  "11407140326440549083": "Không biết Hàn Nương Tử thế nào rồi...",
  "11407154219537679920": "Trương Thạc",
  "11407373102002310743": "Giải Vô Gian-Dược lô",
  "11407387599758196508": "Dân chúng Vạn Thắng Trấn",
  "11407424817128791912": "Thưởng cấp bậc 1-2",
  "11407425329940450401": "Điều kiện thăng cấp",
  "11407482209647596321": "Thanh Lương",
  "11407512266794888776": "Đơn trận tích lũy giải thế ít nhất 3 lần tấn công và hoàn thành",
  "11407585168624840716": "Mất dê mới sửa chuồng, không muộn, hãy tự nguyện nhận hình phạt đi.",
  "11407604833998644109": "Quầng thâm mắt rất nặng",
  "11407687790513878153": "Thanh Tâm Phố-Đào bùn bãi sông phơi bùn bãi sông-Địch Bác",
  "11407753750566260615": "Bách tính Tây Phường",
  "1140776786899935585": "Cành cây nhỏ",
  "11407824411837513705": "Xây dựng các thành phần, dùng để dựng nhà.",
  "11407885909110196531": "Tổn thương nội tạng · Ngũ trọng",
  "11407978234899578766": "Lương Đống",
  "11408015682629010097": "Trong #YSở Giang Nghiệp Hận Cảnh#E đội nhóm, đánh bại #YVô Tướng Hoàng#E, và trong một lần kỹ năng Loạn Phi Phong, cả đội cộng dồn hóa giải nội lực 25 lần.",
  "11408026570276381623": "Lý Tử Thần",
  "11408057298808775643": "Tuyệt quá! Tuyệt quá! Sau này có thể ăn cơm rồi! Tiên sư, cảm ơn ngươi nha!",
  "11408058473991983590": "Thành phần kiến trúc",
  "11408118168793216000": "Khách Thương",
  "11408119096605067201": "Tiền phạt cần nộp",
  "1140816476550363367": "Ai mà biết được, nhưng trong truyền thuyết, chỉ cần đi khắp núi sông lớn nhỏ của Thanh Hà này, thăm viếng hết những dấu tích bụi trần, thì Mộ Vân Bội tự nhiên sẽ tự tìm đến.",
  "11408165597001231522": "Diệu Diệu Miêu - Thử luyện chém trúc",
  "11408207311250129686": "Vứt bỏ",
  "11408223555811237920": "Tiền tệ không đủ, không thể đổi",
  "1140823551252614085": "Tiến lên xem tranh cãi",
  "11408260881259659223": "Nghĩa",
  "11408318826468343171": "Nhiễu",
  "11408364470856549867": "Tướng Quân Từ-Điểm làm mới chiến lợi phẩm",
  "11408386983072417373": "Trong trận này, công kích khẩu thuật của đối phương giảm #G11.0%#E, tối đa cộng dồn #G6#E tầng.",
  "11408444668516935104": "......",
  "11408461248721701127": "Ngươi... ngươi cao, hay để ta cưỡi lên cổ ngươi thử xem?",
  "11408482402471885454": "Cừu Kim Hàn",
  "11408509555712178696": "Phòng Chí Cường",
  "11408543320746828223": "Sát thủ độc hành",
  "11408549067443938853": "Năm nam hai nữ tiêu tiền",
  "11408579203111009948": "Sinh thái vật chủng",
  "11408587167094200594": "Ác Tướng Hoa",
  "11408598440172527865": "Khu phố thị-Thiên Thượng Lai-Mô hình ngẫu nhiên-4 nam dân thường phông nền di chuyển",
  "11408636599788285909": "Tiểu Phúc đi cứu Triệu đại ca, tạm thời cậu an toàn, ngồi nghỉ một chút, trò chuyện với bà cụ bán rùa.",
  "11408704284327503215": "A Đại lừa gạt ra tay cướp bảo vật trong động Phù Xuân Quán. Sau khi bị ngươi đánh bại, liên tục xin tha và hứa sẽ tiếp tục cung cấp manh mối trong động cho ngươi vô điều kiện sau này.",
  "11408772171491272248": "Hướng dẫn thao tác đơn ảnh",
  "11408780115603338256": "Nghĩ cách rời khỏi phòng",
  "11408807430596484081": "Đang tải dữ liệu",
  "1140885472868001200": "NPC bang chúng Tào Bang-Khán giả cầm đuốc 2",
  "11408861940572646641": "Người chạm vào sẽ vô địch"
}