{
  "13298814737874012433": "Điểm danh Tiểu Chương Trình Wechat - Tháng 2 - Ngày 3 - Ngao Phù Dung*2",
  "13298847338168094644": "Triệu Vĩ Nghiệp",
  "13298851976485700265": "Thiêu Từ Lĩnh - Điểm tái xuất Chiến lợi phẩm mới 261",
  "13298859129380674098": "Dế Mèn",
  "13298882618473292167": "Thanh Oa",
  "1329891011332857028": "Sử dụng có thể phát lì xì trên kênh thế giới.",
  "13298911898690142404": "Đừng nói Hội Anh Hùng, đủ mọi tin tức trong Túy Hoa Âm, đều là ở đây mới nhất!",
  "13298939696782168500": "Ô Kim Thiết - Tứ Cấp*5",
  "1329896067304878801": "Thương nhân thu lương thực",
  "13299068305810425397": "Huyết mạch nghìn tầng, nhân quả vô thường, bảo vệ thân mình trong lửa nghiệp, tạm thời tránh khỏi khổ ải luân hồi.",
  "13299091365889355391": "Hà Kỷ Hy",
  "13299101831168133336": "Gây ra 85% sát thương.",
  "13299194781879727995": "Giảm bớt",
  "13299328044298079806": "Trong mơ có tất cả",
  "13299332331523789052": "Lộc sủa",
  "13299338158446369611": "PV ra mắt - Điện Triệu Khuông Dận",
  "13299364495184274839": "Ngươi đến nơi Tiền Phi Phi nói, lặng lẽ chờ đợi.\nKhông biết qua bao lâu, ngươi quả nhiên nghe thấy một vài động tĩnh kỳ lạ.",
  "13299367791021599435": "Hậu Phố - Cơ Tọa Bạch",
  "13299374258034861680": "Thương nhân ngẫu nhiên tại Phật Quang Đỉnh",
  "13299422229989162815": "Thật không ngờ lại tin vào giảng đường thơ từ do Cửu Lưu Môn tổ chức...",
  "13299429579253932645": "Vật chủng sinh thái",
  "13299509288577462851": "Tiểu Phúc - Tiểu Phúc",
  "13299526701678739358": "Trộm sư - Lấy có đạo lý",
  "13299528968160388691": "Bảo rương",
  "13299580347337290652": "Trần Gia Tranh",
  "13299600524574832648": "…….",
  "13299602053796553155": "Thủy Long Thủ_Tấm áp lực",
  "13299629257987558124": "《Ba Ngô Tự Truyện - Thượng》",
  "13299646340278180478": "Hạ Chiêu",
  "13299652467421848193": "Quản Tuấn Đào",
  "13299668497965075639": "Kiểu tóc - Tám",
  "13299674585785694521": "Nhất Diệp Bình Sinh - Khu Phố Đại Lộ Nam Môn - Bình Sở Hồ",
  "13299683069213534105": "Đặt để:",
  "13299748072670495547": "Trần Gia Tranh",
  "13299860873048302628": "Tử Chung",
  "13299868391134241115": "Phòng Chí Cường",
  "13299910014462189442": "Phát bệnh cấp tính, ban đầu thường có các triệu chứng toàn thân như sợ lạnh phát sốt, đau đầu nhức mỏi, ăn không ngon, bí tiểu tiểu đỏ. Tiếp đó, cục bộ xuất hiện những đốm đỏ nhỏ, nhanh chóng lan rộng thành mảng đỏ tươi, sờ vào nóng rát, sưng phù, đau rõ rệt.",
  "13299913097433376510": "Thanh Thanh",
  "13299926769896694575": "Xoay",
  "13299970890882761498": "Thăng trọng",
  "13300036404317431168": "Giang hồ nhân tạo cảnh 1",
  "13300056525399944837": "Tiêu Đô Chỉ Huy Sứ",
  "13300073154442976903": "Khu Thủ Công Nghiệp - Tiêu Nhị Nương",
  "13300104751883195528": "Vật chủng sinh thái",
  "13300116544180154993": "Mơ... tỉnh rồi sao?",
  "13300131533666302117": "Màu son của san hô",
  "13300132114045961650": "Đốt cháy",
  "13300137258419128048": "Nộp 80 thảo dược thông thường",
  "1330015547592690541": "Tinh Anh Đa Nhân Lâm Thời - Tinh Anh Lăng Nhân",
  "13300236922881582232": "Hà Kỷ Hy",
  "13300247667727601979": "Dược Sư Sở",
  "13300257062944212172": "【Diệp Tử Hí - Trang Trí Bàn】Hồ Lô Rượu (Mô hình thuần túy)",
  "13300315642247905098": "Hả?",
  "13300376454614113472": "Bảo Rương Chia Lợi Tức Hành Hội",
  "13300381171871685526": "Xem lối chơi Thí Kiếm: Không có núi liên quan, có thể tổ đội hoặc dùng trợ chiến thông minh để khiêu chiến.\nCó thể thông qua giao diện 【Đồng Du】 trong 【Menu Chính】, tìm trong mục 【Thí Kiếm】 để xem.",
  "13300383079253688627": "Nguyên Hàm Hàm",
  "13300451255055150889": "Khách quý Túy Hoa Âm",
  "13300509591135359521": "{3}\nTa vào năm {0} mắc chứng bệnh {1}, sau khi được danh y {2} chữa trị, cuối cùng đã khỏi bệnh.",
  "13300520449747399507": "Thành thật, mau giao hết những thứ ngươi tìm được ra đây, bằng không ông đây sẽ vặn đầu ngươi xuống.",
  "13300566191495473085": "Mẫu Tường Không Khí",
  "13300598758698896762": "Đây là Vân nương nhờ ta mang đến cho ngươi, giữ lấy.",
  "13300635778013722211": "Đổi đầu tráo mặt",
  "13300650065371162653": "Tâm Pháp Tửu Nhục Sơn Lâm",
  "13300734415592035123": "Lộ Chướng Thuẫn Bài",
  "13300752811248348694": "Ngươi dẹp lũ ngỗng này đi trước cho ta!",
  "13300756033276677581": "Điểm chiến lợi phẩm",
  "13300851620093787102": "Vì sao đợi Hà Bá?",
  "13300879889630930288": "Thái Y Thự - Nhất Mệnh Lâu - Gia Thuộc 5",
  "13300895942723682983": "Đang tải dữ liệu...",
  "1330093757054169077": "Chích Hồng Lệ",
  "1330098298274041944": "Nội công tu luyện",
  "13300988966552837189": "Miêu Miêu Miêu - Trò chơi xoay chuyển Đấu Chuyển Tinh Di - Bác Lãng Sa",
  "13300992247579118424": "Phiên bản Quy trình - Khai Phong Chương 3-4 - Ôn Doanh - Thu Đường Tiền",
  "13301021227518926971": "Hà Kỷ Hy",
  "13301073671796110331": "Trương Ích Hào",
  "133010871394153762": "Trên mặt đất",
  "13301094300345994226": "Ngư Bách Xuyên Nhóm Tạo Cảnh 18",
  "13301133371347611454": "Đan Nhai - Điểm tái xuất Chiến lợi phẩm 130",
  "13301141242626429381": "Trần Đối Phương",
  "13301211443036186586": "Trần Gia Tranh",
  "13301220800283881320": "Em họ của thiếu chủ khách điếm Thập Tam Gian Lâu.",
  "13301235746179973962": "Nhưng ngươi yên tâm, ta sẽ không dễ dàng tiết lộ bí mật của khách nhân, chỉ là đôi khi thấy không được, thấy người ta ngang ngược thì ra tay can thiệp một phen.",
  "13301296956327342699": "Hồ Kiện Lực",
  "13301306730629627385": "Du Lập",
  "13301311837357944976": "Cảnh Quan Tĩnh Khu Thủ Công Nghiệp",
  "13301352242851207347": "Nội tạng",
  "13301360517773431511": "Trương Chấn",
  "13301452732243407320": "Khu vực đất không tồn tại",
  "13301468309099353628": "Bất Tiên",
  "13301480698851206297": "Vị trí thứ chín",
  "13301528055772991985": "Cứ Điểm Di Chỉ Cựu Thôn - Nỗ Cơ Thao Túng Binh 3",
  "13301567398539672944": "Phục Linh",
  "13301588505735880618": "Lời của Phan Hồi.",
  "13301596968601541360": "Xe tải bao tải",
  "13301637477050359308": "Lưng tựa vách núi chiến",
  "13301647902454098058": "Duyên khởi hôm nay, chờ xem nhân quả",
  "13301670453761448638": "Thắng rồi! Thắng rồi ư? Thiếu hiệp đừng nhường ta nhé? Không được, hôm khác ta lại thi đấu với ngươi.",
  "133016711444728056": "Đối thoại",
  "13301717306925370391": "Gây ra #G70%#E sát thương xung kích.",
  "13301749211674561726": "Trực Thủ Binh Tường Thành",
  "1330176380146774314": "Tự động giữa",
  "13301770779798205919": "Diệu Diệu Miêu",
  "13301833336124098506": "Trạng thái hiện tại không thể vào chế độ nhiều người, nếu có thắc mắc xin hỏi dịch vụ khách hàng.",
  "13301841749166805822": "Trò chuyện phiếm",
  "13301860223016648888": "Phim Khái Niệm_Chiến Trường",
  "13301880586819940516": "【Mèo_Trắng_Mắt Xanh_Mèo Âu Yếm】",
  "13301889537465219039": "Đặc điểm ngoại hình cần có để hiệu triệu:",
  "13301928257329673181": "Trình Tiểu Dân",
  "13301981599069447776": "Vật chủng sinh thái",
  "13302035275894855108": "Tiểu thư họ Triệu cũng không thua kém đâu.",
  "13302036736570592296": "Thư sinh yếu ớt đi về phía bắc từ Giang Nam, thích ký kết khế ước với người khác, không biết vì sao, tuy dung mạo thanh tú, nhưng nụ cười của hắn lại khiến người ta rùng mình.",
  "13302068828929583202": "Tửu Phùng Tri Kỷ · Hạ",
  "13302089072890674226": "Ảnh hưởng cấp độ",
  "13302143224423342451": "Hắc hắc! Người tốt ắt có phúc báo!",
  "13302197855934157660": "Trần Gia Tranh",
  "13302235077646851300": "Đây là cái gì? Mau để ta lên xem thử!",
  "13302244749715386480": "Hàn Vi, Giang Dật hai vị tiên sinh cùng nhau luận đàn, cùng cặp huynh muội Cầm Ma luận đàn tranh tài, dùng mười khúc định cao thấp.",
  "13302263525522980762": "Trần Gia Tranh",
  "13302356556306077938": "Thùng {}",
  "13302384092691656094": "Trục Lang Tâm Kinh",
  "1330238943615618971": "Lý Phú Ngọc",
  "13302401135309498944": "Lều tranh",
  "13302443552478574293": "Ngươi mà tin à? Kiểu lừa đảo này e chỉ có mình ngươi trên đời bị dính thôi.",
  "1330246053883535257": "Giờ Thìn? Là lúc nào vậy?",
  "13302476608240226882": "Xác nhận",
  "13302509592042655059": "Vật chủng sinh thái",
  "13302519382888566313": "<Ngoại công kháng tính|780|#C|158> tăng 4.5 điểm.",
  "13302525541025972029": "Tri âm thân mến:\nTri âm, tri âm, chúc mừng năm mới nha.\nYến Kê chúc ngươi, nơi nơi nghênh tường, lúc lúc hưởng phúc, đêm đêm hảo mộng, năm năm thuận lợi…… ha ha, thế nào, lợi hại chứ? Đừng vội, còn nữa.\nTrong thời gian từ ngày 25 tháng 1 đến 7 tháng 2, mỗi ngày Yến Kê sẽ tặng ngươi một phần trân tàng Bàn Trung Tán của mình. Ngươi nhất định phải nhận nha.\nĐã đợi bao nhiêu năm, Yến Kê…… cuối cùng cũng có thể mừng tuổi và tặng quà năm mới cho bạn bè rồi.\n<Bàn Trung Tán lần này là phiên bản đặc biệt do Yến Kê cung cấp, #8c5823 sẽ hết hạn lúc 5 giờ ngày 3 tháng 2 năm 25#E, hãy nhớ dùng kịp thời trong túi đồ>",
  "1330252689965023697": "Một bước, hai bước, ba bước, bốn bước, năm, sáu, bảy... tám!",
  "13302614340349536118": "【Vô Ưu Động】Bảo Rương Gỗ Tứ Phẩm",
  "13302618311329984328": "Chi Tuyến - Văn Lại Chi Thanh",
  "13302735255407151140": "Trương Thạc",
  "13302772050928637942": "Phá bom trò chơi thành công",
  "13302803143020271338": "<Tấn công ngoại công tối thiểu|780|#C|15> có thể tăng thêm dựa trên Nhanh nhẹn, hiện đã tăng #Y{0:.1f}#E. Để đạt đến giới hạn tăng thêm cần #Y25#E điểm <Nhanh nhẹn|780|#C|10>(Hiện tại $STEADY_CRI:.0f$).",
  "13302813943124932195": "Âu Gia Hạo",
  "13302822781906811119": "Tích Củ Cửu Kiếm - Mật Khố",
  "13302865577189834412": "Thế phong nhật hạ, đạo đức luân vong! Đơn Nhi, cô gái hái hoa, lại dám hành vi bất chính với thư sinh yếu đuối Nam Vi nơi công cộng. Đáng thương thay thư sinh kêu trời không thấu, gọi đất không lời đáp ứng...",
  "13302877280131688446": "NPC Nữ Trưởng Thành Thử Nghiệm",
  "13302893083999657609": "Lời mời tổ đội đã được gửi",
  "13302945199555111135": "Ta đang nghĩ có nên tấu quan không, tấu quan thì sao nhỉ, ba mẹ còn yêu ta không, ôi chao, dù sao ngươi cũng sẽ không yêu ta đâu, ta vẫn nên tấu quan đi!",
  "13302966693299559244": "Đốt 7 loại pháo hoa khác nhau",
  "13302974554479290859": "Khu Phố Lầu Xanh Quán Xá 1 - Phông Nền Tĩnh",
  "13302989201556938480": "Linh kiện kiến trúc, dùng để xây nhà.",
  "13303033488411132301": "{total_day:d} ngày {diff_hour:d} giờ {diff_minute:02d} phút",
  "13303066188730088257": "Tiểu Kịch Trường - Đường Thúc Hổ Điểm Hương Thu - Nữ Nhân Bịt Mặt",
  "13303193098626287648": "Tháp",
  "13303221149080216762": "Ồ đúng rồi, còn sách của ngươi nữa.",
  "13303223928461445344": "Trần Khải",
  "13303239024316786121": "Tấn công Minh Kim",
  "1330324553736152163": "Mở khóa vật liệu mới",
  "13303311205996241788": "Hiệu ứng biểu hiện rơi xác một lần",
  "13303314603139012607": "Kỵ khiêu khích",
  "13303356675649446850": "Bản Mẫu Tường Không Khí",
  "13303363346271935627": "Ví dụ như vị đại hiệp này!",
  "13303363678300974158": "Thứ đó... thực sự... thực sự không kiềm chế được...",
  "1330337014990114751": "Nam Bình Dân Lão Niên 04",
  "13303443425526312915": "Đệ tử Phật Gia Trại",
  "13303509609352024744": "Dịch Trạm Nội Thất Chuyên Dụng - Khất Đan Võ Sĩ Đang Hành Tẩu 3",
  "13303575506229262572": "Ô độc 6 quỹ đạo đạn",
  "13303607382847438132": "Tổ chức ba chữ này rốt cuộc là...?",
  "13303613821423041142": "Tìm được chủ nợ Đường Kỳ thông qua giấy nợ",
  "13303621904798495494": "Đang tải dữ liệu",
  "1330362730788593222": "Tháp Lưu Phái Phá Trúc · Trần Tầng Thứ 6 - Thiên Hổ Trường Bính Phủ Tinh Anh 1",
  "13303628339073602004": "Đăng ký lôi đài",
  "13303678731216074625": "Khách Bộ Hành Bổ Sung 3",
  "13303719874347299944": "Uống một bình rượu ngon",
  "13303820804778176711": "Lý Hoằng Dương",
  "13303835730240507364": "Cuộc thi câu cá 12",
  "13303849687099692783": "Đối thoại",
  "13303887577282325928": "Âm thanh dư dả, không dứt không ngừng…... Quan nhân tài tình như vậy, lại xem thường người ta quá rồi.",
  "13303901104733497111": "Bạch Mã Dịch",
  "1330396751454978880": "Vật Chủng Sinh Thái",
  "13304021126643063015": "Ô Nha",
  "13304030306808992048": "Được rồi, một vị thiếu hiệp Thanh Hà, đối đầu với Yến Nam rộng lớn!",
  "13304074292586082057": "Đáng tiếc bọn họ đều là người bộ tộc Lôi Đình, độc thuật không tinh. Trước khi đám người ở Lục Tật Quán quay về, chúng ta còn cơ hội... Khụ khụ, ra tay trước thì có lợi!",
  "13304078648142111154": "Vương Vượng Vượng",
  "13304143873525852725": "Đang tải dữ liệu thủy triều",
  "13304157424777827183": "Việc này xin nhờ Thiếu hiệp vậy.",
  "13304262100738737980": "Đêm đi trong cõi hồng trần, lặng nghe tiếng giang hồ.",
  "13304279087432549453": "Ca khúc múa hát trong Giáo Phường thời Đường, thời Đường là thơ thanh bốn câu năm chữ, \"Thông Điển\" gọi là âm thanh di dư của Chu Tống, cũng gọi là \"Vũ điệu Sư tử Ngũ Phương\". Trong Tạp khúc thời Đường, Từ thời Tống, Chư Cung Điệu, Tạp kịch thời Tống, Tạp khúc thời Tống đều có \"Thái Bình Lệnh\", Tạp kịch thời Tống cũng có \"Thái Bình Ca\". Hiện nay ở Nhật Bản, Lưu Cầu và nơi khác vẫn còn di tích.",
  "13304280476926555295": "Hà Kỷ Hy",
  "13304287875618375891": "No quá...",
  "13304328595324309369": "Bích Tuyền Sơn - Điểm Hồi Sinh Chiến Lợi Phẩm",
  "13304413114538592395": "Chụp ảnh",
  "13304438511986665998": "Khách say hoa âm",
  "1330446421983263946": "Rượu thịt sơn lâm",
  "1330448154222081913": "Nói của quan gia.",
  "13304483812608544763": "Khách quán của Quỷ Thị Tử, một nhân vật giang hồ không rõ lai lịch.",
  "13304508969546527416": "A Di Đà Phật, tiểu thí chủ đây là có điều gì khó giải sao?",
  "13304539467537022567": "Là ngươi?",
  "13304541253565087689": "Khu Hành Chính - Thượng Triều - Đại Tống Quan Binh Thủ Lĩnh Đứng Gác",
  "13304562990379026381": "Vật Chủng Sinh Thái",
  "1330461047486895094": "Chính tuyến",
  "13304611312612531968": "Tuần tra",
  "13304697195497000280": "Đừng làm cá lão già này sợ nhé.",
  "13304706065482842813": "Mở khóa sau {}",
  "13304777040087490986": "Ánh nắng",
  "13304779804654434104": "Lẽ nào... lẽ nào gặp chuyện rồi?",
  "13304804669489625769": "Dung Lò - Linh Kiện Khinh Công - Thùng Sắt",
  "13304831584178001550": "Mô tả văn bản đang nỗ lực tải.... Mô tả văn bản đang nỗ lực tải.... Mô tả văn bản đang nỗ lực tải....",
  "13304847612157971316": "Đạo Cụ Sườn Núi Bích Tuyền Sơn",
  "13304889294517422142": "Gây ra 50% sát thương",
  "13304893294933179056": "Miếu Viễn Phong",
  "13304905430328195708": "Từ Giai Kỳ",
  "13304941193254282774": "Mặt Nạ Thưởng Khi Lần Đầu Đến Chướng Diện Quật",
  "13304968417012431804": "Xin cáo từ",
  "13304996322353791813": "Chế tạo các bộ phận, dùng để xây nhà.",
  "1330502709752640652": "Hội Võ 3V3",
  "1330505882708343833": "Tử Quy",
  "1330519432560311775": "Đương nhiên là luyện thành tiền đồng, chuẩn bị làm quân lương cho việc đánh phương Nam.",
  "13305241394978825025": "Mở Màn Hình",
  "13305245239785798394": "Trần Khải",
  "13305280462054802793": "NPC Không Khí Linh Hạnh Thôn - Thôn Dân Linh Hạnh Thôn (Một Lão Phụ)",
  "13305368446959435367": "Cửa tiệm Đồng Du",
  "13305377215334153138": "Thiên Thượng Lai - Lão Nhân Xích Long Đường",
  "13305378983290101731": "Thường Bình Thương",
  "13305384401197795330": "Ôi trời, ngươi có phải gian lận không! Hừ... Số #N$T(25)#E này ngươi cầm lấy đi.",
  "13305396467534718835": "Thoát khỏi thu hồi",
  "13305429228996994616": "Chưa được xây dựng",
  "13305477620042886066": "Chứng kiến tình nghĩa sâu sắc với ai đó.",
  "13305492259382170519": "Bách Nghiệp Chiến - Dã Quái - Tú Kim Lâu - Cung - Điểm Nội Bộ Hạ Lộ Hồng Phương",
  "13305523017922935231": "Nhất Diệp Bình Sinh 3 - Di Chỉ Cố Viên Tư Nguy - Phông Nền",
  "13305551875270237966": "Nấm",
  "13305553777434371761": "Chẳng bao lâu, lão giả thần bí lại quay trở lại sau lưng bạn.",
  "13305554333631547903": "Tổ hợp ngoại hình ngẫu nhiên của Phong Sa Tửu Tứ",
  "13305561866604976431": "Thành Kỳ",
  "13305597598715709960": "Vật Phẩm Rơi Ra Từ Tiểu Quái Quan Binh Đại Tống Cấp Độ Thế Giới 11",
  "13305610753041791713": "Vô Ưu Động - Quái Vật - Quỷ Nương Tử - Đơn Vị Hữu Nghị - Khóc Lóc",
  "13305629778915489963": "Tôn Hạo Thanh",
  "13305637773740445379": "Đệ Tử Luyện Vũ Khí",
  "13305643464196168635": "Ta đã cá cược với người khác, phải đưa tỷ tỷ vào Phàn Lâu.",
  "13305664398737062897": "Hiển thị các nút bị làm mờ (visible = false)",
  "13305755150589736105": "Đống củi",
  "13305946076173614260": "Nhiệm vụ dẫn đường bằng biển báo",
  "13306044353147829104": "Hả?!",
  "13306059122290334710": "Hoa Hải tiết lộ đầu tiên",
  "13306131627624683019": "Di Chỉ Bắc Minh - Khối Đá Dịch Chuyển - Thiên",
  "13306162331952353289": "Đồng ý thu thập ( +{} điểm Xạ Phúc)",
  "13306167207903635420": "Ta nghe lời ngươi, không chạy lung tung, ngày nào cũng ở đây đợi.",
  "13306186502416758196": "Túy Hoa Âm - Không Khí Phồn Hoa Cư - Tần Nguyệt Lâm",
  "13306224152200490856": "Vương Trị",
  "13306226673119210934": "Chu Vũ Lâm",
  "13306292518512055995": "Quạ",
  "133063005817453488": "Đã xác minh",
  "1330630651003561764": "Hà Kỷ Hy",
  "13306313917364298739": "Trương Chấn",
  "13306316394951116500": "Đối thoại",
  "13306334919551132390": "Mỗi lần gây ra#Y Sát thương hội ý#E sẽ nhận được#C Giá trị ngưng thần#E, khi giá trị ngưng thần đầy sẽ bước vào trạng thái#C Thấu Thị#E: Sát thương hội ý tăng thêm#Y10%#E, và có#Y5%#E xác suất giảm sát thương nhận vào#Y40%#E, kéo dài#Y10#E giây. #CThấu Thị#E cung cấp thêm 10% hiệu quả hút máu. Tỷ lệ hội ý tăng#Y3%#E khi ở trạng thái#CThấu Thị#E. Hiệu suất tích lũy giá trị#CThấu Thị#E tăng#Y50%#E. Sát thương liên tục gây ra khi ở trạng thái#CThấu Thị#E tăng#Y20%#E.",
  "13306411425390356694": "Đang tải dữ liệu xương cốt",
  "13306425794666951615": "Vị Bắc Xuân đã già, người Hà Tây chưa về.",
  "13306432271745798890": "Lâm Giang Ấp",
  "13306474754307535086": "Thằn lằn",
  "13306478159347132222": "Có thể đi rồi",
  "13306484950268978712": "Tụ Bảo Bồn Đan Bằng Cỏ",
  "13306525149845368541": "Một nhân sĩ giang hồ thần bí...",
  "1330659859333121061": "Tiểu Cát Lợi",
  "13306645984307608960": "Lý lịch làm mới 0/0",
  "13306664470759061441": "Đi theo đèn của chim khách, chim diệc cũng đã đi theo con đường chim khách dẫn lối.",
  "13306711868140992928": "Liên tục nhận sát thương khí huyết",
  "13306714994211501613": "Thủ lĩnh",
  "13306773702762601619": "Vô Nhân Xung Phong",
  "13306791350119601497": "Đinh Kỷ Văn",
  "1330679411635945956": "Mặc Tử... bài vị... Quả nhiên Tử Thợ Cư đều chê bai Mặc Môn, bài vị ở đống phế vật, đổ rồi cũng không ai quản...",
  "13306801292830052124": "Trần Gia Tranh",
  "13306807045962029130": "Khai Phong Phủ - Đại Môn - Quan Binh 2",
  "13306843076371349178": "Chu Vũ Lâm",
  "13306858354872336681": "Ngàn sợi, mười năm, một kiếm mỹ nhân. Cẩm y Dạ Hành, thích hợp giết người, cũng thích hợp che giấu tâm tư sâu kín nhất.",
  "13306866435201617735": "Đang tải dữ liệu",
  "13306877662919617381": "Tăng 20% sát thương kéo lụa.",
  "13306909208094866583": "Quà tặng sơ sài, mời $T(2011) nhận lấy!",
  "13306926911759115184": "Bây giờ đi, e là vừa kịp bản nhạc #N Phi Thiên Nghê Thường#E!",
  "13306954455787377917": "Cửu Đoạn",
  "13306964506736635646": "Đối thoại",
  "13307037147612110232": "Kinh thanh dễ nghe, quỷ ảnh thương xót",
  "13307039563949491847": "Thật sao...?",
  "13307040847080455320": "Trang bị giới hạn",
  "1330722601077500686": "Xin thiếu hiệp lập đội rồi hãy đến",
  "13307307068600457364": "Lam Phương Trung Lộ Tường Người - 2 Người",
  "13307325827704567561": "Bách Công Phường - Bắc Tác Phường - Bổ Khoái Đối Thoại Cùng Trương Văn Thanh",
  "13307337222489535658": "Truyền thuyết công này là do Cừu Việt Hải của Thanh Hà Bát Tuấn sáng tạo. Cừu Việt Hải thương pháp vô song, hận đương thế khinh công chi trung, vô trường thương nhất mạch. Bèn mượn vạn cân lực, khai sáng trường thương khinh công chi pháp.\nThương diễm như hỏa như vân, lực chỉ cửu tiêu, phục vu thiên dã, nhược kim quang chiếu thế. Thiên thiên thương diễm, che nhật che huy, bộ bộ thiên dã, tự tinh việt trùng vân, cố hiệu Tạt Đạp Lưu Tinh. Giang hồ nhân đa lấy công này với Nhất Kiếm Thiên Lý, Ngọc Phiếu Du Sơn hợp xưng khinh công tam diệu.",
  "13307395006028969497": "Đang lấy dữ liệu...",
  "13307397283133782476": "Khách Bộ Hành Bổ Sung 2",
  "1330745258806099831": "Sống mũi",
  "13307471299082612639": "Tinh Viên 3 Vòng Xoay Vui Vẻ",
  "13307513797417734503": "Ngư Bách Xuyên",
  "13307548101379133312": "Ai ngờ giữa đêm chia đường đứt gánh",
  "13307565809176324378": "Vương miện, Áo giáp ngực, Giáp ống chân, Giáp tay",
  "13307580571249878724": "Đá Cuội",
  "1330759697023334408": "Điền Dã",
  "13307610823482403270": "Thạch Tượng Tập Võ - Thoái Thạch Tượng",
  "13307615143661815484": "Vậy ngươi phải thành tâm bái lạy, Tử Cô này là linh thiêng nhất ở chỗ chúng ta.",
  "13307626655746975456": "Mấy ngày nay ra đường, ta vừa không rửa tay, vừa không quên thắp hương, sao Thần Tài lại không phù hộ ta thế này!",
  "13307648031686703828": "Tư thế tình cảnh",
  "13307661550173024245": "Kỳ thuật tự sáng tạo của Nguyệt Thần Lê Trinh Trinh. Nàng từ nhỏ bị mù, không thể nhìn thấy, nhưng cũng nhờ vậy mà luyện ra một loại võ thuật khiến người khác đột nhiên mù lòa, trở thành thích khách truyền thuyết chưa bao giờ thất thủ. Ba năm trước, Nguyệt Thần đột nhiên biến mất, võ thuật này cũng theo nàng mà mất dấu.",
  "13307682356612693561": "Lưu Minh Sách",
  "13307692886906480084": "Sơn Kê Lục Sắc",
  "13307807402212465235": "Bảng Bản Mẫu",
  "13307884973806545495": "Đưa ta đến bờ liễu rủ là được rồi.",
  "13307894062141560074": "Chỉ dừng lại",
  "13307972934827293183": "Ta thấy ngươi à, chắc là ở trong nhà xí mà ra hả, nói chuyện cũng hôi như vậy!"
}