{
  "11624707748442667270": "Trang sức Thiên Tuyền",
  "11624713473291593910": "Thương dài",
  "11624739741768261285": "Vũ Nhung Thảo - Tường Dây Leo 1",
  "11624795038171949586": "Quỳnh Lâm Uyển dân chúng Ái Mi, đặc biệt mời một hiệp khách giang hồ, cải trang thành muội muội ruột của mình là Ái Mộ Nhi, đến Vũ Y Lâu lấy về một lô hàng thần bí...",
  "11624832023776006495": "Diệu Diệu Miêu - Trạm Kiểm Soát",
  "11624842937527584783": "Khai Phong Doanh Địa - A12 - Lục Lâm Viễn Trình",
  "1162485035125433817": "Long Quỳ Thảo",
  "11624852593923961511": "Thi Thiên Lai",
  "11624858197320329674": "Đọc",
  "11624916049936304587": "Dạy cho hắn một bài học",
  "11624952145098875191": "Đổi một loạt",
  "11624959761537242299": "Lợi ích phong địa",
  "11624975703522034605": "Đối thoại",
  "11625036029202629947": "Mở sổ thoại.",
  "11625037342277236602": "Phục Mã Trang Kỳ Than - Kỳ Thịnh (4040) - Giai Đoạn Một",
  "11625077958904445560": "Kết giao bằng hữu",
  "11625115629931071349": "Làng ta ban đầu ở xa hơn về phía đông, ngay vị trí Lục Tật Quán bây giờ, ngay gần cửa sông, nhưng rồi lại không phải vì có đám y sư đó đến...唉, ta thật không nỡ nói.",
  "11625125086161529112": "Vạn Thắng Trấn - Kim Minh Trì Tuần Tra 4",
  "11625140103504818339": "Rút tiền",
  "11625182443707353303": "……",
  "11625185471982296092": "Mẹ ta đã sống ở đây hơn nửa đời người rồi...",
  "11625187753964138087": "05:00 ngày 14 tháng 3 - 04:59 ngày 28 tháng 3",
  "11625197107111317871": "Trường Lạc Bác Phường - Thưởng Nhiệm Vụ Thường Tuần 2",
  "1162522529915693475": "Phế Khí Hóa Vật",
  "1162523621978890137": "Thiên Phật Thôn: Kim Cương Linh",
  "11625236774962027318": "Sinh Thái Vật Chủng",
  "11625237024472012302": "Phục Lộc Bảo sau đó đi xa",
  "11625248835762443839": "Thứ Vị",
  "11625316217402447607": "Tiểu Hài Chơi Xúc Cúc",
  "11625337595705941291": "Xin cáo từ",
  "1162534766121220549": "Nguyên Tiêu Khí Vây - Nam Giới Vây Xem 1",
  "11625365241675340154": "Cửa hàng tạp hóa",
  "11625376898679179054": "Đường Bá Hổ đốt hương Thu",
  "11625377245846405179": "Hạnh Lâm Dược Phô",
  "11625378610547609611": "Chỉ Qua Thiên Phú Thưởng 1",
  "11625406596784962475": "Mặt trăng ở Thanh Hà và mặt trăng ở nơi khác có gì khác biệt không?",
  "11625409641890578553": "Trần Khải",
  "11625424889182865389": "0.945 ngỗng",
  "11625428477633532586": "…… Được. Vậy để ta tiễn tiên sinh một đoạn đường!",
  "11625428801877502905": "Bồ Đề Khổ Hải - Điểm Làm Mới Chiến Lợi Phẩm",
  "11625504446704255464": "Thiên Phật Thôn - Điểm Làm Mới Chiến Lợi Phẩm",
  "11625505825197838382": "Từ Tâm Sơn Viện - Tái Làm Mới - Hỏa Bả Cùng Kiếm",
  "11625513699211102565": "Mở rương báu",
  "1162551437351151790": "Thẻ thử đồ・Tóc Vũ Hoa Gian",
  "11625519036084297888": "Trần Gia Tranh",
  "11625522633743085295": "Đơn đao trảm duyên",
  "11625629979914326837": "Trần Chu Bạn",
  "11625657593415999574": "Ải 3001_5",
  "1162570887909647796": "Thời gian đếm ngược",
  "11625785192259975285": "Thoát khỏi sự trừng phạt của đệ tử chấp pháp",
  "11625794290439432976": "Bạch Mộc Túc",
  "11625798191846976546": "Thằng cháu tồi!",
  "11625879590873088717": "Sử dụng đòn #YNhẹ cuối cùng#E\nCó thể tích lũy #R【Phong】#E",
  "11625914902451333488": "Tùy chỉnh cá nhân",
  "11625917318204778016": "Trương Chấn",
  "11625935745862614126": "Trúc Lâm Cựu Cư - Điểm Làm Mới Chiến Lợi Phẩm 338",
  "11625988378765195404": "Ừm, vậy thì tốt rồi, ta tiếp tục đọc sách đây!",
  "11626004449326738664": "Nhìn kỹ xem.",
  "11626041781896102709": "Thanh Oa",
  "11626051493961815602": "Bắc Cực",
  "11626121100159729057": "Ôi chao, bảo vật này rất hợp phong thái của ta, không tệ không tệ!",
  "11626166812637031534": "Phật Hoa và Chuột - Thượng",
  "1162619311745970343": "Đoạn 4",
  "1162633109590160634": "Sơ đoạn",
  "11626386671217062764": "Phế Khí Thực Dụng Thảo",
  "11626405248217344052": "Hừ, người của Lê Viên chúng ta luôn luôn một lòng một dạ, mới không làm người mình thích phải buồn lòng!",
  "11626414097318197591": "Đối thoại",
  "11626487103374869056": "Ngoại Lai Giang Hồ Nhân - Trần Nam Phong",
  "11626489193100296072": "Tìm ta có việc gì?",
  "11626490516872889790": "NPC Nữ Thành Nhân Thử Nghiệm",
  "11626513929139720487": "Ôi chà, nhìn đứa trẻ này, không muốn nói chuyện hồi bé gì cả.",
  "1162653208418195425": "Thiếu đông gia, năm mới có tốt không? Đây là #8c5823Thuốc Kim Sang#E mà sư phụ gửi dặn mang cho con trước khi đi, người nói nửa năm trước, Hàn nương tử đã chuẩn bị sẵn tiền yểm thắng cho con năm nay, lúc đó Hàn nương tử còn viết thư cho con trước, ta chép lại ở dưới:\nThư của Hàn nương tử viết:\nTiền yểm thắng đã chuẩn bị xong cho vị khách quý nhà ta, không biết vị khách quý hôm nay dự định về nhà lúc nào? Lại lớn thêm một tuổi, phải hiểu chuyện hơn, ít đi ra giang hồ đánh đánh giết giết, giang hồ có gì tốt đẹp chứ, đến lúc bị thương đầy mình! \nThôi thôi.\nTa làm món Cá Nấu Rượu Tiên, lúc con về nhớ mang theo một vại Ly Nhân Lệ - chính là vại con giấu dưới gốc lê khi cõng ta.\n",
  "11626536398950482224": "Dải lụa bay",
  "11626548358709940376": "Đệ tử Thanh Khê",
  "11626610987050832941": "Nguyên là một bộ phận của Yến Bắc Minh, một số tinh nhuệ bị giam giữ ở Bồ Đề Khổ Hải chuộc tội vì nguyên nhân nào đó.",
  "11626620919998641952": "Liên quan đến đấu tranh văn võ?",
  "11626663747131202688": "Đối thoại",
  "11626667182298477327": "Ngọc Môn Quan - Sĩ Binh Tuần Tra",
  "11626750549227755029": "Thủ Công Nghiệp Khu Tuần Tra Khí Vây",
  "11626791538197049919": "Trung Tâm",
  "11626816420746946271": "Sử dụng vật này, có thể nhận được ngoại hình tương ứng.",
  "1162684667186950551": "Đi thôi, thời buổi này mấy ai là người tốt chứ?",
  "11626888691761724948": "Hì hì, hì hì hì……",
  "11626929169115556610": "Thiện Diệu Châu - Đại Cứ Điểm - Từ Tâm Sơn Viện - Nhiệm Vụ (Một Lần)",
  "1162693068909498929": "Là cô nương nhà ngươi lại chọc giận ngươi sao",
  "11626973299386995650": "Một túi tán bột làm từ rễ cây thạch xương bồ.\nCó tác dụng tỉnh thần ích trí, khai khiếu hóa thấp, nhưng vì có độc nhẹ nên không nên dùng nhiều.",
  "11626978061491044908": "Tiểu Thạch Khối",
  "11627014777351637": "Cô nương?",
  "1162705662246919724": "Hộp Trang Bị Cao Cấp Giai 31",
  "116270592429699729": "Khí Vây Hà Đăng",
  "11627095519234533735": "Mau rời đi! Đừng làm phiền chúng ta nghỉ ngơi nữa!",
  "11627103308189535407": "Sầm Tam Vị - Tổ Khí Vây Khổ Hải",
  "11627113466765148088": "Số mười một 6",
  "11627125609657007850": "Oa, tặng... tặng cho ta sao? Cảm ơn, ta rất thích.",
  "1162715952469769696": "Nữ hiệp cười khẽ bên đàn tranh, thường tấu khúc này tại lầu xanh. Nếu màn trình diễn của ngươi được nàng tán thưởng, sẽ được tặng cổ phổ \"Cảm Ơn Đa\". Nhưng người này dường như đang đợi ai đó, có lẽ [Tiền Duẫn Khánh|30096|#Y] cải trang làm người tặng đàn có thể thử xem.",
  "11627238774031643519": "Xây dựng tổ chức Bách Công tăng thêm linh kiện 790",
  "11627247741649582839": "Điểm mục tiêu và nhân vật mục tiêu",
  "11627297515962647232": "Yến Nam Phi 3",
  "11627323681823006635": "S2 - Thưởng Chiến Lệnh - Miễn Phí Cấp 68",
  "11627406736169215454": "Kho báu của Miêu Miêu Miêu",
  "11627468487787494613": "Chi Tử Hoa 2",
  "11627476389347203574": "Thiếu hiệp, ta từ Mô Sơn Đạo đi tới, thấy dân chúng ly tán, đời sống bấp bênh. Sáng sớm còn đang hầu hạ tân quân, buổi tối đã thay triều đổi vị rồi.",
  "11627503959692262731": "Đói quá... Bao giờ mới đến giờ ăn của chúng ta vậy...",
  "11627535412740076343": "Xuất thân từ Thừa Ân Trấn, là công nhân bốc vác làm việc tại Lâm Tân Độ Hàng Hóa Hành.",
  "11627557137598615046": "Sát thương gây ra giảm",
  "11627574763138308959": "Lý Ức Ninh",
  "11627600914216513375": "Hôm nay nhất định sẽ đánh cho nó không nhận ra mẹ nó",
  "11627637913387715558": "Mặc Sơn Đạo - Đế Tọa",
  "11627662845317363926": "Thiên Hương Dẫn Hồn",
  "11627765815096082513": "Điểm Huyệt Cơ Quan Nhân 02_Thử Nghiệm",
  "11627790743840956071": "Đa Nhân Tiểu Thập Thất - Cấp 61",
  "11627816092877083197": "Ta đã mang món ăn ngươi muốn đến rồi, lần này... ta nghe lời ngươi đấy.",
  "11627818110815511432": "Ta thấy phía dưới có ba chỗ có vẻ có thể xâm nhập, xin mời Thiếu Hiệp đi điều tra.",
  "11627842250786684317": "Một phương pháp đếm cổ của Trung Quốc, còn gọi là Sách, Thù Sách, Toán Thù. Nguồn gốc rất cổ xưa, có ghi chép từ thời Xuân Thu Chiến Quốc. Toán Thù thực chất là sử dụng các que nhỏ làm bằng tre, gỗ, xương thú có độ dài và độ dày giống nhau, bó thành một bó để tiện mang theo bên mình. Khi cần tính toán, có thể lấy ra và sắp xếp.",
  "11627868969207069757": "Tạ Văn Doanh nói xong, nhếch mép cười.",
  "11627965661289441995": "Trương Ngạn",
  "11627997709577035533": "Cảnh kiểm tra trình chỉnh sửa kỹ năng",
  "11628006424156792430": "Súc Cốt Công - Thần Bí Nữ Tử",
  "11628009379257473776": "Hoàng Lạc Tích",
  "11628038294302806928": " Giang Yến thấy ta là ta bảo hắn đi cứu tướng quân.",
  "11628049519545546971": "Thanh trạng thái",
  "116281321042096925": "Lộc Tiên Ngọc Bội",
  "11628150659710103018": "Bất luận Kim âu là thật hay giả, đối với chúng ta đều hữu dụng....",
  "11628153100816075500": "Hoang Thực Lâm - Điểm Làm Mới Chiến Lợi Phẩm 242",
  "11628162407966091733": "Mặc Thủ Chi Tâm Cơ Quan Nhân Hư Hại Có Thể Tương Tác Nói Chuyện 1",
  "11628213979868167109": "Nội Tuần 53_3",
  "11628278274498607319": "Miêu Miêu - Thu thập hỏa ma - Ẩn Vụ Lâm",
  "11628281355572384192": "???",
  "11628314561694258004": "Trăm nghề cái mười cái ngàn, lại một lần nữa thịnh vượng.",
  "116283181702201522": "Niềm vui Linh Trưởng · Một",
  "1162840969315446927": "Vị khách ở đằng trước nhìn dung mạo, hình như là đệ tử thứ tư Nguyên Tham trên bức họa!",
  "11628453652268210774": "Tà váy trước",
  "11628465423303551932": "Giảm 1 điểm Tư Lực",
  "11628469278803079819": "Ngươi là người giang hồ sao? Đến thôn chúng ta làm gì.",
  "11628512680817423998": "Phùng Kế Thăng",
  "11628518648603227708": "Hồ Tử Kim Đê Uông Tiểu Hãn",
  "11628569416233820764": "Tháo dỡ",
  "11628598475128399100": "【Chính Thức】Hộp Báu Gỗ Tứ Phẩm - Tượng Tạo Xứ",
  "11628599947413469864": "Loại cấp dưới",
  "11628635948456185756": "Công thức - Mạch Lưu Ẩm - Lục đẳng",
  "11628637536078603167": "Diêu Viễn",
  "11628661858864026202": "Xin cáo từ",
  "11628686913680037276": "Ta không muốn đi học!",
  "11628702387573928165": "Phía sau còn có chữ à? “Nếu về Thanh Hà, Xuân Thu ở đây…… Chữ ký là Trịnh…… Trịnh cái gì ấy nhỉ?”",
  "11628718147364343840": "MSD Thiên Công Quật 07-P1.1 Đồng Thiên Hạp",
  "11628752689945712568": "Trần Gia Tranh",
  "11628802307522211492": "Trần Gia Tranh",
  "11628804813431999230": "Thương hộ C - Nam",
  "11628906078912881529": "Đi lấy Trân Châu Huyền Cơ ở Tử Vi Viên.",
  "11628986539722675966": "Tổng cộng gây ra $D。",
  "11628999282405323578": "Nếu không được trăm năm, tiền giấy cũng có thể lưu hành",
  "11629050530374735404": "Không khí Tiên nhân Trường Sinh Lộc",
  "11629073338226774587": "Mô tả Kho Trại",
  "11629111319779351314": "Lữ Giai Nam",
  "11629197699611415565": "Đệ tử Túy Hoa Âm",
  "11629205228983904746": "Vương Tam Ca",
  "11629233970284604320": "Hoàng Lạc Tí",
  "1162926082481083624": "Phòng Chí Cường",
  "11629303418768755630": "[Chính Thức] Bảo Rương Mộc Chế Tứ Phẩm - Khai Phong (Cự ly truy tung ngắn)",
  "11629307136823748911": "Chi tiết",
  "11629368397408750606": "Quy Hồng",
  "11629393611224669254": "【Lời thoại】Sinh không gặp thời",
  "11629395406481643629": "Đang tải",
  "11629420520607203841": "Hắc Tài Thần",
  "11629440859377431724": "Không rõ...",
  "11629471450148216169": "Đang tải",
  "11629555855637537537": "Ghi lại sau khi đối thoại với Đạo trưởng Bất Nhị",
  "11629580271538535508": "Thật nhàm chán, ngươi nói xem bọn trên bảo chúng ta đứng đây canh gác làm gì?",
  "11629597858184647786": "Phật Gia - Phục Xoát - Cung Tiễn",
  "11629605888488800983": "Trần Gia Tranh",
  "11629632188232129525": "Tham gia tang lễ - Đặt tình cảm",
  "11629633615339500251": "Đạt mức Mô Mô Vô Văn về Độ khám phá Giang Nam, sau đó tìm Phan Dịch Đại Phu nhà Nam Đường nhận được",
  "11629642210718726169": "Hoắc Côn Bằng",
  "11629721686732857038": "Ghi nhận sau khi giao \"Phiếu Trù của Khổng Sa Đông\"",
  "11629736161344427812": "Khách quan, lúc này ra ngoài, có chuyện gì quan trọng sao?",
  "11629767292736104182": "Có người đang thăm dò chúng ta...... là dương mưu sao?",
  "11629831129786880653": "Cần cấp 3 và hoàn thành chương chính Thanh Hà phần một「Lại thấy én mới tới」",
  "11629837335889279074": "Nam nhân giang hồ vi quan khiêu vũ",
  "11629857742624670589": "Thái Y Thự - Bệnh Phòng - Bệnh Nhân 11",
  "11629882042314787024": "Rất tiếc, ngoại trừ một số khách hàng, lễ hội hoa luôn dành cho các môn học trong nhà.",
  "11629930369993479808": "Đẳng Cấp Thế Giới - Lục Lâm - Thảo Tặc (Đơn Đao)\\nĐộng tác tuần tra định chế: Có",
  "11629987422135309992": "Phong Khởi Lăng Yên",
  "11630053393377992353": "Mở quạt xếp để chống đỡ đòn tấn công.",
  "11630054143918141643": "Thanh Giao Đường Thuyền Công",
  "11630131664205790162": "Võ nghệ thế nào?",
  "11630153626543239483": "Gây ra đòn đánh #G70%#E, có #G60.0%#E xác suất tăng #G10%#E phòng ngự đòn kìm của bản thân",
  "11630197371832631801": "Bào Văn Húc",
  "1163027306375691050": "Nhận được phần thưởng thành tựu mở khóa",
  "11630295625701067351": "Thương Lộc",
  "11630305385822073379": "Lời mời đã gửi, vui lòng chờ người chơi khác hỗ trợ.",
  "11630372551779444334": "Quan ải liên kết #Y{}#E đã mở, các du hiệp có thể cùng nhau thúc đẩy nhiệm vụ",
  "11630397014328747059": "Diệu Diệu Miêu - Quỷ Hỏa (Diệt)",
  "1163039951478685454": "Ứng chứng",
  "11630474636052856084": "Triệu Vĩ Nghiệp",
  "11630474667779885426": "Dùng trong đối thoại thuật pháp, để giảm thiểu đòn đánh Cẩn Thận phải chịu.",
  "11630509141871472019": "Cấp 20",
  "11630636277059412075": "Thương nhân Tùy cơ Từ Tâm Sơn Viện",
  "11630704045751313148": "Trần Chi Phong - Bên trong Giác Môn",
  "11630709411528489388": "Tiểu Lộc trợ chiến",
  "11630732794787427224": "Mạch Hương Tập - Công Đầu",
  "11630741039322983567": "Không khí Thiên Nhai Khách tuần tra đến Lâm Tân Độ",
  "11630768685964943952": "Sơn Tước Sào",
  "11630830877072081578": "Huyệt Cư",
  "11630848220140974560": "Tuần thú phủ khoái, không rõ tên...",
  "11630905260298326920": "Phá Giới Đầu Đà",
  "11630940992925719700": "Khi chạy nước rút nhấn {}",
  "11630977641311980616": "Chỉ còn lại chút lúa mì này thôi sao... Không được, phải nói rõ với chủ nhà!",
  "11631131343321531654": "Nghỉ",
  "11631141263667781543": "Bích Thủy Vân Đào - Khai màn",
  "1163114706672108847": "Sao ngươi lại ra nông nỗi này?",
  "11631151352295969542": "Lăn xuống",
  "11631158226080955300": "Dữ liệu đang tải dữ liệu đang tải dữ liệu đang tải dữ liệu đang tải",
  "11631191836558905596": "Sư phụ còn tặng ta thang thuốc, nói đó là \"nhân\" của ta, sau khi ta uống xong, bệnh mắt của ta dần dần khỏi hẳn.",
  "11631204840527201574": "Hương liên",
  "11631220904249214323": "Trường Minh Ngọc*20",
  "11631242717379419525": "Điền Dã",
  "11631275400411389971": "Đang lấy dữ liệu",
  "11631281497146491115": "Tăng sát thương",
  "11631298038924343366": "Đến tham gia",
  "11631372174899589305": "Kháng tính Kéo lụa",
  "11631407342091736194": "Nhất Diệp Bình Sinh 3 - Bối Cảnh Bản",
  "11631417282921690499": "Tư Mã Thiên",
  "11631481538078084071": "Sách",
  "11631538125916376740": "À? Nặng quá à, xin lỗi nha xin lỗi nha.",
  "1163159176389455845": "Hoang Thực Lâm - Điểm Xoát Tân Chiến Lợi Phẩm 325",
  "11631592601448222065": "Được rồi, lửa trường nhiên của Tế Hạ Học Cung đã sẵn sàng! Chỉ là cần thêm chút củi để nhóm lửa.",
  "11631623599778010413": "Hỏa không dập tắt",
  "11631628887833369248": "Trồng hoa đổi thuốc, là có thể siêu thoát rồi.",
  "11631649077177655109": "Quái Vật Trắc Thí Thiên Tai",
  "11631711249886669552": "Ngươi tìm lại được cuốn \"Thổ Hoả La Du Ký\" của Lạc Cửu, nhận được một cuốn bí kíp kỳ thuật rách nát. Dù vẻ ngoài cũ kỹ, nhưng nội dung của nó chưa chắc khiến người ta thất vọng.",
  "11631742420785221881": "Được rồi, tên mặc đồ đỏ kia, đi về phía kho rượu. Bọn chúng đông người, ngươi tuyệt đối đừng đối đầu với những người khác.",
  "11631773670876965137": "Xem ngươi kìa, cả ngày nhàn rỗi, làm sao tìm được công việc tốt nào chứ!",
  "11631779922282789657": "Diện tích gió lớn liên tục của Vô Tướng Hoàng trong nhiều người chơi",
  "11631780950283803044": "Thẩm phu nhân",
  "11631787398050608678": "Đầu mỗi hiệp bắt đầu tăng #G22.7%#E thuộc tính điều trị (tối đa 10 tầng)",
  "11631799263611060314": "Xin hãy đến tìm khu vực có thể thành lập nơi ở Bách Nghiệp.",
  "11631836914980057383": "Trương Chấn",
  "11631844941401504199": "Đoản Chi Tuyến",
  "11631848471622558190": "Làm ơn, cứu tôi với! Gần đây có bọn cướp, cầu xin anh cho tôi vào trú ẩn!",
  "11631850837420482427": "Theo đội tiến lên",
  "11631873987695099764": "Văn Thạch",
  "11631955706969495420": "Tần Thủy Hoàng",
  "11631973538117235667": "Dùng rượu nấu nấm thông tươi, chần qua nước muối, thêm giấm trộn ăn, vị mặn thanh mát.",
  "11632035019879054900": "Khóa xích",
  "11632053147091851804": "Đại Nghĩa Lò Luyện - Hắc Tài Thần",
  "11632076761915629426": "Cổng địa lao đột nhiên đóng lại, lại có khách không mời mà đến...",
  "11632121343730522036": "Mũ trụ, Giáp ngực, Giáp ống chân, Giáp cổ tay",
  "11632173294507211338": "Tiêu diệt dư đảng trong cứ điểm",
  "1163217364069601950": "Khi rơi trang bị ở Thanh Hà, có xác suất rơi hai món",
  "11632192264779598522": "Hỗ trợ thành viên hoàn thành tính năng vật lộn thành công",
  "11632198597310103972": "Chu Vũ Lâm",
  "1163222381940304926": "Trúc Lâm Cựu Cư - Điểm Xoát Tân Chiến Lợi Phẩm 110",
  "11632239878127913308": "Âu Gia Hạo",
  "11632240692012145621": "Tích lũy nhận được 5 con cá Quả ({} / {})",
  "11632245677413157778": "Dân chúng Tây Phường",
  "11632268642176805897": "Bác Vật Điều Mục 50, Tưởng Lệ Hạng 1",
  "11632298774429414841": "Biến Thân Diệp Vạn Sơn",
  "11632301424978162203": "Hà Lạc Thị - Tống Khâm",
  "11632312997058472749": "Mở khóa khi vượt qua cấp độ 3 chế độ đơn người",
  "11632344868834020972": "Chi Lộc (Thư)",
  "11632426596238819088": "Đẳng Cấp Thế Giới - Lục Lâm - Thảo Tặc (Cung)\\nĐộng tác tuần tra định chế: Vô",
  "1163243897193978879": "Thương Sơ Lục",
  "1163246214295785427": "Phụ Trợ Điểm Vị - Xạ Kích Điểm Đệ Nhất Ba 1",
  "11632470517268059453": "Phong Tử Hoang Hồn Thôn Tế Phần",
  "1163247736989566584": "Nội Tầng Song Tầng Thạch Tường",
  "11632489877754040918": "Tham Họa",
  "11632553577601826068": "Hình như... khá công bằng?",
  "11632579562553855553": "Nữ Tử Du Nhai Nhương Thái - 2",
  "11632604871110830316": "Tiền bối, vãn bối mạo muội quấy rầy.",
  "11632624926593050559": "Người giang hồ Quỷ Phàn Lâu",
  "11632634447752342615": "Cáo từ",
  "11632635303344119601": "À, ý ta là, huynh họ Hạ nói đúng! Người ở Oa Xá không có văn hóa, nói sai rồi!",
  "11632662745679853680": "Phi Thiên Tàn Viên - Cơ Quan Nhân Phá Tổn",
  "11632696706076268705": "Than tro thu thập từ chậu than, có thể dùng làm thuốc nhuộm đen, là nguyên liệu để thợ may nhỏ làm \"Thiên Tàm Hàn Y\".",
  "1163276269124078195": "Dữ liệu đang tải dữ liệu đang tải dữ liệu đang tải dữ liệu đang tải dữ liệu đang tải dữ liệu đang tải dữ liệu đang tải dữ liệu đang tải dữ liệu đang tải dữ liệu đang tải dữ liệu đang tải dữ liệu đang tải dữ liệu đang tải",
  "11632770074371036484": "Tổ hợp ngoại hình ngẫu nhiên Phong Sa Tửu Tứ",
  "11632787513950134444": "Thạch Thủy Bà",
  "11632805691140711746": "Ha ha ha, tiểu bối nhà ngươi khá là thành thật, nhà ngươi đây, vừa có chuyện vừa có đồ uống đúng không?",
  "11632880272545084204": "Hoa Hải - Điểm Xoát Tân Chiến Lợi Phẩm",
  "11632915138592428435": "Lăn một đoạn ngắn.",
  "11632917785005759134": "Tự tin đầy mình",
  "11632976435089291161": "Kỳ Ngộ Hạ - Tín Đồ Thu Hoa Giáp - Đái Lộ",
  "11632988705479925713": "Thiếu hiệp, muộn thế này chắc là đói rồi nhỉ? Sao không ghé quán rượu của chúng tôi ăn một bữa, đồ ăn rất ngon đó!",
  "11633004513065860460": "{2}\nThân có chút không khỏe, qua chẩn đoán của danh y {0}, bệnh ta mắc phải là {1}.",
  "11633008984473481885": "A Kỳ, con gái út của đầu bếp trong trang viên Phục Mã, lanh lợi tinh quái, đầu óc đầy những ý tưởng kỳ lạ, gần đây cứ #a66829 đi loanh quanh trong trang viên#E, dường như đang tìm kiếm thứ gì đó thú vị...",
  "11633012386976242071": "Kim Điêu",
  "11633030674771719241": "Khai Phong Khê Khiêu - Yến Oa",
  "1163306502349182814": "Thanh Thanh",
  "11633072019236527851": "Dân làng Từ Tâm Trấn",
  "11633116698029580056": "Hạ Chính Tịch",
  "11633179436435171229": "Quán rượu Phong Sa",
  "1163320948749807019": "Tưởng Lệ NPC Tống Lễ - Lễ Bao Phổ Thông Tam Cấp - Tống Nguyên Thông Bảo",
  "11633216837029509779": "Viết tiếp câu chuyện Cây Bất Tử",
  "11633237034110803679": "Diệu Diệu Miêu - Nhiễm Cương - Thọ Xương Phường",
  "11633240988528080332": "Sớm nở tối tàn",
  "11633246564904271586": "Thuộc tính Mẫn có thể tăng thêm tỷ lệ hội tâm.",
  "11633309703855086362": "Một viên Huyền Cơ Châu, nếu có được ba viên, đặt dưới dụng cụ tính thiên văn ở Thái Nhạc Đài, có thể tính ra thiên mệnh.",
  "11633323860368448109": "Trong đợt trị liệu này, vĩnh viễn tăng #G20.6%#E thuộc tính trị liệu",
  "11633334102476037595": "Vương Tử Hiên",
  "11633351047266332927": "Tin nhanh phiên bản mới"
}