{
  "11022382397975994320": "Dùng để xây nhà.",
  "11022384504929574089": "Mạng Nhện",
  "11022421127205800281": "Long Quỳ Thảo",
  "11022452865640924781": "Thâm Hải",
  "11022479573959917232": "Hà Kỷ Hi",
  "11022503347185933229": "Thanh Trừ Cứ Điểm Hà Thanh Quân - Cơ Quan Bảo Kiếm - Truyền Tống Đến Cứ Điểm Kế Tiếp",
  "11022523103589324347": "Không khí Lục Lại Tứ Võ Lâm Lục - Đi bộ trên dây nước",
  "11022534338667593099": "Bạch Truật",
  "11022604917365561422": "Khách nhân thơ họa cổ vật",
  "11022612977280631242": "Khỉ",
  "11022625121706322508": "Hỏa sang",
  "1102268787146783949": "À, có phải ngươi đã đưa cuốn sách ta để quên ở chuồng ngỗng cho tỷ Ruỗi không!",
  "11022727246393754132": "Quà tặng",
  "11022757077657898768": "Đối thoại",
  "11022761313398092105": "Từ bỏ nhiệm vụ",
  "11022813928154363020": "Có thể vài ngày nữa chúng ta sẽ về, không muốn bỏ lỡ.",
  "11022822625132973680": "Vũ khí cao cấp thường cần sự thấu hiểu giản dị, tôi đang cân nhắc, nếu bạn cũng là người luyện võ, đừng quấy rối nữa.",
  "11022828919242707137": "Hương",
  "11022853565134350914": "Thanh Dương",
  "11022923787609410389": "Quy Vân Sĩ",
  "11022935610445701933": "Phần thưởng đã được nhận, không thể nhận lại",
  "11022957117183713013": "Bản Quy Trình - Điểm Dừng Entity Rỗng",
  "11022965148538291202": "Tàng Bảo Đồ Chưa Gửi Đi",
  "11023042002013832503": "Theo dõi của ta",
  "11023044013326038268": "Đang lấy dữ liệu",
  "11023083570871491303": "Trên đó có ngọc trai tạo thành hình hoa Mạn Đà La.\nÔn Vô Song nhặt được vật này suýt bị sắc đẹp hại chết.",
  "11023088971757055408": "Độc Tinh",
  "11023097283615105467": "Thiên Lôi Khai Ngộ · Ngọc",
  "11023138117610624406": "Tỳ tùng",
  "11023154469563718352": "Tay cầm - Thanh nóng phía dưới",
  "11023206457238126066": "Nộp sách tranh thành công! Danh dự của #O{}#E#S tăng {}#E điểm!",
  "11023242734088560088": "Lục",
  "11023245984027728460": "Tiên Kiều Trà Phường là tiệm cũ trong Oa Tử, chủ tiệm Chu nương tử là một kỳ nữ tử, quy định trà phường chỉ tiếp đãi khách nữ. Trong đời đồn rằng, Chu nương tử nhìn thấy đàn ông sẽ phát bệnh, nhưng đồn đại chung quy vẫn là đồn đại, không ai thấy Chu nương tử thực sự phát bệnh.",
  "11023300954166214228": "Âu Gia Hạo",
  "11023424559208917809": "Phòng Chí Cường",
  "11023460192340107159": "Giải Mê Phức Hợp - Thiện Diệu Châu - 3-2 Hồ Điệp",
  "11023484201755374341": "Đoạn Thủy · Nhị",
  "11023494040510956863": "Ưm... vậy thì, ta không cần cái này nữa.",
  "11023507059653456764": "Điền Dã",
  "11023526073251856007": "Xạ Tiễn Tam Tinh",
  "11023578568472169130": "Kim Chinh - Xích Sắt Đế Ngọc Vỡ",
  "11023582431456301693": "Miêu Miêu Miêu - Thử luyện Khinh Công",
  "11023617314442542165": "Nhậm Khoan",
  "11023665104814787570": "Đến giờ tiểu thư học đàn rồi, hôm nay không phải hai người chúng ta cùng xem lại bản nhạc sao. Quản gia đang khắp nơi tìm ngươi đó, mau đi đi, muộn sẽ bị phạt đó.",
  "11023701817247619743": "Vân Tái",
  "11023716957006221453": "Thư Tín Hàn Di Lưu Lại",
  "11023794453082579322": "Sư phụ, đối với đồng môn huynh đệ nên như thế nào?",
  "11023810813130121212": "Bác Lãng Sa Doanh Trại Quái Vật 13 - Xích Long Đường",
  "11023813288795222418": "{3}\nTa vào năm {0} mắc chứng {1}, sau được danh y {2} chữa khỏi.",
  "110238347622596208": "Túy Hoa Âm - Không Khí Lầu Một Phàn Lâu - Diêu Minh Nguyệt",
  "11023895401562903386": "Khai Phong Vạn Sự Tri - NPC Kim Dưới Gối - Điền Vân Nương",
  "11023924372890628172": "Cấp 3 - Điểm Thu Thập Hiệu Ứng Mặt Nước",
  "11023969482151261283": "Than thở",
  "11023991894847556797": "Số tiền nhận được từ NPC hôm nay đã đạt giới hạn.",
  "11023993233153304886": "Thanh Âm Tuyệt Diệu",
  "1102404139046769738": "Sinh Thái Vật Chủng",
  "11024056222245894472": "Sẽ tạo ra vật phẩm bản vẽ trong túi, sau này có thể lên kệ tại Sàn giao dịch",
  "110241297232864626": "Khai Phong Phủ - Phòng Để Thi - Bách Tính 6",
  "1102413646501877563": "Vật thể khổng lồ mắt tôm",
  "110241493442175788": "Chế tạo và nộp 1 kiện $T(26_1100501)",
  "11024155674362641195": "Thấy sương mù tan đi, ta biết ngươi đã thành công!",
  "1102418471152121678": "Ra đời trong thời loạn thế, tung hoành thiên hạ một đời, đáng lẽ không còn gì hối tiếc.",
  "11024316212353858772": "Long Giao Bang Bí Văn - Phân Chủ Kim Bảo",
  "11024415503798523287": "Tiêu hao 10000 Bảo Tiền",
  "11024439437242739413": "Thủy Tinh Kính",
  "11024498933366204990": "Để gây quỹ quân sự, Tôn lão đã ban hành \"Hành động đặc biệt vặt lông cừu\", thức đêm \"đấu trí đấu dũng\" với tài chủ, khổ luyện quân hiệp. Để giành được hạng nhất, \"giáp lá cà\" với tài chủ!",
  "11024506871827143748": "Tiểu nhị Bất Tiên",
  "11024529119910711687": "Huyết mạch ngàn tầng, nhân quả vô thường, tự bảo vệ thân mình trong lửa nghiệp, tạm tránh khổ luân hồi.",
  "11024568937216589009": "Mở Gói Dạ Hồ",
  "11024574909976527297": "Trì",
  "1102458322411730634": "Ô trị liệu - Chiêu cuối Thí Hồn của Thiên Hương",
  "11024614715803224608": "Trộm Học - Thanh Khê Đệ Tử 1 - Canh Gác",
  "11024616161324890760": "Tất cả chiêu thức đều có thể tạo sát thương dựa trên công kích thuộc tính, và sát thương Minh Kim còn tăng thêm.",
  "11024638602709424050": "Thanh Hà",
  "11024671838507559485": "Ly Hận Thiên Thư Xã",
  "11024686208728930283": "Máu gì?",
  "11024695845554449675": "Quỷ Thị - Ngưu Đầu",
  "11024701451474414192": "Hàn Anh Hội Mỹ",
  "11024735145761346887": "Anh hùng cứu hỏa",
  "11024741989821410135": "Ngự Uyển Bắc - Thổi Hồ Lô Ti",
  "11024790089764290451": "Tụ tán Phiên - Túy Mộng Du Xuân đại chiêu",
  "11024795509675622483": "Địa Biểu Thái Nhạc Đài - Đả Tọa 1",
  "11024871167213941312": "Thợ thêu Kim Vệ",
  "11024883784118582298": "MSD Thiên Công Địa Quật 005 - Sàn Di Động P2",
  "11024901933711004779": "Thùng Thuốc Nổ - 5",
  "1102492218402276971": "Vạn Cổ Nhất Nhân Điện - Entity Rỗng - Song Khuyết (Thường Trú)",
  "11024944931270173442": "Chỉ Qua Thất Đoạn",
  "11024950247441345092": "Chính Khí Bản Nguyên, lấy chính khí của bản thân làm nguồn, truyền vào cơ thể bệnh nhân tẩy rửa kinh mạch, đạt được hiệu quả làm chậm bệnh tình, giảm bớt đau khổ.",
  "11024956368122598639": "Bắn Mục Tiêu Ngũ Ác - Cung",
  "1102500656331491181": "Thương nhân lông thú Yến Nam, có chút tài sản.",
  "11025035990784034045": "Môn hạ Thiên Tuyền Môn",
  "11025049417495644166": "Tú Kim Vệ",
  "11025105339377750591": "Chỉ biết xuất hiện ở tiệm dù phía Nam, nàng ấy quen biết người chủ tiệm đó. Ngươi kể cho ta nghe thêm về Hoa Gián đi……",
  "11025123550846356432": "Cứ Điểm - Lục Lâm Sơn Phỉ (Song Phủ)",
  "11025125963610977125": "Gửi đến Hiệp khách:\nChúc mừng ngài đã nhận được phần thưởng sau trong hoạt động «Đón én mới · Cưỡi xuân về» trên mini-app WeChat, xin mời kiểm tra.",
  "11025126688936538675": "Dương Tiểu Nam",
  "11025255566844656562": "Long Quỳ Thảo",
  "11025362148999469115": "Tiếp tục dò hỏi tin tức về lá cây bất tử.",
  "11025448465874821040": "Hoan Lang",
  "11025469792879980716": "Hợp gia đoàn viên",
  "11025514334980742103": "Thêm rượu",
  "11025551222492106031": "Không có mục tiêu phù hợp",
  "11025554186545389041": "Sinh Thái Vật Chủng",
  "11025570105766590773": "Kỳ Cục Của Mã Tư Trọng",
  "1102559622332676283": "（Cứ để ta quan sát một lát đã...）",
  "11025613454171758788": "Sử dụng hai loại chiêu thức cản phá khác nhau có thể phòng thủ các chiêu thức tấn công khác nhau.",
  "1102566047732563590": "Ngươi muốn biết ư? Vậy chi bằng... giao cho ngươi cả nhiệm vụ của Hoài Tín Dịch nhé?",
  "11025675964239620584": "Thanh Khê Nữ Đệ Tử - Trạng Thái Linh Hồn Âm Vụ Lâm",
  "11025724470590992013": "Trên giá thuốc đã không còn loại thuốc đó",
  "11025736370759850132": "Ngươi quen hắn à? Ngươi thân với hắn à? Ta đã dò hỏi rất lâu, cũng chỉ biết hắn đến từ Tây Vực......",
  "11025740682655776357": "Cổ Tư - Đại Viện - Bách Tính 59",
  "11025759479228162751": "Phiến bài thất lạc",
  "11025787912099422433": "Thanh Lan mọc cạnh tượng Phật.",
  "11025809393167116095": "Hỏi thăm",
  "11025823072207977101": "Tiểu khất",
  "11025824318472181927": "Thiếu Xung - 2",
  "11025953094651654298": "Võ Miếu - Thông Đạo Nhị - B Thích Bản ② - Hữu",
  "11026015631108314476": "Hồng Trần Vô Nhãn - Thiên Bất Thu (Trên Hồ)",
  "11026052469898464269": "Bảo Tương · Khai Phong",
  "11026053297210017419": "Triệu A Đức (4098)",
  "11026130679708913467": "Đa tạ trưởng lão. Vậy sau khi mọi chuyện lắng xuống, ta có thể trở về tổng bộ Tam Canh Thiên không?",
  "11026193659792287669": "Dưới nước",
  "11026197774384500602": "Ừm... ta làm thịt nướng này có một điểm đặc biệt, chỉ cần nguyên liệu hiếm nhất tốt nhất.",
  "11026253840974304970": "Vạn Toàn Chi Tắc",
  "11026272806606070250": "Khai Phong - Chi Tuyến Kim Long - Phạn 5",
  "11026287168997396682": "Khuôn viên",
  "11026289246835788255": "Trần Gia Tranh",
  "11026321154847398543": "Khi bị chiêu thức thường của đối phương trúng trước khoảnh khắc, ấn {1} có thể kích hoạt #YGiải Thế#E, làm giảm chân khí của đối phương.",
  "11026326028022394741": "Quặng sắt",
  "11026333253115964809": "Bé trai",
  "1102633402540144796": "Kết quả bị tướng quân Dung phát hiện, trực tiếp bắt lão phu thợ thuyền đó cuốn gói ra đi ngay trong buổi chiều hôm đó. Lão thợ thuyền này đã theo bà ấy nhiều năm rồi, sao có thể đối xử như vậy với người ta.",
  "11026374585580551522": "Sinh Thái Vật Chủng",
  "11026409374773700203": "Phàn Lâu Tân Khách H - Thanh Niên Nữ Tính",
  "11026443065864588408": "Không rõ…",
  "11026466617018784404": "Cách Chơi Diệu Diệu Miêu - Mạn Đà La Hoa",
  "110264766304367105": "Lý Gia Đống",
  "11026506724636014580": "Uyên",
  "11026583297792492137": "Đi đến Khai Phong",
  "11026621437869093325": "Phòng Chí Cường",
  "11026633651237010797": "Ngự Uyển Bắc - Xem Hí 2",
  "11026682994380240662": "Sớm sinh tối lụi",
  "11026702279215157388": "Chuyện lạ về người góa vợ",
  "11026765066848330782": "Công Tắc Thang Máy - Công Tắc Gọi",
  "1102679239716874119": "Ngươi tới làm gì?!",
  "11026802895160258757": "Trong rương không còn vật dụng khả dụng",
  "11026809660729620435": "Phòng Chí Cường",
  "11026816961222876712": "Hả?",
  "1102686276170116742": "Hủy bỏ",
  "11026897338950568639": "Tùng Lâm",
  "11026917658742342507": "Long Quỳ Thảo",
  "11026924116980371334": "000 Vạn",
  "1102694043419679153": "Trời nắng",
  "1102694116310725657": "Kẻ si tình này, có vẻ chỉ biết mặt, không biết lòng dạ.",
  "11026961595606870209": "【Mèo_Cam_Mèo Thường】",
  "11026989206973066560": "Số lượng Bách Nghiệp",
  "11026992509029035022": "Hổ Phách (nguyên khối)",
  "11027050942446714005": "Thắng 10 vòng Thi Từ Tiếp Long",
  "11027141623732139814": "Dân làng Phong Hòa Thôn",
  "1102715093919455815": "Thương Đạo Chi Kiếp - Cướp Phỉ",
  "11027165297512619045": "Tích Lũy",
  "1102721421586295428": "Thạch Khối",
  "11027291859930943137": "S3 - Phần Thưởng Chiến Lệnh - Miễn Phí Cấp 53",
  "11027296732664417051": "Cứ Điểm - Mạc Ngư Quái",
  "1102734515400690172": "Thành viên Xích Long Đường",
  "1102742804106096257": "Sinh Thái Vật Chủng",
  "11027431561946711291": "Vũ Y Lâu Khí Vận - Chủ Quán",
  "11027593848692642232": "Đuổi bóng truy gió",
  "11027648591058706386": "Không có ta, cũng sẽ có người khác mà, vậy ngươi sẽ không tìm được nữa đâu. Ta không đòi hỏi nhiều, ngươi chỉ cần cùng ta đánh vài con chim là được rồi.",
  "1102769139380778189": "Khinh Công Tổ Kiện 2-5",
  "11027746894805272945": "Khó",
  "11027765695174111851": "Địa lý · Thế giới trong mơ",
  "11027776593246187402": "Sơn Tước Noãn",
  "11027784583470510560": "Du Lập",
  "11027910439864861924": "Giải Vô Gian - Thẩm Vô Kỳ Đối Trì",
  "11027919867088613880": "Mục tiêu liên kết đã bị hủy",
  "11027931341061534737": "Bảo Rương · Khai Phong",
  "11027941848530656239": "Đối thoại",
  "11027974134377278642": "Lựa chọn độ khó",
  "11027983869324633300": "Tổ chức Bách Nghiệp xây dựng thêm thành phần 585",
  "11028008136735583414": "Long Quỳ Thảo",
  "11028016624695415852": "Vùng bị thương sưng đau, có biến dạng rõ rệt và rối loạn chức năng.",
  "11028017108293934218": "Viên Tòng Tùng",
  "11028019028418203620": "Khê Khiêu - Lôi Công Nhứ Thực Châu Tam Châu",
  "1102803713993155774": "Câu Lan Tăng Bổ 1 - Tiểu Ca Giao Hàng - Mang theo hộp thức ăn xuyên qua đường phố",
  "11028038775616429192": "Mặc Thủ Chi Tâm Tổ Kiện 07",
  "11028116310191676098": "Làm phiền rồi",
  "11028146460129411567": "Mùng Chín tháng Chín",
  "11028155351626542303": "Ngựa xám đặc biệt",
  "11028234360354398963": "Trang Bị Ngũ Âm Bản Thường Nhật",
  "1102824596384751745": "Bảo Rương · Khai Phong",
  "1102825707822926758": "Hoa gian khách",
  "11028312098661901050": "Yên Hoa 3",
  "11028474921136635561": "Cái ngọc bội đó!",
  "11028476808883953575": "Đan Nhai - Điểm Hồi Sinh Chiến Lợi Phẩm 47",
  "11028507360193976171": "Lưu trữ sau khi trả nguyên liệu thực phẩm cho Thái Thái",
  "11028535078547232064": "Hoạt Động Tổ Đội Trước - Bong Bóng - Bong Bóng Trò Chuyện Ngỗng Lớn",
  "11028555224922693443": "Ngoại công công kích",
  "11028557333435677526": "Thập Lục Hạng",
  "11028609402108643226": "Sử dụng vật phẩm này, có thể nhận được ngoại hình tương ứng.",
  "11028672470387420206": "Đường giàu sang",
  "11028693239822592408": "NPC Nam Trưởng Thành Thử Nghiệm",
  "11028697740569431057": "Trong chiến đấu Bách Nghiệp, giảm sát thương phải chịu",
  "11028711150905443884": "Khai Phong",
  "11028734688175433461": "Tạm thời chưa trang bị kho vũ khí",
  "11028804030195594129": "Đến đánh nhau à? Trên đài có hai người, ngươi lên vừa đủ ba người, đấu một ván chứ?",
  "11028859033256495826": "Quy tắc",
  "11028872022440448397": "Đến Phong Hòa Thôn, giết kẻ bội nghĩa.",
  "11028915565620619802": "Âu Gia Hạo",
  "11028939363942578438": "……",
  "11028997440641927235": "Tổ hợp ngoại hình ngẫu nhiên của quán rượu Phong Sa",
  "11029026482091745431": "Đây đều là những tin tức mới nhất ở Khai Phong mà ta vừa nghe ngóng được từ Đông Phong Đệ Nhất Chi Nhánh!",
  "11029042926802436430": "Kho báu của Miêu Miêu",
  "11029155358514913142": "Hoàng Lạc Tư",
  "11029171085417902108": "Nhận diện thất bại: Đối phương không phải người chơi đóng giả!",
  "11029212159538799264": "Trần Khải",
  "11029250472698312655": "Đông Thành bách tính",
  "11029258370069461000": "Có độ cơ động khá cao, cùng với khả năng khống chế đơn thể nhất định, lợi thế kéo dài giao chiến ở thế chủ động. Đồng thời có lợi thế cân sức bền khi đối kháng, kết hợp với kỹ năng tích lực gây sát thương cao có thể tạo ra sự bùng nổ.",
  "11029275555081729473": "Thiêu Từ Lĩnh - Điểm Hồi Sinh Chiến Lợi Phẩm Mới 310",
  "11029282854877719765": "Vừa hay năm đó Thiền sư Diệu Thiện du hành đến thiền viện trú tạm, không lâu sau được triều đình phong làm Phật Tử. Hòa thượng may mắn được hầu hạ Phật Tử, thường xuyên được ngài dạy bảo.",
  "1102930276582629850": "Khách buôn đến Tiệm thuốc Lĩnh Hạnh mua thuốc.",
  "11029396234429551898": "Hoạt huyết hóa ứ",
  "11029412503700772369": "Trương Chấn",
  "1102941671070087795": "Càn",
  "11029420627163880568": "Ba đứa trẻ đó bình thường đã không có lời hay ý đẹp gì, cũng giống như những kẻ từng bắt nạt ta vậy. Ta chẳng qua chỉ để cho chúng nếm thử nỗi đau của ta mà thôi.",
  "11029491162793473518": "Quỷ Thị Tử",
  "11029509525640925401": "Vô Danh Tướng Quân - Thoát chiến",
  "11029575366742395180": "Hướng Kính Cách",
  "11029577902247991055": "Cướp Phỉ - Sài Đao Hầu Tử",
  "11029587874532858777": "Đuổi kịp lão Kim",
  "11029593764688243145": "Ma Tướng Quỷ Hỏa - Phát Tài - Thực Tế Sử Dụng",
  "1102960868405150077": "Xem ra bảo vật của lão nhị, không ai có thể lấy đi được nữa...",
  "11029612761730349788": "Chút công phu này",
  "11029628778892110924": "Tà áo dưới",
  "11029644766509930119": "Cô Vân Nhập Môn Client Chiếm Chỗ 231421",
  "1102972067041236290": "Một lọ thuốc nhỏ được đậy kín, bên trong có một ít bột màu tím sẫm, tỏa ra mùi hương kỳ lạ.",
  "11029726768874628173": "Thất Tử Phú Thi",
  "11029738264956258884": "Mười năm rồi... Kim đan này... Đạo gia ta không luyện nữa!",
  "11029756165734815099": "Tín đồ bị Sứ giả Phật hoa sai khiến, phụ trách thu mua giá rẻ hoa phật mà dân trấn trồng, chỉ đền đáp bằng thuốc cặn sau khi luyện hoa.",
  "11029764623639420531": "Thiên Nhai Khách Du Giang Hồ Sở Lục",
  "11029808760375156939": "Mệnh lệnh môn phái",
  "11029838409933428602": "Ngươi hiểu gì chứ, chỉ là chưa quyết định ra kẻ mạnh nhất mà thôi!",
  "11029842897850003678": "Dữ liệu đang tải... Dữ liệu đang tải... Dữ liệu đang tải... Dữ liệu đang tải... Dữ liệu đang tải... Dữ liệu đang tải... Dữ liệu đang tải... Dữ liệu đang tải... Dữ liệu đang tải... Dữ liệu đang tải... Dữ liệu đang tải... Dữ liệu đang tải... Dữ liệu đang tải... Dữ liệu đang tải... Dữ liệu đang tải... Dữ liệu đang tải... Dữ liệu đang tải... Dữ liệu đang tải... Dữ liệu đang tải... Dữ liệu đang tải...",
  "11029847375720230782": "Lữ Giai Nam",
  "11029874355924687485": "Ngươi còn mấy cái mạng mà dám đến chỗ này gây sự?",
  "11029879870494896126": "Thời gian còn lại lớn hơn {}",
  "11029881451088181245": "Thái Bình Chung Lâu - Điểm Hồi Sinh Chiến Lợi Phẩm 523",
  "11029885592270948626": "Hầu như không ai trong giang hồ biết đến, đã từng có một nhóm người như vậy, có một tổ chức như vậy, ẩn mình trong Xuân Thu, lập lời thề Treo Kiếm Long Đầu, gọi là Treo Kiếm.\nKhông ai biết họ có bao nhiêu người, chỉ biết họ tập trung quanh Sài Vinh, nhưng không phải lấy Sài Vinh làm chủ. Mỗi người bọn họ đều là đỉnh cao khiến người ta ngưỡng mộ trong giang hồ, cũng là chủ nhân của chính mình. Ngay cả sát thủ huyền thoại Điền Anh cũng chỉ là người leo núi khao khát đỉnh cao.\nTreo Kiếm hành sự không phân thiện ác, không vì danh, không vì lợi, chỉ vì niềm tin trong lòng.",
  "11029891251506281505": "Có là chuột thì sao chứ? Chẳng lẽ không thấy chuột nhiều cũng có thể cắn chết sói sao.",
  "1102990613826095150": "À... chỉ có thế thôi à?",
  "11029928551042005093": "Gió nổi",
  "11029930962500889240": "Phật Quang Đỉnh - Khu vực Parkour Phân đoạn 6",
  "11029934548326478692": "Bồ Đề Khổ Hải - Điểm Hồi Sinh Chiến Lợi Phẩm",
  "11030029912972049707": "Cúc Cúc",
  "11030102835532306656": "{3}\nTa bị {1} vào ngày {0}, sau đó được danh y {2} chữa trị, cuối cùng đã khỏi bệnh.",
  "11030118926096118708": "Thiên tai",
  "11030158319561117601": "Lâm Văn Kiệt",
  "11030210324106891137": "Nghe nói trẻ con nhà người ta sinh nhật được đội mũ đầu hổ. Tiết Sửu nghĩ, con nhà mình cũng phải có, nhưng... mũ đầu chuột vẫn đáng yêu hơn.",
  "11030212706961340638": "Được thôi, ngươi chọn lựa chọn để ta thử xem.",
  "11030257392001686170": "Nhặt",
  "1103028105131227044": "Ai?",
  "11030288229475934252": "Chu Vũ Lâm",
  "1103028832773818871": "Thôi vậy, đã có việc khác quan trọng, cứ đi bận rộn đi.",
  "11030291228379527613": "Mã lão Tam lại tìm việc cho các ngươi à? Làm ăn phát đạt thật đấy.",
  "11030311302804207677": "Vương Tư Việt",
  "11030355255057764157": "Trong Hà Đông Bát Tuấn có một cao thủ dùng gậy#Y, thường xuyên lang thang chốn chợ búa, dường như chính là chủ nhân của bí kíp này.#E",
  "11030371664557221504": "Phòng Chí Cường",
  "11030463141514495872": "Bệnh của ta, đã khỏi rồi. Đều là nhờ con trai ta quen được đại hiệp ở Thanh Khê, xin được một bầu thuốc tiên. Rất hiệu nghiệm……",
  "11030480239423294968": "Tuệ Dũng Mắng Người (trước)",
  "11030522214149181013": "Giới Bi",
  "11030597093459660330": "Chất lượng",
  "11030623632236945565": "Có thể ngẫu nhiên nhận được một loại",
  "11030632268418308864": "Phía đông bắc Thiện Diệu Châu có Phật Gia Trại, là nơi sư sãi ham rượu thịt chiếm cứ, người dân không bao giờ đến đó, không lâu trước đây, có một vị hòa thượng bình thường biết núi có hổ, vẫn cố đi vào núi hổ...",
  "1103065897229361085": "Chọn địa điểm kinh doanh",
  "11030696493932171544": "Nấm độc trong miếu họ Trịnh là gì?",
  "11030700128338716065": "Ngươi có ý gì?",
  "11030705561055631479": "Đang tải dữ liệu",
  "11030705891397648598": "Chế độ ánh sáng dịu nhẹ",
  "11030728506684233619": "Phúc Bồn Tử",
  "1103075100207104849": "Hữu Phố - Giang Hồ Nhân 9 - Đối Thoại",
  "11030752656944492650": "Được được được, vậy vị đại nhân mà ngươi không thích bây giờ còn muốn hỏi ngươi —",
  "11030785814216537882": "Thay đổi giai đoạn: Thêm hai loại đạo cụ hoàn toàn mới: Mạc Kim Thủ và Ngưu Nhãn Lệ.",
  "11030789970759368297": "Thế Giới Đẳng Cấp - Cơ Quan Nhân\nĐộng Tác Tuần Tra Tùy Chỉnh: Có",
  "11030812497260183486": "Dữ liệu đang tải... Dữ liệu đang tải... Dữ liệu đang tải... Dữ liệu đang tải... Dữ liệu đang tải... Dữ liệu đang tải... Dữ liệu đang tải... Dữ liệu đang tải... Dữ liệu đang tải... Dữ liệu đang tải... Dữ liệu đang tải... Dữ liệu đang tải...",
  "11030821611391079577": "Cừu Dục",
  "11030921270431728318": "Bách Nghiệp tổ chức xây dựng thêm linh kiện 3",
  "11030939846314465612": "Trần Gia Tranh",
  "11030944936151564815": "Dì còn lén hỏi tôi, du hiệp à, có phải đang làm nghi thức gì mà bọn họ không biết không? Hì hì, chuyện đó à, tôi đâu có biết!",
  "11030957290999358254": "Hàn Hương Tầm - Tranh Chấp Khách Phòng",
  "11030967901388096646": "Một mẩu chuyện tạp văn do Trần Niểu Niểu ở Thọ Xương Phường viết.",
  "11031062874516169507": "Nhưng nghĩ lại cũng phải, ngoài khách buôn ra, không ít người giang hồ muốn vào Ẩn Vụ Lâm cũng có ý định giống ta.",
  "11031074425189989322": "Sử dụng có thể học công thức Dao Thuốc - Cấp Bốn.",
  "11031084713487313957": "Tim không đập",
  "11031127839333093806": "Trong Bách Nghiệp chiến, công kích Phá Thạch tăng. #Y5 cấp#E, #Y10 cấp#E sẽ mở khóa nâng cấp #YHiệp lực tương trợ#E, tất cả thành viên tham gia Bách Nghiệp chiến đều nhận được tăng cường.",
  "110311388222320002": "Lôi Bân",
  "11031268786703529279": "Hà Kỷ Hi",
  "11031356288819196457": "{2}\nThân có chút bệnh tật, qua chẩn đoán của danh y {0}, ta mắc bệnh {1}.",
  "11031380507368388681": "Triệu Phổ Trạch Canh Gác 7",
  "11031390886024034902": "Trần Gia Tranh",
  "11031393385181731296": "Đến lúc chết còn nói lỡ một câu bảo đi tìm... Ta dựa vào cái gì mà phải tìm?",
  "11031480270863507758": "Xem"
}