{
  "13795545701449087140": "Mục Bác Vật 17, Phần Thưởng Cấp 5",
  "13795579593168098865": "Rơi ra giáp ống chân thuộc bộ Trang Dũng Anh, dễ tương, giang ngưng phẩm chất vàng cao nhất bậc 61.",
  "13795583221703948217": "Tựa Lôi Bất Kinh",
  "13795591995069391751": "Linh Hồn - Trịnh Thị Lão Thái Thái 02",
  "13795656855971245578": "Nhiễm bệnh phổi ở khu vực đầm lầy độc. Lực tấn công khi đốn củi/khai khoáng giảm 10%, sau khi thực hiện 20 hành động sẽ bị khống chế mạnh và phát đoạn hoạt ảnh ho tại chỗ.",
  "13795673993167003190": "Âu Gia Hạo",
  "13795677854871436977": "Bình hoa",
  "13795699732095153092": "Cung Tiễn Hắc Y Nhân - Xạ Người Chơi",
  "13795729159015414036": "Mở ra, nhận được 300 điểm danh vọng giang hồ.",
  "13795733312801917914": "Văn Thạch",
  "13795745357845039588": "Âm Binh Mượn Đường",
  "13795763188719483043": "Trần Lực",
  "13795796560565211617": "Ôi trời, may mà là ngươi! Hắn bảo ta mang lời nhắn cho ngươi, nói là... \"Đệ tử, xin lỗi, lời hứa của chúng ta không còn hiệu lực, hãy quên nó đi\".",
  "13795834131435297243": "Thật sao?! Hãy để ta đoán xem... Chẳng lẽ là đáp án của tháng sau, không... Chẳng lẽ là bài thi khoa cử sao?!",
  "13795862068289979937": "Năm 914",
  "13795868029874886551": "Khai Phong - Thọ Xương Phường - Cành quế 2",
  "13795885267131676103": "Vô Tướng Hoàng liên tục vung lưỡi dao lớn về phía trước gây sát thương.\n\nCách đối phó: Đừng vội vàng tiếp cận, Vô Tướng Hoàng sẽ thực hiện nhiều lần đánh.",
  "13795904344482692512": "Nước sương giá trong veo, rồng uốn mình gỡ vảy sáng.\nSáng sớm uống một chén rượu, đạp tuyết qua cầu.",
  "13795982424535664768": "Lăng Giai Hân",
  "13796009651412333201": "Chuyên mục tạo hình trả phí - Thích Tân Từ",
  "13796069632193987833": "Từ trên trời rơi xuống",
  "13796073664205601393": "Biệt Quán - Trùm - Tường Không Khí",
  "13796095683507954727": "Tinh Tinh Ám Khí - Có Thể Nhặt - Cuối Cùng",
  "13796122846248457638": "Xin cáo từ",
  "1379617396098130546": "Thác Minh Tranh",
  "13796255409723705653": "Giang hồ lưu danh tăng",
  "13796273210911087717": "Diệp Thừa Sương thật sự nhảy vực chết rồi?",
  "1379629109458301707": "Trưởng lão của #R Cửu Uẩn Đường#E Cuồng Lạn. Giỏi thương pháp, sức mạnh vô song, thích #R tranh luận#E, luyện võ quên mình, rất quan tâm đến các đệ tử giỏi giao tiếp.",
  "13796314542123820886": "Sự huy hoàng thất bại",
  "13796355867594256029": "Trịnh Tông Hoành",
  "13796390222645555818": "Đầu thời Bắc Tống, cấm quân từ Long Vệ trở xuống, ngoài việc canh giữ kinh sư, còn phải luân phiên đồn trú ở địa phương. Hiện tại có mấy doanh trại tiến quân luân phiên ở phía Nam Khai Phong, sắp sửa điều động đi các nơi. Quan văn đến truyền lệnh không hiểu sao lại tranh cãi không ngừng với các binh sĩ, hãy dùng thân phận #Y Văn Sĩ#E tiến vào và thuyết phục họ. #Y (Đề cử tạo nghệ Văn Sĩ 1500)#E",
  "13796406175824072182": "Chỉ có hiệu lực trong lối chơi Chỉ CaChỉ có hiệu lực trong lối chơi Chỉ Ca",
  "13796434270462640646": "Sinh Thái Vật Chủng",
  "13796447928430878844": "Thuyền này nhiều quá, đang chở gì thế nhỉ?",
  "1379645810508576892": "Thi Thiên Lai",
  "13796458507436138386": "Tặng các ngươi một miếng đất chết",
  "13796513025007006894": "Hà Điền Kê (Gà Trống)",
  "13796524094597656150": "Xem trước",
  "13796531568936966536": "Bốc Quý Đồng",
  "13796532504388737414": "Đối phương đang đánh giá khí lượng của người",
  "13796587900824686537": "Hàm Nương Tử",
  "13796627048008960864": "Tam đoạn",
  "1379664056161482442": "Bát Trọng Cảnh",
  "13796660505508357007": "NPC Trạm Dịch Tổ Chức - Cổng Lớn, Đối Thoại Bầu Không Khí",
  "13796666111491769018": "Khen thưởng cá nhân",
  "13796771173929100683": "Một nông phu của làng Phong Hòa, cần cù, thật thà.",
  "13796779853883371697": "Tễ Vũ Lâu - Thường Bất Hưu",
  "13796831327379115867": "Biệt Quán - Trùm - Tường Không Khí",
  "13796831791065310126": "Phần Thưởng Điểm Bác Vật Hạng Mục",
  "13796836002221888199": "Cá diếc",
  "13796853341720061682": "Kỳ Quái - Hạt Giống Lôi Công Nhứ",
  "13796853653611310572": "Hoang Thực Lâm - Điểm Làm Mới Chiến Lợi Phẩm 9",
  "13796973178201935615": "Tiến độ chung xây dựng trăm nghề{}",
  "13797205526451825658": "Giới hạn trên cấp độ tương ứng chế độ đơn",
  "13797206606501690485": "Nhất Diệp Bình Sinh - Tấm Nền",
  "13797208469244798529": "Diệu Diệu Miêu - Quỷ Hỏa",
  "13797215656572464691": "Thiện tài quảng kết thiện nhân duyên, kim ngọc mãn đường ánh xuân huy!",
  "13797245453647492432": "Lục",
  "13797269585084319320": "Mở khóa phương án mới?",
  "13797279548869944303": "Xạ Nhật",
  "13797356743708793564": "Phòng Chí Cường",
  "13797438630868718386": "Lộc",
  "13797469353244960624": "Tú Kim Lâu - Doanh Trại - Cung Tiễn",
  "13797504025042772866": "Chó chăn cừu",
  "13797583147278069549": "Ninh",
  "13797612448763009485": "Chắc chắn đây là sào huyệt của hắn!",
  "13797705611995740102": "Thạch Khối",
  "13797732102219785390": "Họ Ôn!",
  "13797733928337876892": "Thủy Long Thủ_Tấm Áp Lực",
  "13797814582721692876": "Luật Chuẩn Thạch *10",
  "13797830010268255100": "Độ Khó 3 - 10 Trường Minh Ngọc",
  "13797890758305599138": "Kiều Tam Gia biểu thị cảm ơn ngươi, bắt đầu suy tính cẩn thận.",
  "1379792110975588588": "Trại cướp điên cuồng",
  "1379792148837013483": "Tu luyện phúc địa",
  "13797931021446417543": "Hắc Ban",
  "13797956078231834262": "Sinh Thái Vật Chủng",
  "13797964335911555197": "Vũ khí, Hoàn, Bội",
  "1379803269500859595": "Đối thoại",
  "13798034909792783153": "Không rõ...",
  "13798038510358617850": "Người bán hàng rong",
  "13798110807604301982": "Thiếu hiệp, ngài đã vào khu vực trọng yếu của nhà giam, xin hãy hành động cẩn thận!",
  "13798112287978636101": "Không nằm trong khu vực có thể đặt",
  "13798144401422346780": "Bảo Rương",
  "13798225201395944588": "Khung cửa gỗ đỏ năm",
  "13798263611628799044": "Khai Đàn Yến - Khách Du Lịch Tìm Đường 1",
  "13798364624740270220": "Ngũ trọc ác thế, chúng sinh bụi bặm che lấp; an bình không tìm thấy, kẻ yếu khó gánh vác. Thế là có tu sĩ mang lòng đại từ đại bi, dấn thân vào tro tàn vô gián; gánh nghiệp luân hồi nặng nề, độ chúng sinh đến cực lạc.",
  "13798460262445360353": "Âm thanh hòa minh",
  "1379846264108201644": "Ngu Tuấn",
  "13798474162204129383": "Trương Chấn",
  "13798492081751604274": "Long Quỳ Thảo",
  "1379849641046809104": "Công trình kiến trúc mới thêm của tổ chức Bách Nghiệp 207",
  "13798503592474910765": "Nghe nói ở đây có không ít bảo vật phòng thân...",
  "13798512560067535299": "Đáng mừng! Đáng mừng!",
  "13798531068652254169": "Đợi đến ban ngày",
  "13798541050836710121": "Đạt được sở tàng",
  "13798541356668233078": "Trò chuyện phiếm",
  "13798543365096919206": "Phần Thưởng Đoạn Vị 3-1",
  "13798592576844645756": "Chữ ngắn, trả lời tùy tiện.",
  "13798599464205743752": "$T(1)，规矩 của thúc thúc ngươi, ngươi biết rồi đấy, chuẩn bị xong sớ cúng, ván cờ khai cuộc.",
  "13798654243144174529": "Tướng Quân Từ · Chiến lược Yên Kích",
  "13798658001959108195": "Tâm pháp ·",
  "13798705524108362108": "Hành Thương Hảo Nhân",
  "13798824266440101950": "Tiên sinh đã ẩn cư giang hồ hai năm trước rồi mà?",
  "1379890139782896942": "Sinh Thái Vật Chủng",
  "13798901516162855601": "Là không biết, hay là không dám nói?",
  "13798901894665730714": "Hộ vệ của tiểu nương tử Hinh, đời đời kiếp kiếp, chỉ bảo vệ một người.",
  "13798908641988459498": "Nhị Thập Tứ Hưởng",
  "13798910504542733810": "Cảnh Uẩn",
  "13798920745396306449": "Liên Hoa Viện - Tuệ Diệu (Sau Khi Kết Thúc)",
  "13798951827401126294": "Thiết Bích Cốc - Nghe vò - Giải đố P2.2",
  "13798967823950311205": "Ngực đầy tức, tay chân vô lực không thể vận công cảm nhận nơi này.",
  "13798973435865728965": "Bán con mèo này đi, chúng ta lại kiếm được nhiều tiền.",
  "13799010127221469942": "Nhất Diệp Bình Sinh - Khu Phố Đại Lộ Nam Môn - Triệu Thiêm Chân",
  "13799028541348942747": "Hành quyết",
  "13799030516555104589": "NPC Bầu Không Khí Phong Hòa Thôn - Ngựa Nâu",
  "13799054077108851005": "Năm nay quốc chủ Giang Nam nghe nói chúng ta đang thiếu tiền, vội vàng sai Đông Khuyết công tử đến đây với chúng ta...",
  "13799128053727701937": "{3}\nTa vào năm {0} mắc bệnh {1}, sau khi được danh y {2} điều trị, cuối cùng đã khỏi.",
  "1379913099326548479": "Trương tẩu yên tâm đi, ta đã đi thăm dò rồi, tay thầy bói đó chỉ là một tên lừa đảo giang hồ, lời hắn nói không đáng tin.",
  "13799166823463938124": "Tiểu thí chủ, cái này là ngươi không phải chỗ đúng rồi. Hai vị thí chủ ngoan ngoãn đứng đây canh gác, ngươi không hỏi đầu đuôi đã đánh họ một trận, còn trói cả hai lại, như vậy thật không quang minh chính đại a.",
  "137991717388574657": "Trò chuyện",
  "13799215785967996601": "Nhận được khi Phong môi cấp 5",
  "13799220705410960145": "Điền Dã",
  "13799247370573603944": "Giải Mã Phức Hợp - A Đại - Dùng Trong Chiến Đấu",
  "13799282763571052972": "Giới Bi",
  "13799288494783078070": "Đánh nhẹ trên không",
  "1379929110814830945": "Thi thể người Khiết Đan",
  "13799294931215248057": "Chỉ có hiệu lực trong thế giới nhiều người chơi",
  "13799379818609359696": "Phần Thưởng Đoạn Vị",
  "13799394801589953500": "Quả cây 6",
  "13799439546719206634": "Thái Bình Chung Lâu - Liễu Diệp Tiêu (Không Quét Sạch)",
  "13799464326457513547": "Lý Trạch Hạo",
  "13799471889500398487": "Thợ may nhỏ",
  "13799493555849174203": "Người bán hàng trên phố Tràng Hưng.",
  "1379954723182789428": "Miêu Cửu Nương",
  "13799595716915164785": "Bỏ qua hoạt ảnh",
  "13799663076628956005": "Thi Thiên Lai",
  "13799675378240854987": "Triệu Phổ Trạch - Bảo Rương Chính Phòng",
  "13799689604636336178": "Võ học phụ",
  "1379968986982221141": "Đăng ký đầu tiên nhận được",
  "13799719987631114963": "Thập Lục Hẻm Yến Kích",
  "13799727738113069076": "Vật liệu xây dựng, dùng để dựng nhà.",
  "1379972952642098565": "Tự Hiệu Tự Thích Ứng (Thử Nghiệm)",
  "13799782436036676887": "Ta chỉ đến để truyền lời thôi.......",
  "13799783554186610976": "Lưu Minh Sách",
  "13799795332957344895": "Nhất Trượng Hồng",
  "13799805961807491740": "Đồng thời đánh trúng không ít hơn #Y2#E kẻ địch, thì có thể gây hiệu ứng #Y Trục Ảnh (烛影)#E cho kẻ địch.",
  "13799878482198664061": "Hộp thoại đã đầy không thể tiếp tục nhập",
  "13799886276840318330": "Thiên Thượng Chiến Trường - Phá Thuyền 1",
  "13799971053209356172": "Hoa gian lưu ảnh",
  "1379997163764740787": "Quan phủ bị phá nát không kể, còn toàn là chuyện quái quỷ gì thế này... Biết là nơi này như vậy, ta thà đừng đến!",
  "13799988522467926242": "Lần này, chờ đợi ngươi không phải Tiểu Bình An, mà là một người xa lạ... Tiểu Bình An đi đâu rồi?",
  "13800014118434863817": "Ngoại vi Mặc Thủ Chi Tâm",
  "13800017376139958278": "Thiên Công Khai Vật",
  "13800093559578541395": "Ngươi...... sao......? Mau đi đi...! Khụ khụ khụ......",
  "13800185871429100198": "30 thùng",
  "13800260306915416133": "Hà Kỷ Hi",
  "13800283473164714848": "Hà Kỷ Hi",
  "13800286506825284777": "Kiểm tra không phát hiện dị thường, nếu có nghi vấn xin liên hệ với chương trình liên quan",
  "13800306371087170624": "Linh Cữu",
  "13800334964188877941": "Khiên Ti · Lâm - Tiến Giai 4",
  "13800386140697869054": "Sử dụng vật này, có thể nhận được ngoại hình tương ứng.",
  "13800407896848234425": "Tìm cách phát hiện người ấp nhộng",
  "1380042450838955092": "Chủ tiệm tạp hóa Thần Tiên Độ, là người lớn trưởng thành cùng thiếu hiệp, tính cách thẳng thắn.",
  "1380044187732193850": "Hay là thế này đi, ta nói một bí mật của ta, chúng ta trao đổi nhé?",
  "13800510569154407072": "Trương Liên Hâm",
  "13800517964379100453": "Thí Nghiệm Thang Máy",
  "13800521781456806844": "Thất Phạt Pha - Điểm Hồi Sinh Chiến Lợi Phẩm 172",
  "13800552437093114369": "Nghê Trưởng Lão",
  "13800573676005557827": "Sinh Thái Vật Chủng",
  "13800591322886273539": "Sấu Mộng Khôi - Đứng Yên Tại Chỗ - Cường",
  "13800643172053711203": "Cờ phổ",
  "13800663305327994632": "Ăn",
  "13800683072234397677": "Lý lẽ quái gì...",
  "13800689953951402204": "Nhưng điều này... có phải không công bằng không! Dù sao thì hoa nở bốn mùa, mỗi mùa mỗi vẻ.",
  "13800711674595288821": "A Hoàng",
  "13800731100315046924": "Sau khi đột phá có thể nhận được một bộ trang bị xanh lam cấp 51, bao gồm giáp phòng ngự, bội hoàn, cung quyết, và các loại vũ khí.",
  "13800739278654333307": "Đứa nhóc nhà ngươi, miệng ngọt như mật. Không giống tên ngốc trước mặt, toàn nói chuyện làm người ta mất hứng.",
  "13800812384871576272": "Viên Mãn",
  "13800817942149804527": "Xin lỗi nhé, Lão Kim, tin tức nhanh hơn ngươi rồi.",
  "13800832169234971484": "Leo tháp",
  "13800853457422930185": "Bái vị bị che phủ bụi",
  "13800871596350868909": "Thạch Khối",
  "13800872138463781355": "Chung kết",
  "1380088957957779414": "Lý Đại Túy",
  "13800961581080635131": "Cái gì thế?",
  "13800997673752892267": "Đệ tử Cửu Lưu Môn",
  "13801004854405262148": "Từ Tâm Sơn Viện - Điểm Hồi Sinh Chiến Lợi Phẩm",
  "13801030352019278589": "Độc Đuôi Ngựa - Tuyệt",
  "13801063555457932185": "Phiên Bản Lưu Trình - Chương Bốn - Bình Dân A",
  "13801111552215490654": "Trương Chấn",
  "13801113961141902469": "Điều tra bát đĩa",
  "13801128784891404117": "Chiêm Tuấn Lương",
  "13801154023242374138": "Ghi chép của sư gia Thanh Giao Đường",
  "13801159920820165403": "Túy Hoa Âm",
  "13801160781072691514": "Đơn đấu",
  "13801161190289175684": "Hội Võ 3V3",
  "1380117056846209773": "Còn gọi là hỏa thiêu sang, thương do nước sôi, hoặc bỏng do các vật thể nóng khác gây tổn thương da.",
  "138011938758882589": "Số lần giao đấu",
  "13801199085969185155": "Nguyên Dã",
  "138012125132642600": "Đứng hình",
  "13801214748918313329": "Đường Lang - Yến Vân Biệt Quán Thủy",
  "1380122467692739249": "Kinh Chiêu Dương rất giỏi viết tiêu đề giật gân, nói chuyện với hắn về những gì hắn đã viết.",
  "13801226597252163535": "Quản Tuấn Đào",
  "13801260213579316838": "Nhất bút nhân gian",
  "13801268648130826062": "Tụ Ngọc",
  "13801281394251520423": "Sương mù",
  "13801301637199535330": "Kỹ năng nói lý",
  "13801324212071597834": "Hù hù, đồ nhà ngươi không giống những con khác, nghe nói là bảo vật quý giá mà đại hiệp ở Thiên Tuyền tặng cho Hàn nương tử đó!",
  "13801370014722971289": "Dương Đạo Mẫn",
  "13801399406085503428": "Trong lối chơi Thí Luyện, giảm sát thương #Y+7.5%#E",
  "13801428133729354232": "Đan Chư Huyết Tiễn",
  "13801434526038258615": "Còn gọi là hỏa thiêu sang, thang hỏa thương, thủy hỏa đụng thương, chủ yếu chỉ các tổn thương da do lửa thiêu đốt, nước sôi hoặc các vật thể nhiệt độ cao khác gây ra.",
  "13801458135069013808": "Phàn Lâu sắp tổ chức quần anh hội với chủ đề “Phi Thiên Nghê Thường”. Nghe nói quy mô đại hội lần này vượt xa trước, không chỉ có nhiều Hoa Tín Phong, thậm chí cả chủ lâu của Phàn Lâu và Vân Hoa Lâu cũng sẽ đích thân lên sân khấu biểu diễn. Tin tức vừa ra, các bậc thân quý, hào kiệt khắp nơi đều kéo đến, có ý muốn cùng chung vui.",
  "13801459124430365703": "Cứ đến đêm mưa tuyết, lại có một đám giang hồ bất hảo tụ tập ở sảnh phụ nướng thịt, ai cho phép người đến, tiền từ đâu ra, phu nhân chắc hẳn có tính toán của mình.",
  "13801467313172549774": "Đỗ Tiểu Xuyên",
  "13801524205426226053": "Ngụy Chỉ Tịch",
  "1380155274981511037": "Nghiêm Kỳ Nhân",
  "13801558629100518234": "Sinh Thái Vật Chủng",
  "13801576243717168314": "Quay về báo cáo với Thường Vô Công",
  "13801589958637878988": "Nguyên Tham trận",
  "13801596026690619361": "Hiện tại không có lối chơi Phù Cảnh Hành Chu đã mở",
  "13801598768580840900": "Nếu không phải nhà đệ đệ Tuyền gặp chuyện, chúng ta đều giúp nó lo liệu việc dùng cho tế lễ, lá cây trong lá cây槐叶 đâu rồi.",
  "13801635759489262371": "Cầm tiền đi mau, năm nay cũng nhanh đi đi...",
  "13801644755699540872": "Không được, ta thấy ngươi cũng chẳng có chút nghiên cứu nào về cờ nghệ cả!",
  "13801667244034055165": "Khê Khiêu - Đường Lang",
  "13801667856606200817": "Thuyền",
  "13801684717008119069": "Ủa, ông chủ Tạ đi đâu rồi? Chắc không bỏ lại ta một mình chạy trước rồi chứ.",
  "13801709941234201783": "Tông Kỳ là ai? Là đệ đệ của ngươi sao?",
  "13801713473245205947": "Thành phần kiến trúc",
  "13801774370101695721": "Có lẽ tiểu tăng Phật duy chưa đủ, tìm kiếm một hồi vẫn không có kết quả gì, đành phải ngày ngày cầu nguyện, mong Phật tổ hiển linh, có thể ban cho tiểu tăng một hiệp khách có lòng tốt.",
  "13801781357942531942": "Hồng Trần Vô Nhãn - Giải Mật Tiếng Chuông - Biên Chung",
  "13801784246311694744": "Cẩm Phương Đình - Nữ chủ thuyền",
  "1380182839569587596": "Thanh Hà Gian Chương - Điêu Tượng 1",
  "13801833837115401192": "Quật Địa",
  "13801871246061361890": "Biểu Mẫu",
  "13801936564436579910": "Hoa Trung Thừa",
  "13802013800045469974": "Tập trung sức mạnh vào gậy, đánh ngã mục tiêu.\nTiếp theo là liên tục đập mục tiêu như kiểu giật thức ăn từ miệng chó, cuối cùng kết thúc bằng một cú hất lên, gây sát thương. Đặc biệt hiệu quả đối với các đơn vị có #YChân ngựa không vững#E như #YKỵ binh#E.",
  "13802023125660202242": "Đông Phương Bất Bại",
  "13802047743046176270": "Tay nghề giao đấu",
  "13802056718955407213": "Chờ tới lượt tiếp theo để làm mới",
  "13802061033804344513": "Đang tải...",
  "13802083316260758292": "Sắp xếp thông tin",
  "13802090768598740641": "Thanh Hà Gian Chương - Bố Liêm",
  "13802102349022225464": "Định Sinh Lão Tùng Nghe Tiếng Sóng",
  "13802150835745313696": "Trúc Lâm Cựu Cư - Điểm Hồi Sinh Chiến Lợi Phẩm 259",
  "13802330941090545121": "Tên bảng xếp hạng",
  "13802342619185423821": "…Tam Tài à Tam Tài, chú ý một chút, đừng để người Tống phát hiện…",
  "13802367513928590920": "Khôn Yêu Nhi",
  "13802379619713040751": "Tiểu Bảo à, con đã năm tuổi rồi! Chỉ biết chơi, sau này làm sao thi đỗ với người ta được!",
  "13802415189861647181": "Lý Gia Đống",
  "13802486177534354362": "Chu Vũ Lâm",
  "13802530502691342225": "Sinh Thái Vật Chủng",
  "13802611225272348599": "Trước đây có một đàn chó đói, nhưng chỉ có một miếng thịt, mỗi con chó đều ăn ít đi một chút, mọi người cùng nhau vượt qua khó khăn. Câu chuyện này dạy cô bé phải giúp đỡ lẫn nhau.",
  "13802648997968736389": "Tức Chiêu Lộ",
  "13802706645681431857": "Ngươi... ngươi nhìn cái gì! Mau... mau đưa tiền ra!",
  "13802750252221536437": "Luân chiến thủ lĩnh, chiến đấu đến cùng",
  "13802827864158030284": "Giáp trụ",
  "13802835875368388464": "Sinh Thái Vật Chủng",
  "138029521108865604": "Người tìm bảo",
  "13802992000970712130": "Lăng Giai Hân",
  "13803036500429163510": "Hồi Tố - Yến Vân Biệt Quán - Hiệp Danh Nhất Giai",
  "13803051759543588224": "Dương Trụ Vũ",
  "13803083162254875409": "Sinh Thái Vật Chủng",
  "1380308670445039772": "Ngư Bách Xuyên, không khí say ngã phu khuân vô danh",
  "13803109596386207842": "Tiến vào ngôi làng hoang bí ẩn",
  "13803110495718573582": "Tiếp theo",
  "13803134964902244142": "Yến Đại Thiết, ngươi lừa gạt đứa trẻ, ta gánh vác, cần đứa trẻ, tìm Điền Anh Lai!",
  "13803188800182138880": "Dân làng",
  "13803258055470359104": "Mô Tả Hoạt Động Mô Tả Hoạt Động Mô Tả Hoạt Động Mô Tả Hoạt Động Mô Tả Hoạt Động Mô Tả Hoạt Động Mô Tả Hoạt Động Mô Tả Hoạt Động Mô Tả Hoạt Động Mô Tả Hoạt Động Mô Tả Hoạt Động Mô Tả Hoạt Động Mô Tả Hoạt Động",
  "13803266860617907653": "Đang xét duyệt",
  "13803283744613187070": "Bạch Đại Lư",
  "13803318429015788097": "Vạn Nhân Điện Tầng Ba Cự Thạch 2",
  "13803348735014064937": "Đi đến Thiết lập",
  "13803392106181225018": "Mũi tên tín hiệu",
  "13803401708552376339": "【Chính Thức】Bảo Rương Gỗ Tam Phẩm - Khai Phong - Âm Binh Tá Đạo - Khải Giáp",
  "13803414698827773116": "Đang tìm cái gì?",
  "13803427784280632159": "Xin cáo từ",
  "13803470245871135681": "Y Phục Tây Cực Trụy Nhật + Gói Quà Avatar",
  "13803482078654600706": "Quỷ Phàn Lâu Dùng Để Kiểm Chứng - Tầng Hai, Tầng Ba 83",
  "13803516995611339790": "Lão bá nào? Chưa thấy bao giờ! Đừng có cản đường ta phơi nắng!",
  "13803632921300866359": "Giang Hồ Nhân - Đệ Tử Cửu Lưu Môn",
  "13803678732415447719": "Hoàng Lạc Tư",
  "13803777518099918327": "Khán Tỉnh Khẩu",
  "13803791908147014827": "Thược Dược",
  "13803806615097924073": "Nhớ nhung một đêm tình bao nhiêu? Đất trời mênh mông đâu phải xa.",
  "13803808204607270605": "Phi đao 3",
  "13803822057653522114": "Đang tải dữ liệu",
  "1380383082198713463": "Mỗi ngày một lần",
  "13803858933317072887": "Bảng xếp hạng nhiều người",
  "13803862693168692105": "Thọ Xương Phường - Y Sĩ",
  "138038903468411996": "Khu Cửa Hàng Câu Lan 3 - Bảng Nền Tĩnh",
  "13803904943307838557": "Nhị Thập Tứ Hưởng",
  "13803942555931414463": "...",
  "13803948298182039120": "Cái này gạt ngươi làm gì chứ。",
  "13803977724749911935": "Sử dụng vật này, có thể nhận được ngoại trang tương ứng.",
  "13803978690961966862": "Chuyển vũ khí",
  "13803997019224105602": "Làm phiền",
  "13804011003907337388": "Nói thật là chúng ta vốn không hợp với phương Nam, nay thời cuộc thay đổi, việc sứ giả nhà Đường đi về phương Bắc, chỉ mong đừng gây ra thêm rắc rối gì.",
  "13804050630200282697": "Động Tác Đôi - Bang Hội Giải Trí - Phần Thưởng Tứ Giai",
  "13804066713980101501": "Tính năng tạm thời chưa mở khóa"
}