{
  "13552773762428839457": "Xem",
  "13552811255478434203": "Trương Bắt Khoái",
  "13552834756536784653": "Khai Phong Phủ - Tiềm Long Điện - Quan Binh 1",
  "13552992410329759979": "Đã luyện chế thành công #C{0}#E",
  "13552995747338236438": "Tháo gỡ lựu đạn",
  "13553006577853798550": "Khách rượu lầu",
  "13553007090122445060": "Thị vệ Thân quân ti binh sĩ, thuộc Đông thành tam quân tương.",
  "13553017022200987984": "Bàn phím số 5",
  "13553053248589435876": "Du Lập",
  "1355307818893062933": "Vũ Y Lâu - Bối Cảnh",
  "13553084612391113792": "Phía trước phát hiện mấy cái vại??? (AI + Động tác)",
  "13553085922999345330": "Phần thưởng đa nghề",
  "13553139079175794361": "La Sâm",
  "13553162565380185930": "Phong Tức",
  "13553168906862410935": "Đối thoại",
  "13553172117113527481": "Âm Ngọc",
  "13553186356505791288": "Đang tải",
  "13553195158539830919": "Thời gian còn lại lớn hơn {}",
  "13553237824995494016": "Trần Khải",
  "13553240142899945112": "Nghi Loan Tư",
  "13553243964594690229": "Mạc Tiến hình như rất tức giận, hắn đang chuẩn bị điều gì đó?",
  "13553296315570849882": "Chẳng lẽ... ngươi là Chiết Ngự Phong?",
  "13553299197651174040": "Phú tiên sinh",
  "13553332174992942798": "Du Lập",
  "13553440433629218169": "Ngươi nói lời lẽ này hay quá, đúng là giống như Diêm Vương gia kể chuyện cho chúng ta nghe vậy, toàn là lời ma quỷ!",
  "13553479735479849768": "Trong lối chơi thử thách, giảm sát thương #Y+9.5%#E",
  "13553486279694901173": "Đoạn đối thoại này bây giờ có thể bỏ qua",
  "13553498161987855079": "Ngô Tiểu Oánh",
  "13553589680197295135": "Ta chỉ nói bừa thôi, không giống đại hiệp nói gì là giữ lời.",
  "13553608455875837303": "Phần thưởng cứ điểm · Cấp chín",
  "13553720729401969302": "Giang Hồ Nhân 6",
  "13553743485963338179": "Hành Chính Khu - Nữ Tù Nhân",
  "13553743726594628743": "Giang hồ nhân vật Lầu Quỷ Phàn",
  "13553747518129102171": "Kỳ Ngộ - Trạch Lan 4",
  "13553851780163731804": "Lăng ca lý ca hắc ~",
  "13553853710622743173": "Trương Chấn",
  "13553858415069568681": "Chu Vũ Lâm",
  "13553909803633703651": "Nam Môn Đại Nhai - NPC Thuê Xe 24",
  "13553913701064820755": "Phần Thưởng Điểm Danh",
  "13553916646118591823": "Trò chơi tung mũi tên",
  "13553943426591818103": "Hiệp Chi Trùng",
  "13553943781447583515": "Cái cuốc",
  "13553948547110462008": "Chiến Bào",
  "13553970839699341144": "Khỉ vàng",
  "13553977602136125499": "Dựa trên kinh nghiệm giang hồ nhiều năm của ta, người đặt tên hẳn là một mỹ nhân vùng Thanh Khê nhỉ!",
  "13554023684016491818": "Nhìn tướng mạo của ngươi... ngươi là người có phúc khí nha! Nguyện ý cùng ta phá giải điềm báo xấu này không?",
  "13554026140195500472": "Phần thưởng bảo đảm",
  "13554060532571208491": "Đang tải...",
  "13554074082607952318": "Hoa Hải - Điểm Hồi Sinh Chiến Lợi Phẩm",
  "13554078464185891237": "Tư thế: Chính kinh Song Tu",
  "13554118975397691169": "Thủy Sắc",
  "13554128605136750089": "Tri âm thân mến:\nTri âm, tri âm, chúc mừng năm mới nha.\nYến Kê chúc ngươi, nơi nơi nghênh tường, lúc nào cũng hưởng phúc, đêm đêm hảo mộng, năm năm thuận lợi...... haha, sao nào, lợi hại không? Đừng vội, còn nữa.\nTrong thời gian từ 25 tháng 1 đến 7 tháng 2, mỗi ngày Yến Kê đều sẽ gửi tặng ngươi một phần Trẩm Trung Tán mà mình trân quý.\nNgươi nhất định phải nhận nha.\nĐã đợi bao nhiêu năm, Yến Kê...... cuối cùng cũng có thể chúc Tết và gửi quà mừng năm mới cho bạn bè rồi.\n<Trẩm Trung Tán lần này là phiên bản đặc biệt của Yến Kê, #8c5823 sẽ hết hạn vào 5 giờ sáng ngày 10 tháng 2 năm 25#E, hãy mau chóng vào túi đồ sử dụng>",
  "13554128747317786915": "Tử Mạch Tí Giáp",
  "1355413387863982640": "Trương Ý",
  "13554139340177941066": "Trần Gia Tranh",
  "13554147610068571197": "Hòn Đá Nhỏ",
  "13554184900721339173": "Kiểu tóc",
  "13554212272399505711": "Ngọc Tỉ",
  "13554295555537685016": "Là thiếu hiệp à, thất lễ không tiếp đón. Cô nương dạo gần đây rất vui vẻ, ngày ngày cùng Tiêu công tử dạo chơi ở Quỳnh Lâm Uyển, thật khiến người ta ngưỡng mộ.",
  "13554330888285304193": "Duyên sinh duyên diệt",
  "1355434378599638626": "Nhất Diệp Bình Sinh - Khu Phố Nam Môn Đại Nhai - Bé Gái Bị Bệnh",
  "13554346783632321879": "Phần Thưởng Điểm Danh Phiên Bản 222",
  "13554420642578695153": "Ngươi không nghĩ sao? Chiếm được trung du Trường Giang xong, con thuyền lớn này nên đi đâu?",
  "13554457901313932192": "Nhất Diệp Bình Sinh - Tư Nguy Viên Cựu Chỉ - Bối Cảnh - Đứa Trẻ",
  "13554516698992248299": "Uy tín Bách Nghiệp",
  "13554517390454376415": "Trong đoạn ra chiêu đầu tiên và thứ hai, nhấn phím trọng kích có thể ra chiêu phái sinh — nhanh chóng ném ô quay lại gây sát thương tầm xa đoạn hai.",
  "13554537360638920945": "{} Bảo Châu",
  "13554543387082310964": "Thao tác tích lũy trọng kích \"Sơn Băng Địa Liệt\" của Truy phu đao pháp có thể hoàn thành tích lũy ba cấp ngay lập tức.\n\"Kỹ năng phái sinh trọng kích tích lũy\" nếu được giải phóng chuẩn xác có thể phái sinh liên tục.",
  "13554564796126484327": "Ngoại hình",
  "13554639680746163342": "Nhất quán thông bảo",
  "13554644709726187351": "Phiêu linh nửa đời cuối cùng gặp được minh chủ",
  "13554690761266783752": "Bảo Rương · Khai Phong",
  "13554743819788955858": "Một bóng hình khổng lồ dưới đáy Ẩn Long Uyên vẫn đang rèn sắt, xung quanh hắn là người của Tú Kim Lâu.\nTiểu Thập Thất rất tức giận, hắn không hiểu tại sao hết người này đến người khác lại quấy rầy hắn.\nNhưng không sao cả, hắn có thể đánh ngã tất cả bọn họ.",
  "13554779058680615780": "Hy vọng tìm được nhiều tư liệu hơn về Chử Thanh Tuyền, để có thể phụng dưỡng bàn thờ tốt hơn, đồng thời truyền bá ân đức.",
  "13554781113239350941": "Giúp người trượng nghĩa",
  "13554832892138216841": "Có thể dùng để mở khóa và nâng cấp kỹ năng Văn Sĩ.",
  "13554838433955329934": "Trương Tuấn Kiệt",
  "13554884208155797615": "Tử Tượng Cư - Công Tượng Cư Sở - Công Tượng 18",
  "13554900043523104192": "Liễu Phố",
  "13554934843550788356": "Thần Tiên Độ - Điểm Hồi Sinh Chiến Lợi Phẩm 161",
  "1355495720023539950": "Trương Chấn",
  "1355497968497179627": "Đầu Hồ - Bách Lý Túy - Nam Môn Đại Nhai",
  "13555007644717500764": "Học rộng tài cao",
  "13555037605128238474": "Thú cưỡi",
  "13555040450714475631": "Hà Kỷ Hi",
  "13555043360115238372": "Chết rồi! Đó là Gấu đen bạch hóa mà đòn tấn công thông thường không thể làm tổn thương nó chút nào. Chúng ta hình như đã làm phiền nó rồi",
  "13555048542111549121": "Hoàng Lạc Tư",
  "13555054786453793253": "Người ta muốn cho, thì ngươi nhận lấy, ta không có đạo lý từ chối khách. Tam Nương, lấy tiền.",
  "13555084219263711965": "Thêm",
  "13555133045551414097": "Nếu không phải người chia lìa, sao có thể làm ra rượu sầu não như vậy.",
  "13555180689552792626": "Ở trong trận pháp sẽ liên tục tăng giá trị phụ thân, nhanh chóng đánh bại giấy nhân!",
  "13555222825364449334": "——《Hiền Ngu Kinh. Ma Ha Tát Đóa Dĩ Thân Thí Hổ Phẩm Thứ Hai》",
  "13555343497941345263": "Cái gì? Tiền bối ngài năm nay mới... hai mươi tám tuổi?",
  "13555404979401368178": "Quách Hoài Liệt, Tổng soái đầu tiên của Cuồng Lạn, sư thừa của Cửu Khách (tổ sư sáng lập phái), kết giao tốt với Trương Nghị Triều. Vì tiếc tài năng của Trương Hoài Thâm, đã ưu ái thụ nghiệp cho hắn, thu nhận làm môn hạ. Sau khi Trương Hoài Thâm qua đời, Quách Hoài Liệt trao lại ấn soái Cuồng Lạn, truyền cho đồ đệ là Thiết Hoành Giang, sau đó ẩn vào giang hồ khổ tâm tìm kiếm hài cốt của Trương Hoài Thâm suốt nhiều năm. Sau khi tâm nguyện đã viên mãn, qua đời tại đỉnh núi Vũ Uy.",
  "13555411135029996765": "Phần Thưởng Đoạn Vị 4-1",
  "13555440654016325337": "Thái Thương Túc - Thiên Nhai Khách Đến Khu Trung Chuyển Trên Đường - NPC Bối Cảnh - Hoa Vĩnh Phúc",
  "13555490287622737854": "Hồ Kiện Lực",
  "13555528915483345640": "Thể chất của ngươi không đủ...",
  "13555600714185635178": "Trường Hưng thật giả",
  "1355563996786152512": "Tổng giá trị vật tư:",
  "1355564219632381915": "Xác nhận thoát khỏi trò chơi?",
  "13555646792824997426": "Kỹ năng tích nạp mỗi giây hồi phục",
  "13555723575609217206": "Hiện tại không có xà lim nào khác để đi, xin hãy quay lại sau",
  "13555785069544728433": "Loài Sinh Thái",
  "13555792409117553627": "Nhóm Bối Cảnh Ngư Bách Xuyên 73",
  "13555798218131137926": "Sử dụng vật phẩm này, có thể nhận được ngoại hình tương ứng.",
  "13555801216891742904": "Phong Hòa Thôn - NPC Bối Cảnh - Nam Thôn Dân Bình Thường 3-4023 (Không Đối Thoại)",
  "13555801647778894396": "Hồ bài",
  "13555896962605873911": "Loài Sinh Thái",
  "13555909346284577882": "Hoàn thành thử thách Ca Cơ, điều chỉnh âm điệu và tấu nhạc",
  "13555986365509375368": "Cá Tràng (cá biển)",
  "13556032003733400630": "Không thể theo trong chế độ chơi đơn",
  "13556047528389462594": "Điểm Danh",
  "13556070147603198739": "Tăng <Hư Thạch Kích|780|#C|151>, hiệu quả tăng theo cấp độ chế độ đơn (hiện tại: #Y{0:.1f}#E-#Y{1:.1f}#E điểm).",
  "13556072007251653098": "Nát xương tan thịt",
  "13556074493262512111": "Ta bị gọi đi lính, dưới trăng nàng dạy ta khúc này. Nàng nói, nàng hy vọng ta đừng trở thành người đi chinh chiến.",
  "13556120027492391235": "Đang lấy dữ liệu...",
  "13556162817521458366": "+32 Mét",
  "13556186590104931665": "Thuyền Hoa",
  "13556267355112055370": "Chế tạo cấu kiện, dùng để dựng thuyền hoa.",
  "13556269462584257223": "Nhẹ thì mảng đỏ cục bộ, tiếp theo là mụn nước, nặng thì da thịt cháy đen hoặc lộ xương, tổn thương đến tạng phủ.",
  "13556285899381555203": "Gà Hà Điền (Gà Trống)",
  "13556299311657626299": "Thái Nhất Cung - Giáo Đồ 10",
  "13556307667923965648": "A!",
  "13556313752521188499": "Chủ Tuyến Khai Phong",
  "13556316943908364305": "Phong Hòa Thôn - Điểm Hồi Sinh Chiến Lợi Phẩm 92",
  "13556396241975913796": "Đan Châu (giả)",
  "13556399097211375342": "Tổ hợp vắt nước",
  "13556450351199264721": "Lần đầu tiên hoàn thành Trấn Thủ Phật Quang Đỉnh",
  "13556462650705972214": "Gây sát thương",
  "13556514057452803929": "Không rõ...",
  "13556584476286606788": "Cuối cùng... lại có Hà Bá rồi...",
  "13556597377188883421": "Khai Phong Thọ Xương Phường Hoa Điểu Ngư Trùng - Một Phong Mật Thư",
  "13556614595832425871": "Kim Ô Chùy Tuyết",
  "1355664384163507331": "Tên vũ khí chỉ được đặt bằng tiếng Trung",
  "13556689105288468679": "Sử dụng có thể nhận được danh hiệu hiệp khách【Đệ nhất nhân duyên Thanh Hà】",
  "13556689108460063189": "Ngũ Trọng Cảnh",
  "13556732699773464132": "Hoa Gian Thập Nhị Cảnh·Xuân Thủy Các",
  "13556823743357036994": "Huyền Hồ Tế Thế - Hiệp Y Cẩm Nang {}",
  "13556834757271300001": "Loài Sinh Thái",
  "13556911826037783925": "Chuột nhỏ",
  "13557018422715193534": "Đây là... rượu Tang Lạc của sư huynh Lộc?",
  "13557020788818576438": "Bánh gừng thịt chó tăng giá, tăng giá không tăng lượng.",
  "13557064040394818292": "Thọ Xương Phường - Giải Trừ Tiềm Hành Cố Định - Lý Trạch",
  "1355708042872792360": "Tương tác nghe lén lấy bản đồ",
  "13557095674006883578": "Tại hạ không tài đức, làm mất một cuốn kinh điển của họ Khổng. Cuốn sách tuy nhỏ, nhưng là bảo điển học tập không dễ có được trong ngục của tại hạ ——",
  "1355709919750696106": "Đang tải",
  "13557102648402818761": "Trong bụng ngươi có mấy cân mực, ta còn chưa rõ sao?",
  "13557126790471077160": "Cung Liên Châu Rèn Kim",
  "13557132941796732226": "Nông công cần cù, nhà ở ngoại ô Khai Phong.",
  "13557156449863090440": "Du Lập",
  "13557159018823341443": "Đang tải dữ liệu...",
  "13557166851487422561": "Sổ Tay Thám Hiểm Thanh Hà",
  "13557220701912430542": "Chu Vũ Lâm",
  "13557233049789833614": "Thanh Hà Du Nhai Xung Quanh - Nữ Tử - 45",
  "13557271639145974971": "Bạch Tước Kinh Các Phiêu Đới 2",
  "13557299831890372126": "Phàn Lâu Âm Du Diệu Diệu Miêu Hoa Cổ - Chủy",
  "13557348302433363405": "Boss Diệp Vạn Sơn",
  "13557447785577624804": "Độ khám phá khu vực 15",
  "13557449035486269067": "【Chính Thức】Bảo Tương Mộc Chế Tam Phẩm - Khai Phong",
  "13557478985707017640": "Có người.",
  "13557497275172034645": "Không rõ lắm...",
  "13557580900360856474": "Gây ra bởi thương tích ngoài thông thường",
  "13557590799573460934": "Cái này... cái này, ta chỉ muốn học thêm một kỹ năng tự bảo vệ, sao lại không được!",
  "13557669088417724811": "Mở khóa nguyên liệu mới",
  "13557713785758283031": "Xà Vương Mật Tàng Tuần Tra Xà",
  "13557716738026163818": "Ngươi, công việc kinh doanh của ngươi, ta không thể, thể làm được, ngươi, ngươi đi lấy cái #Y mặt nạ#E trước đi.",
  "13557735988148129700": "Đang tải dữ liệu",
  "13557737423292384081": "Mẫu Bản Biểu",
  "13557738075147839039": "Thanh Hà có chim ưng, ưng lớn đến mức không biết rộng ngàn dặm... Truyền thuyết lưu truyền về Điêu Bát Gia, người tài thứ tám vùng Hà Đông ở Thanh Hà, nhưng liệu Điêu Bát Gia có thật sự tồn tại trên đời này không?",
  "13557770157830054304": "Chết tiệt, sao không chơi luôn cả nửa đời sau của ngươi đi!",
  "13557778698785355262": "Điền Dã",
  "13557792997246128660": "Nộp nguyên liệu",
  "1355784282979096681": "Đả Thiết Hoa - Thành Nam Đứng Uống Rượu",
  "13557857022279781061": "Nói về Phật Hoa",
  "13557886355928099478": "Trương Tuấn Kiệt",
  "13557928202247907528": "Lời nhắn gửi của hai bên",
  "13557953525777480178": "Dọn dẹp cứ điểm",
  "13558007642631125322": "Điền Dã",
  "13558055483089042469": "Ngô Tiểu Oánh",
  "13558087974082749815": "Chu Vũ Lâm",
  "13558095525725755655": "Lựa chọn",
  "13558136453899348843": "Thanh Hà - Nhà tù nhiều người - Kích hoạt ánh xạ",
  "13558149973462178892": "Xuân đi xuân về, ai báo tin? Yến tử bay đôi, mưa phùn như mành; Ai hay giang hồ xuân tàn, tương tư tình dài.",
  "13558258994820908002": "Diệu Diệu Miêu - Lắc Chuông Cầu Phúc - Chuông",
  "13558312087291739789": "Nói đến mới lạ, Long Hưng Tự đã bị phá hủy, tại sao những nhà sư này vẫn còn ở lại đây?",
  "13558400409639727165": "Bích Thủy Vân Đào Nhập Khẩu Tiểu Thính Ung 1",
  "13558430947806134099": "Trần Gia Tranh",
  "13558503406026975493": "Thạch Tiểu Đồng",
  "13558505389243446021": "Khảm Nhi Tỉnh - Mê Cung b - Điếu Kiều Hồi Tố",
  "13558507269725762714": "Nhiệm vụ Giác Chướng Lâm",
  "13558522127888825542": "Đại Mê",
  "13558528751633956573": "Bản Bản Thiêm Đáo Tưởng Lệ 313",
  "13558545250065890030": "#Y{}#E Thiếu hiệp đã nói ra đáp án đầu tiên! Đáp án chính xác! Một hộp quà thưởng!",
  "13558556722194711844": "Thập Lục Hạng",
  "13558563231341869195": "Đang tải... Cấp độ Ngăn chặn",
  "13558568766872130470": "Lý Gia Đống",
  "13558596494419785871": "Sinh Thái Vật Chủng",
  "13558645863763833059": "Thọ Xương Phường - Chưởng Quỹ",
  "1355871389321470082": "Mặc Thành Bối Cảnh Bản 062",
  "13558727775442404485": "Sầu sinh",
  "13558733903513783436": "Nhưng ngươi không vào được chính phòng! Sau đêm đó, mẹ ta đã khóa cửa lại rồi.",
  "13558759081096271860": "Truyền Tống Đến Phòng Tiểu Thập Thất Giao Hỗ",
  "13558814183407699798": "Chuyện gì thế này... Đừng điểm huyệt của nô gia nữa.",
  "13558831114702397108": "Quan Tài Phổ Thông",
  "13558851815488547745": "Ở #a66829Tiệm chân áo dệt#E, một thanh niên đang cười nói vừa uống rượu với chỗ không người.",
  "13558992186703143193": "Liên Cơ Thám Sách - Thám Sách Bang - Tưởng Lệ Nhị Giai",
  "13559018366020437828": "Tăng 1% tỷ lệ bạo kích khi đốn cây",
  "13559030104061192375": "Tăng xác suất gợi ý hoàn hảo loại Đồng Cảm",
  "13559100803967272904": "Chuẩn bị Kỳ Thuật",
  "13559121953607653662": "Cầu duyên",
  "13559147828736152806": "Thanh Oa",
  "13559165423637305891": "Tiêu đề khảo cứu",
  "13559215363711832354": "Đang tải dữ liệu",
  "13559242106018009625": "Hướng Kính Cách",
  "13559242908138684533": "Vuốt mèo",
  "13559266988123749909": "Linh động dịch chuyển Khai phá chân khí",
  "13559294599029172636": "(Giới hạn mở vào ngày {} tháng {})",
  "13559321463960925595": "Bạch Mục Túc",
  "13559350518978323657": "Hôm nay ta làm một Hồng Phiệt Nữ, dạy dỗ tên hậu bối ngươi!",
  "135593923263705646": "Quan Cư Kỳ Sự",
  "13559402110764612259": "Thạch Khối",
  "13559432243349659599": "Khúc Khúc",
  "13559464439975818116": "Kích Bại 2 Danh Tửu Nhục Hòa Thượng Nguyệt Túy Quyền Gần Đó",
  "13559497876328954136": "Vô Bỉ Khách Điếm - Nhã Tọa Tầng Hai (Nam) - Giang Hồ Nhân Phú Hữu",
  "13559530496255974242": "Nhưng hình như vẫn chưa đủ lắm...",
  "13559561605230061416": "Mặc Sơn Đạo - Để Tọa",
  "13559585287932556379": "Đánh bại tất cả kẻ địch",
  "13559658962178147109": "Nhấp vào biểu tượng mồi câu {1}, có thể đổi mồi câu, mồi câu khác nhau sẽ thu hút cá khác nhau lên bờ",
  "13559695355983384828": "NPC Bầu Không Khí Phong Hòa Thôn - Thiết Thính - Thôn Phụ 1",
  "1355986447387647184": "$T(1) sao lại đến đây?",
  "13559905003981104898": "Lưu Phái Tháp Chước Mộc · U Đệ 1 Tầng - Thảo Tặc Đơn Đao 1",
  "13559906701429486748": "Trò chuyện phiếm",
  "13559911322185451341": "Tiểu hiệp, nếu gặp sư đệ của ta Phòng Vạn Gian, nhất định phải cùng hắn luận bàn, tặng hắn một trận bại!",
  "13559968707350281354": "Càng lên tầng cao hơn",
  "13559974140570681169": "Cổng kết điểm Str",
  "13559979972670254809": "Bái Tiên Tơ · Lâm Chỉ Cam Định Âm",
  "13560001321000271740": "Không có điểm lối chơi đấu vật nào được mở khóa, vui lòng khám phá đại thế giới",
  "13560002940774660709": "Ưm... Đáng ghét",
  "13560053046854093217": "Bát Quái Chi Vương - Đại Ma Đầu Làng - Bầu Không Khí",
  "13560056553307320008": "Thần toán thí · Đạt điểm tối đa",
  "13560063796667154268": "Ngươi, ngươi, ngươi, ngươi nói bậy. Mua là rượu của ngươi, ta đều nghe người ta gọi ngươi là tiểu Đông gia Thần Tiên Độ mà.",
  "135600795084686806": "Biết có trẻ con nuôi dế, đêm khuya ngoài hàng rào một ánh đèn sáng.\n\nNgười Tống vẫn thích trò dế đấu, việc nuôi dế đấu rất thịnh hành. Tể tướng Giả Tích Đạo, vì đấu dế mà được gọi là Tể tướng Dế. Sử Tống chép rằng, Tương Dương bị vây, Giả Tích Đạo lại vui chơi ở nhà, đấu dế với các nàng thiếp, không hề sốt ruột. Có khách đến, nói đùa rằng, thì ra đấu dế là việc quân quốc trọng yếu của tể tướng à! Từ đó có thể thấy sự si mê yêu thích dế của Giả Tích Đạo.",
  "1356012013652062459": "Xoay eo nhìn xuống",
  "13560184180797342863": "Truy lùng thợ săn",
  "13560229656865973989": "Thanh Hà có Bạch Thảo Dã, Ẩn Nguyệt Sơn, Thiện Diệu Châu đều tán lạc các vật dụng từ trước,",
  "13560255368151183125": "Trương Tuấn Kiệt",
  "13560290934978238202": "Có 42.8% xác suất giảm phòng thủ nói chuyện của đối phương.",
  "13560316888662717852": "Còn có cô nương Khâu, nhớ mời nàng ấy uống vài chén, nàng ấy nhất định sẽ thích ngươi!",
  "13560336329744463314": "Khổng Tri Ân",
  "13560343775204656188": "Thi Thiên Lai",
  "13560368695139922485": "Vật",
  "13560374856464127321": "Xuất Sao · Nhất",
  "13560422605816093325": "Cách cách nhà giàu trốn ra ngoài.",
  "13560425050237614764": "Đối thoại với Phan Quy",
  "13560542349694337067": "Vũ công Cửu Lưu Môn",
  "13560545516742118836": "Phật Tâm Sâm",
  "13560545924957128703": "Uyên ương",
  "13560552702098931707": "[Không hợp lệ]",
  "13560576741059074877": "Dạ Hành Đao",
  "13560580000557179278": "Thiếu tiền?",
  "13560589947079268654": "Gao Gao",
  "13560610780185353306": "Khoáng Công 2",
  "13560626797188456176": "Vung kiếm dài, khiến đồng minh xung quanh nhận được lá chắn miễn thương Chân Khí trong #Y8 giây#E, trong thời gian đó sẽ không bị sát thương Chân Khí.",
  "13560660040217211437": "《ins_entity biểu》《ins_collection biểu》，《wulinlu_wanfa_type》 biểu đầu=9",
  "13560678328058276857": "Tăng sát thương #Y+9%#E",
  "13560710488043599086": "Phương án 【%s】",
  "13560718023754436620": "Không phản ứng? Chẳng lẽ thật sự phải khấu đầu ngàn lần?",
  "13560740412097782252": "Tỷ lệ chuyển hóa vết thương nhẹ tăng #G60%#E",
  "13560771862246599027": "【Âm】Vòng trong Biệt Quán Xuân Thu",
  "13560782090930844609": "Hai năm trước khi tốt đẹp, triều đình và Trấn Thừa Ân mỗi tháng còn gửi thêm một khoản tiền hỗ trợ.",
  "13560782849137746822": "Sát thương trên không +18%",
  "13560875573730740992": "Đợi nha đầu lớn hơn chút, ta sẽ dẫn nó cùng ra ngoài xem náo nhiệt này.",
  "1356087617220054567": "Xin cáo từ",
  "13560909559662625007": "NPC Bầu Không Khí Linh Hạnh Thôn - Thư Bá",
  "13560918975090598890": "Đường cùng trời đất hẹp, thế loạn sinh tử vi.",
  "1356095940364782674": "$T(2005) chú ý.",
  "13560969075248192334": "Chu Vũ Lâm",
  "13560997082347922728": "Độc Sơn Lam Ngọc",
  "13561009731093711431": "Phòng Chí Cường",
  "13561020244516971973": "Túy Hoa Âm - Lấp Đầy Bầu Không Khí Ngoại Vi",
  "13561026305184146063": "Tâm lực",
  "13561036586864390125": "Thọ Xương Phường - Bộc Nhân",
  "13561059950877771202": "Thạch Khối",
  "13561081747892972080": "Đương nhiên là thật! Tiên sinh Thẩm vẫn đang dưỡng thương ở Thu Minh Cư gần Thường Bình Thương đó!",
  "13561090319184728590": "Xuất Sinh Quảng Trường - Điểm Xuất Sinh 41",
  "13561122016646622179": "Truyền thuyết - Đình chiến",
  "13561178727714029852": "Thử luyện - Giới hạn máu",
  "13561238452426415849": "Trí Cảnh",
  "13561253249490812098": "Thành phần xây dựng mới thêm cho tổ chức Bách Nghiệp 202",
  "13561277526657717130": "Sinh Thái Vật Chủng",
  "13561279189696457903": "Sơ nhất",
  "13561314222102573833": "A Tử",
  "13561324370731385862": "Hạ Nhi Đồng",
  "13561339047336615597": "【Kiểm Tra】Vô Ngã",
  "13561411713076922602": "Huỳnh Uyên - Tế Tự - Điểm Tế Bái Của Ngoạn Gia",
  "13561411801821074306": "Thử thách - Cấm rời đi - Chế độ BOSS",
  "13561419282741447787": "Cửa Hàng Đông Khu - Vinh Lục Lang",
  "13561438531518088022": "Mẫu Bản Biểu",
  "13561448199020613123": "Chắc là do đột ngột theo chúng ta đến Khai Phong, lại không biết tương lai sẽ ra sao, trong lòng có chút không vui mà thôi."
}