{
  "12029598032539558569": "Vô Danh Tướng Quân - Sương Mù Cảnh Vực",
  "12029599038519904177": "Không biết...",
  "12029617149844190118": "Xin cáo từ",
  "12029617521068849507": "Đó là những thuyền hoa của Hoa Tín Phong!",
  "12029642624157564694": "Được.",
  "1202966025100697991": "Dạ Du Thần",
  "1202972352319713595": "Thái Nhạc Đài - Môn C Hữu - 3",
  "12029756290654896181": "Thanh Hà Dã Ngoại BOSS - Ngư Ông Múa Rối số 2 khu vực thất bại",
  "12029819579508274566": "Rương bảo vật ở đâu?",
  "1202983067998775457": "Gây ra 210% đòn đánh, có 75.0% xác suất hồi phục cho phe ta 1 điểm Tư Lựu.",
  "12029832810910988498": "Trần Khải",
  "12029839107978122001": "Bếp Cụ",
  "12029859901499429464": "Mẫu Tường Không Khí - Đạo Chủ - Ngăn Nhảy Lên Mái Nhà",
  "12029868161169679492": "Nội dung này hiện chưa hỗ trợ liên mạng, sắp rời khỏi khu vực này",
  "12029883647776993378": "Không phải đã nói là cùng nhau đến Tướng Quân Từ sao?",
  "12029888034286228693": "Cân đo",
  "12029892831697948526": "Trong chiến đấu Bách Nghiệp, tấn công Minh Kim tăng",
  "12029898032841068475": "Tiêu hao:",
  "12029922610309006955": "Mắng không dứt",
  "1202992511270539033": "Ngoại công phòng ngự #C|780|#E tăng <780|#C|17> điểm, hiệu quả tăng theo cấp độ của chế độ đơn người (hiện tại: #Y{0:.1f}#E điểm).",
  "12029960024610001500": "Hoa cúc",
  "12029985315296577675": "Quỷ Thị Tử - Đạo Mộ Nhân 1",
  "12029999683328713934": "Đã ràng buộc nhân vật, không thể ràng buộc lặp lại",
  "12030001862793159070": "Lục Lâm - Thảo Tặc Cưỡi Ngựa - Che Chắn Mô Hình",
  "12030003764454077570": "Nói chuyện với Lạc Thiên",
  "12030014070288908754": "Dưỡng Tức Châu",
  "12030017439209617118": "Võ Đạo Tâm Cung Tầng 5 Thường",
  "12030074411286992806": "Do vật phẩm trấn yểm bị mất, thuật yểm không thể tiến hành, kế hoạch lớn của Huyền Nguyên Giáo công dã tràng.\nCác giáo đồ lo sợ bị Giáo chủ trách phạt, nhao nhao bỏ chạy.",
  "12030120585864402056": "Sinh Thái Vật Chủng",
  "12030123622789919848": "Số lượng thú cưỡi tạm thời đã đạt giới hạn",
  "12030149502900871145": "{3}\nTa vào ngày {0} mắc bệnh {1}, sau đó được danh y {2} chữa trị, cuối cùng đã khỏi bệnh.",
  "12030173033499144035": "Trong lối chơi thử luyện, tăng % sát thương vật lý và thuộc tính #Y+1.75%#E",
  "1203019615582461411": "Người lạ! Ngươi đến đây làm gì!",
  "12030208047879620220": "Ân oán mười hai năm",
  "12030226058194445843": "Đủ rồi",
  "12030241022917996356": "Tám phương cùng giẫm",
  "12030278634812750174": "Nhiễu Lương Chi Âm*10 + Tâm Pháp Tâm Đắc Tùy Cơ Tán Bổn*10",
  "12030280085619443708": "Phần thưởng Bách Nghiệp Liên Minh",
  "12030282545134501433": "【Đa Nhân Sự Kiện - Huyền Hồ Tế Thế】Loại 4 - Đơn Giản - Trọng Bệnh Nhân - Trúng Ác",
  "12030380432456121911": "Đứa trẻ này... Hây, ta biết mấy năm nay nó luôn cố chấp với di nguyện của chị gái nó, không ngờ nó lại hồ đồ như vậy.",
  "12030411431465606191": "Dừng rồi? Dừng rồi!",
  "12030424555865518008": "Tiểu Kịch Trường - Ta Lai Chi Thực - Lý Ngư Phần Vi",
  "12030502390732766953": "Trần Gia Tranh",
  "12030520548002968805": "Hắc Thị Truy Đào - Tùy Cơ Khất Cái",
  "12030605652391738158": "Phi Hoa · Tam",
  "1203063507066902393": "Không tìm thấy kết quả",
  "12030669756403794568": "Đinh Kỷ Văn",
  "12030670878477573114": "Giám Ngục - Đối Thoại Phân Chi - Tống Tam Thạch (Tiền Vãng Tuần Ngục)",
  "12030671317375881910": "Đạo có thường hằng, ngươi tên là gì? Ngươi đi đâu? Lại là vô thường.",
  "12030676094684621001": "Bảo Tương",
  "12030686427515234000": "Chỉ Qua 1V1",
  "12030733227653629192": "Kim Minh Trì Đăng Quang",
  "12030745072159449912": "Xin lỗi làm phiền...",
  "12030804648941506641": "Số lần vượt ải: 5/20",
  "12030830449751807045": "Thọ Xương Phường - Nông Dân",
  "12030846149520687111": "Nhậm Chúng",
  "12030853336672060905": "Thời gian làm mới nhiệm vụ:",
  "12030886808513020851": "Linh Hồn - Trịnh Thị Thành Nam 01",
  "12030888793101106848": "Đại nhân, chuyện lần trước, ngài tuyệt đối không được nói ra ngoài đó nha.",
  "12030913481064074153": "Tai bay vạ gió",
  "12030936437748772924": "Địa mạch đứt gãy, độc chướng ngút trời",
  "12030947883032111667": "Ngụy Tử",
  "12030971439797236952": "Uống rượu ngon, tâm thần bất ổn, lạc mất bản tâm",
  "12031007889946252657": "Nhất Diệp Bình Sinh 2 - Thiên Kinh Ngạn Đông Độ - Phát Phiến Khách Nhân",
  "12031013005394029629": "Vương Trị",
  "12031109292621890987": "Hoa tai, bắt đầu từ thời Tống. Vùng đất nhà Hán, đa số đeo trang sức tai. Có các kiểu dáng như vòng tròn, móc câu, bán nguyệt...",
  "1203112562628065": "Phục Bồn Tử",
  "12031182281206921323": "Xạ Can",
  "12031192002813122211": "Chưa đến à? Lẽ ra không phải vậy mà...",
  "12031207104744689162": "Trở về vạn sự không hổ thẹn, tội lỗi ta biết chỉ có Xuân Thu...",
  "12031240614082999506": "Đang tải...",
  "12031283338607630331": "Quỷ Phàn Lâu Nghiệm Chứng Dụng - Nhị Lâu, Tam Lâu 64",
  "12031317090254367526": "Đang lấy dữ liệu\n",
  "12031330202437737753": "Nhất Diệp Bình Sinh · Quyển Hai",
  "1203136314351064465": "Bách Nghiệp Tưởng Lệ",
  "12031386255814045082": "Hỏi bạn bè Giang Yến",
  "120314247813653351": "Dùng Hóa Thế để hóa giải chiêu Thu Kính của Vô Tướng Hoàng",
  "12031434592429446409": "Đợi... Đợi ta với!",
  "12031452638852969050": "Khai Phong Kiếp Ngục - Tù Phạm 5",
  "12031485955373739777": "Có một giang hồ nhân bị bầy sói vây đuổi ở lối vào phía bắc thôn Dã An, từ miệng hắn biết được, sau khi liều mình trong Ẩn Vụ Lâm, hắn đã chạy trốn tán loạn và tình cờ phát hiện dấu vết của hoa sớm nở tối tàn đang lan rộng từ Ẩn Vụ Lâm về phía thôn Dã An, thậm chí xa hơn về phía Nam.",
  "12031528509044841435": "Phục Mã Trang Thôn Kỳ Thuật",
  "12031533100623325233": "Hay thay tiếng đàn, cao vút như Thái Sơn. Hay thay tiếng đàn, tuôn trào như dòng nước chảy.",
  "12031539572223501732": "Dược Sư Sở",
  "12031591678625399002": "Cụ già là Vương Tộc Lão à?",
  "12031607456875101625": "Nhận thua rồi, vậy bây giờ có thể nói cho ta biết vị trí võ đài được không?",
  "12031633317293985784": "Triệu Tú Tuệ",
  "12031657151191417572": "Nhưng bây giờ ta... dù sao thì... trong một lúc vì...",
  "12031683482335464325": "...",
  "12031685914390176583": "Chu Vũ Lâm",
  "12031754028090563737": "Hoạt huyết hóa ứ",
  "12031766572905734029": "Điền Sung Dụng Công Tượng 2",
  "12031775456221481232": "Cúc Cúc - 10033",
  "1203180528859202346": "Thả hoa ngàn cây",
  "12031831152019345384": "Phân tích hai lần đối thoại sau khi đưa ra",
  "12031853428466118947": "Trương Chấn",
  "1203187210091783126": "Đi đi đi, cũng phải kiếm tiền về chuộc rượu của ngươi chứ.",
  "120318826223953078": "Nhiều người trong Hà Đao Trại trước đây từng là binh lính Hậu Hán, nhưng sau hơn mười năm, giờ đây hoàn toàn không thấy khác biệt gì so với bọn thổ phỉ bình thường.",
  "12031946401658361299": "Đánh lui đợt địch thứ 1/3, bảo vệ đống lửa trại",
  "12031950804569474074": "Trên đỉnh núi quá sáng, chờ tiểu Ma Ha mở mắt ra lần nữa — chú \"trứng cún\" và chị gái đều không còn nữa.",
  "12031963659558582445": "Cô Vân - Thiết lập sẵn Trưởng đoàn - Trưng bày 7",
  "12032023983616853504": "Ngoại công tấn công tối đa",
  "12032141189171538087": "Quân đồn trú ở Thường Bình Thương",
  "12032154305435348906": "Bỏ qua lối chơi",
  "12032157885195201630": "Ngọa Bệnh Tại Sàng Nữ Bệnh Nhân",
  "12032232902401731257": "Thược Dược 01 (Điếu Ngư Điểm Phụ Cận)",
  "12032233195776739621": "Vũ Y Lâu Phần Vi - Tiểu Thư",
  "12032248975169195240": "Kéo tâm điểm trọng lực, giữ thăng bằng",
  "12032266238213629736": "Mười mấy năm trước, dưới sự lãnh đạo của Liệt Ngôn và các nghĩa sĩ giang hồ Bắc Minh, dân binh đã chống lại người Khiết Đan. Họ là người bản địa Thanh Hà, nay đã hy sinh trên chiến trường, người trước mặt có lẽ chỉ là ảo ảnh của năm xưa...",
  "1203237568911118903": "Thị Nữ",
  "1203238565019163796": "Số bạc ta thua hồi lũ lụt hai năm trước, đến nay vẫn chưa kiếm lại được! Đó là tiền cưới vợ của ông đó!",
  "12032389046279981007": "Giá đã đạt mức tối thiểu",
  "12032423833567065563": "Chu Vũ Lâm",
  "12032438348379600767": "Âu Gia Hạo",
  "1203247818475101296": "Diễn tập chiến đấu với cường địch không tốn tài nguyên",
  "12032502400688450619": "Kỳ Ngộ Truy Quang Đích Nhân - Nam Vi Tình (Cách Không Thủ Vật Dụng)",
  "12032505632420406060": "Phòng Chí Cường",
  "12032540673465093573": "Ngụy Tử",
  "12032587650295548895": "Tham dự bất kỳ #YNhàn Thú#E loại đồng du du ngoạn 1 lần ({0}/1)",
  "12032593539364930388": "Đứa trẻ nhặt được",
  "12032594695913110344": "Thọ Xương Phường - Thương Phố khu B - Chưởng Quỹ",
  "12032605879217690274": "Thi Thiên Lai",
  "12032642938264708978": "Thiên Đột-1",
  "12032645061000565707": "Đối thoại",
  "1203266265036050501": "Mẫu Bản Biểu",
  "12032677982503237979": "Đa tạ đại nhân quan tâm, có chút vận chó, không có chuyện gì, chỉ là hơi hé lộ một chút...",
  "12032775821714487298": "Khai Phong Phủ - Hậu Viện - Quan Binh Tuần La 7",
  "1203278042593757129": "Thử thách Đấu Hồ",
  "12032843745694056183": "Lưu Minh Sách",
  "12032863521766197389": "Trần Khải",
  "12032886043702763306": "Khiên bảo vệ bằng 25% lượng khí huyết tối đa.",
  "12032919075586661769": "Du Lập",
  "1203299321079875425": "Da trắng",
  "12033012773657026259": "BP Miễn Phí Tuyến 2",
  "12033015474056066896": "Ngươi tin chuyện này sao? Kiểu lừa gạt này e rằng chỉ có mình ngươi mắc phải trên đời này.",
  "12033029886401822494": "%s phát động khiêu chiến",
  "12033034923594809168": "Mở cửa lớn",
  "1203305619625820716": "Vu Đột",
  "12033065224523688915": "Tìm ta chuyện gì, thiếu chủ gia?",
  "12033067048781072165": "Cuộc thi câu cá 26",
  "12033068951259449306": "Bị anh em múa sư tử đánh không quá 10 lần",
  "12033086416005882203": "Ngươi nha……! Thôi được, hôm nay ta dạy ngươi một điều. Tiểu Thập Thất, lại đây, ngươi xem đây là chữ gì.",
  "12033087668201259304": "Trương Chấn",
  "12033122648173104730": "Không tìm thấy âm hiệu có số hiệu %s trong bảng âm hiệu UI",
  "12033165679572475678": "Đóng kịch thất bại: Ngươi đã bị đối phương nhìn thấu!",
  "12033193658679776496": "Thiên Hạ Đệ Nhất Tài Thần Miêu - Bàng Biên Phần Vi Miêu",
  "12033194689983565555": "Phế tật ở Phổi, Tỳ và Thận, Tạng phủ suy yếu, Tấu lý sơ hở, Phong tà thừa hư xâm nhập, dẫn đến Phổi mất tuyên giáng, Tân dịch ngưng trệ.",
  "12033199113376939023": "Lời của thiếu hiệp, ẩn chứa nhiều ý nghĩa...",
  "12033203764134240236": "Vâng!",
  "12033288130068492839": "Không Khí Tường Mẫu Bản - Đạo Chủ",
  "12033326968418545209": "Đấu Trà Tửu Cương",
  "12033334447629783450": "Đối thoại",
  "12033352785802584645": "Biệt Quán - Boss - Không Khí Tường",
  "12033359575214302025": "Du Lập",
  "12033377795084571337": "Nữ tử",
  "1203341916405183417": "Cửu Côn Cổ Thuật gây ra",
  "12033465113752915764": "Sử dụng vật phẩm này, có thể nhận được ngoại hình tương ứng.",
  "12033469331190196372": "Treo thưởng\n",
  "1203348397618341475": "Khai Phong Phủ điều tra: Mật thám Phi Long của Khiết Đan không biết từ đâu có được một bản mật báo của Đại Tống, đặc biệt mời cao thủ giang hồ cải trang thành thuộc hạ của chúng là Đỗ Tam Tài đến Vũ Y Lâu nhận, nhớ kỹ, sau khi nhận được mật báo phải tiêu hủy vật này.",
  "12033488463952444512": "Thất trọng cảnh",
  "12033512746897014898": "Liêu Nguyên Tinh Hỏa",
  "12033518875891298960": "Người trên đời, ai mà không phải?",
  "12033535882024108722": "Tự truyện Ba Ngô · Thượng",
  "12033574928511805033": "Thọ Xương Phường - Cửa Hàng c - Chưởng Quỹ",
  "12033575089458705837": "Thi Thiên Lai",
  "12033576038266528202": "Quần đùi và ủng ngắn",
  "12033586396447778496": "Một bản hướng dẫn chế tạo công cụ.",
  "12033666840980119050": "Yêu Đái",
  "12033673164368916599": "A5 Lục Lâm Đao",
  "12033697652187312241": "Câu Lan Tăng Bổ 1 - Tấm Nền Tĩnh",
  "120337003354414574": "Phật Quang Đỉnh - Tửu Nhục Hòa Thượng (Nguyệt Nha Sạn) (Tinh Anh)\\nTuần Tra Động Tác Tùy Chỉnh: Có",
  "12033730611721278345": "Nhấn để mở giao diện túi đồ.",
  "12033768669554297982": "Cừ Dục",
  "12033824813760279747": "Đang chạy",
  "12033829778181352396": "{3}\nTa vào năm {0} mắc bệnh {1}, sau được danh y {2} điều trị, cuối cùng đã khỏi.",
  "1203384487225684727": "Đi sang một bên đi, thứ trà này chỉ dành cho các vị quan lớn ghé qua nghỉ chân thôi!",
  "12033883537068022694": "Chủ động · Trân",
  "12033904596215885451": "Khai Phong Phủ - Đại Viện - Quan Binh 24",
  "1203390825377815998": "Thiết Tú Cầu",
  "12033919043568122614": "Mái Nhà Bang Vô Ưu Dùng Để Giám Sát 2",
  "12033968970716202211": "Dùng để xây dựng lò rèn.",
  "12033986327320083146": "Long Quỳ Thảo",
  "12034054591339306620": "Chụp Ảnh Đánh Dấu",
  "12034065826560210458": "Vuốt ve mèo",
  "12034070987953745421": "Tăng thuộc tính Phá Trúc",
  "12034074287284085463": "Giảm 20% sát thương nhận vào",
  "12034149732135160126": "Hỏi đáp kiến thức",
  "12034177432281893309": "Tin đồn, ba ngày sau tại Khai Phong sẽ có người thu mua ngọc khí với giá cao, #YNgọc Bích#E tăng giá #Y{prop}#E.",
  "12034178860433553759": "Đánh bại bang chúng Thanh Giao Đường",
  "12034196330674504729": "Trần Khải",
  "12034237370853392821": "<Tỉ lệ chí mệnh|780|#C|21> có thể tăng thêm dựa trên Mẫn, hiện đã tăng #Y{0:.1f}%#E. Cần #Y14#E điểm <Mẫn|780|#C|10> (hiện tại $STEADY_CRI:.0f$) để đạt đến giới hạn tăng.",
  "12034262398032420284": "Giai đoạn ba · Hầm mộ ẩn mới tăng thêm (#Y%d#E/3)",
  "12034280448162778153": "Yến Kích Thập Lục Hạng",
  "12034305578277740276": "Đề nghị sử dụng #Y Dịch Võ Kỹ#E",
  "1203432703856687704": "Nấu ăn · Vị拨霞",
  "12034336402349695973": "Bì Ảnh Sư · Thằng Võ - Hồi Tố",
  "12034374534661774784": "Thiết Bất Ứng",
  "12034381111026887708": "Sử dụng vật phẩm này, có thể nhận được ngoại hình tương ứng.",
  "12034384473692412267": "Thái Y Thự - Kỳ Hoàng Sảnh - Trương Hà Nương",
  "12034400764949913649": "......Bọn họ ở trên đó, liệu có thành công không?",
  "12034411427863695555": "Đừng nói nữa đừng nói nữa, đến giờ rồi! Với tư cách là ba anh em Mặc gia tương lai, chúng ta chuẩn bị tặng ngươi thứ tốt, ngươi chuẩn bị xong chưa ——",
  "12034421946025901842": "Thược Dược 01",
  "12034438524987686259": "Liên tục bắn ba mũi tên?",
  "12034438716158259028": "Trúng độc mê man, thoi thóp",
  "12034439769624307231": "Trong Bách Nghiệp Chiến, tấn công Phá Trúc tăng",
  "12034459553016855339": "Giấy nợ thần bí",
  "12034468679502387916": "Tỉnh dậy những giấc mơ đẹp đều thành hiện thực",
  "12034485631821918577": "Mục Bác Vật 36, Phần Thưởng Cấp 3",
  "12034509512857291705": "Những đứa trẻ",
  "12034525818657613815": "Ta không quen ngươi.",
  "1203459080697547625": "Tiên sinh, tiên sinh ngài đừng đi chứ! Ngài mới đến hai canh giờ, xin hãy cho hắn thêm một cơ hội nữa!",
  "12034594308846486205": "Sinh Thái Vật Chủng",
  "12034598738581828461": "Khai Phong Phủ - Đại Sảnh - Bách Tính 44",
  "12034619922320430211": "Đếm ngược thời gian",
  "1203463102625752992": "Diệp Luân",
  "12034668877853343672": "Lão ca nói chí phải, đến đây đến đây, uống cạn chén này rồi lên công!",
  "12034756345109906481": "Thái Bình Chung Lâu - Điểm Làm Mới Chiến Lợi Phẩm 176",
  "12034774015817525841": "Phòng Chí Cường",
  "12034774565425980431": "Trịnh Văn Hoán",
  "12034777899526815538": "【Sự Kiện Đa Người - Huyền Hồ Tế Thế】Loại 4 - Trung Bình - Bệnh Nhân Nguy Kịch - Tâm Thủy",
  "12034833326030247941": "Xác nhận",
  "1203483405778499820": "Thiếu hiệp, Quan Tài Phường đã thành, ngài cứ đi vào trong là được.",
  "12034841538323537261": "Dân làng cúng bái",
  "12034930264560787887": "Thật là âm hiểm...",
  "12034958850440480670": "Tàn chương",
  "1203502188355111869": "Tri Hiểu Liễu. Truyền rằng vào thời Tiền Triều, sau khi Thế Tông hội kiến với Trưởng lão Nhạc Lạc ở Văn Tân Quán, đã tự tay trồng cây liễu này, ý là dùng cây liễu này để giữ chân các bậc văn nhân thiên hạ ở lại, can gián quốc gia.",
  "12035065976191011053": "Từ nay về sau, người cứ nắm tay ta mãi, được không?",
  "12035097144111910384": "Hừ, ta còn không biết ngươi tiểu tử. Mỗi lần về trấn, kẻ đầu tiên hô hào muốn đi là ngươi; thật sự ra ngoài, kẻ nhớ nhà nhất vẫn là ngươi!",
  "1203510335578045792": "Bảo Tương",
  "12035143200289517889": "Chi bằng cho ta một cơ hội",
  "12035237127165680515": "Giang Hồ Hành · Tuyệt Cảnh",
  "12035248576663219971": "Sương mù",
  "12035258298705095712": "Kỳ Thuật Bảo Tương - Hiệp Cổ Điệp Vụ (Khô Cốt)",
  "120353227055920899": "Nhất Diệp Bình Sinh - Khu Thương Phố Tây Phường - Thương Nhân/Nha Nhân/Bách Tính 2",
  "12035323101836149127": "Một chiếc thuyền, hai chiếc thuyền, ba chiếc thuyền... Ôi chao, đếm không xuể rồi...",
  "12035323450194622228": "Tương truyền ở núi Chung Nam có một đạo sĩ vô danh, ngộ tính cực cao, tính lại tham ăn, đặc biệt thích vị ngon của cá, ăn hơn mười năm không chán. Có người khuyên can, ăn thịt không tốt cho việc tu hành, đạo sĩ vô danh cười nói, \"Ta thích ăn cá, là cùng nó tu đạo, ngày sau cùng nhau đến tiên phủ.\" Khi đạo sĩ già yếu, sắp chết, chợt nằm mơ, mơ thấy sơn linh hóa hình, trách mắng ông bất công, chỉ gần gũi với cá, đưa ông bay lên. Đạo sĩ tỉnh dậy, vào núi, hái hết các tiên linh trong mơ, nấu cùng canh cá, hương thơm ngào ngạt. Đạo sĩ vô danh, ngộ tính cực cao, tính lại tham ăn, đặc biệt thích vị ngon của cá, ăn hơn mười năm không chán. Có người khuyên can, ăn thịt không tốt cho việc tu hành, đạo sĩ vô danh cười nói, \"Ta thích ăn cá, là cùng nó tu đạo, ngày sau cùng nhau đến tiên phủ.\" Khi đạo sĩ già yếu, sắp chết, chợt nằm mơ, mơ thấy sơn linh hóa hình, trách mắng ông bất công, chỉ gần gũi với cá, đưa ông bay lên. Đạo sĩ tỉnh dậy, vào núi, hái hết các tiên linh trong mơ, nấu cùng canh cá, hương thơm ngào ngạt.",
  "12035343615521588208": "Mèo Mão · Bạc Bạc",
  "12035375391734065992": "【Chính Thức】Bảo Tương Sắt Nhị Phẩm - Thanh Hà",
  "12035428174752366210": "Một khối đá",
  "12035449096009130981": "Tướng Quân Từ - Đạo Tặc Long Hổ Trại Cấp Thế Giới H - Lục Lâm - Đệ Tử Phật Gia Trại (Đan Đao)",
  "12035484965500622929": "Thiêu Từ Lĩnh - Điểm Làm Mới Chiến Lợi Phẩm Mới 29",
  "12035507498854707306": "Xà Độc",
  "12035516971594107634": "Điều kiện nhập môn",
  "12035544167884157460": "Bất Tiện Tiên - Điểm Làm Mới Chiến Lợi Phẩm Mới 258",
  "1203555753788720456": "Vạn Thắng Trấn - Nhóm Bầu Không Khí 116",
  "12035570810034097006": "Huynh huynh hôm nay không có bánh đường sao?",
  "12035585735228313395": "Hồng Biện",
  "1203561110329924235": "Kỹ năng võ học",
  "12035623352751615403": "Một chiếc trâm cài tóc được chạm khắc tinh xảo bằng ngọc trai và ngọc bích, cũng là vật người ta thường dùng để định ước và tỏ tình.",
  "12035652258907366889": "Ồ, đã lâu không gặp!",
  "12035655085279908960": "Ngoại Lai Thương Nhân 5",
  "12035681507194011990": "Huyễn Cảnh 1 - Triệu Nhị Ấu Niên A Nguyên 1",
  "12035701339891449021": "Tổ chức Bách Nghiệp-xây dựng thêm thành phần 299",
  "12035716733536016375": "Chu Hậu Hồi Mâu - Tần Nhược Lan",
  "12035783458983542957": "Thang máy Thái Nhạc Đài",
  "12035820344009308320": "Thanh Tâm Phổ - Trồng Địa Hoàng Tưới Tiêu Bằng Kiệt Cao - Thôn Dân Lăng Hạnh Thôn (Nam Nữ Đều Được) 2",
  "12035825199373703426": "Phong Hòa Thôn NPC Bầu Không Khí - Bên Sông - Ngư Phu 4",
  "1203587102945102689": "Đối thoại",
  "12035884405481670953": "Mặt đá",
  "12035890454990148262": "Tú Kim Lâu - Hắc Y Nhân (Liêm Đao) (Thủ Lĩnh)",
  "12036002307741939592": "Phật Quang Đỉnh - Điểm Làm Mới Chiến Lợi Phẩm",
  "1203600536518995120": "Bách Quỷ Đả Huyệt Thủ",
  "12036043863843195337": "Rừng hạnh (杏林) hận mưa thanh minh, nước biếc tranh giành xuân ngàn năm. Người đã hứa lời ngàn vàng, sao không phó thác sinh mệnh cho trời đất.",
  "12036058507073920125": "Gió nổi",
  "12036122363827543015": "Thừa Ân Trấn - Bầu Không Khí -",
  "1203613585449133916": "Hoa Hải - Điểm Làm Mới Chiến Lợi Phẩm",
  "12036140956531557961": "Truy tìm dấu vết trên mặt đất, đi theo chú chó con tiến lên",
  "1203615422755411950": "Thảo Dược Đặc Sản Khu Vực 6",
  "12036275835349098551": "Có chuyện gì thế?",
  "12036305066188281983": "Một đoạn câu chuyện về Thiên Bất Thâu và Hàn Hương Tầm.",
  "12036349112475953155": "Hà Kỷ Hi",
  "12036433039303225298": "Giá hồi đáp",
  "12036458033974899494": "Đối thoại",
  "12036479980468955249": "Trò chuyện phiếm",
  "12036497282277341147": "Trò chuyện",
  "12036546931428584941": "Thủ trấn - Phần thưởng lần đầu",
  "12036547975706719279": "Diệt Thụ Xét Định",
  "12036556579977788643": "Góc độ",
  "12036559450497948552": "Thất Phạt Pha - Điểm Làm Mới Chiến Lợi Phẩm 303",
  "12036564861256895957": "Vô Bỉ Khách Điếm - Tấm Nền",
  "12036686505407017847": "Bảng Mẫu",
  "12036720067958485778": "Trần Khải",
  "12036759103558806182": "Có một nữ chủ tiệm sách ở Khắc Thư, bà ta thích truyện ngôn tình lãng mạn, sau khi bị thương vì tình, thường hay có nỗi buồn thương xuân cảm thu.",
  "12036765810707735047": "#RCực kỳ khó khăn#E",
  "12036770586075894261": "Biệt Quán - Boss - Không Khí Tường",
  "12036862802097555099": "Lâm Quyên Tú",
  "12036914775911173616": "Mẫu Không Khí Tường",
  "12036937895914284366": "Mai Khai Nhị Độ",
  "12036997481468212418": "Hộp Trang Bị Cao Cấp Bậc 61",
  "12037010861924902942": "Toàn cảnh",
  "12037042753902780121": "Theo cái niên vụ này, qua hết mùa xuân là nhà lại có thể thêm được một con trâu nữa.",
  "12037056047551599603": "Lăng Hạnh Thôn - Bầu Không Khí",
  "12037060420169315194": "Độc Nhân Bầu Không Khí",
  "12037073666301806785": "Ngươi nhìn cái gì đó?",
  "12037148840216678749": "...Thạch vôi tán! Mắt của lão tử... Lão tử giết ngươi!",
  "1203717932343577477": "Người Đàn Ông Chăm Sóc Bệnh Nhân",
  "12037215064961988473": "Mỗi lần gây ra trị #YHồi huyết#E, đều có thể tăng #Y Hiệu quả trị liệu#E của mục tiêu, đồng thời tăng lượng trị liệu của bản thân. Khi trị liệu mục tiêu có khí huyết thấp, hiệu suất trị liệu sẽ được tăng cường.",
  "12037232092569437373": "Khai Phong Bác Lãng Sa - Thiên Nhai Khách",
  "12037249613609850138": "Ngọc Mã Hành - Chỉ Dẫn Mùi Hương",
  "12037268248119798712": "Buông xuống",
  "12037301053164650994": "Lý tính"
}