{
  "11986744441925751958": "Thường Bình Thương - Địa Hạ Thủy Lợi Môn - Công Tắc",
  "11986777359539515815": "NPC Huyền Hồ - Chiếm Vị",
  "11986798588925976065": "Kết nghĩa huynh đệ",
  "11986862927282813446": "Từ Giai Kỳ",
  "11986901789983721634": "Bọn trẻ dường như có kế hoạch riêng, muốn giúp Trương Tuyền tìm lá cây bất tử.",
  "11986962109466186410": "Trần Gia Tranh",
  "11986968473729335049": "Phiêu Đới Cơ Sở - Chung Điểm Bất Lạc Hạ",
  "1198702371669116336": "Khiên bảo vệ",
  "11987056108970230266": "Từ Tâm Trấn - Điểm Hồi Sinh Chiến Lợi Phẩm",
  "11987106929536520353": "Sau khi sử dụng sẽ mở khóa hình đại diện tương ứng.",
  "11987171740169996123": "Ăn phải thức ăn không sạch sẽ. #R Tốc độ hồi phục thể lực giảm 10%#E.",
  "11987240141224512392": "Đó là người đứng đầu Phàn Lâu, mặt tiền của Túy Hoa Âm.",
  "11987263167768055176": "Có thể gây sát thương dựa trên tấn công thuộc tính, hơn nữa sát thương #J Xiên Tơ#E tăng thêm #Y50%#E.",
  "11987328094922309610": "Vạn Thắng Trấn - Tổ Tuần Tra 1",
  "11987354569551440651": "Xem",
  "11987388756198059329": "Đang lấy tải",
  "11987426338113295139": "Có muốn thoát khỏi trò cá cược không?",
  "11987442700851936667": "Sinh Vật Sinh Thái",
  "11987466257998205648": "Trương Tuấn Kiệt",
  "11987488294855431685": "Đang tải dữ liệu để lấy",
  "11987509115324776249": "Xem thư tín trong Cẩm Nang",
  "11987512058738045726": "Vi Kê bị Hà Tam giấu ở sân sau nhà #a66829 tiệm đồ cổ nhà họ Giang#E, xem ra hai người tăng tục đã đánh nhau một hồi lâu, là trả lại cho Tịnh Trần, hay là trêu đùa Hà Tam đây?",
  "11987570115177665396": "Kho chứa",
  "11987577465398264302": "Hiệp khách cẩn thận!",
  "1198758246426809846": "Cài đặt liên thông",
  "11987602130033440709": "Nút chọn sinh kế",
  "11987624070248634278": "Sài Khuyển",
  "11987641440008688767": "Thiên Niên Độ - Dân Chúng 25",
  "11987698406336389657": "Meo meo meo meo meo meo meo meo——",
  "11987720183347133269": "Nhưng A Ngưu biết, cha đánh sắt rất giỏi, nông cụ trong làng đều nhờ cha đánh.",
  "11987773452884355698": "Vô Ưu Động - Khán Giả Đại Chiến Quỷ Phàn Lâu - Khu Vực 1-8",
  "11987775275457045310": "Cừu Kim Hàn",
  "11987784884012289366": "Trước cửa Hồng Tiêu Phô, dường như có một khách phong lưu họ Từ đang buồn phiền vì pháo hoa. Anh ta đang khổ sở chờ đợi một người có thể thực hiện mong muốn của mình.\nLưu chuyển \"tâm\" sao lại không tính là tâm chứ?",
  "1198779422884481017": "Yến Sào Thảo",
  "11987800743722470662": "Mưa phùn lất phất, mầm xuân hé nở.\nKhí phách thiếu niên khó che giấu, tấm lòng ban đầu hiển rõ.",
  "11987825120324705463": "Đệ nhất lưu trong Vạn Vạn Hoa",
  "11987865784034614898": "Đồng thau",
  "11987931686444481456": "Tranh Sẻ Thần",
  "11987967440724508404": "Giáp ống chân",
  "11988129571693481860": "Trịnh Hoạch",
  "11988168215836100272": "Sinh Vật Sinh Thái",
  "1198819095372684962": "Thanh Hà Du Nhai Chu Biên - Nam Tử - 42",
  "11988288553071118001": "Về việc bài văn mà các hạ yêu cầu thu hồi, chúng ta đã cố gắng xử lý, nhưng rất tiếc, bài văn không thể thu hồi. Xin thông báo như vậy, mong các hạ lượng thứ.",
  "11988306554379799426": "Vạn An",
  "11988324740348658152": "Bảo Tương Ngoại Quan",
  "11988355835152665009": "Gửi lại 'Ly Nhân Lệ' trên người ngươi cho ta, nếu không đừng mong đi!",
  "11988406677193466747": "Đạt cấp 5 Tình Nghĩa có thể mua",
  "11988425937718209834": "Thiếu hiệp là đến thăm bệnh hay đến khám bệnh? Có cần giúp đỡ không?",
  "11988452027928279305": "Lâm Văn Kiệt",
  "11988454333191545967": "Kiêu ngạo",
  "11988472163984133319": "Đưa lên kệ",
  "11988475472165767006": "Bạch hồ xum xuê, chín đuôi lấp lánh.\nNhà ta Gia Dịch, khách đến làm vua.\nGia thành gia thất, ta tạo sự thịnh vượng cho người.\nGiữa trời và người, tại đây hành sự.",
  "11988482532534873291": "Ba Thiện",
  "11988489241834443844": "Đúng vậy, vị Điền Anh này chính là sư huynh của tại hạ. Chỉ là nhiều năm trước đã... đã rời khỏi sư môn.",
  "11988491724433843519": "Sài Khuyển Tửu Cương 3",
  "11988561467794932928": "Mặc Sơn Đạo - Ngoại Môn Đệ Tử Cấp Thấp (Nam)",
  "11988609044623146411": "Biến Thể",
  "11988613903667806389": "Tiểu Kịch Trường (Giải Mê) - Tìm Tiểu Hài",
  "11988638111468200193": "Từ Giai Kỳ",
  "11988658019851966587": "Tiểu Vương",
  "11988686324785834152": "Chưa đặt thành phần, không thể lưu",
  "11988691170400054920": "Ôi chà chà, chắc chắn ngươi sinh vào giờ Sửu rồi, nhìn cách ngươi nói chuyện, lúc sinh ra chắc chắn rất đúng giờ!",
  "11988694571526283312": "Đừng hoảng, chúng ta mau cùng nhau lật phần đất Hoàng Tề phía dưới lên, chắc vẫn còn cứu được!",
  "11988727513151636433": "Bỏ qua hướng dẫn",
  "11988788496598291359": "Phòng Chí Cường",
  "11988792172101878213": "Ta tuyệt đối sẽ không để một người đơn thuần như ngươi bị nàng ta dụ đến Túy Hoa Âm!",
  "11988795294893325761": "Hộp chọn ngẫu nhiên Gió Lốc bậc 86",
  "11988817561523957267": "Khí huyết · Tốt",
  "1198885895754752833": "Thị Lâu Sa Mạc Hà 1 Phát Quang",
  "11988869700978596652": "Thương dài",
  "11988909583324031450": "Kiến Văn",
  "11988911673630126431": "Tiến hành tham gia",
  "11988921582165272007": "Chi Tuyến Cúc Cúc - Cúc Cúc",
  "11988937458818112775": "Làm công ăn lương ở tiệm cho thuê ngựa Lâm Tấn Độ, đặc biệt đồng tình với cuộc hôn nhân bất hạnh của bà chủ.",
  "11988946490550192243": "Phi Hoa Độ - Tiến Cống Độ Khẩu - Hậu Thục Sĩ Binh 1",
  "11988946779189865952": "Thương nhân bên ngoài",
  "11988946872616226684": "Không ngờ, những Mộng Khôi đó nguyên lai là... Ôi, các tiền bối Thanh Khê của huynh Địch cũng...",
  "11988968580369206455": "Hấp thụ",
  "11988972132717903711": "Ta nghĩ đây cũng là lý do Túy Hoa Âm truyền danh hiệu Yên Nhạc Phường và Quân Tử Lan cho Lăng Ngọc Minh.",
  "11988976287576463376": "Nhấn vào khu vực trống để đóng",
  "11988985335360408333": "Thiên Thượng Lai - Tiều Phu 4023",
  "11989061016455363910": "Đang tải dữ liệu",
  "11989082514023652688": "Lục Ngâm Ca",
  "11989093965824611342": "Sắc đỏ của mũ ô sa",
  "11989129180133303530": "#Y{player_name}#E đã giáng đòn chí mạng lên #Y{entity_name}#E, cây phát tài ở ngay trước mắt rồi!",
  "11989150107590308162": "Phòng Chí Cường",
  "11989209811276713589": "Dương Hưng",
  "11989319994955056650": "Bản nhạc này, ngươi đã nghe thấy gì?",
  "11989322187628556431": "Máu cóng",
  "11989347860376566356": "Đã bật kiểm tra leo núi hiện tại chưa: %s",
  "11989383981913074450": "Sát thương Tỷ Lệ Chí Mạng",
  "11989395556855303490": "Hội Võ 3V3",
  "11989429280779000521": "Quầy đồ ngọt Lê",
  "11989444274714366560": "Phòng Chí Cường",
  "11989452217746108020": "Chủng Chiêu Diễn",
  "11989460482942454740": "Hoàng Vũ",
  "11989461028984589799": "Hoạt Động Vân Du Ký Đại Thế Giới - Thanh Hà 2 - Xưng Hiệu - Sơn Hải Khách",
  "11989494235953922895": "Sinh Vật Sinh Thái",
  "11989588761720770480": "Hoán Thạch Phổ - Bảo Tương Tứ Phẩm 12",
  "11989606500097389851": "Có thể hồi phục về cấp bậc · Ba",
  "11989642682892460764": "Gây ra #G110%#E lực Đả Kích.",
  "11989648363246928206": "Sát thương đoạn thứ tư",
  "11989700458674136491": "S1 - Tưởng Lệ Chiến Lệnh - Miễn Phí Cấp 49",
  "11989872738105470345": "Anh Vũ",
  "11989888791964345206": "Tưởng Lệ Đoạn Vị 3-1",
  "11989922098991982471": "Giám công Bách Công Phường",
  "11989933478612498229": "#YTâm này khó đổi, dung mạo đâu khó, Thiếu hiệp đã nghe chuyện “giả dạng” chưa?#E",
  "11989945842392836923": "※ Dưới đây nhận ngẫu nhiên một trong các hiệu ứng cộng thêm",
  "11989952131215674719": "Huynh đệ, bữa này ta mời! Ta vừa đến Khai Phong, huynh nói cho ta biết trong thành có những chuyện gì mới không?",
  "11990031333353852541": "Đại hiệp, ngươi đi tìm tỷ tỷ Doanh Doanh, chúng ta quen địa hình và đường hầm, đi trước đưa mọi người ẩn náu.",
  "11990143986884615302": "Tiểu Thụ Chi",
  "11990155649622385201": "<Phái sinh tích lũy: Phục Thử Chi Phó> Khi đánh trúng đơn vị không ở trạng thái phòng ngự, khiến mục tiêu chịu sát thương tăng 15% trong 10 giây.",
  "11990164407838146778": "Cung. Rực Lửa. Cực",
  "11990168815970441657": "Vạn Thắng Trấn - Tổ Tuần Tra Tăng Bổ 20",
  "11990192382095943401": "Điều chỉnh giá đặt",
  "11990217735518200158": "Bộ trang bị Chim Ưng cấp 16",
  "11990251014175200036": "Giải Vô Gian - Sơn Nhai Huyết",
  "11990274813105980127": "Cửu Khúc Kinh Thần Thương",
  "1199028416673838792": "Hoa gian khách",
  "11990301286158641822": "Nhìn có vẻ là thợ rèn, nhưng thực ra lại quản lý toàn bộ võ đài. Những người trên đài đều dùng vũ khí do hắn chế tạo, là người thử đồ của hắn. Khuyên ngươi đừng nói nhiều với hắn...",
  "11990313141599349226": "Ám Hương",
  "11990319690233796569": "Noãn Thạch",
  "11990351700878620722": "Đột Phá 3 - Phật Gia Trại - Tửu Nhục Hòa Thượng (Cung)\\nĐộng Tác Tuần Tra Tùy Chỉnh: Hữu",
  "11990352982163575823": "Thường Bất Hưu muốn tiền tuất cho anh em đã chết, điều này ta đồng ý, nhưng hắn khăng khăng đòi gấp năm lần!",
  "11990423637565384086": "Sĩ Binh Dùng Để Điền Đầy",
  "11990497935328324360": "Phương thuốc lý liệu",
  "11990530529913179693": "Tìm kiếm",
  "11990540797399036281": "Hắn bị mù lòa, không thấy gì cả, nhưng tai lại thính lên, nghe được những lời nói đứt đoạn của mẹ.",
  "11990568632126296839": "Khách say hoa âm",
  "11990602022149909209": "Địch lão đầu",
  "11990621249426300014": "Chạy nhanh/Né tránh",
  "11990630874701078617": "Sinh Vật Sinh Thái",
  "11990681519501084214": "Sao? Ngươi rất thất vọng à? Tránh ra, nếu không, ta sẽ cho ngươi nếm thử roi của tỷ tỷ!",
  "11990713397414742019": "Túy Hoa Âm - Điền Đầy Không Khí Ngoại Vi",
  "11990732762253563099": "Huỳnh Hỏa Trùng",
  "11990778553702884225": "Phủ Khai Phong điều tra: Mật thám Phi Long của nhà Kim không biết từ đâu lấy được một bản mật báo của nhà Tống, đặc biệt mời cao thủ giang hồ đóng giả thuộc hạ là Đỗ Tam Tài đến Vũ Y Lâu nhận, phải nhớ, sau khi nhận được mật báo cần phải tiêu hủy vật này.",
  "11990796178856305774": "Pháo hoa không ngừng, Hoa Triều cùng mừng. Pháo hoa kết thúc, làm kinh ngạc tất cả mọi người. Pháo hoa như mơ, năm tháng như ca, chúc chúng ta mãi mãi rực rỡ!",
  "11990821133273115633": "Hô Diên",
  "11990834734829388356": "Thuộc tính cơ bản",
  "11990872076968970502": "Tín vật này, vừa nhìn đã khiến người ta vui mừng, ta nghĩ, có lẽ đã bị người khác nhặt mất rồi.",
  "11990876147426711731": "NPC xây dựng, đang thi công",
  "11990904409037973610": "Thành phần xây dựng, dùng để dựng nhà.",
  "11990909111038875329": "Hái hoa cúc trong ruộng hoa cúc.",
  "1199093565245302017": "Khai Phong Phủ - Đại Sảnh - Bách Tính 52",
  "11990938525073606032": "Nam nhân che ô - Có chú ý",
  "11990943944930152282": "Tiều phu rừng Bách Thảo Dã Lâm, thường có thiếu hiệp nghi ngờ người này là cao thủ giả dạng dân thường giống như các tiều phu họ Sài khác, nhưng những người tiều phu này đều phủ nhận điều đó.",
  "11990964709980552617": "Tự khởi lôi đình, như cuồng phong bão táp, uy thần tự hiện dưới đao thương.",
  "11990984806444943574": "Nhấn vào {}",
  "11991010207790088803": "Đám lông gấu này sáng bóng, còn có mùi tanh hôi.\nXem ra con gấu này không hay tắm gội.",
  "11991012392213532265": "Thiên Phật Thôn_Đăng Giá Lạp Chúc_Tầng 6",
  "11991053287281267288": "Dân làng Từ Tâm Trấn, được Ngũ Thử ân huệ, ẩn náu sâu trong hang chuột, sợ tín đồ Phật Hoa trên mặt đất, ngày đêm bất an.",
  "11991109415835511605": "【Chính Thức】Bảo Tương Thiết Chế Nhị Phẩm - Thanh Hà",
  "11991137287498344226": "Y Đao tiểu tử, ta không nhớ nhầm thì năm nay ngươi đã mười sáu rồi nhỉ?",
  "11991162440213542383": "Bây giờ... A Nhiên càng ngày càng không tin câu chuyện này nữa rồi.",
  "11991184195742323191": "Thiếu đông gia! Vẫn là ngài lợi hại! Bí kíp không truyền này tặng ngài!",
  "11991197392611694938": "Mã Tiểu Hộ",
  "1199121053889672159": "【Lối chơi】Cuộc đua Cá Thu Hoạch",
  "11991251300787224931": "Mèo con · Ly A Đồn",
  "11991310842757483394": "Giảm sát thương",
  "11991368304678180452": "Khảm Nhi Tỉnh - Nội Thủy Cừ - Điểm Hồi Tố Thời Gian 3 - Mộc Bản 2",
  "11991373647438109875": "Thanh Cương",
  "11991391819892706247": "Phát đoạn cắt cảnh",
  "1199143500506324123": "Bỏ lại chúng ta một mình làm đại hiệp, ngươi có biết tội không!",
  "11991455930527763984": "Âu Dương Thư Chu",
  "11991603164178025345": "Kỹ năng tích tụ <Cửu Trọng Xuân Sắc|1600021|#C|206014> sẽ thi triển trạng thái #Y【Tàng Hình】#E kéo dài 12 giây cho đồng đội trong phạm vi 15 mét xung quanh.",
  "11991615450598211274": "Cướp bóc thiếu hiệp khác",
  "11991711034360370409": "Hà Nghênh Xuân",
  "11991711736528232490": "Sơn Tước Noãn",
  "11991749207848461839": "Sinh Vật Sinh Thái",
  "11991778618024247873": "Phòng Chí Cường",
  "11991780993902218159": "2~5 người",
  "11991793137981939728": "Hoàng Đồng - Nguyên Khối",
  "11991794818781261884": "Trần Chu Bạn",
  "11991810251611077167": "Âu Gia Hạo",
  "11991818457288995349": "Anh em ngắm nước chảy —",
  "1199188306985523773": "Kho báu của Diệu Diệu Miêu",
  "11991891707197728056": "Chờ ta học thành với sư phụ, ta sẽ đi Yến Bắc tìm bọn họ về! Chế cho họ một cái hũ tro cốt tốt nhất!",
  "11991904090145589276": "Tuyết Viên - P2 - Kỹ năng 1 - Quét kiếm tích lực",
  "11991938155792528383": "Nhéo các điểm cân trên cổ tay, lật đến Nội Quan, sau đó nhéo năm kinh. Khiến khí mạch tứ chi phát tán, không bị tắc nghẽn, điều hòa khí huyết, ôn kinh bổ hư.",
  "11991954415374290029": "Sinh Thái Vật Chủng",
  "11991957672107790376": "Đêm núi nguy hiểm, chiếc hộp này có thể bảo vệ đệ tử bình an.",
  "11992059306685312825": "Được thôi!",
  "11992095355823374884": "Trần Gia Tranh",
  "11992144528564629619": "Truyền thuyết kể rằng phía đông Thiên Hà có Đế nữ, mặc áo huyền tiêu, choàng khăn choàng sương la, dệt áo từ vân sương và sương khói.",
  "11992212233793905851": "NPC Bầu Không Khí - Ngự Uyển Nam - Quần Chúng Vây Xem 4",
  "11992249116148601156": "Biểu Mẫu",
  "11992258134452329672": "Số lần bị đánh",
  "11992272612076579602": "Sử dụng vật này, có thể nhận được ngoại trang tương ứng.",
  "11992290866213493279": "Thứ ngu ngốc này, ngay cả thân phận bị bại lộ cũng không tự biết, phòng thủ Trường Thành, không phải là lũ người Khiết Đan các ngươi sao!",
  "11992336514561734699": "Hoạt Họa Cốt Truyện_Thanh Hà_Bảng Đứng Bóng n",
  "11992384436608912722": "Thu hồi",
  "11992389281584001": "Đại Hắc",
  "1199240160114305515": "Không rõ...",
  "11992442962210811221": "Tài nguyên",
  "11992499274607169269": "Gà Mái",
  "11992501341502512257": "Khuôn mặt",
  "11992562498604104867": "Nguyễn",
  "11992581496001286383": "Cẩm",
  "11992596102956686691": "Hiệu ứng #YCường Tráng#E trong quá trình thi triển kỹ năng được tăng cường.",
  "11992602930322735954": "Đệ tử Cửu Lưu Môn.",
  "11992633994144798046": "Khinh Công Tổ Hợp - Dây Đến Sử Đại Nhân - 30-25",
  "11992705425633116775": "Thi Thiên Lai",
  "11992745858641118873": "Điền Dã",
  "1199274991589589277": "Thử Nghiệm - Loạn Phi Điểu 8",
  "11992769760077084563": "Kỳ Ngộ - Thi Thể Chuột Nhỏ Cát",
  "11992771053759051839": "Bến Đò Biện Hà - Tiểu Quái Thường - Tuần Tra",
  "11992837934561940420": "Hội Ảnh Ký Tình · Thiển Châm Xuân Tửu",
  "11992862591731208674": "Nhân đôi có thể làm tăng số tiền cược thắng thua của ván này",
  "11992886224183184652": "Hồ Kiện Lực",
  "1199289963145068401": "Pháo hoa như mơ, năm tháng như ca, chúc chúng ta luôn rực rỡ muôn màu!",
  "11992907118904340654": "Phá Ác",
  "11992910460500676144": "Trần Gia Tranh",
  "11992919128902692876": "Ta đem duyên phận với cá tặng cho ngươi, thế nào?",
  "11992937339608876853": "À... (ngượng ngùng) Có muốn đi vườn lê với ta không? Chủ vườn nhất định sẽ thích ngươi.",
  "11992973286740533556": "Thêm tin nhắn nhanh",
  "11993008905492756514": "Thôn Trang Kiến Văn",
  "11993013420574009706": "Cung cấp không giới hạn tại vị diện Đảo Hải",
  "11993037391864541068": "Sinh Thái Vật Chủng",
  "11993039651967375382": "Đi đến địa điểm yến tiệc",
  "11993075905987368306": "Đặt biển báo đường cần tiêu hao một đạo cụ biển báo đường",
  "11993112866483096634": "Phàn Lâu - Võ Lâm Lục - Điểm Vị Số 1",
  "11993203613729119346": "Hỏi hai người về hành tung của thiếu niên",
  "11993207313518839284": "Hiệp khách thân mến:\nPhần thưởng điểm danh hàng ngày trên tiểu chương trình WeChat đã được phát, xin mời kiểm tra.",
  "11993255752739220709": "Dịch Thư Quân",
  "11993268874901972337": "Đối phương đánh giá ngươi một phen",
  "11993308317727242834": "Chủ tiệm, hàng này của ngài thật sự không thể gửi đi Giang Bắc sao? Thông cảm đi nào, tôi sẽ tìm nhà xe cho ngài!",
  "11993309885119626575": "Cứ Điểm Huyền Nguyên Giáo - Thủ Lĩnh Nguyệt Tướng Kiếm",
  "11993316787967065014": "Bày ra vài quả trứng ngâm, lớn tiếng hô lớn “Ai dám tới đây giao đấu?”",
  "11993321079509289988": "Dân chúng Từ Tâm Trấn",
  "11993330228808434650": "Hoàn thành cuộc đua đường đua Đại Tướng Quốc Tự trong 150 giây ({0}/1)",
  "11993332860568748738": "Chít chít chít!!!",
  "11993364707518993952": "Bản đồ thiên hạ",
  "11993427526122701753": "Lý Trạch Hạo",
  "11993517339146843200": "Từ biệt",
  "11993578048555890518": "Thắng liên tiếp %d trận",
  "11993625932363054710": "Bảo Rương · Khai Phong",
  "11993629712226580254": "Động Quật Giải Mê (Sức Mạnh Bạo Phá)",
  "11993681936739059889": "Bí kíp kiếm mang theo bên mình.",
  "11993684319782715310": "Trong Lò Luyện - Thiết Bản Điêu Long",
  "11993699361787031076": "#RSố lần hôm nay đã hết#E",
  "11993699598419894717": "Vân Trung Chiết Gia",
  "11993719705201531141": "Thị Giả Đình Gác Cổng 2",
  "11993734549951064800": "Chu Vũ Lâm",
  "11993741947451093096": "Trương Liên Hâm",
  "11993745119502759406": "Thủy Ngọc",
  "11993774052007021601": "Thưởng Điểm Vật Phẩm Phân Loại",
  "1199380100341481791": "Thiên Lai Thượng",
  "11993861596142078112": "Hoàng Lạc Tư",
  "1199386564191253276": "Số lượng ngoại hình hoặc rương báu tự chọn đã đạt giới hạn, không thể nhận.",
  "11993871442788123000": "Gỗ Liễu",
  "11993920423265323483": "Vương đại nhân",
  "11993962747768824011": "Mở cửa hàng",
  "11993965628775914880": "Nông công",
  "11994002770039053434": "Đóng cơ quan",
  "11994010021393142241": "Thiệt hại kỹ năng võ học Vô Danh Kiếm Pháp",
  "11994024100361302348": "Vũ lâm linh",
  "11994049413294395567": "Tạo thành phần, dựng thuyền vẽ",
  "11994063152784226765": "Khí cơ uất trệ, Can mất sơ tiết, Tỳ mất kiện vận, Tâm mất sở dưỡng, Tạng phủ mất âm dương, khí huyết điều hòa không được, lâu ngày tích bệnh.",
  "11994090297904502938": "Ta... ta cũng nặn cho ngươi!",
  "11994091095728734955": "Giải Mê Phức Hợp - Du Hiệp Bến Đò Mở Ra",
  "11994103385606931432": "Kim Minh Trì",
  "11994105280536396543": "Cửa hàng môn phái",
  "11994108873674099924": "Cố Chỉ Mặc Thành - Nam Hồn",
  "11994136768020429910": "Túy Hoa Âm - Bầu Không Khí Yến Lạc Phường - Quý Nhiên - Sau Võ Lâm Lục",
  "11994166304843708193": "Biển Hoa - Điểm Tái Sinh Chiến Lợi Phẩm",
  "11994201272992555955": "Bầu Không Khí Tuần Tra Khu Thủ Công Nghiệp",
  "11994218883636047557": "Tin nhắn trao đổi của ngươi đã hẹn ta rồi, chúng ta mau tìm chỗ gặp mặt",
  "11994221086439515707": "Cung Tiễn Hắc Y Nhân - Bắn Người Chơi",
  "11994234167819143603": "……Ngươi không sao chứ? Hôm qua thấy ngươi lang thang ở đây, sao hôm nay lại khóc lớn thế?",
  "11994238283775600627": "Thoát khỏi truy sát",
  "11994289069331536801": "Đá Tiểu Vũ",
  "11994289405130345554": "Đánh bại %s",
  "11994313391821418680": "Biết vạn vật, chim chóc, cá, côn trùng",
  "1199433543358546152": "Vương Trí Siêu",
  "11994357936655453119": "Gây <font color='#50FF00'>50.0%</font> sát thương đánh, có <font color='#50FF00'>37.0%</font> xác suất tự động thi triển lại, tối đa <font color='#50FF00'>5</font> lần.",
  "11994413943139702485": "Ngưỡng cửa căn bản:",
  "11994430832752892511": "Không nhận tiền của Đường! Không nhận tiền của Đường!",
  "11994444497750916904": "Vừa rồi, là âm thanh đang nhảy múa sao?",
  "11994459283348700078": "Trần Thần",
  "11994551015583977907": "Triệu Hạo Phỉ",
  "11994567877587023236": "Thanh Giao Tinh Anh Rơi Đồ Cấp Thế Giới 11",
  "11994572592538386165": "Dân Tráng Yến Vân Số 12 Tuần Tra Cửa Động",
  "11994595294439974309": "Đăng nhập tích lũy 2 ngày ({0}/{2})",
  "11994614340661209588": "—— Cung Bảo Tàng Cố Cung, Tranh «Huy Phiến Thị Nữ Đồ» của Chu Phảng đời Đường",
  "11994647178467685336": "Xích Long Đường bầy tôi Giáp",
  "11994648864821861306": "Lật ngoài",
  "11994676039304616188": "Trừ tà an thần",
  "11994734897393645815": "Ghế đẩu bị hỏng",
  "11994760313367024509": "Khách nhân Túy Hoa Âm",
  "11994781980347905740": "Phòng Chí Cường",
  "11994825079608769358": "Kỳ Quái - Ngọc Quế Chi",
  "11994843905838676374": "Hà Kỷ Hi",
  "11994878157369392439": "Vạn Cổ Nhất Nhân Điện - Thiết Môn 1",
  "11994879220838652672": "Khai Phong Du Phố Xung Quanh - Bách Tính Lão Nhân Nữ - 21",
  "11994888859708556929": "Công tín",
  "11994939025528788116": "Hiệu Ứng Đặc Biệt Khinh Công Phiêu Đới - 0.5 Lần",
  "11994954917186340743": "Sinh Thái Vật Chủng",
  "11995018691379585526": "Tú Kim Lâu Tiểu Thủ Lĩnh Rơi Đồ Cấp Thế Giới 3",
  "11995036031295899392": "#GĐang tạo mô hình#E",
  "11995039909661421284": "Phúc Bồn Tử"
}