{
  "13316359205469211958": "Ngươi rất quan tâm đến người nhà của ta?",
  "13316374654989130929": "Khinh Công - Phiêu Đới",
  "13316461886157925738": "Nhẹ đánh",
  "13316494378057006420": "Vũ khí, vòng, bội",
  "13316497287419450008": "Đối thoại với Tiểu Thính Oa",
  "13316511415733055771": "Đối thoại",
  "13316514673686965929": "Trong quán nghiêm cấm xô xát, gây sự.",
  "133165340053863896": "Nhất Trượng Hồng",
  "13316542062219218725": "Thành công",
  "13316591430301486031": "Giải Vô Gian - Xem Thư Tín",
  "1331661221511772435": "Lương Tiểu Long",
  "13316625967356935792": "Tiểu Thụ Chi",
  "13316640972309484180": "Thư Trác",
  "13316712295188594843": "Cần Câu",
  "13316732746833540265": "Mô hình đã được đặt",
  "13316734530923675381": "Vạn Sự Tri",
  "13316761933075341183": "Hà Kỷ Hy",
  "13316786481432893814": "Hộp Hỗ Trợ Đột Phá Kỳ Thuật*1",
  "1331678869794830110": "Ghi lại sau khi tìm thấy ảnh toàn gia bị làm mờ",
  "13316816761878755477": "Truyền thuyết Quỷ Thị: \"Giờ Mão gà gáy, đường sinh đều đứt. Mặt sát xách đèn, cơ hội mới hiện.\"",
  "13316876699993339692": "Anh Vũ - Mục Tiêu Tỷ Thí",
  "13316902756393692215": "Tú Ngọc",
  "13316923708878049640": "Tìm đường thất bại, xin thử lại",
  "13316945281216547982": "Nhà môi giới họ Phùng",
  "1331696473437891400": "Chế Tạo - Đống Gỗ (Không Tương Tác)",
  "13316988715612912373": "Chịu bóng râm",
  "13317016254396091372": "Nhất Diệp Bình Sinh - Tư Nguy Viên Cựu Chỉ - Phông Nền - Khất Cái",
  "13317042623089063920": "Sinh Thái Vật Chủng",
  "13317047563129481226": "Tặng quà",
  "13317065711882400641": "Thiên Nhai Khách - Ẩn Nguyệt Sơn - Ưng",
  "1331707246069331535": "Bắt thành công bất kỳ loại cá nào 100 con.",
  "13317124021921558082": "Ngày",
  "1331712780882498569": "Khai Phong Phủ - Đại Môn - Quan Binh 3",
  "13317176029120597617": "Sử dụng",
  "1331718345479104452": "Tăng thêm {W_DEF} điểm thuộc tính phòng ngự.",
  "13317210521842618396": "Tiệc đêm pháo hoa - Nhiều người",
  "13317310962258791891": "Trương Chấn",
  "1331733548012097215": "Thư đã được thu thập",
  "1331734012601301040": "Thạch Khối",
  "13317403224169803098": "Đang tải dữ liệu",
  "13317471608508647753": "Huỳnh Uyên - Thái Cực Điểm - Đèn Hình Tiểu Nhân Chắp Tay",
  "13317489812124715923": "{3}\nTa vào năm {0} mắc phải căn bệnh {1}, sau khi được danh y {2} điều trị, cuối cùng đã khỏi bệnh.",
  "13317502414836194521": "Vương Đại Diễn",
  "13317543925962842978": "Thâu Sư - Cuồng Lan - Đệ Tử 1 - Canh Gác",
  "13317564216811829355": "Người ta nói ca vũ ở Quỷ Phàn Lâu này còn tuyệt hơn cả Phàn Lâu trên mặt đất, ta nhất định phải tìm cách vào xem thử mới được!",
  "13317570922551841294": "Chuyển tiếp",
  "13317584278207171207": "Không thể khớp thành công, có tiếp tục khớp không?",
  "13317592155540583081": "Tứ trọng",
  "13317609739865701203": "Bất Tiện Tiên - Điểm Làm Mới Chiến Lợi Phẩm Mới Thêm 210",
  "1331767763492421252": "Nhân sự vẫn chưa nghỉ!",
  "13317770951634161384": "Ê--đừng giẫm lên bàn của ta!",
  "13317785525142270147": "Diệp Tục Duyên",
  "13317795920689229212": "Gỗ bạch quả chạm khắc",
  "13317808406551613529": "Đang tải",
  "1331783714704040557": "Tỷ lệ trúng chí mạng",
  "13317840672433535681": "Hoa Trung Thừa",
  "13317850616071375494": "Hồ Kiện Lực",
  "13317866030750460136": "Dương Trụ Vũ",
  "13317871740109317810": "Trứng Phục Sinh - Bầu Không Khí Lão Dương",
  "13317906781610992397": "Địa Lý · Bách Công Phường",
  "13317957675880327918": "Thư tín của Phường chủ Nghê",
  "13318024996908623219": "Tiết kiệm thân phận gì chứ! Lão tử không phục!",
  "13318053824679233084": "Phong Trang Thôn - Mô Hình Ngẫu Nhiên - Phông Nền Cố Định 4 - Nam Thường Dân",
  "13318057704505514856": "Sao ngươi lại ở đây...",
  "13318059034710346258": "Đại Thế Giới - Lục Lâm - Hãn Phỉ - Quyền Cước Công Phu - Yếu D",
  "13318117062923637772": "Bảng xếp hạng Phá Quân Sát Tướng Bách Nghiệp",
  "13318143725292583860": "Thọ Xương Phường - Khu Thủy Lợi Nê Bồn - Nông Dân",
  "13318147402244678704": "Chọn một màu hoa không muốn",
  "13318163775378588247": "Hoàng Đồng (Mảnh Vỡ)",
  "13318170685252987959": "Phúc Bồn Tử",
  "13318208520810563119": "Đệ tử Huyền Nguyên Giáo",
  "13318265024068475623": "Tôn Thủy",
  "13318310013477617274": "Ủa, đây là...?",
  "13318342684469333795": "Sinh Thái Vật Chủng",
  "13318458546957334441": "Sinh Thái Vật Chủng",
  "13318518119249888479": "Tam Đẳng Bảo Rương",
  "13318524689865443668": "Mã Thượng Đạo",
  "13318537680896618048": "Thiếu hiệp xin đừng vội, xin hãy chờ một lát rồi thử lại.",
  "13318614183264924890": "Chu Vũ Lâm",
  "13318614293322099309": "Cổ tay áo ấn cạnh",
  "13318626118841081351": "Rời đi",
  "13318629680014412317": "Tất cả các ngành nghề đều đạt cấp tối đa",
  "133186540830144537": "Đặc Hiệu Khinh Công Phiêu Đới - 2 Lần",
  "13318668684885633222": "Kiếp Phỉ - Hầu Tử Cầm Sài Đao",
  "13318704654993514355": "Vương Trị",
  "13318712155350108874": "Công Tắc Thang Máy - Công Tắc Điều Khiển Trung Tâm",
  "13318819714888119437": "Hi, đầu của chú trọc lóc, chỉ buộc mấy lọn tóc nhỏ quanh đầu, thật buồn cười!",
  "13318822380535211384": "Quạ tha đêm",
  "13318882685872739106": "Mạc Ngư Vương - Hướng Đồ",
  "13318891726375540890": "Tử Đậu Hoa",
  "13318902513686096788": "Đạo Cụ Hội Họa Cây Hòe Phát Quang",
  "1331890288309479093": "Khu vực tiểu thương chặn đường ở Lâm Tân Độ, cốt truyện chính Khai Phong",
  "13318926613285349396": "Thường chưởng quầy, ngươi có nghe không?",
  "13318931993561985741": "Tỳ Bà Câu 1",
  "13318942462071217595": "Sinh Thái Vật Chủng",
  "13318985908290399138": "Mây ở đây tuy đẹp, nhưng điều đẹp hơn, chính là khoảng thời gian ta cùng các vị nương tử trải qua.",
  "13319129855301796309": "Khí lượng",
  "13319183262794454820": "Lính canh",
  "13319268546517021817": "Sử dụng vật này, có thể nhận được ngoại hình tương ứng.",
  "13319319840242636555": "Viện Ngũ Vị Trí 1 - Đống Thi Thể - Tinh Anh B - Tọa",
  "13319322135452793120": "Chu Vũ Lâm",
  "13319367775654382652": "Túy Miên",
  "13319383394019210450": "Sinh Thái Vật Chủng",
  "13319538339373414078": "Mặt nạ do vị Thần bí giáo tập để lại cho ba đồ đệ, đây là một trong số đó.",
  "1331958703693936733": "Điều tức thuận mạch",
  "13319594373523530526": "Trồng trọt",
  "13319630312826793746": "Thao tác quá thường xuyên, vui lòng thử lại sau",
  "13319666519753393358": "Nhận sau khi Mính Âm mở vào ngày 25 tháng 7",
  "13319668523692483647": "Tổ Chức Bách Nghiệp xây dựng tăng thêm 86 thành phần",
  "13319752350282571052": "Tường Không Khí Đoản",
  "13319861656210347304": "Hạnh",
  "13319893818011967663": "Đẩy ra",
  "13319894599136139722": "Bảng chỉ dẫn đường",
  "13319904374788550054": "Lưu khấu",
  "13319909710573186694": "【Thử Nghiệm】Trượng Kiếm · Nhất",
  "13319917088369019981": "Tạ Từ Nương",
  "13319974946014998665": "Trường Minh Ngọc*20",
  "13319986190009971384": "Phật Gia Trại Tiểu Quái Rơi Rớt Thế Giới Cấp 2",
  "13320019340083003085": "Chi tiền tìm người chia ra một phòng khác",
  "13320052666399401368": "Ai? Ai dám đến lúc này?",
  "13320180657897179772": "Tại sao mình coi dì Xuân như mẹ, nhưng vì mấy bài thuốc này mà dì cứ bận rộn không có thời gian ở bên mình.",
  "13320195501829579181": "Màn đêm",
  "13320339907460153324": "Đối phương đang đánh giá bạn từ trên xuống dưới",
  "13320347201687508729": "Lâm Phương Dật",
  "1332046926126313131": "Lưu Phái Tháp Khiên Ti · Ngọc Tầng Thứ 6 - Diệp Vạn Sơn boss1",
  "13320470408537030211": "Cảnh Uẩn",
  "13320503775492310515": "Thế nào, việc lớn đã làm thành chưa?",
  "13320519842798311165": "Sóng gió truy nã",
  "13320524281961673616": "{2}\nThân mang bệnh nhẹ, qua chẩn đoán của danh y {0}, bệnh ta mắc phải là {1}.",
  "1332054558433915217": "Thọ Xương Phường - Cửa Hàng A - Tửu Lầu - Tiểu Nhị",
  "13320597180896499772": "Dân làng Lĩnh Hạnh Thôn, đang sắp xếp khoai mài mới đào ở lều cạnh ruộng khoai mài.",
  "13320611301745960127": "Tiếng động này, giống như truyền đến từ Kim Minh Trì...",
  "13320612208649425696": "Anh Vũ - Mục Tiêu Tỷ Thí",
  "13320633766496481206": "Chiến Lệnh Bảo Rương",
  "13320661055350425245": "Đây là bảng vị siêu độ cho họ. Đốt những bảng vị này, tai ương của đời này sẽ tiêu tan, kiếp sau có thể bình an... Xin hỏi thí chủ, hãy thắp ngọn lửa cuối cùng này cho họ.",
  "13320680231619098720": "Bảng tổng kết thử thách",
  "13320756582971631931": "Người khuân vác",
  "13320767752206934652": "Giải cứu",
  "13320785888108944561": "Thử Nghiệm npc16",
  "13320807159076638093": "【Giam Ngục - Chế Tạo】Đống Gỗ (Không Tương Tác)",
  "13320823463529119129": "Đao Mạc bù thuộc tính tạm thời cấp 30",
  "13320844020966294377": "Cấp độ thăng lên #Y40#E cấp ({0}/40)",
  "13320849765020641405": "Một phần của Kim Bộ Dao đầu Ngưu Giác, tập hợp đủ hai phần có thể ghép thành vật phẩm vàng hoàn chỉnh.",
  "1332086024468916760": "Sinh Thái Vật Chủng",
  "13320890259826545226": "“Chỉ mong Đông Phong đêm nay thả ngàn cây hoa rực rỡ, sớm ngày được cùng ngươi về nhà”",
  "13320937133404532766": "Diễm Hồ",
  "13320966081074998665": "Đối thoại",
  "13320971233121525800": "Ngự Bố",
  "13320980386612637582": "Thiếu nữ",
  "13321013728631885566": "Thử nghiệm diện mạo ngẫu nhiên",
  "13321031424963206900": "Ly rượu cuối cùng",
  "13321033780979200460": "Bảo rương",
  "13321071272028082638": "Tôn Giai Nam",
  "1332111094484611881": "Đã làm suy yếu cứ điểm thành công",
  "13321136102521368112": "Bảo rương · Thanh Hà",
  "13321138895969067020": "Nhân vật chính kèm hoạt hình, góc cố định: Trước đối thoại số 22.",
  "13321143865591451217": "Số quan hệ {} của ngươi đã đạt giới hạn, xin hãy hủy bỏ quan hệ đã có trước.",
  "13321150272805325162": "Đạo nhân mộng lừa",
  "13321151876224410247": "Tăng tấn công Minh Kim. Sát thương cộng thêm Minh Kim có thể được tăng cường dựa trên tấn công Minh Kim tối đa.",
  "13321179773520338317": "Nhất Điều (Sài Khuyển Tửu Cương)",
  "13321180284678784337": "Khách đến dự tiệc Phi Hoa, thích rượu ngon đồ ngọt, đặc biệt yêu thích hương vị Ly Nhân Lệ này.",
  "13321250552406536562": "Lời hẹn ước của chúng ta, ngươi còn nhớ không?",
  "13321282896085659791": "Không có gì, cáo từ",
  "13321285781755541521": "Sát thương Hội Tâm của Kỹ tích lũy và Phản đòn đỡ sẽ tăng #Y20%#E.",
  "13321340503783923074": "Có thể nhìn thấy điều kiện nhập môn",
  "1332134387195222305": "Dư Uyên Bá",
  "13321350746214478198": "Sợi dây đỏ trên chuôi kiếm, đã quấn được sáu mươi tám vòng.\nMỗi sợi, đều nhuốm máu của Long Vương.\nTừ khi Long Vương chưa đủ để gọi là Long Vương, nó đã biết, sự sống của nó là vì sự chết của nó.\nVậy mà có người vì sự sống của nó, chôn thanh kiếm lẽ ra phải nắm trong tay xuống đất. Trù Ngư Kiếm mà các đời Hà Bá nắm giữ đã trở thành Chu Oánh Kiếm.\nLong Vương cũng biết, lần cuối cùng nhìn thấy thanh kiếm này, chính là lúc nó tái ngộ với chủ nhân của nó.\nNó vẫn luôn, luôn chờ đợi ngày này.",
  "13321383253783264723": "Tam đoạn",
  "13321394511726254560": "Sát thương gây ra bởi Kỹ năng chủ động võ học, Kỹ năng đặc biệt tăng 20%.",
  "1332141528378894260": "Thất Thanh Giảng Kinh Nhân 45",
  "13321446679911889025": "Thiết Liên Hạp Quải Tiếp Điểm Trắc Thí (Mặc Sơn Đạo)",
  "13321460059697522658": "Đứa trẻ này thiên tư thông minh, nếu có thể giữ vững tấm lòng ban đầu, tương lai nhất định có thể mong đợi. Sau này nếu muốn chuyên sâu vào đạo này, không ngại đến Khai Phong tìm ta, ta sẽ tự mình giới thiệu cho con.",
  "13321467279221744969": "Đánh",
  "13321554094669150180": "Tâm pháp",
  "13321576565592284730": "Vô Danh Công Truyện",
  "13321606708004651984": "Người thực thà",
  "13321612853898386669": "Xin hãy chỉ rõ.",
  "13321713410304252111": "Tiểu Thập Thất",
  "13321759027163529421": "Trương Chấn",
  "13321789709772649131": "—— Nguyên · Vô danh 《Trương Hiệp Trạng Nguyên》",
  "13321842093741704596": "Xổ ra",
  "13321842978754262756": "Chờ một chút, sao ta nhớ Cửu Lưu Môn thành lập đến nay cũng chỉ vài chục năm?",
  "13321936157650654795": "QQ Không Gian",
  "13321949924648517129": "Ài... ài...",
  "13321977452742810021": "Rương báu đã được mở",
  "13321979518836164652": "Phá Giới Đầu Đà Đinh (Thiết Thính - Khổ Hải)",
  "13321990945193614249": "Trong lúc nguy cấp, Oánh Oánh ra tay bảo vệ, thân phận của Oánh Oánh lại là...",
  "1332199186494510377": "Tỷ tỷ Liễu Nhụy, đây là những bông hoa do chính tay em trồng và phơi khô, tuy không đáng một xu nhưng chứa đầy nỗi nhớ của em dành cho tỷ...",
  "13322006044715303846": "Giao diện ẩn",
  "13322113664518038108": "Hàn Thiên Dạ Không Khí Tường 2",
  "1332214834818409841": "Có ích",
  "13322155929606246453": "Đóng góp Bang hội cá nhân: 68 ",
  "13322220477154809562": "A Lai Đại ca...",
  "13322286980844872033": "Chu Vũ Lâm",
  "13322352562857758498": "Dũng giả nghịch đức; binh giả hung khí; người tranh sự cuối. Nhưng nếu thiên hạ muốn dừng binh đao, tất phải tranh đoạt binh khí để định thắng thua.",
  "13322388556694349178": "Khóa áo khoác ngoài",
  "1332240057016992742": "Điều tra",
  "13322473423714373546": "Không rõ...",
  "13322517332687702659": "Giỏ treo hồi tưởng",
  "13322591971499801420": "Chiêu mộ vào Cửu Lưu Môn, đổi bằng danh vọng",
  "1332265706676961910": "Khách của Túy Hoa Âm",
  "13322681774504661531": "Môn Bản 2",
  "13322700453692128485": "Giảm sát thương nhận vào",
  "13322740202691151010": "Trương Tuấn Kiệt",
  "13322841032884850166": "Đoạn Thủy · Nhất",
  "13322866152773007044": "Cuồng Lãng - Hộp Cơ Quan - PVP - Chặn đỡ - Giải khống",
  "13322878541558960879": "Phá Lỗ Chu Trủng - Xích Long Đường Thành Nữ",
  "13322887795505232374": "Trương Tuấn Kiệt",
  "13322891314566813334": "Khe hẹp",
  "13322927827131934168": "Vật Vong Ngã 03",
  "13322934322271693071": "Nhị Bạo_Ảo cảnh chiến trường",
  "13322957992332422651": "Lắp ráp các bộ phận để xây nhà.",
  "13322965536399720195": "Số thứ tự trong Mục lục bảo vật tương ứng bị sai.",
  "13323082096119065362": "Đêm Cửu Lưu",
  "13323121539931667722": "Khinh Công Tổ Kiện - Thằng Tử đáo Sử Đại Nhân -30-25",
  "13323122007975572366": "Quỷ Thủ - Hồi Tố Khiêu Chiến",
  "1332313969704986784": "Động Huyệt 1105 - Thi Thể",
  "13323161496743577338": "【Trấn Thủ - Thường Bình Thương】Thủ Lĩnh — Lý Thủ Tiết",
  "13323182256714134619": "Thược Dược",
  "13323199411568625250": "Quân Tử",
  "13323255824109113653": "Âu Gia Hạo",
  "13323263364932725058": "Không biết……",
  "13323358630375568741": "Chỉ bệnh tinh thần không ổn định. Điên bệnh do đàm khí uất kết, hoặc tâm tỳ lưỡng hư gây ra; Cuồng bệnh do dương khí quá vượng, tâm thần ngoại phóng gây ra. Điên bệnh lâu ngày, đàm uất hóa hỏa, có thể xuất hiện chứng cuồng; Cuồng bệnh kéo dài, chính khí không đủ, cũng có thể xuất hiện chứng điên. Cho nên điên cuồng thường được gọi chung.",
  "13323367844873433111": "Trẻ con cũng biết, lúc này phải nhổ quả hư đi, rồi ăn quả tiếp theo.",
  "13323413073677374926": "Thừa Ân Trấn - Sinh Thái Vật Chủng",
  "1332344892213033035": "Diệp Tử Hí - Thanh Hà Tân Tăng Điểm Vị",
  "13323495948230688373": "Công nhân nông nghiệp cần cù, nhà ở ngoại ô thành phố Khai Phong.",
  "13323542993110998282": "Lưu Minh Sách",
  "13323598066982059904": "Thi ân, lời của thí chủ mà có chút lý lẽ, thì cũng không đến nỗi không có chút lý lẽ nào cả.",
  "13323641431148886899": "Khô Thù Du",
  "13323685050970181624": "4-2 Đoạn Vị Tưởng Lệ",
  "13323745493163898437": "Ngươi đã trả lại con rối da cũ cho Thương Sơ Lục, nhưng hắn nghe nói Kỳ Thu Dịch rất thích con rối da cũ, liền tặng toàn bộ một thùng rối da cũ cho Kỳ Thu Dịch. Lần sau gặp Kỳ Thu Dịch, có lẽ sẽ là một chàng trai vui vẻ lạc quan rồi.",
  "13323800674785079538": "Lưu Minh Sách",
  "1332394292349623796": "Hàn Quân Ấu Chu",
  "13323975828335165387": "Dương Chú Vũ",
  "13324092491190076759": "Ngươi, ngươi ngươi ngươi, chúng ta đi thôi.",
  "13324094749266822108": "Chu Minh",
  "13324101628615700657": "Hành Chính Khu - Thượng Triều - Đại Tống Quan Binh Trạm Cương",
  "13324166675671045748": "Giảm thương",
  "13324213062057718929": "Huỳnh Uyên - Đằng Mạn Động - Không Khí Tường",
  "13324215824558296405": "Trần Gia Tranh",
  "13324254183649737189": "Sinh Thái Vật Chủng",
  "1332425781716062370": "Nhấn vào đây để mở giao diện nhiệm vụ",
  "13324265956298114826": "Ngưng thần hộ thể",
  "13324270879468108301": "Khai Phong gần đây thu tiền của nhà Đường, nhưng không được bình yên.",
  "13324280080380099454": "Bọn cướp ở Long Hổ Trại, ngưỡng mộ danh tiếng của ba anh em Long Hổ Báo, đi theo nhưng thất vọng trở về.",
  "13324319041936039515": "（Từ xa）Hô hô hô, $T(2019)，Ngươi đã học được Sát Thác Lưu Tinh Thương, tự mình thử xem đi!",
  "13324362752954503997": "Phức Hợp Giải Mê - Thiện Diệu Châu - 3-3 Hồ Điệp",
  "1332439795654685680": "Chị Giải Ngữ... Hứa cho ngươi nhập màng? Đã bao lâu rồi không gặp...",
  "13324444721296918964": "Kết giao cố nhân giang hồ Trương Quát Cô",
  "13324450055200691640": "Tướng quân còn có thể chết thêm hai lần sao?",
  "1332456249746009344": "Thú cưỡi",
  "13324589243209551008": "Giảm 30% tiêu hao nhảy ngựa, tăng độ cao khi nhảy",
  "13324601380499190198": "Tất nhiên là được",
  "13324621258222091805": "Sinh Thái Vật Chủng",
  "13324637867123023819": "Lối chơi",
  "13324640676742974901": "Đại Thế Giới - Tú Kim Lâu - Tuyệt Âm Bộ Đệ Tử - Hỏa Bả hòa Đao",
  "13324677557855007628": "Sấu Tử - Thùy Tử (Không",
  "13324684648907452802": "Huệ Nhãn Tế Bần",
  "13324712728534476915": "Thư Thập Cửu",
  "13324740228889973083": "Thường Bình Thương【Khu vực Cây Thế Giới】",
  "13324744320898408091": "Người giang hồ đi dạo ở Trường Hưng Tập.",
  "13324775168998356511": "Sài Dật Ninh",
  "13324907517540773827": "Thăng cấp %s mới thấy bảng xếp hạng",
  "13324923880021038939": "Đang bận rộn, đại ca Vương, có chuyện gì vậy...",
  "13324930998926756551": "Triều đình ban ân, miễn thuế làm giấy, chi phí giấy giảm mạnh, #YTự Thủ Thiếp#E giảm giá #Y{prop}#E.",
  "1332495108851063347": "Thông Kích Bảng - Thưởng Mã Tặc",
  "13324962781421242031": "Sinh địa... sinh địa thượng phẩm đây...",
  "13324991719289711413": "Kỳ thuật",
  "13325013214818449582": "Tiểu Thụ Chi",
  "13325094508207523526": "Trương Tuấn Kiệt",
  "13325098968004316017": "Đang lấy dữ liệu",
  "13325121022998528747": "Tên bản vẽ",
  "13325126971637584352": "Sử dụng Thái cực ngư pháo 1 lần bất kỳ bên bờ sông",
  "13325246007353025800": "Lăng Yên",
  "13325254454634256491": "Du Hạo Miểu",
  "13325281167437780993": "A Mãng đừng khóc, dẫn đường... Dù là bò, ta cũng sẽ bò đến bên bậc thầy câu cá kia... phỏng vấn hắn... hoàn thành bài viết lãng tử này... khụ khụ khụ khụ khụ khụ!",
  "1332528275510264240": "Thi Thiên Lai",
  "13325320935801205240": "Vạn Vật Giao Hỗ Tưởng Lệ",
  "13325331978620325470": "Người qua đường",
  "13325337610770599242": "Tăng cường thể chất thần trí",
  "13325356348062231817": "Đang lấy dữ liệu",
  "13325392951815517090": "Vạn Thắng Trấn Phân Vi Tổ 143",
  "13325402404021699224": "Tiến độ tăng",
  "13325418374752520163": "Bộ đồ giặt",
  "13325440181044054347": "Cảnh này không thể nhanh chóng đi đến, xin hãy đi bằng tay",
  "13325448589169474949": "Sinh Thái Vật Chủng",
  "13325455528698305702": "Dân chúng Vạn Thắng Trấn",
  "1332546442519907510": "Mở",
  "13325489451592781938": "Lục Sí",
  "13325507573744702537": "Vạn Sự Tri - Đệ Nhất Lô Hôi - Bố Nang Trang Hữu Long Đầu Hương",
  "13325518886609053070": "Hoàng Lạc Tư",
  "13325583136483151875": "Bạn cũ trở mặt",
  "13325663931647301219": "Trong mật thất có vô số châu báu, trên bàn ghế đối diện chính giữa bày một cuốn sách, hãy đi xem nội dung cuốn sách.",
  "13325677693081059171": "Điểm Hỏa Cơ Quan - Khả Nhiên Vật Tổ Kiện",
  "13325685557071660444": "Ác Hành Đầu Đà",
  "13325706864721551098": "Vương Trị",
  "1332574121267150127": "Ngũ Cầm Hí - Tác Phường Khu Vực",
  "13325748916222923388": "Trương Tuấn Kiệt",
  "13325775572744782399": "Xuân"
}