{
  "11111524339177450730": "Sao vậy thiếu hiệp? Ngươi cũng đến tìm Trần đại ca sao?",
  "11111594268147076453": "Trung Cửu Lưu",
  "11111600809458791915": "Tổ hợp xây dựng Bách Nghiệp mới 11",
  "11111627572237987990": "Nó sẽ không còn phải đau đớn nữa, theo một nghĩa nào đó ta đã chữa khỏi cho nó.",
  "11111744823553635020": "Trương Tiêu Nặc",
  "11111758954912226943": "Là người của Tú Kim Lâu",
  "11111795093218913611": "Cao Khiết",
  "11111799582965605249": "Làm phiền rồi",
  "11111815611304976947": "Chỉnh sửa thông tin cơ bản",
  "11111885120950361992": "Sơn Kê Lục Sắc",
  "11111894163996388049": "Kiến Văn - Phí Giải Tỏa",
  "11111900567034306824": "Vảy bạc lấp lánh, rồng bay lượn",
  "11111917473162451130": "Dung Lô - Luyện Binh Trường - NPC Bổ Sung Không Khí 3",
  "11111918946820670723": "Kinh Cức Cầu Treo - Thử Nghiệm (Cầu Treo 45 Độ)",
  "11111957871266832852": "Thương Lang (Đơn Thể)",
  "11111960324807911123": "Ông Phan, người khó khăn lắm mới trở về",
  "11111969612650357202": "Tà váy",
  "11111994928141281529": "Nghe lén",
  "11112003375717911737": "Không được, từng chữ của Nam thư sinh đều là tâm huyết được đúc kết, hủy đi thì dễ, câu hay khó tìm lại!",
  "11112090939075420031": "Phòng Chí Cường",
  "1111219448712460507": "#ea5858Nhiệm vụ: Truy kích#E",
  "11112197234470225219": "Đối phương đang đánh giá kỳ lực của ngươi",
  "11112218006001411726": "Thọ Xương Phường - Phú Nhân Tuần Tra",
  "11112229198569244993": "Hiệp khách thân mến:\nPhần thưởng đổi quà giải đấu \"Đại Thần Quần Anh Hội\" đã được gửi đến ngài, xin kiểm tra.",
  "11112232240182442642": "Hà Kỷ Hi",
  "11112274881904472807": "Từ Tâm Sơn Viện - Điểm Hồi Sinh Chiến Lợi Phẩm",
  "11112287246322847636": "Lưu Phái Tháp Phá Trúc · Phong Tầng 6 - Thiên Hổ Trường Bính Phủ Tinh Anh 1",
  "11112294983562403145": "Chương chính: \"Dã Từ\"",
  "11112327365511807889": "Nhận chìa khóa",
  "11112368123611388014": "Hậu Tai Ương Mộ Địa Hợp Thập - Bạch",
  "11112370983429390458": "Đang tải",
  "11112414751073258365": "Nghe nói cứ mỗi đêm tuyết rơi ở Trạch ấm Triệu Phổ, thường có giang hồ tụ tập đốt thịt, không biết chuyện này thật hay giả?",
  "11112481651607113235": "Rời đi",
  "11112529241560532738": "Đang ở trong lối chơi Chế tạo",
  "11112529846581196516": "Ngươi đang định giết tên lính trước mặt, nhưng nắp thùng đột nhiên bật mở, đánh thẳng vào cằm tên lính. Tên lính ngất đi\nĐi tìm Lộc và Thọ đi, hình như bọn họ đã trốn đi nơi khác rồi. Nói xong Đạo Chủ chui lại vào thùng\nNgươi nhảy xuống, đáp xuống đất vững vàng, không một tiếng động.\nCó vẻ nơi đây là bến cảng của một lò luyện, dùng để dỡ than đá, dầu hỏa và tiền đồng thu thuế từ đường thủy",
  "11112535947289437067": "Thanh Tâm Phố - Trò Chuyện Trồng Trọt Địa Hoàng",
  "11112536188679748355": "Thoái Trường - Hà Bá",
  "11112644078036671832": "Không rõ...",
  "11112666365324398928": "Thân hình nhanh chóng di chuyển một đoạn ngắn.",
  "11112679020378204225": "Hãy nhớ, chỉ có nhất niệm bố tội, nhất ý độ thế, ngày hôm nay của ta, mới không trở thành... ngày sau của ngươi...",
  "11112683744350452760": "Dân làng",
  "11112735623854283369": "Xăm trên người",
  "11112779222985847481": "Chấn Ngọc 2",
  "11112829073967521474": "Theo thị nữ Vấn Nguyệt",
  "11112831343272043166": "Cúc Cúc",
  "11112843837541649170": "Trạm dịch phía nam thành Khai Phong",
  "11112851066195415060": "Hạ Nhi Đồng",
  "11112857704821039574": "Phong Vu Cơ",
  "11112886618337394915": "Khu Thủ Công Nghiệp - Bầu Không Khí Tĩnh Lặng",
  "11112915601146804010": "Phi Thiên Tàn Viên - Đạo Cụ Quan Trọng (Mô Tả Tạm Thời)",
  "11112971687688802050": "Trần Gia Tranh",
  "11112997806688411935": "Mô Bản Tường Không Khí",
  "11113104892398286401": "Dừng phát",
  "1111311983752941029": "{} vẫn còn ở gần",
  "11113167060949307094": "Quỷ Công Tử - Giai Đoạn 2",
  "1111316886778314496": "Sau khi chào tạm biệt Hồng Tuyến và Đậu Đậu, ngươi quyết định trước tiên đến căn nhà bí mật dưới Tháp Tửu Hương để thu xếp hành lý, sau đó mới đi đến vách núi hội ngộ với Y Đao.",
  "11113268252829541276": "Vòng tay",
  "11113280791908000438": "{} Năng lực không đủ, không thể nhận",
  "11113311276326175683": "Hồ Kiện Lực",
  "11113318950828600681": "Cửa hàng đổi",
  "11113352906297806470": "Mục tiêu đã tử trận hoặc ngoại tuyến",
  "11113373056585148233": "Ngự Uyển Bắc",
  "11113395547761760765": "Khách say hoa âm",
  "11113498221655670068": "\"Trầm ngư lạc nhạn, bế nguyệt tu hoa\" thường dùng để khen ngợi phụ nữ, trong đó \"Bế Nguyệt\" ý là",
  "11113504641355246446": "Hoang Thạch Lâm - Điểm Hồi Sinh Chiến Lợi Phẩm 441",
  "11113600717479495292": "Sinh Vật Sinh Thái",
  "11113625846629067422": "Cực khó",
  "1111368280149401362": "Thiên Phúc......",
  "1111374998394273027": "Các vị khách, đi ngang qua đừng bỏ lỡ, hàng hóa của ta là vật dụng thiết yếu khi đi giang hồ!",
  "11113810069647519788": "Lông trên tủ",
  "11113851854921344719": "Bảng Mô Bản",
  "11113900459497068327": "Đang lấy dữ liệu",
  "11113917050088089915": "Thọ Xương Phường - Khu Thương Phố - Chưởng Quỹ",
  "11113938790257473111": "Bạn đã tạo phòng",
  "11113939673520901747": "Chờ chúc phúc",
  "11113940456311072174": "Thương sinh hỉ lạc · Ngân · Hồng",
  "11113971925820157576": "Hồng Lô Nhã Tập",
  "11113981984862806741": "Màu xanh lục",
  "11114002500469765352": "Vậy... vậy phải xem số mệnh rồi.",
  "11114054784610998880": "Kim Loại",
  "11114145177216258155": "Lý Tiếu Dao",
  "11114148435950194544": "Sinh Vật Sinh Thái",
  "11114180034862821310": "Huỳnh Uyên - Chung Cục - Lộc Linh",
  "11114335758284048278": "Lưu Minh Sách",
  "1111439927546347852": "Chế tạo cấu kiện, dùng để dựng nhà.",
  "11114441542521076555": "Hiệu ứng đặc biệt Kỳ Thuật Ngoại Vi",
  "11114534538121012230": "{} cùng một người bạn ghé thăm Hương Thủy Các, tình tứ nồng nhiệt, thật vui vẻ. Không biết lần này có hiệp khách nào đã cùng chung ý hợp?",
  "11114535086007081837": "Câu Lan Điếm Phố Khu 1 - Bảng Nền Tĩnh Lặng",
  "11114554922631733964": "Phệ Tâm Nấm",
  "11114575359135644974": "Rõ ràng là thuyền nát...",
  "11114597348889125328": "Phật đăng thường sáng",
  "11114608857832429410": "Kỳ Ngộ - Chiêu Công Ký - Chu Nhị Nương",
  "11114645594926641281": "Dã Sơn Sâm",
  "11114683448927967689": "Thọ Xương Phường - Tửu Phường - Công Nhân",
  "11114709356064143759": "Vật phẩm nhiệm vụ",
  "11114716863045369988": "Phòng Chí Cường",
  "11114722371093660306": "Vũ Y Lâu - Bầu Không Khí - Ngữ Âm 1 - Sát Thủ 1",
  "11114723188605665432": "Chức năng có thể sử dụng",
  "11114736620277213045": "Liễu Phố - Bình Dân 67",
  "11114801810638455539": "Tạo phòng",
  "11114862386793144065": "Âm thanh",
  "11114866569278936521": "Đinh Bằng",
  "1111491008160099317": "Chu Vũ Lâm",
  "11114959726017717603": "Không rõ ràng lắm……",
  "11114992771409844654": "Mạch Hương Tập - Bảng Nền Tuần Tra",
  "11115003875601460156": "Đại Tống Cấm Quân Anh Mão - Không Mang Binh Khí - Dùng Cho Bầu Không Khí",
  "11115017735820772037": "Ta đã nói rồi, ngày nóng thế này, luyện tập dưới nước chắc chắn tốt hơn là phơi nắng ngoài trời!",
  "11115150039988936449": "Điên cuồng",
  "11115171074960847921": "Tường Không Khí Trùm Dã Ngoại Quỷ Công Tử",
  "11115198513383053358": "Tịnh Niệm",
  "11115201859918755474": "Ngư trường hoạt động Thanh Hà",
  "1111532399386237946": "Đoạn sáu",
  "11115338082892014798": "Chạy nhanh! Đến kho, báo cho Tông Hiền ca!",
  "11115417079769177131": "Trương Chấn",
  "11115431256244131731": "Ta ôm ngươi",
  "11115431480513161204": "Nơi đây thường bị sét đánh, thiên tai nhưng không bị tổn hại, vì vậy giang hồ đồn rằng nơi đây có thể cầu phúc.",
  "11115436529536760251": "Manh mối・Cung điêu khắc nứt vỡ",
  "11115460195824074591": "Sơn Kê Lục Sắc",
  "11115490233073988434": "Trần Thập Tam",
  "11115495994866566366": "Vạn Sự Tri - Không Phải Sợ! Là Tôn Trọng! - Túi Tiền Đồng Dưới Đáy Hũ Rượu (Có Thể Nhặt Được)",
  "11115499784234012195": "Thuộc tính Yêm Sư chưa đạt chuẩn",
  "11115534463378317603": "Cấp 2",
  "11115538062198123766": "Hà Kỷ Hi",
  "1111556166899346051": "Linh Kiện Khinh Công - Dây Thừng Đến Sử Đại Nhân - 30-25",
  "1111562981287299204": "Đứa trẻ đó không quan tâm đến oán hận của người khác, nhưng lại thấy không mặt mũi nào nhìn lại thanh kiếm kia, nhưng người duy nhất tặng cậu ta thanh kiếm... lại chưa từng oán hận cậu ta bao giờ.",
  "11115663254940044647": "Khai Phong Phủ - Đại Viện - Quan Binh 76",
  "11115691611576269736": "Thọ Xương Phường - Phú Nhân",
  "11115700099258923594": "Chi bằng đi theo đại nhân Trịnh, nhất định đảm bảo cả nhà ngươi có thể giữ được mạng!",
  "11115792013842225625": "Tiền bối có biết món bảo bối đó rốt cuộc là gì không?",
  "11115804608930477656": "Hàn Khuẩn Ấu Châu",
  "11115817353316998813": "Khử độc giải độc",
  "11115844574003922322": "Bức thư tay của Tiêu Đô Chỉ Huy Sứ.",
  "11115865530049452019": "Đánh bại thủ lĩnh dã ngoại lần đầu",
  "11115885269748404916": "Mã Bất Khương - Quái Vật",
  "11115923302523988667": "Mũi Tên",
  "11115938084905948033": "Dương Trụ Vũ",
  "111159825034566733": "......",
  "11116004921216856480": "Du khách giang hồ, ngưỡng mộ danh tiếng rượu ngon Thần Tiên Độ mà đến.",
  "11116069404285705108": "Quỷ Thủ - Trùm - Tường Không Khí",
  "11116138253037932703": "…… Ngươi tại sao lại giúp ta?",
  "11116187233104811198": "Sinh Vật Sinh Thái",
  "11116187826566100299": "Số tiền kiếm được khi bán lương thực cho thương nhân thu mua.",
  "11116215728641023090": "Giám công xưởng đóng tàu",
  "11116264527538559992": "Giải Mê Động Quật - Thi Thể Quan Binh",
  "11116331540626014236": "Thư của Mộc Tế An",
  "11116412998090109017": "Đã mở hiển thị bản thân trên bảng bệnh tật",
  "11116425724247572295": "Chu Vũ Lâm",
  "11116475562579254908": "Trong khi khiêu chiến thử luyện phái Phá Trúc, chỉ có thể sử dụng võ học hệ #Y Phá Trúc#E để khiêu chiến.",
  "1111649837193744930": "Mèo con - Cục Gạch",
  "11116523929409835494": "Căn bệnh độc thú xâm nhập cơ thể, nếu không chữa trị sẽ dẫn đến thần trí hỗn loạn.",
  "11116607920415193192": "Ngươi nghĩ xem, một con mèo có thể bán được bao nhiêu tiền!",
  "11116670060950886628": "……là Giang thúc?",
  "11116728504422104055": "Gác son điêu ngọc, phong thái thợ khéo, người của môn thợ thủ công. Khai Phong kiến trúc hùng vĩ, thợ khéo bậc nhất thiên hạ dám xưng tiên.",
  "11116752132570015623": "Không gian Vũ Y Lâu - Kim Vạn Tùng",
  "1111679287101637452": "Hắc Phát",
  "11116810142182755305": "Phàn Lâu - Võ Lâm Lục - Cách Không Thủ Vật 1 - Thiếu niên bình dân",
  "11116823021275416577": "Tuy kiếm này đã thành, nhưng đến hôm nay, cũng chỉ là...",
  "11116834121833568865": "{0} đang định trả lời, ngươi kéo tay hắn, dùng ngón tay viết chữ “{1}”",
  "11116841466317700452": "Có người trong giếng! Chẳng lẽ bị rơi xuống rồi? Phải mau chóng cứu hắn lên...",
  "1111685779132815202": "Đại Hắc đang cầu xin, hy vọng có người có thể cứu A Nguyệt...",
  "11116862377411897300": "Lê Hoa Đàm Sâu - Vò rượu",
  "11116868027753045304": "Dùng cho không gian tĩnh",
  "11116904266849812441": "Trần Hiểu Hàn",
  "11116906113757468596": "Thời gian thu nhập",
  "11116909360097854417": "Lộc Tỉnh Đan Tuyền",
  "11116918341900333097": "Còn lại: %s phút",
  "11116929459749370023": "Thiết Mã Kim Ca",
  "11116935671069891077": "Hoa Hải - Điểm tái sinh Chiến lợi phẩm",
  "111169412051149405": "Lưu Phái Tháp Chước Mộc · U Tầng 8 - Sài Đao Hầu 2",
  "11116947482828193955": "Đại Lang ngã xuống, người cưỡi ngựa múa (Vũ Mã Nhân) vô cùng đau lòng, hắn không dám tin vào tất cả những điều này.\nĐại Lang chính là mạng sống của hắn, hắn cũng là mạng sống của Đại Lang.\nHắn nhổ ra một mảnh thịt máu, tựa như trái tim, lại tựa như một loại cổ trùng, dịu dàng đút cho nó uống.",
  "11116969765096252933": "Giác Chướng Lâm",
  "1111700236701111529": "Thôn dân Thần Tiên Độ hậu tai ương 4091",
  "11117018564465012630": "Có vật phẩm",
  "11117038979234120879": "Chu Hiếu Chi",
  "11117054446670613932": "{3}\nTa bị bệnh {1} tại thân vào năm {0}, sau khi được danh y {2} chữa trị, cuối cùng đã khỏi bệnh.",
  "11117065413930297181": "Túy Hoa Âm - Không gian ngoại vi đoạn giữa - Nghê Đại Nương",
  "11117077640754059605": "Về lại chốn xưa",
  "1111710121086370638": "Vô Tướng Hoàng đa nhân phiên bản cập nhật - Giai đoạn ba",
  "11117102062470640691": "Tróc Ảnh thăng cấp lên Tróc Ảnh · Nhập Môn Tam Giai",
  "1111710736716004720": "Ừm, lính canh đều đi ra ngoài rồi…… Đúng vậy, bây giờ là thời cơ tốt……",
  "1111715260710122103": "Cảnh Uẩn",
  "11117169190321443474": "Khối sắt thô (Nguyên khối)",
  "1111717965222150716": "Đối thoại",
  "11117219627367341209": "Nơi diễn tập thủy quân, cảnh bị nghiêm ngặt. Ngự Uyển Bắc Bảo Tân Lâu đang chuẩn bị tiệc tối để ngắm thủy quân diễn tập, có thể đến thăm dò phương pháp xâm nhập.",
  "11117232492304386433": "Tại Thanh Hà, ngươi đã gặp một học giả cuồng tín, ông ta vì nghiên cứu mà làm ra đủ loại trò quái đản, gây náo loạn khắp nơi, hàng xóm oán thán không ngừng.",
  "1111724672241391467": "Hiện tại không ở trạng thái thay đồ, không thể học lỏm",
  "11117269612660314370": "Hứa Văn Xương",
  "11117274243806313967": "Vừa nãy ta thấy có người đang tế kiếm ở Đao Táng.",
  "11117308655590963927": "Đoạn Thạch Chi Cấu - Hoàn thiên",
  "11117354428561206873": "Sinh vật hệ sinh thái",
  "11117360291999725337": "Ta không biết câu trả lời của ngươi có phải là sự thật hay không.",
  "1111737848582278010": "Đâm mạnh Mạc Đao xuống đất tạo ra luồng khí hội tụ, hút kẻ địch trong phạm vi 8 mét về phía mình, sau đó xoay Mạc Đao tung ra cú quét ngang mạnh mẽ, gây ra sát thương lớn. Nhấn giữ có thể kéo dài thời gian hút. Trong thời gian này bản thân nhận được lá chắn khí huyết tương đương 40% máu tối đa.",
  "11117389237617789738": "Tường có thể phá hủy - Thử nghiệm",
  "11117410926233619626": "Thủy sinh",
  "11117449556396444081": "Nhật ký cũ kỹ rách nát",
  "11117471565666035350": "Nhuộm highlight",
  "11117510466141719595": "Đi nhận",
  "11117531169221477714": "Đau quá, lại phải sửa thành trì nữa sao, ta chưa nghỉ ngơi, ta đi ngay đây...",
  "11117546540596939138": "Chỉ cần dẫn được sư phụ ra, mấy trăm sinh mạng kia thì đáng là gì?",
  "11117556431359909203": "Không rõ…",
  "11117576818379083026": "Viên Quốc Chấn",
  "11117582234024413989": "Hồi phục 16% sinh mệnh tối đa",
  "11117638784543733568": "Lục Sí",
  "11117658436212226461": "Có thể nhận phần thưởng điểm tích lũy",
  "11117690444777898855": "Chờ ta, chờ ta lớn lên, ta, ta chia cho mỗi người một mảnh đất.",
  "11117725643694371699": "Ta đã từng đến Quỷ Thị, chủ hai tiệm vũ khí này quả thực là cùng một người, thân thủ hơn người. Lúc đó ta còn thắc mắc, hóa ra họ là sư huynh đệ cùng một nguồn gốc!",
  "11117729787809727568": "Phòng Chí Cường",
  "11117817634647307843": "Ái chà, đại hiệp nói đúng quá! Ta nghe người già trong làng nói, người như đại hiệp mới dám đối đầu với quan lão gia mà không thua mặt mũi a!",
  "11117883643805508543": "Mẫu tường vô hình - Đạo Chủ - Ngăn nhảy lên mái nhà",
  "11117894044917966486": "Nhạc sĩ",
  "1111789487418432469": "Quảng Hồ Tử",
  "11117896720865365123": "Điền Dã",
  "11117905989273414958": "Lưu Minh Sách",
  "11117934626580619559": "Ngươi hãy nói xem, Tiêu Sử có điểm nào không tốt?",
  "11117955101878336561": "Người chơi thân mến, để đảm bảo an toàn tài khoản của bạn và kịp thời nắm bắt thông tin game mới nhất, bạn có thể tham gia thành viên NGP và nhận được các dịch vụ sau:\n1. Trở thành thành viên NGP, nhận ngay quà chào mừng.\n2. Được hưởng quyền nhận gói quà độc quyền định kỳ dành cho thành viên NGP.\n3. Được tham gia các hoạt động độc quyền dành cho thành viên NGP, với các nhiệm vụ thú vị và phần thưởng phong phú đang chờ bạn.\n4. Được nhận thông tin game mới nhất, nắm bắt động thái game nhanh nhất.\n5. Sẽ có thêm nhiều phúc lợi thành viên được ra mắt liên tục.\n",
  "11117990620035329625": "Mẫu tường vô hình",
  "11117991764860707759": "Lão phu lang thang giang hồ mười mấy năm, đây là lần đầu tiên, thấy được người như ngươi, như thế này ——",
  "11117995319673392664": "Lũ thảo khấu ở vùng Thiện Diệu Châu, ngưỡng mộ danh tiếng mà gia nhập Rừng Núi Rượu Thịt, đi theo “Phật Rượu Thịt” Huệ Quảng.",
  "11118017886659457085": "Mẫu tường vô hình",
  "11118068632156241590": "Trương Tuấn Kiệt",
  "11118104428976899650": "Chu Vũ Lâm",
  "11118148837539249309": "Phương Phi Tẫn",
  "11118169736941699881": "Chu Vũ Lâm",
  "11118194726173092797": "Khách quan, khách quan, ngươi làm rơi một túi tiền.",
  "11118221509279788462": "Bạch Truật",
  "11118245351000303277": "Sinh vật hệ sinh thái",
  "11118341746578917306": "Nếu ngươi có thể... Nếu ngươi thực sự có thể, như vậy, cũng coi như giúp họ yên nghỉ...",
  "11118368165666682380": "Chế tạo - Bàn chế tạo",
  "11118436626349534805": "Ngươi có biểu cảm gì vậy? Chưa từng nghe nói đến việc đốt hương rồng đầu ở Kiến Long Quan này sao?",
  "11118455320835217969": "Thạch Dương Thú Lũy - Ngưu Đầu Nhân nội gián - Chiến đấu",
  "1111845734768940900": "Lưỡi hoa sen",
  "11118491314375652465": "Ải Lộc",
  "11118573770533502469": "Tặng thưởng (Hàng ngày %s/1)",
  "1111857582099787319": "Túy Hoa Âm - Không gian tầng một Phàn Lâu - Tần Châu",
  "11118628453814229695": "Khí lượng",
  "11118659092949676208": "Chu Vũ Lâm",
  "11118669283957314142": "Thạch Kinh",
  "11118689886157266543": "Bồ Đề Khổ Hải - Điểm tái sinh Chiến lợi phẩm",
  "11118739144590954110": "Tỷ lệ kháng ý niệm tăng #G1.5%#E",
  "11118741394120927098": "Tử Tướng Cư",
  "11118831138267694185": "Giấy thư ít chữ - Phòng nhân vật chính",
  "11118866931076335345": "Mạn Đà La",
  "11118925198185834158": "Hộp lựa chọn Ngũ Đấu bậc 61",
  "11118952890297301858": "Lương Đống",
  "11119083108739089331": "Phòng Chí Cường",
  "11119095424276744130": "Sơ thủy · Thất",
  "11119124738663160416": "Trò chuyện",
  "11119134152250458875": "Kho vật tư không đủ, tạm dừng phát cháo",
  "11119162944917357009": "Thập Lục Hẻm",
  "1111918175313130092": "Quân gia, sao gần đây lại giám sát Xích Long Đường chặt chẽ vậy?",
  "1111918588082985359": "Đã mở khóa đổi trang bị mới! Có thể dùng trang bị không dùng đến để đổi lấy rương báu!",
  "11119223385545177643": "Tỷ lệ trúng chí",
  "11119230620257269655": "Bất Phục Mã Trường - Điểm xuất sinh 9",
  "11119234219541531617": "Niềm tin",
  "11119272409676311485": "S3 - Phần thưởng Chiến lệnh - Trả phí cấp 74",
  "11119293544846825281": "Thử mặc - Nữ 21",
  "11119365655361762186": "Phần thưởng Trấn giữ Bảo tàng - Cấp độ thế giới 7",
  "11119374526790647533": "Tôn Giai Nam",
  "11119394857399222411": "Ngươi cũng dựa vào tảng đá mà ngủ thiếp đi...\n\nKhi ngươi tỉnh dậy, Hoa Giải Ngữ đã biến mất.",
  "11119395921930931261": "Phật Gia Trại - Điểm tái sinh Chiến lợi phẩm",
  "11119428583617572713": "{diff_month:d} tháng {diff_day:d} ngày {diff_hour:d} giờ",
  "11119434194097439262": "Cầm đỏ tiên phong, buông quân cờ không hối tiếc\nHòa được tính thua, tung quân cờ thêm nửa ván",
  "11119444405716499131": "Phan Quy",
  "11119446689429960805": "Tiểu quái theo tiêu chuẩn cấp độ thế giới hơi trâu",
  "1111956421682646533": "Trong Lò luyện - Hắc y nhân cung tiễn - Bắn người chơi",
  "11119571488159476245": "Thử thách đột phá · Cửu",
  "11119582377927597881": "Ta có một người anh em tên Triệu Quảng, hai hôm trước bắt gặp tên đó, ngươi đoán xem thế nào?",
  "11119589696639343481": "Đá chặn miệng 7",
  "11119626079137653053": "Đánh bại #YDiệp Vạn Sơn#E trong cuộc thí kiếm, và ngăn chặn thành công tất cả các \"U Hồn tự bạo\" tự nổ.",
  "11119627122740388505": "【Phong Hoa - Chiêu Minh】Phần thưởng 9 vạn",
  "11119807438767724684": "Đúng vậy!! Một bóng đen của lão Cao! Đi đường còn kêu 'ting ~ ting ~'!",
  "11119809288750374786": "Trương Chấn",
  "11119836324022087869": "Xoay",
  "11119857053577274635": "Lúc rắn vương chết đó, có một y giả mang theo một đứa trẻ đến cầu kiến bí ẩn nhân, sau đó rắn vương chỉ còn lại bộ xương. Sau này y giả chia bộ xương rắn thành ba đoạn cất giấu ở khắp nơi, mà bí mật thực sự nằm ở Tàng Xà Khố.",
  "11119862145905767315": "Nghê Lão Sơn không biết nguyên do, suýt chút nữa tẩu hỏa nhập ma.\nTheo lời Khôn Yêu Nhi, Nghê Lão Sơn luôn mang theo một viên Điều Tức Châu bên mình để giúp ông ta điều tức.\nNhưng lúc này, viên ngọc dường như đang ở chỗ Liễu Tam Lang.",
  "11119872992071816117": "Người không nhận ra",
  "11119897215923168334": "Điền Dã",
  "11119916572835027097": "Đối thoại",
  "11119917752500640224": "Đang lấy dữ liệu Đang lấy dữ liệu Đang lấy dữ liệu Đang lấy dữ liệu Đang lấy dữ liệu Đang lấy dữ liệu Đang lấy dữ liệu Đang lấy dữ liệu Đang lấy dữ liệu Đang lấy dữ liệu Đang lấy dữ liệu Đang lấy dữ liệu Đang lấy dữ liệu Đang lấy dữ liệu Đang lấy dữ liệu Đang lấy dữ liệu Đang lấy dữ liệu Đang lấy dữ liệu Đang lấy dữ liệu Đang lấy dữ liệu Đang lấy dữ liệu Đang lấy dữ liệu Đang lấy dữ liệu Đang lấy dữ liệu Đang lấy dữ liệu Đang lấy dữ liệu Đang lấy dữ liệu Đang lấy dữ liệu Đang lấy dữ liệu Đang lấy dữ liệu Đang lấy dữ liệu Đang lấy dữ liệu Đang lấy dữ liệu Đang lấy dữ liệu Đang lấy dữ liệu Đang lấy dữ liệu Đang lấy dữ liệu Đang lấy dữ liệu Đang lấy dữ liệu Đang lấy dữ liệu Đang lấy dữ liệu Đang lấy dữ liệu Đang lấy dữ liệu Đang lấy dữ liệu Đang lấy dữ liệu Đang lấy dữ liệu Đang lấy dữ liệu Đang lấy dữ liệu Đang lấy dữ liệu Đang lấy dữ liệu Đang lấy dữ liệu Đang lấy dữ liệu Đang lấy dữ liệu Đang lấy dữ liệu Đang lấy dữ liệu Đang lấy dữ liệu Đang lấy dữ liệu Đang lấy dữ liệu Đang lấy dữ liệu Đang lấy dữ liệu Đang lấy dữ liệu Đang lấy dữ liệu Đang lấy dữ liệu Đang lấy dữ liệu Đang lấy dữ liệu Đang lấy dữ liệu Đang lấy dữ liệu Đang lấy dữ liệu Đang lấy dữ liệu Đang lấy dữ liệu Đang lấy dữ liệu Đang lấy dữ liệu Đang lấy dữ liệu Đang lấy dữ liệu Đang lấy dữ liệu Đang lấy dữ liệu Đang lấy dữ liệu Đang lấy dữ liệu Đang lấy dữ liệu Đang lấy dữ liệu Đang lấy dữ liệu Đang lấy dữ liệu Đang lấy dữ liệu Đang lấy dữ liệu Đang lấy dữ liệu Đang lấy dữ liệu Đang lấy dữ liệu Đang lấy dữ liệu Đang lấy dữ liệu Đang lấy dữ liệu Đang lấy dữ liệu Đang lấy dữ liệu Đang lấy dữ liệu Đang lấy dữ liệu Đang lấy dữ liệu Đang lấy dữ liệu Đang lấy dữ liệu Đang lấy dữ liệu Đang lấy dữ liệu Đang lấy dữ liệu Đang lấy dữ liệu Đang lấy dữ liệu Đang lấy dữ liệu Đang lấy dữ liệu Đang lấy dữ liệu Đang lấy dữ liệu Đang lấy dữ liệu Đang lấy dữ liệu Đang lấy dữ liệu Đang lấy dữ liệu Đang lấy dữ liệu Đang lấy dữ liệu Đang lấy dữ liệu Đang lấy dữ liệu Đang lấy dữ liệu Đang lấy dữ liệu Đang lấy dữ liệu Đang lấy dữ liệu Đang lấy dữ liệu Đang lấy dữ liệu Đang lấy dữ liệu Đang lấy dữ liệu Đang lấy dữ liệu Đang lấy dữ liệu Đang lấy dữ liệu Đang lấy dữ liệu Đang lấy dữ liệu Đang lấy dữ liệu Đang lấy dữ liệu Đang lấy dữ liệu Đang lấy dữ liệu Đang lấy dữ liệu Đang lấy dữ liệu Đang lấy dữ liệu Đang lấy dữ liệu Đang lấy dữ liệu Đang lấy dữ liệu Đang lấy dữ liệu Đang lấy dữ liệu Đang lấy dữ liệu Đang lấy dữ liệu Đang lấy dữ liệu Đang lấy dữ liệu Đang lấy dữ liệu Đang lấy dữ liệu Đang lấy dữ liệu Đang lấy dữ liệu Đang lấy dữ liệu Đang lấy dữ liệu Đang lấy dữ liệu Đang lấy dữ liệu Đang lấy dữ liệu Đang lấy dữ liệu Đang lấy dữ liệu Đang lấy dữ liệu Đang lấy dữ liệu Đang lấy dữ liệu Đang lấy dữ liệu Đang lấy dữ liệu Đang lấy dữ liệu Đang lấy dữ liệu Đang lấy dữ liệu Đang lấy dữ liệu Đang lấy dữ liệu Đang lấy dữ liệu Đang lấy dữ liệu Đang lấy dữ liệu Đang lấy dữ liệu Đang lấy dữ liệu Đang lấy dữ liệu Đang lấy dữ liệu Đang lấy dữ liệu Đang lấy dữ liệu Đang lấy dữ liệu Đang lấy dữ liệu Đang lấy dữ liệu Đang lấy dữ liệu Đang lấy dữ liệu Đang lấy dữ liệu Đang lấy dữ liệu Đang lấy dữ liệu Đang lấy dữ liệu Đang lấy dữ liệu Đang lấy dữ liệu Đang lấy dữ liệu Đang lấy dữ liệu Đang lấy dữ liệu Đang lấy dữ liệu Đang lấy dữ liệu Đang lấy dữ liệu Đang lấy dữ liệu Đang lấy dữ liệu Đang lấy dữ liệu Đang lấy dữ liệu Đang lấy dữ liệu Đang lấy dữ liệu Đang lấy dữ liệu Đang lấy dữ liệu Đang lấy dữ liệu Đang lấy dữ liệu Đang lấy dữ liệu Đang lấy dữ liệu Đang lấy dữ liệu Đang lấy dữ liệu Đang lấy dữ liệu Đang lấy dữ liệu Đang lấy dữ liệu Đang lấy dữ liệu Đang lấy dữ liệu Đang lấy dữ liệu Đang lấy dữ liệu Đang lấy dữ liệu Đang lấy dữ liệu Đang lấy dữ liệu Đang lấy dữ liệu Đang lấy dữ liệu Đang lấy dữ liệu Đang lấy dữ liệu Đang lấy dữ liệu Đang lấy dữ liệu Đang lấy dữ liệu Đang lấy dữ liệu Đang lấy dữ liệu Đang lấy dữ liệu Đang lấy dữ liệu Đang lấy dữ liệu Đang lấy dữ liệu Đang lấy dữ liệu Đang lấy dữ liệu Đang lấy dữ liệu Đang lấy dữ liệu Đang lấy dữ liệu Đang lấy dữ liệu Đang lấy dữ liệu Đang lấy dữ liệu Đang lấy dữ liệu",
  "11119925550531444142": "Ai?",
  "11119929026728225619": "Tin xấu là, có lẽ chúng ta đã suy nghĩ sai... Những nơi này đều có người của Phật Gia Trại mai phục, rõ ràng là đã biết trước ngươi sẽ đến.",
  "11119957507214608893": "Hỏi thăm",
  "11119957783711540691": "Giây {diff_second:d}",
  "11119959188029446316": "Quy trình truy đuổi",
  "11119974943478844034": "Trương Tuấn Kiệt",
  "11119976219619579953": "Ánh sáng bình minh, chiếu rọi lên bài vị trong từ đường, cũng chiếu rọi lên một người vĩnh hằng bất biến.\nTiếng ca ngợi Hà Bá truyền đến, vang vọng khắp vùng đất Hoàng Hà, không biết đã hát bao nhiêu năm, không biết đã truyền đi bao xa...",
  "11119979752209135271": "Thảo nguyên Thanh",
  "11120097116424831552": "Thầy lang chẩn đoán xong sẽ biết chi tiết",
  "11120099253819681787": "Nam nữ Phàn Lâu",
  "11120133923436615819": "Túi tiền chữ 【Tà】",
  "11120157669041741986": "Hàn Khuẩn non",
  "11120181091467489915": "【Tiền Trần Cựu Vật】Hộ tí cũ kỹ",
  "1112020365683263401": "Xin thỉnh giáo",
  "1112021495191403909": "Ta biết rồi",
  "11120223891413118523": "Kẻ lười giả làm Xích Long đường cướp cối xay của xe, nhưng đằng sau chuyện này, dường như có ẩn tình. Cày cuốc mười giờ mỗi ngày, ai có thể làm được...",
  "11120238717212193780": "Hoàn thành bất kỳ 1 lối chơi Đồng Du nào",
  "1112026426283828977": "Bạch Truật",
  "11120307453074630337": "Cứ điểm - Đệ tử Phật Gia Trại (Cung)",
  "11120342705948010574": "Người giúp việc ở Kỷ Vũ Lâu, rất tò mò về thân phận và lai lịch của bà chủ.",
  "11120377893350655295": "Nắm lấy dây thừng"
}