{
  "10217067746968637750": "Trần Khải",
  "10217103251407528837": "Cái lý lẽ gì",
  "10217148757658601895": "Đối thoại",
  "10217182478328242063": "Tầng Hai - Đợt 1 - Luân Thứ 2 - Hầu Tinh Anh Cầm Đao 2",
  "1021721398213490878": "Công nhân",
  "10217220968038062729": "Mệnh sao khó đoán. Dù lúc này mỏng manh như cánh ve sầu, cũng có thể gây nên sóng lớn ngàn trượng trong tương lai.",
  "10217229305180767530": "Đã khuyên giải thành công Trần Nguyệt Tài, từ bỏ ý định nhảy lầu",
  "10217266673531855607": "Quan Tài của Trùm Quan Tài",
  "10217267301595777213": "Khi chịu sát thương đơn đòn vượt quá #Y40%#E Máu tối đa hoặc Máu bản thân thấp hơn #Y20%#E, lần hồi máu tiếp theo sẽ hồi thêm cho bản thân #Y25%#E Máu tối đa, tối đa 1 lần trong 60 giây.",
  "10217292843049729709": "Một cuốn sách được lưu truyền rộng rãi dưới lòng đất, dường như tiết lộ thân phận thật sự của danh gia thoại bản 'Đường phèn hồ Thái Hồ'.",
  "10217383830945279485": "Lương Tử Hàn",
  "1021759796148943699": "Giới hạn Giá Trị Chiến Ý tăng.",
  "10217640959138982149": "Điều trị bệnh lý, phòng thủ khí trị giảm 52%.",
  "1021764743295992663": "Nhưng chủ đề lần này... ài, thật đau đầu.",
  "10217652039308916084": "Sát thần xuất miếu",
  "10217722541647801202": "Nhận Kỹ năng Lãnh tụ",
  "10217725449344598638": "Thương nhân béo",
  "10217738666325187661": "Sinh Thái Vật Chủng",
  "10217759245116035586": "Giới Bi - Ẩn Nguyệt Sơn Giản",
  "10217817247416494558": "Tửu Lầu Bang Phái Vị Diện",
  "1021787944625059814": "Đối thoại",
  "1021795011819345200": "Khát khao một mối lương duyên tuyệt vời... Anh ta phải cao, đẹp trai, có làn da khỏe mạnh, tốt nhất là có cơ ngực!",
  "10217975915880827017": "Lương Tử Hàn",
  "10218008776690214833": "Tổ hợp ngoại hình ngẫu nhiên của Phong Sa Tửu Tứ",
  "1021802744750312406": "Phần Thưởng Tặng Quà NPC - Lễ Bao Phổ Thông Cấp Hai - Mai Hoa Mộc",
  "10218051950817329124": "Lưu Minh Sách",
  "10218064200906179309": "Trong lối chơi thử thách, Tấn công ngoại công và Tấn công toàn thuộc tính #Y+14.25%#E",
  "10218073415565828617": "Trở về Thanh Hà",
  "10218129913625540139": "Khi kết toán <Chí mạng kích sát|780|#C|155> do Trọng kích truy kích <Nguyệt xuất kinh xuân|781|#C|10302|20302105> gây ra có thể tăng thêm dựa trên Ngoại công tấn công nhỏ nhất (mỗi 50 điểm có thể tăng 2.4%). Tối đa có thể tăng thêm #Y36%#E, cần tích lũy #Y750#E điểm <Ngoại công tấn công nhỏ nhất|780|#C|15> (hiện tại $STEADY_MIN_W_ATK:.1f$).",
  "10218146857964709268": "Triệu Vĩ Nghiệp",
  "10218151730841695291": "Sách bí ẩn",
  "10218259261969239796": "Tấm chính thư này là của Từ Tâm Sơn Viện.",
  "1021826547124333840": "Điều hòa khí tức, làm rõ suy nghĩ. Đã có một người không mặt đến mật thất, hãy đi tìm hiểu ý đồ của hắn ta.",
  "10218270804014575364": "Thanh xuất vu lam, nhi thâm vu lam.",
  "10218299043756413441": "Ta phải... để hắn cũng nếm trải nỗi khổ tương tự, mạng của thê tử ta không thể uổng phí... không thể...",
  "10218343405882098566": "Đuốc",
  "10218348857231095429": "Khô Mộc Phùng Xuân - Thải Dược Nhân Thanh Tỉnh",
  "10218357888002992559": "Đoạn năm",
  "10218430970235928939": "Không cần tìm đường",
  "10218435680770957094": "Đạt An Thôn - Khuẩn Đoàn",
  "1021849388965711296": "Sinh Thái Vật Chủng",
  "10218535527051695149": "Xem ra có thể dùng #Y Lắng nghe âm thanh phân biệt vị trí#E để tìm #Y dấu chân#E dọc đường đi.",
  "10218557183770288166": "S1 - Phần Thưởng Chiến Lệnh - Miễn Phí Cấp 53",
  "10218564691242296279": "Mục tiêu truy nã",
  "10218576006877202822": "Tôn Giai Nam",
  "10218577910521879151": "Vạn Bân",
  "102186304100968559": "Đối thoại",
  "10218652858588144662": "Không Khí Vũ Y Lâu - Thanh Niên",
  "10218657015052111934": "Dễ thương tổn",
  "10218764345386908488": "Quà tặng Hòa Minh kỳ này",
  "10218773481472136182": "Ta, ngươi, nàng......",
  "1021882586265195014": "Nhiệm Vụ Bảy Ngày",
  "10218835266821008201": "Mộng",
  "10218851690682219284": "Lò sứ dân gian, đối lập với quan lò do cung đình mở, chủ yếu là sản xuất hàng hóa, kiểu dáng và hoa văn phong phú tự do hơn, cũng là đồ dùng thông thường của dân thường.",
  "10218853654733564623": "Lý Gia Đống",
  "10218857562025773632": "1. Có xác suất kích hoạt chiến đấu, nhưng võ công sẽ suy yếu do say rượu{} \n\n2. Đối phương có thể báo quan, báo quan sẽ tăng điểm tội ác, kích hoạt truy bắt của cảnh vệ",
  "10218867045225705507": "Sinh Thái Vật Chủng",
  "10218874097070681022": "Chu Vũ Lâm",
  "10218916444784390112": "Trì Tiểu Nam",
  "10218937407432262237": "Đang tải dữ liệu",
  "10218969590665779971": "Thưởng Hàng Ngày Thẻ Tháng cbt3",
  "102189745619544671": "Hoa Điểu Điếm Phố - Bảng Nền Tĩnh",
  "10219028986546937058": "Bảo Tương Bất Văn Đề",
  "10219031235549532587": "Đánh yếu",
  "10219063333887991255": "Ân nghĩa một lời lớn hơn trời. Thiếu hiệp... Chú ý một chút đi --",
  "10219066899865974989": "Thịt heo nấu nhạt, đợi nước sốt và thịt heo đông lại, làm lạnh thành hình, thái thành miếng vừa ăn kèm với nước chấm gừng giấm, trơn mượt sảng khoái, là món ngon để uống rượu. Đương nhiên, đối với Dạ Tân, hắn còn chuẩn bị thêm một đĩa mù tạt nhỏ.\n\n《Tuế Thời Tạp Ký》 ghi chép: \"Nấu thịt heo, cùng nước cốt để lại, chờ nó đông lại rồi lấy ra, gọi là Khương Để. Dùng bánh nướng ăn cùng. Hoặc dùng muỗng múc, hoặc dùng dao cắt, điều chỉnh bằng gừng và nước sốt, nên gọi tên như vậy.\" Lại có 《Triều Dã Tiển Tải》 nói: \"Đường Khương Hối làm Thị Lang Bộ Lại với mắt không biết chữ, tay không biết viết, tùy tiện nắm việc tuyển chọn, xưa nay không phân biệt. Người chọn ca rằng: 'Năm nay số lượng tuyển cử vừa đủ, đều do tòa chủ không có văn chương. Trong ngăn sau bàn là một khối thịt heo đông lạnh, nên gọi là Thị Lang Khương.'\"",
  "10219067395892250956": "Hiện tại chưa mở khóa #Y Thính Phong Biện Vị#E, sẽ ảnh hưởng đến trải nghiệm trò chơi, có muốn đi mở khóa thiên phú này không?",
  "10219076159664607739": "Thiên Văn Đài - Triệu Nhị Ấu Niên A Nghĩa",
  "10219120584832801740": "Bị đối phương vạch trần rồi!",
  "1021912065878803432": "Nhận được sau khi hoàn thành Huyền Hồ Doanh Sinh!",
  "10219171290640502915": "Sinh Thái Vật Chủng",
  "10219179787170148367": "Dịch Thu Hoài trầm tư.",
  "10219208700110606442": "Tiểu Thính Ung sau khi cứu hạt giống Bích Thủy Vân Đào",
  "10219233054316584840": "Dân chúng vây xem",
  "10219236465658400347": "Sinh Thái Vật Chủng",
  "10219239355447659195": "Người đã không còn hơi thở...",
  "10219276035316675809": "Đệ tử Mặc Sơn Đạo",
  "10219301637434826076": "Khai Phong Kiếp Ngục - Tù Phạm 4",
  "10219306204656191502": "Tào Đắc Thủy",
  "10219317480281623043": "Bệnh gãy khớp ngón tay, phần lớn do va đập, đè ép gây ra. Vùng bị thương sưng đau, chức năng chi thể mất một phần hoặc hoàn toàn, thậm chí xuất hiện biến dạng và hoạt động bất thường.",
  "10219353787780250586": "Phật Tâm Sâm",
  "10219365509285736992": "Dân làng Thần Tiên Độ",
  "10219503033945475101": "Lần sau lại đến nha!",
  "10219509397223517837": "Tương Tác Phân Mảnh 7 —— Tô Mậu Thi Thể",
  "10219516752724073420": "Không thành vấn đề, đây là quần áo của Cuồng Lam. Đến chỗ uống rượu của Cuồng Lam mà giáo huấn bọn chúng!",
  "10219540975973300355": "Nói thật, tất cả bảo vật ở cái phố ma quái này đều không thú vị bằng câu chuyện của tiên sinh...",
  "10219552097754329437": "Có điều không giác, vô sở bất minh...",
  "10219555389442632590": "Sinh Thái Vật Chủng",
  "10219606115456242396": "Giặc cỏ Lục lâm",
  "10219639809622077941": "Phi Thiên Tàn Viên (Hộp Trắng) - Khối Đá Nhỏ Phổ Biến 1*1",
  "10219727908821186788": "Mục tiêu tổ chức",
  "10219741603726713659": "Hoàng Lạc Tư",
  "10219883734021864786": "Trần Gia Tranh",
  "10219888600192366754": "Đúng vậy, năm nay không phải... Mọi người đều phải đi, không biết nơi mới có còn làm hoa lửa không.",
  "10219888651668824359": "Ừm, Tống Ngư và Địch Húc nói, đây là phương pháp mới mà họ nghiên cứu dựa trên các bản thảo cũ mà các tiền bối Thanh Khê để lại.",
  "10219896988693059954": "A a, ánh sáng mặt trời... chói mắt quá...",
  "10219915550490518918": "Cây giáo mà Giang Vô Lãng giả vờ tiện tay mua khi đi ngang qua tiệm rèn.\nNgười mặt lạnh tâm lạnh đã âm thầm cải tiến nó cho bạn.\n\nMỗi lần luyện tập giấu mẹ, dần dần trở thành khoảnh khắc bí mật giữa hai cha con.\nKhi suy nghĩ xa xôi, anh ta cũng sẽ nghĩ,\nNếu sau này con biết được những cơn sóng gió giang hồ,\nLiệu có oán trách anh ta vì đã không ngăn cản con ngay lúc này không?",
  "10219930486752054643": "Phá phủ trầm chu",
  "10219974432617876787": "Phần Thưởng Tặng Quà NPC - Lễ Bao Cao Cấp Cấp Ba - Phật Lệ Sâm",
  "10220005762589946028": "Tam Xà Nháo Ngốc Kỳ Ngộ - Đại Thông Minh Chiến Đấu",
  "10220092262152649126": "Thành viên đội không thể đối sánh trong cảnh thế giới",
  "10220143092080023420": "Võ Miếu Chi Ngộ",
  "10220145428924804510": "#ea5858 Nhiệm vụ: Truy kích#E",
  "10220175255669472002": "Tổ Biểu Hiện Tĩnh",
  "10220214612094479207": "Tử Tượng Cư - Khu Công Vụ - Lưu Đại Cước",
  "10220225350817313754": "Khuẩn Tử",
  "10220299607398850322": "Sinh Thái Vật Chủng",
  "10220305475122749202": "Không khí thôn Phong Khâu",
  "10220378524247841124": "Nhậm Chúng",
  "10220423717020539740": "Công nhân nhà máy nước Vô Tiện nói rằng ngươi đã trộm tiền riêng giấu trong chum nước của hắn.",
  "10220452237972760378": "Khúc Khúc",
  "10220482371826001381": "Thí chủ hãy cẩn thận.",
  "10220564554494998619": "Ngôi nhà sụp đổ",
  "10220583571730028759": "Vạn Sự Tri",
  "10220739361545942621": "Khai Phong Kiếp Ngục - Tù Phạm - Nữ Dân Thường 1",
  "10220782793025305073": "Thọ Xương Phường - Tiềm Hành Cố Định - Lý Trạch",
  "10220801837257662698": "Vạn Cổ Nhất Nhân Điện - Tầng Một Nước",
  "10220818958753708474": "Ta nghe thật quá đáng, bèn đóng giả làm sư phụ giải cứu tân nương 'ra ngoài'",
  "10220829196716020770": "À, hóa ra là một vị đại hiệp, vậy làm phiền rồi, làm phiền rồi.",
  "10220841433934983728": "Mỗi lần gây sát thương trực tiếp/thành công hóa giải thế lực/né tránh hoàn hảo thành công, có thể khiến bản thân nhận được 1 tầng #H【Ảnh】#E, cách nhau 3 giây kích hoạt. #H【Ảnh】#E tích đủ 12 tầng có thể kích hoạt Thiên Lôi khiến bản thân nhận được 15 giây #H【Thiên Lôi Khai Ngộ · Ảnh】#E, khiến các chiêu thức sau của Du Hiệp được cường hóa mạnh mẽ:\nTích Cửu Kiếm #Y Kỹ năng đặc biệt「Thứ Tam Hoành Kính Số」#E tiêu hao sức bền giảm 60%.\nTâm Pháp「Kiếm Khí Tung Hoành」#Y Sát thương chảy máu cao#E tăng 80%, và sau khi kích hoạt sẽ để lại thêm 1 tầng hiệu ứng chảy máu.",
  "10220850678989586628": "Huỳnh Uyên",
  "10220862648334431597": "Đang tạm dừng",
  "10220875794297058181": "Kiếm khởi...",
  "10220883325498750630": "Yêu cầu sử dụng",
  "10220888793647612048": "Súc Cốt Công - Băng Băng Cổ Hà Hoa",
  "10220918887337757079": "Thương nhân qua đường ở Lĩnh Hạnh Thôn, tạm trú tại Phúc Điền Viện, nhận cứu giúp.",
  "10220936286991250956": "Lạc Hỷ Tượng Công · Lục",
  "10220939325263964462": "Thử mặc · Vân Hạc Phong Hầu",
  "10221017102508383122": "Bảo Tương · Khai Phong",
  "10221031530953533436": "Ba mươi văn? Ôi chao, không cần không cần, mười văn, mười văn là được rồi!",
  "10221032131714155284": "Được thôi, chàng trai trẻ. Có lẽ nỗ lực của mọi người cuối cùng sẽ vô ích, công bằng đến muộn đã không còn là công bằng nữa...",
  "1022107509231778252": "Chỉnh xương trị thương",
  "10221108974095634953": "Ngọc Lâu Xuân",
  "10221206324695645077": "Kinh mạch",
  "10221210599456333596": "Trình bày ý định với Mục Tế An",
  "1022126934476093032": "...",
  "10221298083072726583": "Đã chuyển sang #YGhế kết nối giọng nói#E",
  "10221352615445950318": "Chạm phía trên {}",
  "10221383351219570980": "Nhất Diệp Bình Sinh 2 - Tây Phường Thương Phố Khu - Bối Cảnh Bản",
  "10221385006942464096": "Cù Anh Hào",
  "10221387128499617133": "【Tuyệt kỹ Tám đao Giết】Đặc kỹ 【Đuổi ngày truy phong】đòn tấn công đoạn hai gây hiệu ứng đánh bay phạm vi.",
  "10221413831500713997": "Thập Lục Hẻm",
  "10221462705513050234": "Sự cố có ảnh hưởng lớn đến thần trí gây ra",
  "10221467111066706341": "Đang tải dữ liệu",
  "10221483254993854009": "Đại Tống Phủ Nha",
  "10221487956266139923": "Tăng sát thương cung tiễn",
  "10221502022087480616": "Xây dựng các thành phần để dựng nhà.",
  "10221526285574967491": "Thợ mộc",
  "10221527856316298779": "Thiếu hiệp hãy xuống nước bằng chiếc Luân Ba Chu bên cạnh ta.",
  "10221536937264954690": "Trần Gia Tranh",
  "10221538471611322454": "Khu hành chính - Cẩm帕 khó khăn",
  "1022155614437853295": "Tiểu quầy hàng đồ cổ",
  "10221600546207157469": "Sinh Thái Vật Chủng",
  "10221620222206167782": "Lưu Phái Tháp Minh Kim · Ảnh Tầng 8 - Tú Kim Lâu Độc Sư Tinh Anh 1",
  "1022167299869497935": "Kỳ Vũ Vu",
  "10221694973121449618": "Phương pháp hóa giải mà ta vừa nói cho thiếu hiệp chỉ là một phần, Găng tay Kê Minh còn có thể lấy vật liệu nước và lửa.",
  "10221703544777419081": "Trong vòng #Y12#E giây sau khi vào chiến đấu, nếu khí huyết bản thân dưới #Y60%#E, sẽ lập tức nhận được hiệu ứng Tuyết Kiến kéo dài #Y4#E giây: Mỗi giây hồi phục #Y3%#E khí huyết bản thân + #Y600#E giá trị cố định. Hiệu ứng này mỗi #Y150#E giây chỉ kích hoạt một lần.",
  "10221704948570212744": "Được đúc từ kiểu dáng giáp của tướng lĩnh Bạch Long ở Giang Nam. Long trắng trang trí trên vai và bụng, vảy bạc như giáp, rồng bạc như thương.",
  "10221706559107029385": "Cái gọi là “Cửu Khúc Hoàng Hà đệ nhất độ”, cái gọi là “phú đến mức chảy dầu”, ta khinh!",
  "10221712729202707745": "Không noi theo phong tục dùng bùa ngải, chỉ cầu rượu bồ đào nói về thái bình thịnh thế.",
  "10221722401081384949": "Tiến hành khám phá",
  "10221785618551808536": "Phật Quang Đỉnh - Bảo Tướng Hoa Ẩn Tàng Môn - Tĩnh Thái Vật Không Entity",
  "10221804677876010458": "Một đoạn",
  "10221817188444371874": "Đơn thể quạt - Thanh Sơn chấp bút đại chiêu",
  "10221901026293696237": "Cổng dịch chuyển",
  "10221903669300251780": "Hậu Phố - Tiểu Hài Trốn Tìm - Nữu Nữu",
  "10221937421682002655": "Vương Trí Siêu",
  "1022194214088388196": "Sinh Thái Vật Chủng",
  "10221947353135718279": "Khai Phong Phủ - Tiềm Long Điện - Quan Binh 4",
  "1022198262253384659": "Trần Khải",
  "10222035929132356411": "Hỏi thăm",
  "1022210303558644023": "Cúc Cúc",
  "10222187100275753806": "Vị thiếu hiệp này, ngài có thể suy nghĩ lại không?",
  "10222196768559996049": "Thạch Hi Tải",
  "10222203321382776676": "Đống Xương Cháy",
  "10222213092275563829": "Binh lính quan triều Tống",
  "10222222402180893624": "Chu Du Nang",
  "10222238699437618353": "Sơn Di",
  "10222265702203220769": "Thủ Vệ Đang Ngồi Trò Chuyện",
  "10222292636325292431": "Truyền thừa · Huyền Hồ Chi Đạo (Đạo y thuật bí truyền)",
  "10222351053745970166": "Ôi!",
  "10222369274106420383": "Mở cửa",
  "10222435106931333805": "Tam Canh Thiên Tiếp Dẫn Nhân - Ô Nha",
  "10222487332550181687": "Uống nước cùng ইউ福保 (You Fubao)",
  "10222517459094354994": "Thiên tai",
  "10222567699975137713": "Sở Lương Kiệt",
  "10222618853820704573": "Mặt nạ",
  "1022269692357205184": "Làm mù",
  "10222717969536780255": "Họa sĩ",
  "10222726206654422376": "Đối thoại",
  "10222731729138883649": "Liễu Mộc *10",
  "10222734050420224328": "Nhập Môn Khảo Hạch Bỉ Tái (Môn Phái 1)",
  "10222802396868022514": "Khai Phong Chủ Tuyến",
  "10222814194972867034": "Đệ tử Thanh Khê",
  "10222818352712872622": "Hành Chính Khu - Thượng Triều - Đại Tống Quan Binh Trạm Cương",
  "10222827108680030446": "Nhắc nhở hoạt động kết thúc",
  "1022282878477671446": "Ngục quan, ngục tốt thường xuyên phàn nàn về nhà cửa xiêu vẹo.\nNếu có người chăm chỉ nhiệt tình cung cấp vật liệu sửa chữa nhà cửa, có thể lấy lòng ngục quan, hoặc nhận được một chút tiền thưởng. Cũng có thể tặng cho người khác để kết thiện duyên.",
  "10222846382500551391": "Dưới trạng thái bệnh đặc biệt, không thể tu luyện công pháp này, xin hãy chữa khỏi bệnh trước.",
  "10222862184837268770": "Vô Ưu Động",
  "10222868833377121375": "Những người buôn bán ở Khai Phong thành đều có tay nghề buôn bán hàng hóa rất giỏi, không ít người nhờ chênh lệch giá của Thị Mua Ty mà phát tài, ta cũng thử vận may tài lộc xem sao.",
  "102228926967965220": "Dân thường ở cổng góc.",
  "10222924140867576952": "Sử dụng vật phẩm này, có thể nhận được ngoại hình tương ứng.",
  "10222974252634431232": "Tiêu hao 20 điểm tâm lực",
  "10222978011650797060": "Tuy nhiên, ta đã đặt vật dụng mượn lực ở #Y cột buồm #E và #Y mái cung điện #E của thuyền Hải Ngạc.",
  "10222989008293349046": "Kim Đan Cửu Chuyển",
  "10223016951664091586": "Long Quỳ Thảo",
  "10223029124817034429": "Khi di chuyển vượt quá #Y15#E mét trong vòng 3 giây, có thể nhận được #Y3#E tầng hiệu ứng Xuân Lôi: Mỗi lần sử dụng #YTrọng Kích, Trọng Kích trên không, Khinh Kích, Khinh Kích tích lực#E gây sát thương có thể tiêu thụ 1 tầng Xuân Lôi để tăng #Ysát thương khí huyết loại kỹ năng đó#E gây ra trong #Ylần này và 1 giây tiếp theo#E thêm #Y15%#E. Sau khi hiệu ứng tăng sát thương kết thúc mới tiếp tục phán đoán. Di chuyển nhận hiệu ứng Xuân Lôi mỗi #Y15#E giây chỉ kích hoạt một lần, tối đa giữ được #Y12#E giây.",
  "10223118967958815132": "Xung quanh không thấy mồ mả, chỉ có một chỗ khắc chữ.",
  "10223147699080534262": "Lễ hội pháo hoa sắp bắt đầu",
  "10223261218142174972": "Tiêu Kim Khố",
  "10223263238074548601": "Phế hư tổn Tỳ, Thận, Tạng phế, cơ thể bài xuất lỗ hổng, tà phong nhân cơ hội thừa nhập, dẫn đến Phế mất tuyên giáng, Tủy dịch đình trệ.",
  "10223287284100719525": "Túy Hoa Âm - Nội thất Tòa nhà Vũ Y - BGM",
  "10223301732384525249": "...?",
  "10223346843012945714": "Tổng cộng gây ra $D.",
  "10223363565456611663": "Sinh Thái Vật Chủng",
  "10223367548766902998": "Định giá thư họa",
  "10223369380807811324": "Phong Trang Thôn - Chiếm Vị 33",
  "10223380021450048752": "Thí chủ hãy cẩn thận.",
  "10223440018902968408": "Ngươi biết được, hiện nay ở Thanh Hà có không ít người từ nơi khác tụ tập. Còn chưa kịp suy nghĩ kỹ, bỗng một mũi tên bay tới từ trên trời, mũi tên rung động suýt chút nữa làm ngươi bị thương. Ngươi truy hỏi, tìm ra kẻ nào đã bắn ra mũi tên kia, chợt nhìn thấy một bóng hình đang suy tư ở khe đá bên phải...",
  "1022345364962402136": "Phổ · 31 Giai Minh Kim Ảnh",
  "1022346920769744454": "Ngươi cản ta",
  "10223488438999231266": "Mở khóa",
  "10223492353826458862": "Hà Kỷ Hi",
  "10223509449571551391": "Tôn Hạo Thanh",
  "10223513754047662671": "Trạng thái cường công",
  "1022355256715646902": "Thạch Khối",
  "10223612377235232785": "Noãn Thạch",
  "10223613676599093383": "Cảm thấy miêu lão đại vội vàng quá, ngay cả cá khô nó thích nhất cũng không ăn nữa, cứ kêu meo meo không ngừng.",
  "10223619323962685349": "Đang liên kết thế giới đơn người",
  "10223623103714084005": "Thọ Xương Phường - Tiểu Nhị",
  "10223650426162844530": "Súc Cốt Công - Bông Sen Trống Nảy",
  "10223650587213815525": "Đệ tử xuất sắc của Thanh Khê, vì võ học vượt trội nên có thể tự mình xuống núi tìm kiếm văn vật.",
  "10223665584558368727": "Duy trì an ninh Tú Kim Quật",
  "10223673117372664655": "Hoạt bát đáng yêu",
  "10223690545717581649": "Phòng Chí Cường",
  "10223691971003271328": "Cửa ải Trị liệu Huyền Hồ",
  "1022375007017710207": "Hỏa nhãn kim tinh",
  "10223756223941321996": "Mất lực",
  "10223756773282502481": "Tạm thời tin ngươi. Cơ quan bị phá hỏng, vấn đề của ta, không tìm ngươi gây phiền phức.",
  "10223761945751901831": "Bằng chứng y thuật nhận được sau khi chữa trị cho bệnh nhân có giá trị bệnh nặng trên 4000",
  "10223783907721056490": "Lưu Phong Hồi Tuyết",
  "10223893438181013863": "Thỏ xám",
  "1022400172622357640": "Hí hí hí —— Không chạy mới là đồ ngốc!",
  "10224007960753267081": "Thủ Công Nghiệp Khu Tĩnh Thái Phân Vi",
  "10224011011888908501": "Nâng cấp kiến trúc",
  "10224070165115046362": "Giang Hồ · Sự kiện",
  "10224080294510650544": "Bích Kiếp",
  "1022410926912845191": "Tường bịt kín",
  "10224119785177164288": "Thập Lục Hẻm",
  "10224124111440512178": "Môi trường",
  "10224195328036509578": "Ngươi chắc chắn là tự mình không tìm được Miếu Chiêu Chiêu, nên muốn theo ta hưởng lợi. Ôi chao, trách ta quá thông minh, đã vạch trần âm mưu nhỏ của ngươi!",
  "10224212662491653079": "Đang tải dữ liệu",
  "10224220540619135680": "Hỏi thăm",
  "10224258284791052523": "Nghĩa khí làm đầu, cùng nhau xây dựng Bách Nghiệp, từ nay nắm tay nhau xông pha thiên hạ, cùng tiến cùng lùi.",
  "10224260015624839252": "Viền giáp trụ",
  "10224283113123833714": "Tất cả sát thương gây ra đều giảm mạnh!",
  "10224309298582988999": "Vô số linh hồn đã được an nghỉ, họ hóa thành từng đốm sáng sao, theo đêm mà đi. Bình minh ló dạng, bóng dáng lão hòa thượng cũng biến mất không tăm tích.",
  "10224336659381173312": "Nói chuyện",
  "10224345398540400158": "Từ ngày lập gia đình đến bây giờ? Bà vợ bạn... còn sống không?",
  "10224345771502165976": "Lương Tử Hàn",
  "10224455342036038552": "Đang tải...",
  "10224497343231878073": "Sử dụng vật này, có thể nhận được ngoại hình tương ứng.",
  "10224502189572098702": "Thần Tiên Độ - Hỏa Diễm-1",
  "10224505627620242296": "Cốt cán phủ Biện Kinh... Đại họa",
  "10224562074339291112": "Sinh Thái Vật Chủng",
  "10224567437414809133": "Cử Mộc *15",
  "10224723238723262185": "Thiên Thủy Châu cứ điểm và dã ngoại",
  "10224733621957283359": "Đơn trận tích lũy hóa giải ít nhất 2 lần tấn công và thông quan",
  "10224766173570782515": "Rời đi",
  "10224813937797003066": "Phương Sơn Lâm",
  "10224828316780357426": "Tôn Tư Tư",
  "10224865750724512879": "Địa hoàng ở Lĩnh Hạnh thôn có khác gì với những nơi khác không?",
  "10224888702500185250": "Đạn ngựa hoang",
  "10224888941465292590": "Chung đắp",
  "10224895783539398292": "Kỹ năng cờ của ngươi không tệ đấy nhỉ!",
  "10224976212825981711": "Kiến",
  "10225022938115741357": "【Võ học đột phá · Nhị】 #YNê Lê Tam Cấu#E hoặc #YTúc Tử Du Trần#E đột phá đến tầng sáu",
  "10225040552446163352": "Túy Hoa Gian",
  "10225041538459981439": "Nếu sau khi hẹn hò hai người cùng nhau đổ bệnh, nguyên nhân là gì?",
  "10225112559145000094": "Thế Giới Đẳng Cấp 10 Tưởng Lệ",
  "10225164161275803341": "Phòng Chí Cường",
  "10225193373856634192": "Bát đoạn",
  "10225210294809960812": "Trịnh Thị Tộc Nhân",
  "10225225897210540559": "Kính Hoa Thủy Nguyệt · Hai",
  "10225304876186506021": "Ta Chích Kiếm Pháp",
  "10225312455673085098": "Rơi ra Trang phục Hoán Hoa, Lê Tuyết cấp vàng cao nhất 71.\n(Không rơi giáp ống chân)",
  "10225340725279022144": "【Thành Tựu Biên Hào 801012】Thành Tựu Tưởng Lệ",
  "1022535095570329508": "Cừu Kim Hàn",
  "10225362198282265179": "Chu Vũ Lâm",
  "1022536444692986759": "Ngươi bị điểm huyệt sao?",
  "10225368784646868169": "Sinh Thái Vật Chủng",
  "10225397308429767358": "Đám cháy lớn... Lửa, trận hỏa hoạn đó đến nay vẫn là cái bóng đè nặng trong lòng ta... Đều tại ta, tất cả đều tại lỗi của ta!",
  "10225448817023215801": "Tào Vũ Hồng",
  "10225463165755911911": "Đoạn đầu của động tác né tránh, có hiệu ứng vô địch, có thể tránh được sát thương của kẻ địch.",
  "10225568133957850495": "Đang tải",
  "10225585814320517368": "Kịch Tình Gõ Trống 1 Sĩ Binh 4",
  "10225628336732906410": "Sinh Thái Vật Chủng",
  "10225844582233967872": "Cáo từ",
  "10225869110609157474": "Nhiệm vụ ẩn và nhiệm vụ chính tuyến hoàn thành đồng thời",
  "10225982046781574288": "Trần Gia Tranh"
}