{
  "11283935288996156964": "Trông đều tốt, chọn phần nào đây?",
  "112839379947586616": "Không khí Phong Quyển Thôn",
  "11283940386589292970": "Nhậm Tuấn Lâm",
  "11284020845105147339": "Thiếu hiệp rốt cuộc đã tới! Có tìm thấy binh thư của ta không?",
  "11284032914809105787": "Đăng nhập trò chơi",
  "1128404039863576023": "Tiêu đề cấp hai",
  "11284043565300251526": "Ngọc Môn Quan Cứ điểm Thư tín hạ",
  "11284054807851172780": "Trung Cửu Lưu",
  "11284110597054803939": "Hoàng Lạc Tư",
  "11284119594847065045": "Thái Bình Võ Mộ · Ẩn Lục Thần Võ",
  "11284175421516116436": "Chuyện gì cũng phải tự mình ra tay",
  "11284219613809496880": "Liễu Thanh Y trói một người chơi vào trước người, liên tục tấn công nhiều lần, gây sát thương máu.\n\nCách ứng phó: Người trị liệu chú ý khí huyết của người chơi bị khống chế.",
  "11284233495499750396": "Cái gì? Ngươi nói ai?",
  "11284250913297531614": "Nhưng thanh kiếm này tuy đã thành, đến tận hôm nay, cũng chỉ là……",
  "11284269032146442544": "Trở về nhà",
  "11284359910836964444": "Người qua đường",
  "11284381229100972214": "Quỷ hỏa - Sáng liên tục",
  "1128438755683217139": "Giữa ban ngày ban mặt, nói nhảm gì.",
  "11284400958607637670": "Bích Tuyền Sơn - Điểm làm mới Chiến lợi phẩm mới",
  "1128441496258041956": "Ta nghe nói, Khổng Văn Cử ngày xưa thân bại danh liệt, 'Nói nhiều khiến việc hỏng, đồ rò rỉ không giữ kín'. Tình trạng hiện tại cũng giống như vậy. Chính sách hạn chế Phật giáo của Bệ Hạ, mũi tên đã lên dây cung. Mong công tử giúp ta xóa bỏ dấu vết, ta sẽ cạo tóc xuất gia, âm thầm trợ giúp Bệ Hạ.",
  "11284440898717820037": "Nhị đoạn",
  "11284451670286849176": "Đối thoại",
  "11284472260660999718": "Minh Kim - Phái Ảnh Lưu",
  "1128451179838795904": "Thọ Xương Phường - Thọ Xương Phường - Quan viên tuần tra",
  "11284513036578591635": "Mũ quan binh Đại Tống có tua - Cầm trường thương - Dùng tạo không khí",
  "11284539815446598659": "Đối thoại",
  "11284560497793788255": "Hoàn thành 5 lần lối chơi thử thách",
  "11284574760104980775": "Không thể phát động tọa thiền, vui lòng thử lại sau",
  "11284690461246312706": "Tôn Thủy",
  "11284725134801623105": "Tường vô hình ngắn",
  "11284726907492708626": "Cụm kiến trúc 3",
  "11284755939887499249": "Ngăn chặn hai tên côn đồ",
  "11284803430109281797": "Phía đông bắc Thiện Diệu Châu có Phật Gia Trại, là nơi tăng nhân ăn thịt uống rượu chiếm cứ, dân chúng không bao giờ dám đến đó. Không lâu trước đây, có một nhà sư bình thường biết núi có hổ mà vẫn cố tình đi vào hang hổ...",
  "11284820442158353329": "Khô Vinh",
  "11284889896749023927": "Cấm quân, ban đầu đóng quân ở Tỳ Bà Câu theo phiên, gần đây do truy tra gián điệp, bị thiết kế ngã xuống vách núi gãy chân. Bị thay thế, hiện đang dưỡng thương, sau này không thể ra chiến trường giết địch, chỉ có thể làm công tác hậu cần.",
  "11284990964986678351": "Khu cửa hàng Câu Lan 2 - Tấm nền tĩnh",
  "11285012567335193356": "Tôn Hạo Thanh",
  "11285022339128223255": "Đồng ý cho vay tiền",
  "11285037615500811044": "Thần Tiên Độ - Điểm làm mới Chiến lợi phẩm 138",
  "11285069175102558171": "Thanh Hà Long Hổ Lĩnh",
  "112850782079039174": "Cứ điểm thần bí - Đa người cày lại - Mạnh Ngạc",
  "1128514609389425475": "Tổ hợp ngoại hình ngẫu nhiên Phong Sa Tửu Túc",
  "11285181568356205535": "【Chính thức】Rương báu gỗ Tứ phẩm - Khai Phong",
  "11285221347548412978": "Dùng giải đố Thái Cực - Lá rụng - Cây lê 2",
  "11285301295979781097": "Ngươi đến rồi",
  "11285336026840336904": "Vẹt - Chết trong khung hình",
  "11285352087645098305": "Sinh thái vật chủng",
  "11285471156939300159": "Trang bị này không thể tôi luyện",
  "11285481127364663457": "Lực kiệt",
  "11285507285781356716": "Cúc Miệu Gian",
  "11285549731571832486": "Được rồi, thời lượng quảng cáo kết thúc, nội dung hấp dẫn sẽ sớm trở lại——",
  "11285606673065826716": "Vẹt",
  "11285660904564267199": "Đấu giá Quan Tài Phường - Người ra giá thêm",
  "11285742855676557161": "Hổ phách (Mảnh vỡ)",
  "11285804269107965809": "Hội thoại",
  "11285805256602905804": "Bách Công · Sơ ngộ Đậu Thuyết",
  "11285831331603857679": "Cúc hoa 01",
  "11285837906956930491": "Chi tuyến cực ngắn",
  "11285878258508426555": "Kim Ngọc Thủ Môn",
  "11285939741801663778": "Bước bước khó",
  "11285963786334447829": "Sổ tay Thám hiểm Thanh Hà",
  "11286042520884366718": "Đối thoại với đơn vị thử nghiệm B/C",
  "11286051228064009573": "Lý Nghiên",
  "11286065676491418640": "Khẩn cấp thiếu #Y{}#E, nguyện đổi lấy #Y{}#E, mong bạn tù có duyên mau đến.",
  "11286070657049818612": "Đề nghị nâng cấp Thủy cấp Thiên Công lên {standard_value} cấp",
  "11286105124395934144": "Ngươi, chỉ biết mạnh mẽ sao?",
  "11286129443484752887": "Lần này ta nhất định phải xin xăm thật tốt, để cột chặt ngươi và công tử họ Vương lại với nhau!",
  "1128613896226880389": "Thi thể có hình dáng giống ngươi, cơ thể vẫn còn hơi ấm, nhưng đã không còn đầu…… Vết thương ở cổ lởm chởm, xem ra, đao phủ đã dùng rất nhiều nhát dao mới chém đứt đầu.",
  "11286177552484356665": "Lần đầu buộc tóc, kiểu tóc do Hàn nương tử dạy ngươi, khi búi tóc nàng đã ngây người rất lâu.",
  "11286198548370251607": "Hà Sơn Như Cố",
  "11286210382284135442": "Đợt cận chiến thứ ba 2-7",
  "11286217986588367687": "Điền dã",
  "11286277925574160797": "Tuyết Phi Phi",
  "11286293489092265266": "Chuyện nơi đây tạm xong, hãy đi xem hiện trạng sinh sống của người dân nơi này, hoặc còn có điều gì còn bận tâm.",
  "11286303946037507874": "Đinh",
  "11286328767224585028": "Quặng sắt - Nguyên khối 2",
  "1128636368871932909": "Không biết đã để bao lâu, tỏa ra mùi hôi thối mục rữa.",
  "11286477299485937738": "Trấn thủ Bảo tàng - Hàn Thiên Dạ trong lòng",
  "11286491653549991271": "Duyên phận",
  "11286491790562038499": "Thùng thuốc nổ - Phiên bản vỡ vật lý",
  "11286503467684012786": "Phụ nữ quanh phố Thanh Hà - 45",
  "11286567031475073944": "Bạch Truật",
  "11286586045485331479": "Thiên Kim Lâu",
  "11286598072314234222": "Gâu gâu gâu gâu, gâu gâu gâu gâu gâu gâu汪汪!",
  "11286617131593787327": "Khai Phong Phủ - Tả sảnh - Bách tính 23",
  "1128664287003938964": "Tử Chung",
  "1128667880142042296": "Dân chúng cổng Giác",
  "11286681544943689758": "Lương Tử Hàn",
  "11286693262200858477": "Đàn cổ",
  "11286699727355538668": "Sử dụng vật này, có thể nhận được ngoại hình tương ứng.",
  "11286766690914622851": "Dân chúng Thiên Niên Độ 76",
  "11286805872568268940": "Bang chúng Tào Bang NPC - Khán giả cầm đuốc 2",
  "11286828216352625162": "{3}\nTa đã mắc {1} vào năm {0}, sau đó được danh y {2} trị khỏi.",
  "11286837132160351480": "Ta theo Hàn sư tỷ rong ruổi thiên hạ, có thư sinh kia nói cái đàn tỳ bà của ta 'con heo lớn heo nhỏ rơi xuống vũng bùn', làm ta thực sự không hiểu nổi...",
  "11286914047318085522": "Phối hợp tiêu diệt - Long Hổ Trại",
  "11286948666985381193": "Tiểu thiếu gia, tìm được cậu rồi, mau đi cùng ta đến Đông Thiên phòng! Phu nhân đang tìm cậu!",
  "11286972550960093848": "Dế",
  "11287063190645839036": "Ha, nhìn bộ dạng nghĩa hiệp của ngươi, thật là đáng yêu vô cùng.",
  "11287063905175291120": "Hây, tối nay mọi người lại phải thắt lưng buộc bụng rồi.",
  "11287079551074119382": "Khách quan khách sáo quá! Để ta mau mau cất vật này đi...",
  "11287149949582929895": "Lục Kỳ Diệu",
  "11287195099469709660": "Tiềm nhập · Quân Hành Quỷ Đạo · Cung Phụng Khố",
  "11287212276183740379": "Giải sầu như vậy - Lọ thuốc 3",
  "11287217824895458482": "Tham gia hoạt động có thể nhận được phiếu giảm giá 20% * 10",
  "11287262048742480139": "Đóng góp Bang hội tuần này",
  "11287331065762240154": "Vương Trị",
  "1128736645042296623": "Thần Tiên Độ - Cứ điểm nhỏ",
  "11287387001040420424": "Công nhân bến tàu 1",
  "1128739833618946174": "Đoạn Thủy · Nhị",
  "11287434968450361584": "Màu trắng",
  "11287484109093196901": "Anh cả của ngươi? Hắn ở đâu?",
  "11287523048249987871": "Trong nhiều câu thơ cổ có hai chữ “gãy liễu”, đây là phong tục trong hoàn cảnh nào?",
  "11287541229229576390": "Khách tủy hoa âm",
  "11287544105539803966": "Hoa phiêu nhẹ nhàng, tiếng diễn tập quân trận Kim Minh Trì theo gió bay vào tai, sứ thần Thục và Đường như ngồi trên đống than.\nMột cuộc uy hiếp và đấu tranh xoay quanh tình hình sông Trường Giang, liệu có thể moi ra bí mật động trời ẩn sâu trong đại hạm Ngũ Nha không...",
  "11287560573006495124": "Rương báu · Khai Phong",
  "11287566730044742444": "Chính là lão phu.",
  "11287622495403712627": "Lê Hoa Đàm Sâu - Trần Bảo Lai",
  "11287632927507015765": "Anh Hồn",
  "11287653479939868396": "Trần Thắng",
  "11287665311605438310": "Thùng thuốc nổ bản gốc: Thùng thuốc nổ - Phiên bản vỡ vật lý",
  "11287684864771957426": "Khách bộ hành",
  "1128774272537509645": "NPC tạo không khí - Ngự Uyển Bắc - Họa sư vẽ màu 1",
  "11287794401365708079": "Bị định thân, không thể di chuyển hoặc sử dụng hầu hết các kỹ năng",
  "11287797802634067889": "Hành trình tìm nấm",
  "11287819293857807764": "Trong chiến Bách Nghiệp, tấn công Phá Trúc tăng. #YCấp 5#E, #YCấp 10#E sẽ mở khóa nâng cấp hiệu ứng #YHiệp lực tương trợ#E, tất cả thành viên tham gia chiến Bách Nghiệp đều có thể nhận được tăng cường.",
  "11287869738116225143": "Hà Kỷ Hi",
  "11287897943109960309": "Kỳ quái·Ngũ âm tầm xảo",
  "11287921149884976979": "Ngươi khoác lác đấy!",
  "11287951280636311084": "Mục tiêu tổ đội: #Y%s#E",
  "11288064825617341938": "Bách Nghiệp Quan Chiến - Kiếm",
  "11288141284644227799": "Đối thoại",
  "11288165157244318723": "Người qua đường",
  "11288221197581349265": "Thôi thôi thôi",
  "11288296865061888237": "Mịch Hạ",
  "11288338393371014245": "Hoàng Lạc Tư",
  "11288354665849072145": "Thời gian hồi tố",
  "11288393884271188144": "Thiếu nữ NPC thử nghiệm",
  "11288407152175897538": "Không tầm thường đâu! Ta cất đi đây, đừng nhìn hỏng nó.",
  "11288496533480110315": "Đang nhận",
  "11288540268087079594": "Trời gió lạnh thế này, không biết mang theo thứ hắc hỏa dược này để làm gì!",
  "11288550383994572162": "Kim Phố Tứ Thiếu đại đánh nhau vì tình",
  "11288564978681656904": "Chu Vũ Lâm",
  "11288596335570139114": "Bạch Mục Túc",
  "11288670508226697475": "Đang tải dữ liệu",
  "11288695756177533309": "Thứ đồ chơi khéo léo quá......",
  "11288708709029225009": "Số người vượt quá giới hạn",
  "11288746611008428624": "Đêm cửu lưu",
  "11288754686055219635": "Thám Hiểm - Khai Dương",
  "11288824859030848256": "Cặp đôi vui vẻ dùng mưu kế hạ gục đệ tử Túy Hoa Âm rồi muốn vào Hội Quần Anh, ai ngờ Đông Khuyết công tử ra tay...\nMột chiêu “Nhẹ Nặng Chi Thuật”, hai đồng “Mua Mạng Tiền”, liền thu mạng hai người trong nháy mắt.\nDưới sự vây quanh của Vũ Cơ Phi Thiên, Đông Khuyết công tử ăn mặc lộng lẫy, dung mạo tuấn tú từ trên trời giáng xuống...",
  "11288899489263391999": "Kỳ lạ - Ngọc Quế Chi",
  "11289003046661847833": "Đang tải... cấp",
  "11289019023883621218": "Thách đấu đệ tử chưởng vị môn phái Tam Canh Thiên [Tam Canh Thiên Môn Phái]",
  "11289023586868157054": "Thành phần Khinh Công - Phụ trợ Sử Đại Nhân 1 15-20",
  "11289027193391363307": "Mộc",
  "11289047306470744769": "Truy nã - Làm mới cứ điểm",
  "11289117840301821563": "Bệnh chỉ tinh thần rối loạn. Điên bệnh do đàm khí uất kết, hoặc tâm tì lưỡng hư gây ra; Cuồng bệnh do dương khí quá thịnh, tâm thần ngoại vượt ra ngoài gây ra. Điên bệnh lâu ngày, đàm uất hóa hỏa, có thể xuất hiện chứng cuồng; Cuồng bệnh kéo dài, chính khí không đủ, cũng có thể xuất hiện chứng điên. Do đó điên cuồng thường đi đôi với nhau.",
  "11289128832707612637": "Tàng Hiền Cương - Điểm tái sinh Chiến lợi phẩm 17",
  "11289150662324571257": "Hạ Giang",
  "11289161342420640104": "Thế nào là trước mắt?",
  "1128926299573507826": "Tạ Uyên Ngu",
  "11289286618370382761": "Đồ đạc trong phòng tối giản, nội thất ít ỏi và hầu hết dựa vào tường, dường như cố ý sắp xếp vị trí đồ đạc để tránh người vấp ngã.",
  "11289287276139362263": "Nam Môn Đại Phố - Tuần tra Lâm thời",
  "11289395564228069857": "Trừ tà an thần",
  "11289395644048346105": "Học hỏi từ #YLão giả thần bí#E",
  "11289458204988297588": "{2}\nThân thể có chút không khỏe, theo chẩn đoán của danh y {0}, bệnh của ta là {1} nào đó.",
  "11289518174820343845": "Hoàn thành trấn thủ",
  "11289558507115551716": "Phong Tiêu Dao",
  "11289569398419252378": "Cơ quan tái sinh Thùng thuốc nổ",
  "11289579032868343818": "Thêm cái này một chút, rồi đến cái này... Kế theo là cái gì ấy nhỉ?",
  "11289584247494564679": "Mở ra có thể ngẫu nhiên nhận được một bộ trang bị Sơn Khúc hoặc Ngự Vô Khuyết bậc 56, phẩm chất tím cao nhất, xác suất phẩm chất tím khá thấp, cùng với một bí kíp võ học tự chọn.",
  "11289590124721075517": "Thần Tiên Độ - Tuần tra 1",
  "1128961054988212753": "Lý Trạch Hạo",
  "11289686635856827872": "Chu Vũ Lâm",
  "11289710927913735594": "Bánh hoa cúc giòn xốp thơm ngon, giúp sáng mắt tỉnh thần, Thiếu Hiệp có muốn mua chút không?",
  "11289722123944781820": "Tường không khí ngắn",
  "11289726139463493617": "Tại ranh giới cánh đồng lúa mì ở Bình Dã Nguyên, có một thương nhân đang nằm bên đường, hàng hóa vương vãi khắp nơi, bản thân người đó cũng đang đau đớn kêu la. Hãy đến chỗ thương nhân để xem liệu ông ta có cần giúp đỡ không.",
  "11289759238224599345": "Đồng tiền dùng để giao dịch.",
  "11289773639305166322": "Thần Long phun lửa",
  "11289881888340701886": "Là tiếng pháo lễ, đúng vậy, đa tạ.",
  "11289901833532374355": "Hoàng Lạc Tư",
  "11289955836143849315": "Thủy sinh",
  "11290008258528226187": "Dù tính thế nào thì số lượng bao cát này cũng không đủ á……",
  "11290015292058725475": "Phượng Linh Cư có trăm loại chim quý, có chim họa mi sơn ca nhỏ xinh, cũng có hạc cao ngạo, ưng diều oai phong!",
  "11290037932836461543": "Xuân Đào Kì Mộng",
  "11290111196047173065": "Quạ đen kêu rộn ràng, điềm báo chẳng lành. Ôi, hôm nay nhất định phải bắn rơi lũ chim hung ác này!",
  "11290114500750469173": "Kim Minh Trì - Giai đoạn 2 BOSS",
  "11290117172723171021": "Ta đã nói rồi mà, Yến chỉ giỏi khoác lác!",
  "11290150845756803531": "Bất Tiên Tiên - Chỗ rượu cất bên sông",
  "11290212298808047748": "Bộ ngoại trang",
  "11290224796689514944": "Vô Hạn Tháp Tầng thứ tư - Ngọn đuốc",
  "11290338099765045078": "Bình dân - Nam phu khuân vác",
  "11290353727267321874": "Đã đạt cấp độ nhân vật yêu cầu",
  "11290361728905974929": "Diệu Diệu Miêu - Quỷ Hỏa",
  "11290416174238732138": "Xuân Thu Biệt Quán - Điểm tái sinh Chiến lợi phẩm 49",
  "11290433989131044140": "Bật CD trò chuyện",
  "11290453253166632634": "Thọ Xương Phường - Sĩ binh",
  "11290465714295891598": "Có thể nhận được một cuốn tâm đắc phái hệ #Y Minh Kim · Thừa Ảnh#E màu tím ngẫu nhiên.",
  "11290509201652027449": "Bánh tai (Mù tạt)",
  "11290527632699045756": "Phương án %s",
  "11290553806880184288": "Đang tải dữ liệu",
  "11290597114814065602": "Phe nhiệm vụ Quách Chấn (Thiên Tuyền) - Đối đầu",
  "11290628417740550637": "Vũ khí, Nhẫn, Bội",
  "11290684793251196118": "Bắn hổ Nam Sơn",
  "11290693765558422204": "Lưu Phái Tháp Khiên Ti · Lâm Tầng 2 - Hòa thượng Cung 2",
  "11290705023399785296": "Tán gẫu",
  "11290737249641244492": "Sau khi kích hoạt #R【Thiên Lôi Khai Ngộ· Ngọc】#E\nSử dụng #YKỹ năng đặc biệt#E gây sát thương lớn",
  "11290746307933318579": "Một số rương cần thời gian để mở, môi trường nguy hiểm, có thể dùng #YHấp Tinh Trích Nguyệt#E từ xa để lấy vật phẩm.",
  "11290766571299769756": "Dự Tây Chi Vĩ Dương",
  "11290767705633417267": "Bách Công Phường",
  "11290813257331182439": "Huỳnh Uyên",
  "11290859878861453866": "Sinh vật sinh thái",
  "11290896726644237446": "Sinh vật sinh thái",
  "11290921373510296630": "Cấp độ Thế giới - Phật Gia Trại - Tửu Nhục Hòa Thượng (Túy Quyền)\\nĐộng tác tuần tra tùy chỉnh: Có",
  "11290922599334271539": "Túy Hoa Âm sắp tổ chức hội tụ anh tài với chủ đề “Phi Thiên Nghê Thường”. Nghe nói hội chợ lần này quy mô vượt trội, không chỉ có nhiều Hoa Tín Phong, thậm chí cả chủ lâu Phàn Lâu và Vân Hoa Lâu cũng sẽ đích thân lên sân khấu biểu diễn. Tin tức vừa ra, các bậc thân quý, hào kiệt khắp nơi đổ về, đều có ý chung tay góp sức.",
  "11290929183781247612": "Người may vá",
  "11290968221388260873": "Quy Khứ Lai Hề - Thôn phụ",
  "11290990886355001306": "Trần Gia Tranh",
  "11291013450345122944": "Doanh trại thổ phỉ điên cuồng",
  "11291068735920629199": "À... Hôm nay ta... có phải là chưa ăn cơm không...",
  "11291132208085883149": "Khi mục tiêu hết khí, nhấn {}",
  "11291246322779479004": "Đúng vậy, một trận chiến lớn!",
  "11291280255753766610": "Cơ chế thử luyện",
  "112913012346200354": "Người chơi",
  "11291326455778566138": "Tống Nguyên Thông Bảo 5000",
  "11291329719707156725": "NPC thử nghiệm - Thành nữ",
  "11291355415493899641": "Diệu Diệu Miêu - Điểm kiểm tra",
  "11291380659236129238": "Hiệu ứng đặc biệt Lưu Quang Bà La Hoa (thực thể rỗng, thử nghiệm)",
  "11291441361166850329": "Xem kiểu dáng, rất có thể là chìa khóa vào nơi ở của sư huynh!",
  "11291474481598321714": "Đang tải dữ liệu",
  "11291544192855898677": "Giấy ghi chú bị đốt",
  "11291601181961864338": "Huỳnh Uyên tầng dưới",
  "11291712614523298220": "Thiếu hiệp, xin cáo từ tại đây. Có lẽ trong tương lai không xa, chúng ta sẽ gặp lại nhau.",
  "11291719571115957526": "Kỹ năng 2 - Phi Trần Dẫn - Khu vực sương độc 26",
  "112917299841518825": "Linh kiện xây dựng, dùng để dựng nhà.",
  "11291778063949672990": "Mao xí tương tác 3",
  "11291798562023338817": "Cô phẫn",
  "11291803499444035016": "Thi Thi",
  "11291810375993666223": "Quà Tết Nguyên Đán của Yến Kê (9/14)",
  "11291861803912046181": "Đại Hắc Thôn Khẩu - Hẹn tỷ thí",
  "11291874030879424721": "Là Trương Tố tiên sinh chuẩn bị, phải không? Điều này không khó đoán.",
  "11291881735566756788": "Trần Hiểu Hàn",
  "11292002122145517352": "Gà",
  "11292029137109402285": "Người này trông xanh xao, có vẻ rất đáng thương.",
  "11292037710619549037": "{2}\nThân có phần không khỏe, được danh y {0} chẩn đoán, bệnh của ta là {1}.",
  "11292052611520383568": "Ồ, ra là vậy.",
  "11292061090250183319": "Hà Điền Kê (Gà mái)",
  "11292114027948873411": "Sương phòng Khách nhân - Nam bộc 1",
  "1129212996007163685": "Nhận Tổ Ly Tông - Yến Thất Xảo",
  "11292152380237162408": "Giàn giáo 2",
  "11292174253722043530": "Tiền sắt",
  "11292188189000088786": "Viên Quốc Chấn",
  "11292194913850398785": "Phần thưởng Trấn thủ Kho báu - Cấp độ Thế giới 1",
  "11292220531874440122": "Tâm Diên Nê Ngư",
  "11292282816175196215": "Không hổ thẹn",
  "11292294670623155534": "Tại Thần Tiên Độ đột nhiên xuất hiện thêm một số kẻ kỳ quái, hành tung lén lút, thăm dò tin tức, dường như đang âm mưu điều gì đó. Nếu gặp lại chúng, nhất định phải cho chúng thấy thực lực!",
  "11292367278364240958": "Tìm gặp công tử Nam Chúc",
  "11292391382965545529": "Định âm",
  "1129240524518764622": "Nhận",
  "11292417620043411282": "Tương tác trại Hà Đao",
  "1129244598956715375": "Mã Lộc - Tùy tùng",
  "11292458059206103294": "Chú ý an toàn thanh máu!",
  "11292468218016304643": "Âu Dương Thư Chu",
  "11292479045497786353": "Trâu nước",
  "11292490653765679728": "Kỳ ngộ - Ngọc Mã Hành - Đối thoại Lý A Lệ",
  "11292578519504925005": "Lưu Phái Tháp Liệt Thạch · Uy Tầng 7 - Tiểu Thủ Lĩnh Vô Nhan của Vô Ưu Bang",
  "11292594864283726408": "Thử nghiệm Phá toái bên trong Dung lò - Thùng vũ khí 2",
  "11292621113242207261": "Bạch y Tu La",
  "11292755140666894231": "Tinh thiết, La Hải Châu, Tụy thạch, Tụy ngọc, #YTứ Tượng Đồ Toái Phiến#W.",
  "11292758816814386122": "Lục Sí Thiền Dực Tề",
  "11292766708735323646": "Đi vệ sinh",
  "11292890289933442179": "Đương đại chưởng môn",
  "11292932274873859667": "Sinh vật sinh thái",
  "11292939839845169344": "Đấu giá Quan Tài Phường - Người tạo không khí",
  "11292940007046001630": "Trấn áp",
  "11292947386075728160": "Trúc Lâm Cựu Cư - Điểm tái sinh Chiến lợi phẩm 25",
  "11292962146768447925": "Đánh bại bảo vệ",
  "11293012179922068803": "Hồ Đồ nhỏ? Ngươi đến rồi à? Mau đến cùng ta luyện tập!",
  "11293017808569491112": "Lần trước nhờ có thiếu hiệp ra tay, ta mới không làm ra chuyện ngu ngốc... Yên tâm, sau này sẽ không như vậy nữa.",
  "11293050556129891632": "Bò Tây Tạng",
  "1129306349731484052": "Phục Mã Trang - Độc hoa 1",
  "11293121291438328981": "Bọ ngựa - Bờ bên kia Gác Xuân Thu - Hang động",
  "11293150359916108252": "Đã mất hiệu lực",
  "11293152713017925662": "Mẫu Tường không khí - Đạo Chủ - Ngăn nhảy lên mái nhà",
  "1129323027109334018": "Màu thông thường",
  "11293259788293399898": "Uông Đại Dương",
  "11293383586501508576": "Ải Lộc",
  "11293542209710608053": "Phòng Chí Cường",
  "11293573240277897142": "Khai Phong Du phố xung quanh - Bách tính nam - 57",
  "11293615498896138384": "Cửa hàng nhà họ Trương gần đây việc buôn bán bận rộn, khẩn cấp cần người giúp một tay, nếu không e rằng có thực khách đợi quá lâu mà đói bụng mắng tới cửa...",
  "11293647804827440100": "Triệu Vĩ Nghiệp",
  "11293662192199054525": "Bác Lãng Sa - NPC cưỡi ngựa 11",
  "11293685667284274315": "Vương Kỷ Thiến",
  "11293697477238979626": "Nhưng vận may này, lúc ở Hà Tây, lúc ở Hà Đông. Người mà không tiếc mạng, không tích phúc, đắc tội với chúng giận. Đao của người chết sẽ biến thành đao của “người chết” rồi.",
  "11293697866601735124": "U nhân bất khả trí, thù cộng nhất bôi tửu.",
  "1129371216989942346": "Sở thích",
  "11293756411829388476": "Gây sát thương trị liệu khí #G180%#E, rút ra #G1#E phương thuốc",
  "11293783688353411023": "Dễ lừa thế, ta còn có màn sau đấy.",
  "11293787091508236917": "Trong Lối chơi Phá Quân Sát Tướng, công kích ngoại công và tất cả thuộc tính công kích #Y+3%#E; #Ycấp 5#E, #Ycấp 10#E, #Ycấp 15#E sẽ lần lượt mở khóa hiệu ứng đặc biệt",
  "11293910361865633459": "Bảo rương",
  "11293922082984570695": "<Minh Xuyên Dược Điển|781|#C|10301> Kỹ năng hồi sinh <Thiên Kim Triều Ngọc|781|#C|10301|10301205> Lượng khí huyết hồi phục khi hồi sinh mục tiêu tăng #Y75%#E, và cung cấp hiệu ứng trị liệu liên tục cho mục tiêu."
}