{
  "1343917845848508260": "Bách Nghiệp Chiến - Dã Quái - Vô Ưu Động - Nỏ Dao Găm - Điểm Ngoại Tuyến Dưới Phe Hồng",
  "13439199640393503328": "Luyện công",
  "13439205665536120323": "Tầng 10",
  "13439229096957639272": "Điều tra",
  "13439232844122337883": "Phàm thành sở kiến đạo, như huyễn cực hư huyễn. Tạm hóa thái ＂Y Đao＂, hốt hữu cuồng phong khởi, đại địa huyết thiên sát.",
  "13439319488609569073": "Kỹ năng 2 - Phi Trần Dẫn Biến - Đạn độc 25",
  "13439388022962784948": "Hoàng Vũ",
  "13439441489473303479": "Suỵt, trẻ con đừng xem bậy! Đi, mẹ dẫn con đi mua đèn lồng!",
  "13439465235877063461": "Tăng giá bán Đậu tắm",
  "13439513640596367812": "Cách Không Thủ Vật - Rắn",
  "13439540613864596320": "Thược Dược",
  "13439565369961343459": "Cá chép lớn Hoàng Hà",
  "13439634857910054959": "Sinh Vật Sinh Thái",
  "13439782331935484588": "Vô Bỉ Khách Điếm - Hậu Bếp Tầng Một - Phụ Bếp Khách Điếm",
  "13439897957150672153": "Phụ nữ Thần Tiên Độ Thôn",
  "13439906305045999183": "Thạch Đầu Biển",
  "13439932390654607105": "Đứa trẻ bị bệnh",
  "13439955471600859323": "Hoàng Uyên - Hiển thị bản đồ khu vực tổng thể",
  "13439976979385124642": "Tương Tác Thành Phần Khinh Công 20 Mét",
  "13439993052190213153": "Miêu Miêu Miêu - Cơ quan chặt tre - Thanh Hà Tây Nam 40",
  "1344000066690445596": "Giao hoa vụ Sương Lâm Dị Hoa cho Bạch Đại Lô rồi ghi lại",
  "13440019877017911798": "Số người đăng nhập đạt {}",
  "13440097481235083346": "Thiên Nhai Khách",
  "134401421118327547": "Không có đâu...",
  "13440203280456100337": "Sư tử",
  "13440343076736130147": "Tôn Hạo Thanh",
  "13440343844920721380": "Trọng kích",
  "13440352894066031692": "Cứ chạy mãi, không biết từ lúc nào, tiểu đệ... đã đột nhiên biến mất...",
  "13440356862060795540": "Bảo Rương",
  "13440382075510675958": "Thử Mặc - Tam Canh Thiên Tuyền",
  "13440387840896086370": "Chu Vũ Lâm",
  "13440397897927438941": "Ừm... Nếu phải nói thì hơi tự làm quen một chút.",
  "13440410436573064367": "Tìm đường có thể rời khỏi cảnh hiện tại, có tiếp tục không?",
  "13440411758563868594": "Mở ra có thể nhận ngẫu nhiên một trang bị chân của trang phục Ưng Dương, Dịch Tương, Giang Ngưng cấp 61 tối đa phẩm tím, xác suất phẩm vàng thấp, và một cuốn Bí kíp Liệt Thạch Uy.",
  "13440433349122704153": "Bì Phu Đen Trắng",
  "13440489324786019016": "Trạng thái",
  "13440499884809711378": "Hì hì, vậy thì đáng tiếc rồi, ta thấy rằng, e là không bao giờ uống được món này nữa đâu!",
  "13440534735627074287": "Chu Vũ Lâm",
  "13440580877819800050": "Thiếu hiệp đến vừa lúc, hiện tại bang hội đang gặp phải chuyện khó giải quyết, cần thiếu hiệp ra tay tương trợ.",
  "13440607545752234594": "Từ Trên Trời Giáng Xuống - Nam Nhân Trưởng Thành Xích Long Đường",
  "13440608669824653331": "Trốn tránh truy đuổi",
  "13440616595890495060": "Khăn che mặt",
  "13440638648583006884": "Ngươi tìm vị trí gì vậy, người ta đang nghe ngay dưới bức tường đối diện đấy.",
  "13440652192626381720": "Toàn Khai Phong chỉ có nơi này, bốn mùa có thể nhìn thấy hoa nở rộ như gấm.",
  "13440684859435675107": "Không muốn so tài nữa",
  "13440712261568697926": "Sinh Vật Sinh Thái",
  "13440727546749836072": "Giang Hồ Dịch Trạm",
  "13440735573798192486": "Tàng Hiền Cương - Điểm Hồi Sinh Chiến Lợi Phẩm 148",
  "13440737048911705518": "Tăng 12 điểm Thể",
  "13440754243464099091": "Sự lương thiện của ngươi đã hại chết tất cả chúng ta.",
  "13440801379508491166": "Tường Vô Hình Giai Đoạn Một của Điền Anh",
  "13440822561796881202": "Chẩn trị bệnh tật",
  "13440904860762354167": "Gặp lại sau này luôn không bằng lần đầu gặp gỡ, nếu không bằng, vậy chỉ giữ lại khoảnh khắc này là đủ rồi.",
  "13440916531104606823": "Cành Cây Nhỏ",
  "13440926106307745201": "Bảo Rương Khóa Cơ Quan Khai Phong (Giải Đố Nhỏ)",
  "13440969781561340625": "Trong Bách Nghề Chiến, tấn công bằng sợi chỉ tơ tăng",
  "13440982508322360693": "Tiểu Lộc",
  "13440996582630728995": "Tào Dự Hinh",
  "13441006786260316009": "Đối thoại",
  "13441009629780010465": "Thanh Tiễu Cứ Điểm - Cơ Quan Bảo Kiếm - Mở Khóa Trò Chơi Tại Cửa - Rừng Rượu Thịt",
  "13441018965714642771": "Tiền tệ",
  "13441054612033892946": "Thống kê hợp tác liên thông",
  "13441087552961508532": "Cổ khúc nổi tiếng 'Thập Diện Mai Phục' chủ yếu được chơi bằng nhạc cụ nào?",
  "13441106504603245631": "Vô Bỉ Khách Điếm - Giếng Trời Tầng Hai - Nữ Đệ Tử Lê Viên",
  "13441147235956952258": "Bách Nghiệp Chiến - Dã Quái - Tú Kim Lâu - Cung",
  "13441207396062388635": "Quái Vật Tào Bang 2",
  "13441208837264914724": "Nếu không ta không để ý đến ngươi",
  "13441209402045899712": "Chim hồng hạc",
  "13441230820077150268": "Rượu không cạn",
  "13441289387548983660": "Đối thoại",
  "13441318661214007761": "Ta thấy nhiều duyên tình giang hồ rồi, duyên của ngươi và người định mệnh của ngươi là loại nào đây?",
  "1344132032636130785": "Bách Công Phường - Chủ Quán Pháo Hoa",
  "13441412542506613715": "Người dân Đông Thành",
  "1344141686791521203": "Cái gọi là hồi xuân diệu thủ, dùng thuốc chỉ hai ba vị, ngải cứu không quá bảy tám cây, mà bệnh không khỏi không trừ, bệnh không khỏi không trừ.",
  "13441418704903844907": "Giới hạn cấp độ kiến trúc của Tề Chư Bảo Các",
  "13441473396645696486": "NPC Cưỡi Ngựa Xem Hoa 6",
  "13441494029985974091": "Lão tử đang nhàn rỗi, mau có kẻ liều mạng nào tới gây sự để ta vận động gân cốt một chút...",
  "1344150524155767141": "Chướng Ngại Vật Cố Định - Thạch Nhân 1",
  "13441516865771797702": "Xin chào!",
  "13441542770827759077": "Nhập lầu",
  "13441549535468100153": "Ngự Uyển, được xây dựng từ năm Càn Đức thứ hai, là vườn ngự lãm cảnh. Nó chia làm Bắc Ngự Uyển và Nam Ngự Uyển, thông nhau bằng Tiên Kiều.",
  "13441559726995975560": "Thủ tịch trưởng lão",
  "13441577372459581015": "Đỉnh Tháp Hoa Sen - Đài Tế Tự",
  "13441584893338936087": "Sao hả, bắt mèo cũng phạm pháp à?",
  "13441647100664482765": "Chuyển đổi đạo cụ (ngược)",
  "13441673045047122782": "Âm Binh Mượn Đường",
  "13441702361040130479": "Lần Đầu Vượt Qua Trấn Thủ Nhiều Người",
  "1344179228313498435": "Tử Kinh",
  "13441810946135839603": "Đang tải dữ liệu",
  "13441836453889544365": "S3 - Phần Thưởng Lệnh Chiến - Trả Phí Cấp 55",
  "13441884375984219569": "Xuất hiện người hái trúc bí ẩn bên ngoài Từ Tâm Trấn, nghi là bán hàng núi độc, nhiều người dân bị hại! Người biết chuyện A. A. Chuột nói rằng người này nguyên là cư dân Từ Tâm Trấn. Sau khi Sứ giả Hoa Phật đến, liền trở thành tay chân của hắn. Trộn các sản phẩm có độc vào hàng sơn dược, hoặc sẽ khiến người ta nghiện, trở thành tín đồ Hoa Phật.",
  "13441899242742904705": "Thọ Xương Phường - Lão Gia Gia",
  "1344190229272239034": "Tiếng cầu cứu vang lên từ Tháp Thái Bình, giọng nói có vẻ quen thuộc, hay là đi kiểm tra xem sao.",
  "13441907912331765074": "Sử dụng vật này, có thể nhận được ngoại hình tương ứng.",
  "13441934280662999354": "Tên thuộc hạ của Xích Long Đường",
  "13441939998793820845": "Đương sự nhân",
  "13441988537247698377": "Sự kiện ảnh hưởng nghiêm trọng đến thần trí",
  "13442029192788848997": "Thược Dược 2",
  "13442033401340394626": "Thao tác",
  "13442085400915351027": "Đánh bại kẻ địch trước mặt",
  "13442134685923575522": "Lý Gia Đống",
  "13442153069255988255": "Khi nào ngươi mới chịu cho ta đi nhìn giang hồ đây",
  "13442158513669014209": "Đạo Chi Ngọc",
  "13442217942819767571": "Ngộ bất năng (Không thể ngộ)",
  "13442233667347890043": "Săn Bắn",
  "13442240357520334438": "Trương Đại Bảo",
  "13442288765866209058": "Thủy Trường Lưu",
  "13442310768150600650": "Khối Đá",
  "13442344196801932147": "Uống nó vào, đảm bảo bệnh tật gì cũng hết, người khỏe mạnh tinh thần sảng khoái!",
  "13442360470309772863": "Đi tới đi lui không định, toàn thân ngứa ngáy, gãi rách chảy máu, vết thương tự khép lại, không bị thối rữa, đa số là biểu hiện của chứng khô.",
  "13442419543350952012": "Thăng Bình Kiều",
  "1344242235236398315": "Phật Gia Trại - Điểm Hồi Sinh Chiến Lợi Phẩm",
  "13442462788542509519": "Quỷ Thị - Âm Binh Mượn Đường - Sương Mù",
  "1344247228986308342": "Hà Lạc Thị - Tiểu Nhị Vô Danh Trong Quán Trà",
  "13442542709439190374": "Sẽ không có ma quỷ thật chứ? Hít... Lạnh quá...",
  "13442554118318110261": "Cần Câu Cá",
  "13442555684692373547": "Vô Tướng Hoàng gây ra một đòn đánh phạm vi xung quanh, sau đó lại vung lưỡi dao khổng lồ tấn công kẻ địch.\n\nCách ứng phó: Tránh xa phía trước rồi đừng vội vàng lại gần.",
  "13442557993019990926": "Sổ sách cũ",
  "13442607779332025546": "Phùng ca ca, vậy ta xin cáo từ trước nhé……",
  "13442688641123539730": "Khai Phong Phủ - Đường Tiêm",
  "13442693074253543909": "Hành động đôi tại cứ điểm Bách Nghiệp trong tuần này 1 lần ({}/1)",
  "13442701505118463064": "Bảo Thù*10, Chu Nguyên Thông Bảo*500",
  "13442784515474078978": "Lần cứu trợ này #e9a358 viên mãn hoàn thành#E, đặc biệt gửi tặng vật tư sau để bày tỏ lòng cảm ơn, cảm ơn sự nỗ lực của Hiệp khách!",
  "13442869039052872305": "Đang tải dữ liệu",
  "1344288911230593824": "Cần sử dụng quét mã hình ảnh (bao gồm đăng nhập, thanh toán, chia sẻ, theo dõi, ràng buộc nhân vật), tạo hình thông minh, xin phép truy cập Album ảnh",
  "13442898976012807195": "Trên bản đồ manh mối vẽ một quả bóng cầu lông lớn, nửa dưới của quả bóng bị một đám mây che khuất.",
  "13442899051949900213": "Linh Chi",
  "13442902453268205540": "Giải Vô Gian - Bức Họa của Nguyên Tham",
  "13442945020802858529": "Nộp Thường Bình Lệnh",
  "13442992161618210166": "Thọ Xương Phường Vuốt Mèo -5",
  "1344299583651797447": "Kiều Hồng Dược",
  "13443008664991141630": "Đai lưng và khóa thắt lưng",
  "13443017037823960422": "Đại nhân ra lòng nhân từ, cho hết bạc trên người cho ta đi!",
  "13443050840488389394": "Không được quên cho lừa ăn nữa, nếu quên nữa, cô nương Kiều sẽ phun ta chết mất!",
  "13443147608968837755": "<Cộng thêm sát thương triệu tập | 780 | #C | 163> tăng 3.0%.",
  "13443159741514754048": "Hồi Thứ Nhất - Khi Tiểu Nhị Khách Trạm Tiếp Khách",
  "13443171042981940221": "Khách về rồi à? Quán rượu có để lại ấn tượng tốt cho khách không?",
  "13443179137146272123": "Viên Quốc Chấn",
  "13443233633767445192": "Trò chuyện",
  "13443242879112228144": "Tơ lụa vấn eo",
  "1344333916140918169": "Cá Hề",
  "13443378863724085635": "Phi Hoa Độ - Vạn Sự Tri",
  "13443430795271028695": "Rơi ra trang bị cao cấp nhất cấp 71 màu vàng yên liễu, bộ trang bị Bất Tri Hàn.\n(Không rơi ra Giáp ống chân)",
  "13443472376675956589": "Một đứa trẻ đi lang thang khắp thành Khai Phong, dường như đang tìm kiếm thứ gì đó.",
  "13443485943867661287": "Nồi không thể tương tác",
  "13443516199388310416": "Hòn đá",
  "13443518668430816959": "Không có người chơi nào phù hợp với điều kiện tìm kiếm",
  "1344358242657440882": "Đối thoại",
  "13443606722814509014": "Trạng thái hiện tại không thể ném",
  "13443625178584166971": "Phải làm——",
  "13443692274588141567": "Bắt đầu hóa trang",
  "13443728806176719797": "Hoàng Lạc Tư",
  "13443735740988377629": "Đừng làm ra vẻ đạo mạo ta dạy ngươi cách đi vào ",
  "13443764100866729970": "Thử nghiệm cấp thấp",
  "13443770446210130560": "Họa sĩ thần bí không ai biết, đã vẽ nên những nét bút đậm màu tại #a66829Chùa trang nghiêm#E, miêu tả nên cuộc#a66829Chiến dịch Sát Thần#E。\nBắt chước cảnh tượng này sẽ giúp ích cho việc sáng tác tranh vẽ màu đỏ đen.\n\n— Họa sĩ giới họa Lạc Dương tên Thứ Ca nhi nói: Cảnh tượng này có liên quan đến lời sấm truyền đang lưu truyền gần đây \"Sát Thần ra khỏi miếu, võ khố giấu binh\", có thể đến núi Võ Miếu để tìm hiểu.",
  "13443814126225552404": "Trần đại ca đi khi nào…… ta phải đi tiễn hắn một đoạn đường……",
  "13443815678009071621": "Ngô Tiểu Oánh",
  "13443826162586909908": "Lương Tử Hàn",
  "13443829786702927264": "Tín vật dây đỏ",
  "13443872677878674168": "Khu Cửa Hàng Câu Lan 1 - Khách - Gánh Hát - Xem Kịch 2",
  "13443877835236184186": "Vô Tướng Hoàng khóa chặt một mục tiêu, sau khi tích tụ sẽ thực hiện một đòn chém lao tới.\n\nCách ứng phó: Người chơi đỡ đòn giữa Vô Tướng Hoàng và mục tiêu có thể khiến chiêu thức này biến thành đòn chém yếu hơn sau khi Vô Tướng Hoàng xông tới.",
  "13443891463995005626": "Nhìn cái gì, chưa thấy phụ nữ, hay chưa thấy bà chủ?",
  "13443933837984151941": "Lấy nghề bào chế dược liệu làm nghiệp.",
  "13443934177200870629": "Kinh lạc tắc nghẽn",
  "13443969496509115060": "Sờ tay vào cũng thấy gai, mà còn lấy làm giấy vệ sinh sao? Xem ra tiền bối không chỉ giỏi ăn nói, thân thể cũng rất cường tráng nha! Lần đầu thấy đấy, hề hề!",
  "13444050369879455083": "Đối thoại",
  "13444120179829868960": "Số lần đổi trang bị hiện tại đã đạt giới hạn {} . Có muốn đi tăng số lần không?",
  "13444244253073076295": "Giảm tiêu hao tinh nguyên.",
  "1344429644584782526": "Nửa sau của lá thư này chữ viết mờ ảo quá......",
  "13444306775229743136": "Tiểu phiến 1",
  "13444333379214629313": "Ta đói quá... Ta đã cho ngươi hết thịt thú và rau dại còn lại rồi, đừng chờ đợi nữa, mau bắt đầu đi!",
  "13444335088101057138": "Thứ Đại Lang ăn vào dường như đã cho nó bất tử. May mắn thay Hàn Di kịp thời xuất hiện, với tuyệt kỹ phi đao, không chỉ cứu ngươi, mà còn cứu cả Y Đao.\nLúc này ngươi mới biết, họ là người quen cũ.",
  "13444383153132700974": "Nguyễn Lang Quy",
  "13444464131554547754": "Do tổ chức Hundred Industries tự chọn thời gian mở, chỉ có thể mở trong các tuần và khoảng thời gian cố định.",
  "13444470232496384001": "Ối trời ơi, phải nói là náo động trời long đất lở đấy.",
  "13444488730454531655": "Trộm sự - Vô Tâm Cốc - Dưới lòng đất",
  "13444501077204508199": "Nhận được #G484%#E lá chắn (bị ảnh hưởng bởi kháng ngoại tà)",
  "13444502196934482232": "Mấy người này thật không biết mệt mỏi sao.",
  "13444605285451119079": "Một",
  "13444619919224478292": "Chu Vũ Lâm",
  "13444689466122685036": "Đối phương đang đánh giá kỳ lực của ngươi",
  "13444697775086535919": "Chết không hối tiếc \n",
  "1344470461973943494": "Người chơi",
  "13444705971064081801": "Nhất Diệp Bình Sinh - Khu Đại Lộ Cổng Nam - Khách Cửa Hàng Tượng Phật",
  "13444706986554345357": "Phong Trang Thôn - Vị trí giữ chỗ 50",
  "13444716814533765203": "Sự kiện đa nhân - Tu luyện nội công",
  "13444755091852721196": "Thập lục hẻm",
  "13444758274625876804": "La Yên Nhi",
  "13444828979872441092": "Đạo Nhân Ngủ Gật Giai Đoạn 2 st",
  "13444842363987085000": "Đom đóm",
  "1344485417492914952": "Truy lùng Chợ Đen - Vị trí quan sát nghiêng người - Phu xe đẩy\n4129",
  "13444858418239716120": "Nhấn nút trang bị để lắp đặt",
  "13444885862687576692": "Hà Bá bị ngươi đẩy lùi, đập vào thânLong Vương. Tay hắn vươn tới mặt nạ Nộ, vẫn muốn chiến với ngươi, nhưng đã lực kiệt.\nMặt nạ Nộ vỡ vụn rơi xuống đất, phản chiếu một tia sáng. Trời dần sáng.\nTrong tai dường như truyền đến tiếng gọi của Trúc Ngư, hắn ngẩn người ngẩng mặt lên - hóa ra Hà Bá, lại là Nhị Mã.",
  "13444909757535360581": "Tử Đậu Hoa",
  "13444915145178621246": "Đến",
  "13444931888936600906": "Thiên Thượng Lai - Tấm áp lực - Tả trắc thất",
  "1344501866143159246": "Lương Vĩ Đồng",
  "13445088924685545063": "Thành công",
  "13445102999189403706": "Đệ tử Túy Hoa Âm.",
  "13445156177979310854": "Không phải",
  "13445166372248646761": "Hồng Anh",
  "13445180270465431873": "Câu Lan Ngõa Tứ - Tăng cường không khí",
  "13445218177658803156": "Mông quyết định đầu, \nĐến nơi này, thì không còn ý nghĩ phân biệt nữa...",
  "13445227962720753826": "Nhận được Tứ Hải Thiếp",
  "13445254935664697518": "Tấn Trung Nguyên",
  "13445291833458895869": "Thách đấu NPC - Mô hình 17",
  "13445301782809475174": "Kho không đủ",
  "1344530740967726557": "Đặt khăn tay vào xe ngựa",
  "13445369196344324978": "Khất cái",
  "13445420667168917159": "Thái Nhạc Đài phòng 3 (trên dưới)",
  "13445440569318968560": "Cổ Tư - Vây quanh lò - Bách tính 6",
  "13445458692720064029": "Chiêu này ai dạy ngươi vậy?",
  "13445469730916642048": "Ừ ừ, là một người tốt.",
  "13445476174662056685": "Đúng vậy, chính là chiếc diều gỗ này! Xem ra dù đã gãy cả cánh, nó vẫn là sản vật đào nguyên mà người ở đây nhắc đến...",
  "13445485314668025488": "Khách quý Túy Hoa Âm",
  "13445486154836677118": "Ngươi muốn ăn đòn à. Mau thu dọn đồ đạc, ngày mai chúng ta đi.",
  "13445497853159202106": "Phòng Chí Cường",
  "13445504510001470907": "Khai Phong Phủ - Tả sảnh - Bách tính 3",
  "13445508721865894113": "Xung quanh phố Khai Phong - Dân nữ - 61",
  "13445535808393204171": "Tháng 11 năm Khai Vận thứ hai",
  "13445539506547401807": "Thiên Tuyền Chi Tuyến - Tiêu Thiên Vân Tiêu",
  "13445559443157642559": "Một thương nhân viễn phương...",
  "13445561693555718208": "Tại sao... tại sao... Tiên nhân lại hủy diệt quả Trường Sinh... Không được... Quả Trường Sinh không thể bị hủy... Ta đã thấy... có một hạt giống... Được thần thú của Tiên nhân mang đến dưới đáy Oánh Uyên, ta nhất định phải tìm được hắn...",
  "13445563391838731655": "Mảnh dẻ",
  "13445563824795501036": "Người lên bàn có cả người chết người sống, cũng có văn nhân vũ phu, khách tứ phương tụ hội một chỗ, thật đáng để mở to mắt xem xét cho rõ.",
  "13445594848408942193": "Công tử Hoa ta á, có thể nói là câu cá vô địch giang hồ, thưởng hoa vạn nở khắp chốn. Nếu muốn biết làm sao giao du với đệ tử các môn phái, cứ hỏi ta là đúng rồi~",
  "13445633590535985989": "Bệnh sốt rét kéo dài không khỏi, dẫn đến khí huyết hao tổn, huyết ứ tích tụ dưới sườn, xuất hiện khối u, gọi là Mẫu Sốt Rét.",
  "13445654367832585414": "【Chính thức】Bảo rương gỗ Tam phẩm - Thanh Hà",
  "13445664609847354278": "Phan Hồi, có chút nhãn lực nào không? Sao có thể để Khang Khang bận rộn một mình chứ.",
  "13445756529731900949": "Âu Gia Hạo",
  "13445775931868222950": "Trương Liên Hâm",
  "13445779521664111322": "Bảo rương · Thanh Hà",
  "1344581800048320426": "Cổng Bắc Ngự Uyển - Trương Lỗ Nhi",
  "13445875907111427996": "Thanh Tâm Phố",
  "13445912324490536445": "Đối thoại",
  "13445918908186615597": "Nhận được \"Thái Hoa Tiễn\" do người khác tặng, có thể tăng giá trị độ nổi tiếng.",
  "13445943949145001883": "Ư... / Ô... / U... / Uhm...",
  "13445950744849757124": "Mùa Hoàng Chung Trường Minh",
  "13445972161841278702": "Đi tới kích hoạt",
  "13446038818022029507": "Tướng Quân Từ - Điểm làm mới chiến lợi phẩm",
  "13446084385697162809": "Kiểm tra AI chiến đấu",
  "13446139251998702411": "Thanh Hà - Thử ném tiền",
  "1344615192495294978": "Đi tới",
  "13446177300968150840": "Ta tưởng là cái gì, hóa ra 'anh anh' trong miệng lão trượng là con gà mái này à!",
  "13446201022792760037": "Mã Nhị",
  "13446206804836060127": "Tự động hủy sau khi rời khỏi Phong Sa Tửu Quán!",
  "1344621837901726274": "Chung Thanh Bình Ma",
  "13446225453408795674": "Tiết Vu Cát",
  "13446226999339054745": "Túy Hoa Âm - Thời Lâu - Thanh ngắt quãng khu vực cấp bốn",
  "13446255832406346846": "Oan uổng quá! Không tin, ngài xem qua quá sở của tiểu nhân, tiểu nhân từ nhỏ đã tên là “Điền Tuyền” mà!",
  "13446257514139121660": "Đại Tướng Quốc Tự - Phông nền di động",
  "13446333409303606628": "Khu vực biển báo đường Huỳnh Uyên 4",
  "1344638887692201775": "Kiểm soát",
  "13446460219128833583": "Ngũ Huyền Tỳ Bà",
  "13446466928608271381": "Thừa Ân Trấn - Trần Đồng Nhu ban đêm",
  "13446476874534314563": "Bỏ qua thủ lĩnh",
  "13446488193647139294": "Món rau dại và nấm hấp hỗn hợp, sau khi ăn sẽ từ từ khôi phục 4500 điểm khí huyết trong 3 giây.",
  "13446502632245212303": "%s đến truy sát",
  "13446503755741094537": "Dân chúng Bất Tiên",
  "13446554192810385049": "Dân chúng Đông Thành",
  "13446565318604490458": "Sự khảo chứng của ta",
  "13446574321561496593": "Sợ nước",
  "13446672213242894458": "Đã đạt đến giới hạn cấp độ phiên bản",
  "13446681562131725557": "Thủ vệ cửa 1",
  "13446690277934137609": "Điểm danh",
  "13446732810664774551": "Bảo rương Nhất đẳng",
  "13446751241690316728": "Không rõ...",
  "13446776123946823047": "Thành viên bang Thanh Giao Đường",
  "13446777464323289976": "Đá cầu",
  "13446796271771724561": "Động quật giải đố (Phi thân giữa không trung)",
  "13446809363150531363": "Thái Y Thự - Phòng bệnh - Y sĩ 1",
  "13446847800554556718": "Xác nhận",
  "13446874621328066677": "Ngô Tiểu Oánh",
  "13446893100323778211": "P3 - Sau - Vòng phóng bên phải - Xích sắt",
  "13446903180419544765": "Bội - Thần Tơ Tử 3",
  "13446913246346632535": "Trương Chấn",
  "13446918456643994543": "{3}\nTa vào năm {0} mắc bệnh {1}, sau được danh y {2} trị khỏi.",
  "134469311777529291": "Phần thưởng Nhị giai Độ thiện cảm",
  "1344695880655086639": "Quỷ hỏa Mạt chược - Phát tài - Sử dụng thực tế",
  "13447004866637060169": "Thí chủ đừng nói nhảm",
  "13447007655482639674": "Sân vườn",
  "13447029011652778734": "Gọi tắt là Hồi Hộp, Chủ yếu do dương khí không đủ, âm huyết hao tổn, tâm không được nuôi dưỡng, hoặc đàm ẩm ứ đọng, huyết ứ trở ngại, mạch tâm không thông gây ra. Thường có tính chất từng cơn, cứ mỗi lần cảm xúc dao động hoặc quá lao lực thì phát tác.",
  "13447032432270875": "Trần Thần",
  "13447037755458389764": "Cửu Thạch",
  "13447053684976450368": "Buổi yến tiệc này liên quan đến đại sự, không được có sai sót, nhưng các ngươi lại nghe lời gièm pha mà gây rối! Các ngươi có biết nội đấu văn võ, dù ai thắng ai thua, người chịu khổ vẫn là muôn dân? Nếu còn lý trí, hãy mau dừng tay. Nếu không chịu dừng, đừng trách chúng ta không khách khí.\n                                                                                                                                #YChim muông côn trùng#E",
  "13447060997168353388": "Không còn ai đến, hoa mẫu đơn của lão tử đều héo tàn vì đợi!",
  "13447068594256890543": "Trương Liên Hâm",
  "13447070491131338819": "Vòng loại mùa giải Bách Nghiệp - Top 50 bảng xếp hạng",
  "13447098825807163221": "Truyền văn sĩ kế thừa Ngôn Hoài Cẩm từng xuất hiện ở Thanh Hà, nếu muốn hiểu rõ đạo tinh tiến của văn sĩ, không ngại tìm kiếm dấu vết của hắn ở gần Rừng Lộc Thực Thanh Hà.",
  "13447114305850663842": "Hoàn thành lối chơi sự kiện giới hạn thời gian",
  "13447256844699075608": "Nghe nói giang hồ có tiền bối ôm kiếm ngắm hoa, ngộ ra võ đạo chí cực, đệ nhất thiên hạ. La Bá Lễ tâm thần hướng tới, bèn vào rừng cây quán tưởng thương pháp, thề không ngộ không ra. Hiện tại La Bá Lễ vẫn đang cách vật trí tri, chưa xuất quan.",
  "1344726274437547976": "【Trấn thủ - Thường Bình Thương】Boss Trịnh Ngạc",
  "13447304687919004242": "Cố chỉ Mặc Thành - Kim nhân 2 - Minh văn mờ nhạt",
  "13447325110734794438": "Tướng phật",
  "13447328767181644732": "Tuần tra khu vực tiềm hành - Gia đinh bảo an - Cảnh giới",
  "13447331832633757386": "Ngũ hoa lừa",
  "13447347691949643460": "Tiền công chậm trễ của thợ thủ công cuối cùng cũng có dấu hiệu được phát, các thợ thủ công đều cảm ơn vị tướng quân đã được giải trừ quân chức.",
  "13447359993946389387": "Cùng uống với ngài",
  "13447373073481342919": "Sử dụng #Y{}#E tăng tốc thu được may mắn",
  "13447473304130065310": "Ẩn"
}