{
  "14319882627857210312": "Đối thoại",
  "14319902837279854560": "Cầu nhỏ ngang, lưỡi cung trăng khuyết.",
  "14319915097157870775": "Tham gia Bách Nghiệp, có thể nhận được nhiều phần thưởng hơn",
  "14319964650337200825": "Không hỏi thăm mà mua ngựa, hóa ra là theo lệnh của Công tử Đông Khuyết, nguyên nhân sự việc, hắn vẫn luôn giấu giếm, #a66829quan sát kỹ hành vi của người này#E, có lẽ có thể thăm dò được chút gì đó...",
  "14319970216359340084": "Tất cả các phương án cấu hình tâm pháp đã được mở khóa",
  "14320021854600793096": "Rượu ở chỗ ta tuy cay nồng, nhưng khách quan không cần lo lắng.",
  "143200329302273300": "Trạm trưởng trạm dịch",
  "14320047465244857899": "",
  "1432006714857689078": "",
  "14320076599726750855": "Thanh Phong lướt qua, Cầu Việt Hải đã lặng lẽ biến mất",
  "14320105299070208279": "Lý gia gia",
  "14320154122052985016": "Nếu hôm nay không nhờ tướng quân Vương Thanh cứu mạng, ta đã không còn trên thế gian này rồi.",
  "14320174479831701069": "",
  "14320190558524567666": "Tốt nhất",
  "14320198552315671892": "",
  "14320210399784715641": "Diệp Tử Hí Giới Luật Cô Vân",
  "14320248477381737081": "Khi biến thành nhân tường, sát thương kỹ năng bản thân giải phóng tăng thêm một tỷ lệ phần trăm nhất định, đồng thời giảm sát thương phải chịu của nhân tường một tỷ lệ phần trăm nhất định, có thể cộng dồn với các thành viên khác của nhân tường. #Y1 cấp#E, #Y2 cấp#E sẽ mở khóa hiệu ứng tăng cấp #YHiệp lực tương trợ#E, tất cả thành viên tham gia chiến trận Bách Nghiệp đều nhận được tăng cường.",
  "14320260219034277844": "Điều tra",
  "14320266239151712468": "Tiểu công không hàm tiên",
  "14320317982957568594": "",
  "14320359294005341190": "Cho ngươi cơ hội, mau tránh đi!",
  "14320370856990995476": "",
  "14320375033245987481": "Thất gia, mọi loài chim ở đây đều nói rằng gia ngài hát hay, không biết tại hạ có vinh hạnh được mở mang tai mục không?",
  "14320408963884052755": "Cũng không muốn, chúng ta rơi lệ vì nàng ấy... phải không...?",
  "14320472421601853327": "Bài lá - NPC say xỉn",
  "14320475711124031722": "Thập Lục Hẻm",
  "14320508131335735036": "Còn gọi là Hỏa thiêu sang, Thang hỏa thương, Thủy hỏa đái thương, chủ yếu chỉ bệnh do da bị thiêu đốt bởi lửa, nước sôi hoặc các vật thể nhiệt độ cao khác gây ra.",
  "14320549453026705333": "Nhận được sau khi học được kỳ thuật nhất định.",
  "14320550468839565594": "Hòa minh %s lần",
  "14320577207298222995": "Khi thành công gây ra dấu ấn #YTrệ Cốt#E lên kẻ địch, có thể nhận được tăng cường <Ngoại công tấn công|780|#C|15> là #Y7.5%#E, duy trì tối đa #Y12#E giây, mỗi giây chỉ nhận được một lần, nhận lại sẽ làm mới thời gian duy trì.\nNếu thành công gây ra <Bị Lơ Lửng Trên Không#E, mức tăng cường <Ngoại công tấn công|780|#C|15> sẽ tăng lên #Y15%#E.",
  "14320600392701627055": "Thi đấu bắn tên",
  "14320616987469531781": "",
  "14320643154441741698": "Đối thoại",
  "14320691321868451831": "#RTọa xem mây nổi · Hoàng#E",
  "14320703643455906245": "Nếu không phải chủ quán nợ ta ân tình, hừ!",
  "14320824821956494196": "Gây ra sát thương cơ bản",
  "14320849762860007823": "Giải cứu",
  "14320866157786253018": "",
  "14320884389044326643": "Không thể nhận lại sự kiện thế giới, vui lòng làm mới và thử lại",
  "14320896934096479081": "",
  "14320906388032185916": "Nhưng người này, hắn yêu mến thật lòng……",
  "14320907338494889497": "Chim sẻ đất",
  "14320937822156323409": "",
  "14320944381300769396": "Chuyện này đều là ý trời, tâm pháp trong lầu của ta đây xin dâng cho thiếu hiệp... Xin ngài lại gần một chút, cùng ngồi xe với ta.",
  "14320947301376267193": "",
  "14320969812344477654": "Người đã đến.",
  "14320977127646398765": "",
  "14321023355488645760": "Hoàn thành trấn thủ · Đại Tán Quan",
  "14321037315209546458": "Giải đố phức hợp - Bách Thảo Dã - 1",
  "14321086065289272568": "",
  "14321093020846006083": "Có lẽ lúc gặp lại, ta có thể cho thiếu hiệp biết đáp án.",
  "14321149176809240323": "",
  "14321204610797323036": "Khách mới Khai Phong",
  "14321208606183996286": "",
  "14321332351931463108": "Niêm Hoa Ngoan Thủ",
  "14321392419665761071": "Đang tải dữ liệu",
  "14321394522865887220": "Chuông gió",
  "1432140000883357309": "",
  "14321522557684823675": "Mèo con - Hố đá",
  "14321526902468073468": "",
  "14321599446582147438": "Sự kiện có ảnh hưởng lớn đến thần trí gây ra",
  "14321657379489643133": "Đang tải dữ liệu",
  "14321670598442674782": "Thập Lục Hẻm",
  "14321718098247453931": "",
  "14321748341279732269": "Kích hoạt tương tác chủ động way_no = %s, target_id = %s",
  "14321756500370353780": "Không rõ……",
  "14321761028844497357": "Tiểu Lý Phi Đao - Tài nguyên mục tiêu vỡ",
  "14321773892914295335": "Trần Tài Tư",
  "14321852121726623651": "……",
  "14321856948902374658": "",
  "1432186442905266009": "Ưng Sầu Lĩnh",
  "14321886615160926057": "Đối thoại",
  "14321893255456936907": "Sử dụng trong đối thoại nhiệm vụ",
  "14321905813250467949": "",
  "14321913640204549918": "Lụa tơ được dệt bằng kỹ thuật dệt hoa, sợi lụa mảnh mai, nhẹ mỏng thoáng khí, giá trị không hề rẻ.",
  "14321948228205746927": "Đang nghe.",
  "14321959493058899166": "Đào Đình Kiều",
  "14321983156786646702": "Thiếu tiền đồng, nhưng luôn có người có tiền đồng dùng, lẽ này các ngươi còn không hiểu sao?",
  "14321998972673959765": "Cứ điểm làm mới",
  "14322041189860307586": "Nếu Ngũ nương có chuyện gì không hay! Ta nhất định phải tự tay giết lũ tặc này!",
  "14322043055694683535": "",
  "14322057641873888647": "Gặp ai?",
  "1432210360613069709": "Ngươi bình tĩnh lại, ta cũng là người, không phải tiên nhân gì cả!",
  "14322172955779040949": "",
  "14322257521312869914": "",
  "14322285962118927377": "",
  "14322292693603940747": "Ta nhìn chân ngươi, ngay cả chút kiến thức cơ bản cũng không có, muốn dùng từ ngữ hoa mỹ cũng không được.",
  "14322361269554908991": "Hoàng Đế",
  "14322365551838728412": "\"A Ngư\" mà ngươi nhắc đến là ai?",
  "14322367138363696445": "Mũ trụ, Giáp ngực, Giáp ống chân, Giáp cổ tay",
  "14322379899410190263": "",
  "14322484700553379759": "",
  "14322552265448952557": "",
  "14322616311626353679": "",
  "14322650453448204919": "",
  "14322658524178860364": "Bảo tồn Bách Nghiệp",
  "14322659979884997842": "",
  "14322663473732530767": "Tham vọng của huynh đệ họ Hùng",
  "1432267612374824085": "Tu kiếp này",
  "14322677802318674582": "Người giàu",
  "14322713695892086912": "Muốn ăn bánh bao... Ê... bánh bao... Tỷ tỷ Linh Việt... cho chút điểm tâm...",
  "14322731548667177167": "Than thở cả chục năm rồi",
  "14322763719484472836": "Nhận linh kiện",
  "14322773767275328511": "Số người trong đội đã đủ, không thể ghép thêm đồng đội.",
  "14322781720922501829": "Cộng hưởng khí huyết",
  "14322840687418192379": "Cứ điểm",
  "14322843301454347025": "Cẩn thận dè dặt",
  "14322864998570370655": "",
  "14322871049594252324": "Chua ngọt ngon miệng, cảm giác giòn tan, sau khi ăn sẽ hồi phục từ từ 39000 điểm khí huyết trong 3 giây.",
  "14322925111362279483": "Ngươi là một con ngựa (tạm đặt)",
  "14322925466659132910": "Đối thoại",
  "14322931386622121851": "Một công thức nấu rượu.",
  "14322960791292246615": "Tiểu thư họ Triệu",
  "14322972394766997114": "Tích lũy nhận được 10 Mặc Tử Tam Canh Dạ ({0}/{1})",
  "14322978640774843015": "Diều giấy",
  "14323062780260311713": "Số lượng người chơi trong trường sẽ ảnh hưởng đến lợi ích của trò chơi, có bật không?",
  "14323063895385247750": "Vũ khí, Nhẫn, Bội",
  "14323075156370494478": "「Vương Tuấn lầu thuyền xuống Ích Châu, Kim Lăng vương khí u ám thu lại。」\n\nNăm 962, Bắc Tống sắp tiến quân phía Nam đánh Kinh Hồ, chiến lược quân sự thống nhất Bắc Nam sắp mở màn!\nĐể chuẩn bị quân nhu cho cuộc viễn chinh phía Nam, triều đình Bắc Tống mượn danh nghĩa xem diễn tập thủy quân, tổ chức yến tiệc chiêu đãi sứ thần hai nước Thục, Đường trên lầu Bảo Tân.\n\nDưới làn hoa bay lượn, tiếng diễn tập quân đội ở Kim Minh Trì theo gió lọt vào tai, sứ thần Thục và Đường ngồi không yên ổn.\nMột màn uy hiếp và đấu trí xoay quanh cục diện sông Trường Giang, bất ngờ hé lộ một bí mật kinh thiên động địa giấu sâu bên trong chiến hạm Ngũ Nha…",
  "14323131421409419492": "",
  "14323157039451710635": "Rời đi",
  "14323168723095704642": "Chủ tiệm Văn Tú Thành Y Quan Mạo",
  "14323183181845901038": "Thời trang nhiệm vụ bảy ngày",
  "14323246537917326852": "Chàng trai giang hồ",
  "14323283277045637199": "Ồ? Xin được lắng nghe chi tiết.",
  "14323367393721791314": "Nội tức không thể vận hành thông suốt.",
  "14323389616271930228": "Cáo từ",
  "14323395829409758637": "Vương Vũ Hân",
  "14323478031167152002": "Còn gọi là sốt rét cơn, sốt rét cơn, tục gọi là đánh bồ, là bệnh phát sinh do nhiễm ký sinh trùng sốt rét, độc chướng hoặc phong hàn thấp khí, thường phát vào mùa hè thu.",
  "14323525028609529838": "Tương truyền La Phù có chim hút mật xanh biếc, hóa thành đồng tử mỹ nhân, thích cùng khách say hát ca. Giữ lại lông chim xanh của nó, có thể đổi tiên đan.",
  "14323586125176793069": "Ngũ đoạn",
  "14323611962483818166": "Ta sợ làm bẩn quần áo của ta",
  "14323618319719913718": "Trong lượt này, đòn tấn công khẩu thuật của đối phương giảm 4.1%, tối đa cộng dồn 6 tầng.",
  "14323621370575023586": "cá nhân",
  "14323633550625110662": "Lối chơi xây dựng",
  "14323638499260058330": "Khu vực hạn chế năng lực",
  "14323700460030161450": "",
  "14323751473148738516": "Thần tài của ta",
  "14323802502138753527": "",
  "14323824631220480361": "",
  "14323835596989519441": "Nam chinh sắp tới, đại hạm lại bị hủy, chuyện thống nhất Nam Bắc e là lại phải trì hoãn...",
  "14323854831571470268": "",
  "14323870807884103403": "Đang tải dữ liệu",
  "14323935603263545784": "Tuyết địa",
  "14324006727998742255": "Tăng cường cầu gỗ tầng trên của Huỳnh Uyên",
  "14324040321771123527": "",
  "14324055785129132667": "Giới hạn năng lực tầng thấp",
  "14324104103835589706": "Thẩm Mặc轩 là một người theo chủ nghĩa hoàn hảo nghiêm trọng, vì vậy anh ấy yêu cầu rất cao về điều kiện môi trường và chất lượng thơ ca, anh ấy đang khổ não vì không làm ra được thơ hay, vô cùng khổ não.",
  "14324132740094442683": "Gãy xương",
  "14324149024491515404": "",
  "14324255617908444066": "Cô gái lấy ra vài quyển thoại bản từ trong nhà.",
  "14324354607863007825": "Kẻ cướp thắp đèn lòng Phật bùng cháy, Bồ Đề mọc cây không biết mệt mỏi... Hả? Là đại thiện nhân Lý sao?",
  "14324361232542351587": "Dũng giả nghịch đức; binh giả hung khí; tranh giả sự mạt. Ấy mà thế gian nếu muốn dừng binh đao, tất phải tranh giành binh đao để định thắng bại.",
  "14324407395194935952": "Hạng Cường",
  "14324412083800624131": "Đang lấy dữ liệu... Đang lấy dữ liệu... Đang lấy dữ liệu... Đang lấy dữ liệu... Đang lấy dữ liệu... Đang lấy dữ liệu... Đang lấy dữ liệu... Đang lấy dữ liệu... Đang lấy dữ liệu... Đang lấy dữ liệu... Đang lấy dữ liệu... Đang lấy dữ liệu... Đang lấy dữ liệu... Đang lấy dữ liệu... Đang lấy dữ liệu... Đang lấy dữ liệu...",
  "14324489268553997673": "Đã hiểu, giao cho ta đi.",
  "14324508561082872162": "Hiển Nhân Chi Nhạc · Hai",
  "1432451682475523745": "",
  "14324614895303908022": "Ha ha ha ha ha, nói rất hay. Cả đời ta chỉ gặp được một người như vậy.",
  "14324660829900368001": "Thất đoạn",
  "1432467068021552689": "",
  "14324679306958062671": "Không mua cũng được, xem thôi cũng được, làm ăn buôn bán mà, cốt là kết duyên lành.",
  "14324714647046580511": "Mùa giải Đồng Âm Nhu",
  "14324726256684778386": "",
  "14324744812412090315": "Trương Tứ Lang? Lâu rồi không gặp!",
  "14324750422702368413": "Đau đầu là triệu chứng lâm sàng phổ biến, thường giới hạn ở nửa trên của hộp sọ.",
  "14324797687042034558": "Lục đoạn",
  "14324814875891645993": "Thứ ta mang ra vốn dĩ không phải là bảo vật sâu nhất, cho dù đổi được chút bạc, cũng không đủ chia cho nhiều người như vậy.",
  "14324817715540723340": "Mồi câu",
  "14324818233037563920": "Nhiệm vụ ẩn, vô hiệu hóa năng lực người chơi",
  "14324844581336752296": "Sức mạnh sấm sét",
  "14324891339031318593": "Thử chế tạo Phúc Thuyền",
  "14324892632099418089": "Mở khóa ngoại hình mới",
  "14324913771028520866": "Ăn uống nhận nhiệm vụ",
  "14324916257377492205": "",
  "14324955523465267271": "",
  "14324997891906841488": "Bà chị họ của Tạ Quỳnh, người trong Tạ gia Tần Tuyền",
  "14325034166218975866": "Nghe nói có một vị lão gia làm nghề ở bến tàu phát nghiệp, thường hay ăn ở đây, còn nhớ mùi vị này.",
  "14325043444039524383": "",
  "14325094055171898026": "",
  "14325099037310128368": "Bảy đoạn",
  "14325109289471822284": "Nhưng mà... Nghiên cứu và thực chiến, dù sao cũng khác nhau. Ta tuy thích bắn cung, nhưng từ nhỏ thiên phú không tốt.",
  "14325113600528307350": "",
  "1432513169543545087": "",
  "14325268506370115613": "Vì vậy chúng ta cũng sẽ làm thuyền ước nguyện vào đêm trăng tròn, hy vọng có thể gửi điều ước của mình lên trời, cầu thần tiên phù hộ, ha ha!",
  "14325332239523390916": "",
  "14325355449489267781": "Thôi đi",
  "14325356280335889250": "",
  "14325387951847301514": "",
  "14325400599645056777": "Túy Hoa Âm sắp tổ chức Hội anh hùng với chủ đề “Phi Thiên Nghê Thường”. Nghe nói đại hội lần này quy mô vượt xa mọi lần, không chỉ có các Hoa Tín Phong, mà cả Lâu Chủ của Phàn Lâu và Vân Hoa Lâu cũng sẽ đích thân lên đài biểu diễn. Tin tức vừa đưa ra, các bậc quyền quý, anh hào các nơi ùn ùn kéo đến, ý muốn cùng chung vui盛举.",
  "14325416502170586504": "Chưa gia nhập",
  "14325426009577252252": "Thiếu hiệp! Hồi hồi——",
  "14325562147472974443": "Bách Lâu Hội và Đồng Minh Anh Em chính thức kết minh Bách Lâu Hội và Đồng Minh Anh Em chính thức kết minh",
  "14325616891440921214": "",
  "14325622814903113896": "Trước tiên tìm quân Tây An đi. Tin tức của họ cũng nên được truyền về rồi.",
  "14325664319693748524": "Chúng ta dự định bắt đầu tiết kiệm lại.",
  "14325671881638885888": "Ngươi chưa mua được sao?",
  "14325678212982665285": "Chinh Nhân Quy",
  "14325691068311122629": "Thiên Cơ Hạp",
  "14325692414111204534": "Hạ Xuân Cổ *388",
  "1432569749888837700": "Điếm Bánh Lê Ngọt Ngào",
  "14325701615370670831": "",
  "14325714736251870764": "",
  "14325719985271550316": "Đông Nam Hành Doanh",
  "14325741506383366463": "Ân tự lệnh",
  "14325763692720264761": "$S là tình cảm vui vẻ nhất thời, không nên vì nó mà quên mất việc trở về$E trạng thái <Trần Tình|O> đạt số lần liên kích tối đa 10/21 có thể nhận được thăng cấp.\nTái Vịnh Thi - Kỳ nhất: Tấn công nhiều lần vào kẻ địch phía trước, đòn tấn công cuối cùng sẽ giảm đáng kể thời gian hồi chiêu của kỹ năng <Vấn Thi Ngữ|L>.\nTái Vịnh Thi - Kỳ nhị: Tấn công nhiều lần vào một kẻ địch trong phạm vi nhỏ. Nếu đòn tấn công liên tục trúng và kẻ địch không thoát được, kẻ địch cuối cùng sẽ bị đánh ngã.\nTái Vịnh Thi - Kỳ tam: Trong phạm vi lớn, chắc chắn đánh trúng và liên tục đè ép tấn công một kẻ địch. Gây sát thương lớn cho kẻ địch đó.\nKhi thi triển sẽ hồi phục một lượng <Nội lực|O> nhất định, số lượng tăng theo cấp độ kỹ năng.",
  "14325768308600614195": "Khách hàng đến nhà tắm sẽ thực hiện nhiều hành vi như tắm rửa, chơi mạt chược, mua sắm, v.v. \nThỏa mãn nhu cầu của khách hàng sẽ nhận được đánh giá tốt.",
  "1432577546413976644": "",
  "14325815918918903619": "",
  "14325843152775628623": "Tỷ lệ đỡ đòn của {} tăng mạnh! (Đầy tầng)",
  "1432584404408468570": "",
  "14325966639166819192": "Từ Lập",
  "14325991590689344653": "Tăng 1 điểm Tư Duy",
  "14325994550814511787": "Đạo cụ",
  "14326008529524639962": "Thần Tiên Độ... A Tâm ở Thần Tiên Độ... Tiểu Hạo đâu, Tiểu Hạo ở đâu? A Tâm, A Tâm ngươi giấu Tiểu Hạo ở đâu rồi! Trả Tiểu Hạo lại cho ta, ngươi trả Tiểu Hạo lại cho ta!",
  "14326049825550048879": "Đang tải",
  "14326110257598239622": "",
  "14326121464874998791": "Sau khi Thiện Diệu Thiền Sư đi xa, viện Từ Tâm dần trở nên ô uế. Các tăng nhân một lòng hướng Phật đành phải rời đi đến Phật Quang Đỉnh núi Bích Tuyền lập am sinh sống. Hòa thượng tuy có lòng Phật, nhưng rốt cuộc vẫn là phàm nhân, trên đỉnh núi không có ruộng đất, để lấp đầy bụng phải thường xuyên xuống núi khất thực. Đáng tiếc trong núi không có hổ, nhưng lại có một đám cướp đầu trọc...",
  "14326130156285510285": "Chế tạo thủ công",
  "14326131228135235696": "Trấn tà",
  "14326131712522763075": "Giảm sát thương",
  "14326139706369700790": "Dường như đã nắm được một manh mối quan trọng",
  "14326192895100406664": "Sử dụng vật phẩm này, có thể nhận được ngoại hình tương ứng.",
  "14326213443333056077": "Nước tắm: Bạch鹳 khô ngâm",
  "14326231812920807908": "",
  "14326343431317959100": "",
  "14326353844113399228": "",
  "14326357421938238196": "Phổ · Ảnh Minh Kim Giai đoạn 16",
  "14326380970012794455": "Giai đoạn đầu phát bệnh, triệu chứng có thể giống như cảm lạnh, hoặc giống như trúng tà, hoặc miệng không nói được, hoặc thân thể quá mạnh, hoặc ghét lạnh nóng, tứ chi co rút, đau đầu, xương mỏi lâu duỗi, há miệng ngáp, hoặc buổi sáng hơi thuyên giảm, buổi tối thì bệnh tình tăng nặng. Không quá ba ngày sau khi tăng nặng, thì răng chảy máu, nếu không lập tức chữa trị thì sẽ chết.",
  "14326387693292117375": "",
  "14326399710104446695": "",
  "14326412229136060933": "Đang nhận......",
  "1432643039444244904": "Khu hồi tưởng Vũ Mã Nhân 2",
  "14326440445566625760": "",
  "14326441251085958478": "",
  "14326536306649176663": "Độ khám phá Khai Phong",
  "14326544523161516583": "",
  "14326547715503089374": "",
  "14326581623385045523": "Tiền bối giang hồ",
  "1432659653869921790": "",
  "1432661448585712067": "",
  "14326679493982687349": "Bố trí",
  "14326689658170319356": "",
  "14326704051441860233": "",
  "14326714546547263899": "",
  "143267300879288581": "",
  "14326732150821598512": "Rời khỏi môn phái sẽ #Ymất địa vị và công tích hiện tại trong môn phái#E, nhưng không mất võ học và ngoại hình đã nhận được.",
  "14326756284450259751": "Ngươi biết cách dùng găng tay, còn mang theo Mặc Kinh…… Nói như vậy, ngươi là đệ tử Mặc Sơn Đạo?",
  "14326781090422211797": "",
  "14326858181445014358": "Kịch Mạnh là một du hiệp nổi tiếng thời Hán, xuất thân từ gia đình rất giàu có, cả đời đam mê hai thuật đao và cờ bạc, cả hai đều có thành tựu đáng kể, \"Tuyệt Đao Pháp\" do ông sáng tạo đã đặt nền móng võ học cho Thiên Tuyền. Kịch Mạnh có tính cách phóng khoáng, không câu nệ tiểu tiết, đặc biệt coi trọng nghĩa khí, ân oán phải trả, giang hồ xưng tụng ông là \"Trọng nghĩa khinh tài, ngàn vàng mua nghĩa\".",
  "14326860639511289235": "Đối thoại",
  "14326889028999890437": "Tử cô nương nương ở trên, Thần nhà xí phù hộ. Lạy thứ hai, những kẻ chiếm cứ nhà xí không làm việc mau quăng hết chúng xuống hố xí, để chúng biết thế nào là một lần lầm lỗi thành nỗi hận ngàn thu!",
  "1432689707704217001": "Thủ tịch",
  "14326909387864378727": "",
  "14326934671819794188": "—— Tống《Đông Kinh Mộng Hoa Lục》",
  "14326937873636132900": "Nhưng mà, cũng coi như bọn nó xui xẻo, khó khăn lắm hai con mèo mới tụ họp, chuẩn bị hẹn hò dưới hầm rượu, lại bị ngươi phá hỏng chuyện tốt.",
  "14326991109596509523": "Ở Bách Thảo Dã có một miếu thờ tướng quân, trong chùa dường như vọng lại tiếng động \"bụp. bụp.. bụp...\" Chi bằng đến xem xét một phen.",
  "14327034213729167314": "Tên đạo phỉ đang ngủ, nghe kỹ hình như đang ngáy. Làm chuyện cướp bóc mà ngủ ngon lành giữa thanh thiên bạch nhật, xem ra đã quen tung hoành khắp nơi rồi.",
  "14327052676119819240": "",
  "14327077121505905780": "",
  "14327087988887570773": "",
  "14327104924051579665": "Hồng xanh nhạt",
  "14327116565860456839": "Không có sự việc gì xảy ra",
  "14327118768305791354": "Chiếu Tâm",
  "14327182526791475644": "",
  "14327195720100509365": "{3}\nTa vào năm {0} mắc bệnh {1}, sau được danh y {2} chữa trị, cuối cùng đã khỏi bệnh.",
  "14327270330770958406": "",
  "143273073255512184": "",
  "14327312035019898591": "Hiện không có lô đất nào đủ điều kiện để đấu giá",
  "14327316716511046145": "Điều chỉnh màu sắc thùng nhuộm",
  "14327330659685286338": "",
  "14327336934698778356": "Thành phần xây dựng, dùng để dựng nhà.",
  "14327367605586322896": "Quỷ công tử",
  "14327379698688685843": "Tương truyền, nhà sư cuối cùng của Từ Tâm Sơn Viện ẩn cư tại #H Phật Quang Đỉnh#E. Trong số các tăng nhân mang chữ \"Diệu\" chỉ còn lại một mình #H Diệu Giác#E.",
  "1432739224962373858": "Chủ tiệm Thừa Ân Mạch Hàng",
  "14327400116463859016": "Cấp 50",
  "14327400328955835763": "Tiệm tạp hóa",
  "14327417060363897023": "Phổ ở đây, có thể cùng tấu, tặng ngươi.",
  "14327426156174872": "Trạng thái tương tác 51",
  "14327493781419498380": "",
  "14327495974095349481": "{2}\nTrong người có chút bệnh, được danh y {0} chẩn đoán, bệnh ta mắc phải là {1}.",
  "14327528998123955068": "Chế tạo linh kiện, dùng để dựng thuyền hoa.",
  "14327554890728516367": "",
  "14327587539769935303": "Hy vọng nhận được sự công nhận của sư phụ (Sau khi thành công có thể kết thân với người này, nhận được quà tặng cố nhân hàng tuần.)",
  "14327608472162224193": "",
  "14327697169927551953": "",
  "14327699171244529573": "",
  "14327704408058124718": "",
  "14327715077424533345": "Luật",
  "1432777492055906326": "",
  "14327791727045381485": "Nữ tướng quân",
  "14327793537268546974": "Tỷ tỷ này, xin hỏi... Đây có phải là phòng riêng của giải ngữ tỷ tỷ không? Ta có hẹn với nàng ấy.",
  "14327824566691391920": "",
  "14327832457094830592": "",
  "14327888589441621165": "",
  "14327890975584330734": "Khởi thủy · Bảy",
  "14327894478726314758": "Dao Dạ Hành",
  "14327897853646811623": "",
  "14327899428658702568": "",
  "14327907316287307799": "",
  "14327930507302437090": "Khăn gấm \"Thường Danh\""
}